image_id,label,class_name,condition,width,height,filename,relative_path,split
1,0,pedestrian crossing,opened,1612,1847,IMG_20241029_173841.jpg,dataset_top12\pedestrian crossing\opened\IMG_20241029_173841.jpg,test
2,0,pedestrian crossing,opened,1309,1596,IMG_20241029_173844.jpg,dataset_top12\pedestrian crossing\opened\IMG_20241029_173844.jpg,train
3,0,pedestrian crossing,opened,1400,1662,IMG_20241029_173847_1.jpg,dataset_top12\pedestrian crossing\opened\IMG_20241029_173847_1.jpg,train
4,0,pedestrian crossing,opened,960,1280,photo_100_2024-12-09_12-49-48.jpg,dataset_top12\pedestrian crossing\opened\photo_100_2024-12-09_12-49-48.jpg,train
5,0,pedestrian crossing,opened,960,1280,photo_100_2024-12-18_02-25-50.jpg,dataset_top12\pedestrian crossing\opened\photo_100_2024-12-18_02-25-50.jpg,train
6,0,pedestrian crossing,opened,960,1047,photo_100_2024-12-18_02-33-06.jpg,dataset_top12\pedestrian crossing\opened\photo_100_2024-12-18_02-33-06.jpg,train
7,0,pedestrian crossing,opened,960,1280,photo_100_2024-12-18_13-05-57.jpg,dataset_top12\pedestrian crossing\opened\photo_100_2024-12-18_13-05-57.jpg,validation
8,0,pedestrian crossing,opened,960,1280,photo_100_2024-12-18_13-06-32.jpg,dataset_top12\pedestrian crossing\opened\photo_100_2024-12-18_13-06-32.jpg,train
9,0,pedestrian crossing,opened,960,1280,photo_100_2024-12-19_00-10-31.jpg,dataset_top12\pedestrian crossing\opened\photo_100_2024-12-19_00-10-31.jpg,train
10,0,pedestrian crossing,opened,960,1280,photo_100_2024-12-19_02-04-55.jpg,dataset_top12\pedestrian crossing\opened\photo_100_2024-12-19_02-04-55.jpg,train
11,0,pedestrian crossing,opened,960,1280,photo_10_2024-12-09_12-46-01.jpg,dataset_top12\pedestrian crossing\opened\photo_10_2024-12-09_12-46-01.jpg,train
12,0,pedestrian crossing,opened,960,1280,photo_10_2024-12-09_12-50-33.jpg,dataset_top12\pedestrian crossing\opened\photo_10_2024-12-09_12-50-33.jpg,train
13,0,pedestrian crossing,opened,619,619,photo_10_2024-12-18_02-25-50.jpg,dataset_top12\pedestrian crossing\opened\photo_10_2024-12-18_02-25-50.jpg,test
14,0,pedestrian crossing,opened,1280,830,photo_10_2024-12-18_02-27-08.jpg,dataset_top12\pedestrian crossing\opened\photo_10_2024-12-18_02-27-08.jpg,train
15,0,pedestrian crossing,opened,960,1280,photo_10_2024-12-18_02-27-47.jpg,dataset_top12\pedestrian crossing\opened\photo_10_2024-12-18_02-27-47.jpg,train
16,0,pedestrian crossing,opened,479,489,photo_10_2024-12-18_02-29-08.jpg,dataset_top12\pedestrian crossing\opened\photo_10_2024-12-18_02-29-08.jpg,train
17,0,pedestrian crossing,opened,960,1280,photo_10_2024-12-18_02-37-13.jpg,dataset_top12\pedestrian crossing\opened\photo_10_2024-12-18_02-37-13.jpg,train
18,0,pedestrian crossing,opened,960,1280,photo_10_2024-12-18_12-58-24.jpg,dataset_top12\pedestrian crossing\opened\photo_10_2024-12-18_12-58-24.jpg,train
19,0,pedestrian crossing,opened,960,1045,photo_10_2024-12-18_13-02-03.jpg,dataset_top12\pedestrian crossing\opened\photo_10_2024-12-18_13-02-03.jpg,test
20,0,pedestrian crossing,opened,960,1280,photo_10_2024-12-18_13-03-52.jpg,dataset_top12\pedestrian crossing\opened\photo_10_2024-12-18_13-03-52.jpg,test
21,0,pedestrian crossing,opened,960,1280,photo_10_2024-12-18_13-05-23.jpg,dataset_top12\pedestrian crossing\opened\photo_10_2024-12-18_13-05-23.jpg,train
22,0,pedestrian crossing,opened,960,1280,photo_10_2024-12-18_13-06-32.jpg,dataset_top12\pedestrian crossing\opened\photo_10_2024-12-18_13-06-32.jpg,validation
23,0,pedestrian crossing,opened,960,1280,photo_10_2024-12-19_00-11-08.jpg,dataset_top12\pedestrian crossing\opened\photo_10_2024-12-19_00-11-08.jpg,test
24,0,pedestrian crossing,opened,960,1280,photo_11_2024-12-09_12-46-32.jpg,dataset_top12\pedestrian crossing\opened\photo_11_2024-12-09_12-46-32.jpg,train
25,0,pedestrian crossing,opened,960,1280,photo_11_2024-12-18_02-37-13.jpg,dataset_top12\pedestrian crossing\opened\photo_11_2024-12-18_02-37-13.jpg,test
26,0,pedestrian crossing,opened,790,663,photo_11_2024-12-18_12-58-24.jpg,dataset_top12\pedestrian crossing\opened\photo_11_2024-12-18_12-58-24.jpg,train
27,0,pedestrian crossing,opened,960,1280,photo_11_2024-12-18_13-02-03.jpg,dataset_top12\pedestrian crossing\opened\photo_11_2024-12-18_13-02-03.jpg,train
28,0,pedestrian crossing,opened,960,1280,photo_11_2024-12-18_13-05-23.jpg,dataset_top12\pedestrian crossing\opened\photo_11_2024-12-18_13-05-23.jpg,train
29,0,pedestrian crossing,opened,960,1280,photo_11_2024-12-18_13-06-32.jpg,dataset_top12\pedestrian crossing\opened\photo_11_2024-12-18_13-06-32.jpg,train
30,0,pedestrian crossing,opened,960,1280,photo_11_2024-12-18_13-07-03.jpg,dataset_top12\pedestrian crossing\opened\photo_11_2024-12-18_13-07-03.jpg,validation
31,0,pedestrian crossing,opened,960,1280,photo_11_2024-12-19_00-11-08.jpg,dataset_top12\pedestrian crossing\opened\photo_11_2024-12-19_00-11-08.jpg,validation
32,0,pedestrian crossing,opened,960,1280,photo_11_2024-12-19_02-04-54.jpg,dataset_top12\pedestrian crossing\opened\photo_11_2024-12-19_02-04-54.jpg,train
33,0,pedestrian crossing,opened,960,1280,photo_12_2024-12-09_12-46-32.jpg,dataset_top12\pedestrian crossing\opened\photo_12_2024-12-09_12-46-32.jpg,train
34,0,pedestrian crossing,opened,960,1280,photo_12_2024-12-09_12-50-33.jpg,dataset_top12\pedestrian crossing\opened\photo_12_2024-12-09_12-50-33.jpg,train
35,0,pedestrian crossing,opened,960,1280,photo_12_2024-12-18_02-27-47.jpg,dataset_top12\pedestrian crossing\opened\photo_12_2024-12-18_02-27-47.jpg,test
36,0,pedestrian crossing,opened,960,1280,photo_12_2024-12-18_02-33-06.jpg,dataset_top12\pedestrian crossing\opened\photo_12_2024-12-18_02-33-06.jpg,train
37,0,pedestrian crossing,opened,960,1280,photo_12_2024-12-18_12-58-24.jpg,dataset_top12\pedestrian crossing\opened\photo_12_2024-12-18_12-58-24.jpg,train
38,0,pedestrian crossing,opened,960,1280,photo_12_2024-12-18_13-00-25.jpg,dataset_top12\pedestrian crossing\opened\photo_12_2024-12-18_13-00-25.jpg,train
39,0,pedestrian crossing,opened,960,1280,photo_12_2024-12-18_13-02-03.jpg,dataset_top12\pedestrian crossing\opened\photo_12_2024-12-18_13-02-03.jpg,train
40,0,pedestrian crossing,opened,960,1280,photo_12_2024-12-18_13-03-52.jpg,dataset_top12\pedestrian crossing\opened\photo_12_2024-12-18_13-03-52.jpg,train
41,0,pedestrian crossing,opened,960,1280,photo_12_2024-12-18_13-05-23.jpg,dataset_top12\pedestrian crossing\opened\photo_12_2024-12-18_13-05-23.jpg,test
42,0,pedestrian crossing,opened,960,1280,photo_12_2024-12-18_13-05-57.jpg,dataset_top12\pedestrian crossing\opened\photo_12_2024-12-18_13-05-57.jpg,train
43,0,pedestrian crossing,opened,960,1280,photo_12_2024-12-18_13-06-32.jpg,dataset_top12\pedestrian crossing\opened\photo_12_2024-12-18_13-06-32.jpg,train
44,0,pedestrian crossing,opened,661,834,photo_12_2024-12-18_13-07-03.jpg,dataset_top12\pedestrian crossing\opened\photo_12_2024-12-18_13-07-03.jpg,train
45,0,pedestrian crossing,opened,960,1280,photo_12_2024-12-19_00-10-31.jpg,dataset_top12\pedestrian crossing\opened\photo_12_2024-12-19_00-10-31.jpg,train
46,0,pedestrian crossing,opened,960,1280,photo_12_2024-12-19_02-04-54.jpg,dataset_top12\pedestrian crossing\opened\photo_12_2024-12-19_02-04-54.jpg,train
47,0,pedestrian crossing,opened,960,1280,photo_13_2024-12-09_12-49-48.jpg,dataset_top12\pedestrian crossing\opened\photo_13_2024-12-09_12-49-48.jpg,train
48,0,pedestrian crossing,opened,960,1280,photo_13_2024-12-09_12-50-33.jpg,dataset_top12\pedestrian crossing\opened\photo_13_2024-12-09_12-50-33.jpg,test
49,0,pedestrian crossing,opened,960,1280,photo_13_2024-12-18_02-25-50.jpg,dataset_top12\pedestrian crossing\opened\photo_13_2024-12-18_02-25-50.jpg,validation
50,0,pedestrian crossing,opened,682,722,photo_13_2024-12-18_12-58-24.jpg,dataset_top12\pedestrian crossing\opened\photo_13_2024-12-18_12-58-24.jpg,train
51,0,pedestrian crossing,opened,960,1280,photo_13_2024-12-18_13-00-25.jpg,dataset_top12\pedestrian crossing\opened\photo_13_2024-12-18_13-00-25.jpg,train
52,0,pedestrian crossing,opened,893,928,photo_13_2024-12-18_13-02-03.jpg,dataset_top12\pedestrian crossing\opened\photo_13_2024-12-18_13-02-03.jpg,train
53,0,pedestrian crossing,opened,960,1280,photo_13_2024-12-18_13-05-57.jpg,dataset_top12\pedestrian crossing\opened\photo_13_2024-12-18_13-05-57.jpg,train
54,0,pedestrian crossing,opened,960,931,photo_13_2024-12-18_13-06-32.jpg,dataset_top12\pedestrian crossing\opened\photo_13_2024-12-18_13-06-32.jpg,train
55,0,pedestrian crossing,opened,830,1020,photo_13_2024-12-18_13-07-03.jpg,dataset_top12\pedestrian crossing\opened\photo_13_2024-12-18_13-07-03.jpg,train
56,0,pedestrian crossing,opened,960,1280,photo_13_2024-12-19_00-11-08.jpg,dataset_top12\pedestrian crossing\opened\photo_13_2024-12-19_00-11-08.jpg,train
57,0,pedestrian crossing,opened,960,1280,photo_14_2024-12-09_12-46-01.jpg,dataset_top12\pedestrian crossing\opened\photo_14_2024-12-09_12-46-01.jpg,validation
58,0,pedestrian crossing,opened,960,1280,photo_14_2024-12-09_12-49-48.jpg,dataset_top12\pedestrian crossing\opened\photo_14_2024-12-09_12-49-48.jpg,train
59,0,pedestrian crossing,opened,960,1280,photo_14_2024-12-18_02-28-33.jpg,dataset_top12\pedestrian crossing\opened\photo_14_2024-12-18_02-28-33.jpg,test
60,0,pedestrian crossing,opened,686,668,photo_14_2024-12-18_02-37-13.jpg,dataset_top12\pedestrian crossing\opened\photo_14_2024-12-18_02-37-13.jpg,train
61,0,pedestrian crossing,opened,960,1280,photo_14_2024-12-18_12-58-24.jpg,dataset_top12\pedestrian crossing\opened\photo_14_2024-12-18_12-58-24.jpg,train
62,0,pedestrian crossing,opened,960,1280,photo_14_2024-12-18_13-00-25.jpg,dataset_top12\pedestrian crossing\opened\photo_14_2024-12-18_13-00-25.jpg,train
63,0,pedestrian crossing,opened,960,1280,photo_14_2024-12-18_13-03-52.jpg,dataset_top12\pedestrian crossing\opened\photo_14_2024-12-18_13-03-52.jpg,validation
64,0,pedestrian crossing,opened,960,966,photo_14_2024-12-18_13-06-32.jpg,dataset_top12\pedestrian crossing\opened\photo_14_2024-12-18_13-06-32.jpg,validation
65,0,pedestrian crossing,opened,960,1280,photo_14_2024-12-18_13-07-03.jpg,dataset_top12\pedestrian crossing\opened\photo_14_2024-12-18_13-07-03.jpg,validation
66,0,pedestrian crossing,opened,960,1280,photo_14_2024-12-19_02-04-54.jpg,dataset_top12\pedestrian crossing\opened\photo_14_2024-12-19_02-04-54.jpg,train
67,0,pedestrian crossing,opened,960,1280,photo_15_2024-12-09_12-49-48.jpg,dataset_top12\pedestrian crossing\opened\photo_15_2024-12-09_12-49-48.jpg,train
68,0,pedestrian crossing,opened,960,1280,photo_15_2024-12-09_12-50-33.jpg,dataset_top12\pedestrian crossing\opened\photo_15_2024-12-09_12-50-33.jpg,test
69,0,pedestrian crossing,opened,960,1280,photo_15_2024-12-18_02-27-47.jpg,dataset_top12\pedestrian crossing\opened\photo_15_2024-12-18_02-27-47.jpg,validation
70,0,pedestrian crossing,opened,960,1280,photo_15_2024-12-18_02-28-33.jpg,dataset_top12\pedestrian crossing\opened\photo_15_2024-12-18_02-28-33.jpg,train
71,0,pedestrian crossing,opened,741,747,photo_15_2024-12-18_12-58-24.jpg,dataset_top12\pedestrian crossing\opened\photo_15_2024-12-18_12-58-24.jpg,train
72,0,pedestrian crossing,opened,960,1280,photo_15_2024-12-18_13-00-25.jpg,dataset_top12\pedestrian crossing\opened\photo_15_2024-12-18_13-00-25.jpg,train
73,0,pedestrian crossing,opened,960,1153,photo_15_2024-12-18_13-02-03.jpg,dataset_top12\pedestrian crossing\opened\photo_15_2024-12-18_13-02-03.jpg,validation
74,0,pedestrian crossing,opened,960,1280,photo_15_2024-12-18_13-03-52.jpg,dataset_top12\pedestrian crossing\opened\photo_15_2024-12-18_13-03-52.jpg,train
75,0,pedestrian crossing,opened,834,747,photo_15_2024-12-18_13-05-23.jpg,dataset_top12\pedestrian crossing\opened\photo_15_2024-12-18_13-05-23.jpg,validation
76,0,pedestrian crossing,opened,960,1280,photo_15_2024-12-18_13-06-32.jpg,dataset_top12\pedestrian crossing\opened\photo_15_2024-12-18_13-06-32.jpg,train
77,0,pedestrian crossing,opened,960,1280,photo_15_2024-12-19_00-10-31.jpg,dataset_top12\pedestrian crossing\opened\photo_15_2024-12-19_00-10-31.jpg,test
78,0,pedestrian crossing,opened,960,1280,photo_15_2024-12-19_00-11-08.jpg,dataset_top12\pedestrian crossing\opened\photo_15_2024-12-19_00-11-08.jpg,train
79,0,pedestrian crossing,opened,960,1280,photo_16_2024-12-09_12-49-48.jpg,dataset_top12\pedestrian crossing\opened\photo_16_2024-12-09_12-49-48.jpg,train
80,0,pedestrian crossing,opened,960,1280,photo_16_2024-12-18_02-27-47.jpg,dataset_top12\pedestrian crossing\opened\photo_16_2024-12-18_02-27-47.jpg,train
81,0,pedestrian crossing,opened,960,1280,photo_16_2024-12-18_02-33-06.jpg,dataset_top12\pedestrian crossing\opened\photo_16_2024-12-18_02-33-06.jpg,validation
82,0,pedestrian crossing,opened,747,704,photo_16_2024-12-18_12-58-24.jpg,dataset_top12\pedestrian crossing\opened\photo_16_2024-12-18_12-58-24.jpg,validation
83,0,pedestrian crossing,opened,960,1280,photo_16_2024-12-18_13-03-52.jpg,dataset_top12\pedestrian crossing\opened\photo_16_2024-12-18_13-03-52.jpg,train
84,0,pedestrian crossing,opened,736,720,photo_16_2024-12-18_13-05-23.jpg,dataset_top12\pedestrian crossing\opened\photo_16_2024-12-18_13-05-23.jpg,test
85,0,pedestrian crossing,opened,960,1280,photo_16_2024-12-18_13-05-57.jpg,dataset_top12\pedestrian crossing\opened\photo_16_2024-12-18_13-05-57.jpg,train
86,0,pedestrian crossing,opened,960,1280,photo_16_2024-12-18_13-06-32.jpg,dataset_top12\pedestrian crossing\opened\photo_16_2024-12-18_13-06-32.jpg,train
87,0,pedestrian crossing,opened,960,1280,photo_16_2024-12-19_00-10-31.jpg,dataset_top12\pedestrian crossing\opened\photo_16_2024-12-19_00-10-31.jpg,test
88,0,pedestrian crossing,opened,960,1280,photo_16_2024-12-19_00-11-08.jpg,dataset_top12\pedestrian crossing\opened\photo_16_2024-12-19_00-11-08.jpg,train
89,0,pedestrian crossing,opened,960,1280,photo_16_2024-12-19_02-04-54.jpg,dataset_top12\pedestrian crossing\opened\photo_16_2024-12-19_02-04-54.jpg,train
90,0,pedestrian crossing,opened,960,1280,photo_17_2024-12-09_12-46-01.jpg,dataset_top12\pedestrian crossing\opened\photo_17_2024-12-09_12-46-01.jpg,train
91,0,pedestrian crossing,opened,960,1280,photo_17_2024-12-09_12-46-32.jpg,dataset_top12\pedestrian crossing\opened\photo_17_2024-12-09_12-46-32.jpg,test
92,0,pedestrian crossing,opened,960,1280,photo_17_2024-12-09_12-50-33.jpg,dataset_top12\pedestrian crossing\opened\photo_17_2024-12-09_12-50-33.jpg,train
93,0,pedestrian crossing,opened,1058,1280,photo_17_2024-12-18_02-27-08.jpg,dataset_top12\pedestrian crossing\opened\photo_17_2024-12-18_02-27-08.jpg,train
94,0,pedestrian crossing,opened,960,1280,photo_17_2024-12-18_02-27-47.jpg,dataset_top12\pedestrian crossing\opened\photo_17_2024-12-18_02-27-47.jpg,train
95,0,pedestrian crossing,opened,787,773,photo_17_2024-12-18_02-29-08.jpg,dataset_top12\pedestrian crossing\opened\photo_17_2024-12-18_02-29-08.jpg,train
96,0,pedestrian crossing,opened,960,1280,photo_17_2024-12-18_02-36-53.jpg,dataset_top12\pedestrian crossing\opened\photo_17_2024-12-18_02-36-53.jpg,train
97,0,pedestrian crossing,opened,960,1280,photo_17_2024-12-18_12-58-24.jpg,dataset_top12\pedestrian crossing\opened\photo_17_2024-12-18_12-58-24.jpg,train
98,0,pedestrian crossing,opened,733,885,photo_17_2024-12-18_13-03-52.jpg,dataset_top12\pedestrian crossing\opened\photo_17_2024-12-18_13-03-52.jpg,train
99,0,pedestrian crossing,opened,960,1280,photo_17_2024-12-18_13-04-36.jpg,dataset_top12\pedestrian crossing\opened\photo_17_2024-12-18_13-04-36.jpg,test
100,0,pedestrian crossing,opened,960,1280,photo_17_2024-12-18_13-07-03.jpg,dataset_top12\pedestrian crossing\opened\photo_17_2024-12-18_13-07-03.jpg,train
101,0,pedestrian crossing,opened,960,1280,photo_17_2024-12-19_00-10-31.jpg,dataset_top12\pedestrian crossing\opened\photo_17_2024-12-19_00-10-31.jpg,train
102,0,pedestrian crossing,opened,960,1280,photo_17_2024-12-19_00-11-08.jpg,dataset_top12\pedestrian crossing\opened\photo_17_2024-12-19_00-11-08.jpg,validation
103,0,pedestrian crossing,opened,960,1280,photo_18_2024-12-09_12-49-48.jpg,dataset_top12\pedestrian crossing\opened\photo_18_2024-12-09_12-49-48.jpg,train
104,0,pedestrian crossing,opened,960,1280,photo_18_2024-12-09_12-50-33.jpg,dataset_top12\pedestrian crossing\opened\photo_18_2024-12-09_12-50-33.jpg,test
105,0,pedestrian crossing,opened,960,1280,photo_18_2024-12-18_02-27-47.jpg,dataset_top12\pedestrian crossing\opened\photo_18_2024-12-18_02-27-47.jpg,train
106,0,pedestrian crossing,opened,960,1280,photo_18_2024-12-18_02-28-33.jpg,dataset_top12\pedestrian crossing\opened\photo_18_2024-12-18_02-28-33.jpg,train
107,0,pedestrian crossing,opened,960,1280,photo_18_2024-12-18_12-58-24.jpg,dataset_top12\pedestrian crossing\opened\photo_18_2024-12-18_12-58-24.jpg,validation
108,0,pedestrian crossing,opened,960,1280,photo_18_2024-12-18_13-03-52.jpg,dataset_top12\pedestrian crossing\opened\photo_18_2024-12-18_13-03-52.jpg,train
109,0,pedestrian crossing,opened,960,1280,photo_18_2024-12-18_13-04-36.jpg,dataset_top12\pedestrian crossing\opened\photo_18_2024-12-18_13-04-36.jpg,validation
110,0,pedestrian crossing,opened,960,1280,photo_18_2024-12-18_13-06-32.jpg,dataset_top12\pedestrian crossing\opened\photo_18_2024-12-18_13-06-32.jpg,train
111,0,pedestrian crossing,opened,960,1280,photo_18_2024-12-18_13-07-03.jpg,dataset_top12\pedestrian crossing\opened\photo_18_2024-12-18_13-07-03.jpg,test
112,0,pedestrian crossing,opened,960,1280,photo_18_2024-12-19_00-10-31.jpg,dataset_top12\pedestrian crossing\opened\photo_18_2024-12-19_00-10-31.jpg,train
113,0,pedestrian crossing,opened,960,1280,photo_18_2024-12-19_00-11-08.jpg,dataset_top12\pedestrian crossing\opened\photo_18_2024-12-19_00-11-08.jpg,test
114,0,pedestrian crossing,opened,960,1280,photo_19_2024-12-09_12-46-01.jpg,dataset_top12\pedestrian crossing\opened\photo_19_2024-12-09_12-46-01.jpg,test
115,0,pedestrian crossing,opened,960,1280,photo_19_2024-12-09_12-46-32.jpg,dataset_top12\pedestrian crossing\opened\photo_19_2024-12-09_12-46-32.jpg,train
116,0,pedestrian crossing,opened,960,1280,photo_19_2024-12-09_12-49-48.jpg,dataset_top12\pedestrian crossing\opened\photo_19_2024-12-09_12-49-48.jpg,validation
117,0,pedestrian crossing,opened,960,1280,photo_19_2024-12-18_02-27-47.jpg,dataset_top12\pedestrian crossing\opened\photo_19_2024-12-18_02-27-47.jpg,validation
118,0,pedestrian crossing,opened,960,1280,photo_19_2024-12-18_02-33-06.jpg,dataset_top12\pedestrian crossing\opened\photo_19_2024-12-18_02-33-06.jpg,test
119,0,pedestrian crossing,opened,960,1280,photo_19_2024-12-18_02-36-53.jpg,dataset_top12\pedestrian crossing\opened\photo_19_2024-12-18_02-36-53.jpg,train
120,0,pedestrian crossing,opened,960,1280,photo_19_2024-12-18_13-03-52.jpg,dataset_top12\pedestrian crossing\opened\photo_19_2024-12-18_13-03-52.jpg,train
121,0,pedestrian crossing,opened,960,1280,photo_19_2024-12-18_13-04-36.jpg,dataset_top12\pedestrian crossing\opened\photo_19_2024-12-18_13-04-36.jpg,train
122,0,pedestrian crossing,opened,960,1280,photo_19_2024-12-18_13-05-57.jpg,dataset_top12\pedestrian crossing\opened\photo_19_2024-12-18_13-05-57.jpg,validation
123,0,pedestrian crossing,opened,960,1280,photo_19_2024-12-18_13-06-32.jpg,dataset_top12\pedestrian crossing\opened\photo_19_2024-12-18_13-06-32.jpg,train
124,0,pedestrian crossing,opened,960,1280,photo_19_2024-12-19_00-10-31.jpg,dataset_top12\pedestrian crossing\opened\photo_19_2024-12-19_00-10-31.jpg,validation
125,0,pedestrian crossing,opened,960,1280,photo_19_2024-12-19_00-11-08.jpg,dataset_top12\pedestrian crossing\opened\photo_19_2024-12-19_00-11-08.jpg,test
126,0,pedestrian crossing,opened,445,421,photo_1_2024-12-09_12-49-47_1.jpg,dataset_top12\pedestrian crossing\opened\photo_1_2024-12-09_12-49-47_1.jpg,test
127,0,pedestrian crossing,opened,827,783,photo_1_2024-12-18_02-27-08.jpg,dataset_top12\pedestrian crossing\opened\photo_1_2024-12-18_02-27-08.jpg,test
128,0,pedestrian crossing,opened,960,1280,photo_1_2024-12-18_02-28-33.jpg,dataset_top12\pedestrian crossing\opened\photo_1_2024-12-18_02-28-33.jpg,validation
129,0,pedestrian crossing,opened,960,1280,photo_1_2024-12-18_02-37-13.jpg,dataset_top12\pedestrian crossing\opened\photo_1_2024-12-18_02-37-13.jpg,train
130,0,pedestrian crossing,opened,960,1280,photo_1_2024-12-18_13-00-25.jpg,dataset_top12\pedestrian crossing\opened\photo_1_2024-12-18_13-00-25.jpg,train
131,0,pedestrian crossing,opened,960,1280,photo_1_2024-12-18_13-01-24.jpg,dataset_top12\pedestrian crossing\opened\photo_1_2024-12-18_13-01-24.jpg,train
132,0,pedestrian crossing,opened,960,1280,photo_1_2024-12-18_13-03-52.jpg,dataset_top12\pedestrian crossing\opened\photo_1_2024-12-18_13-03-52.jpg,train
133,0,pedestrian crossing,opened,960,1280,photo_1_2024-12-18_13-05-22.jpg,dataset_top12\pedestrian crossing\opened\photo_1_2024-12-18_13-05-22.jpg,train
134,0,pedestrian crossing,opened,960,1280,photo_1_2024-12-18_13-05-57.jpg,dataset_top12\pedestrian crossing\opened\photo_1_2024-12-18_13-05-57.jpg,train
135,0,pedestrian crossing,opened,960,1280,photo_1_2024-12-18_13-06-32.jpg,dataset_top12\pedestrian crossing\opened\photo_1_2024-12-18_13-06-32.jpg,train
136,0,pedestrian crossing,opened,960,1280,photo_1_2024-12-18_13-07-03.jpg,dataset_top12\pedestrian crossing\opened\photo_1_2024-12-18_13-07-03.jpg,train
137,0,pedestrian crossing,opened,960,1280,photo_1_2024-12-19_00-10-31.jpg,dataset_top12\pedestrian crossing\opened\photo_1_2024-12-19_00-10-31.jpg,train
138,0,pedestrian crossing,opened,960,1280,photo_1_2024-12-19_00-11-08.jpg,dataset_top12\pedestrian crossing\opened\photo_1_2024-12-19_00-11-08.jpg,train
139,0,pedestrian crossing,opened,708,705,photo_20_2024-12-09_12-49-48.jpg,dataset_top12\pedestrian crossing\opened\photo_20_2024-12-09_12-49-48.jpg,validation
140,0,pedestrian crossing,opened,822,796,photo_20_2024-12-18_02-25-50.jpg,dataset_top12\pedestrian crossing\opened\photo_20_2024-12-18_02-25-50.jpg,validation
141,0,pedestrian crossing,opened,787,774,photo_20_2024-12-18_02-28-33.jpg,dataset_top12\pedestrian crossing\opened\photo_20_2024-12-18_02-28-33.jpg,validation
142,0,pedestrian crossing,opened,960,1280,photo_20_2024-12-18_02-36-53.jpg,dataset_top12\pedestrian crossing\opened\photo_20_2024-12-18_02-36-53.jpg,train
143,0,pedestrian crossing,opened,960,1280,photo_20_2024-12-18_02-37-13.jpg,dataset_top12\pedestrian crossing\opened\photo_20_2024-12-18_02-37-13.jpg,train
144,0,pedestrian crossing,opened,960,1280,photo_20_2024-12-18_12-58-24.jpg,dataset_top12\pedestrian crossing\opened\photo_20_2024-12-18_12-58-24.jpg,train
145,0,pedestrian crossing,opened,960,1280,photo_20_2024-12-18_13-03-52.jpg,dataset_top12\pedestrian crossing\opened\photo_20_2024-12-18_13-03-52.jpg,train
146,0,pedestrian crossing,opened,960,1280,photo_20_2024-12-18_13-04-36.jpg,dataset_top12\pedestrian crossing\opened\photo_20_2024-12-18_13-04-36.jpg,train
147,0,pedestrian crossing,opened,960,1280,photo_20_2024-12-18_13-06-32.jpg,dataset_top12\pedestrian crossing\opened\photo_20_2024-12-18_13-06-32.jpg,validation
148,0,pedestrian crossing,opened,960,1280,photo_20_2024-12-19_00-11-08.jpg,dataset_top12\pedestrian crossing\opened\photo_20_2024-12-19_00-11-08.jpg,validation
149,0,pedestrian crossing,opened,960,1280,photo_20_2024-12-19_02-04-54.jpg,dataset_top12\pedestrian crossing\opened\photo_20_2024-12-19_02-04-54.jpg,train
150,0,pedestrian crossing,opened,960,1280,photo_21_2024-12-09_12-46-01.jpg,dataset_top12\pedestrian crossing\opened\photo_21_2024-12-09_12-46-01.jpg,train
151,0,pedestrian crossing,opened,960,1280,photo_21_2024-12-09_12-46-32.jpg,dataset_top12\pedestrian crossing\opened\photo_21_2024-12-09_12-46-32.jpg,train
152,0,pedestrian crossing,opened,960,1280,photo_21_2024-12-09_12-49-48.jpg,dataset_top12\pedestrian crossing\opened\photo_21_2024-12-09_12-49-48.jpg,train
153,0,pedestrian crossing,opened,960,1280,photo_21_2024-12-09_12-50-33.jpg,dataset_top12\pedestrian crossing\opened\photo_21_2024-12-09_12-50-33.jpg,train
154,0,pedestrian crossing,opened,960,1280,photo_21_2024-12-18_02-36-53.jpg,dataset_top12\pedestrian crossing\opened\photo_21_2024-12-18_02-36-53.jpg,train
155,0,pedestrian crossing,opened,960,1280,photo_21_2024-12-18_13-03-52.jpg,dataset_top12\pedestrian crossing\opened\photo_21_2024-12-18_13-03-52.jpg,validation
156,0,pedestrian crossing,opened,720,873,photo_21_2024-12-18_13-04-36.jpg,dataset_top12\pedestrian crossing\opened\photo_21_2024-12-18_13-04-36.jpg,test
157,0,pedestrian crossing,opened,960,1280,photo_21_2024-12-19_00-10-31.jpg,dataset_top12\pedestrian crossing\opened\photo_21_2024-12-19_00-10-31.jpg,train
158,0,pedestrian crossing,opened,960,1280,photo_21_2024-12-19_00-11-08.jpg,dataset_top12\pedestrian crossing\opened\photo_21_2024-12-19_00-11-08.jpg,train
159,0,pedestrian crossing,opened,960,1280,photo_21_2024-12-19_02-04-54.jpg,dataset_top12\pedestrian crossing\opened\photo_21_2024-12-19_02-04-54.jpg,train
160,0,pedestrian crossing,opened,960,1280,photo_22_2024-12-09_12-46-01.jpg,dataset_top12\pedestrian crossing\opened\photo_22_2024-12-09_12-46-01.jpg,train
161,0,pedestrian crossing,opened,960,1280,photo_22_2024-12-09_12-50-33.jpg,dataset_top12\pedestrian crossing\opened\photo_22_2024-12-09_12-50-33.jpg,train
162,0,pedestrian crossing,opened,960,1280,photo_22_2024-12-18_02-33-06.jpg,dataset_top12\pedestrian crossing\opened\photo_22_2024-12-18_02-33-06.jpg,train
163,0,pedestrian crossing,opened,960,1280,photo_22_2024-12-18_13-00-25.jpg,dataset_top12\pedestrian crossing\opened\photo_22_2024-12-18_13-00-25.jpg,test
164,0,pedestrian crossing,opened,960,1280,photo_22_2024-12-18_13-03-52.jpg,dataset_top12\pedestrian crossing\opened\photo_22_2024-12-18_13-03-52.jpg,test
165,0,pedestrian crossing,opened,960,1280,photo_22_2024-12-18_13-04-36.jpg,dataset_top12\pedestrian crossing\opened\photo_22_2024-12-18_13-04-36.jpg,test
166,0,pedestrian crossing,opened,960,1280,photo_22_2024-12-18_13-05-23.jpg,dataset_top12\pedestrian crossing\opened\photo_22_2024-12-18_13-05-23.jpg,train
167,0,pedestrian crossing,opened,960,1280,photo_22_2024-12-18_13-06-32.jpg,dataset_top12\pedestrian crossing\opened\photo_22_2024-12-18_13-06-32.jpg,train
168,0,pedestrian crossing,opened,960,1280,photo_22_2024-12-19_00-11-08.jpg,dataset_top12\pedestrian crossing\opened\photo_22_2024-12-19_00-11-08.jpg,train
169,0,pedestrian crossing,opened,960,1280,photo_22_2024-12-19_02-04-54.jpg,dataset_top12\pedestrian crossing\opened\photo_22_2024-12-19_02-04-54.jpg,train
170,0,pedestrian crossing,opened,960,1280,photo_23_2024-12-09_12-49-48.jpg,dataset_top12\pedestrian crossing\opened\photo_23_2024-12-09_12-49-48.jpg,validation
171,0,pedestrian crossing,opened,960,1280,photo_23_2024-12-18_13-00-25.jpg,dataset_top12\pedestrian crossing\opened\photo_23_2024-12-18_13-00-25.jpg,train
172,0,pedestrian crossing,opened,960,1280,photo_23_2024-12-18_13-03-52.jpg,dataset_top12\pedestrian crossing\opened\photo_23_2024-12-18_13-03-52.jpg,validation
173,0,pedestrian crossing,opened,960,1280,photo_23_2024-12-18_13-04-36.jpg,dataset_top12\pedestrian crossing\opened\photo_23_2024-12-18_13-04-36.jpg,train
174,0,pedestrian crossing,opened,960,1130,photo_23_2024-12-18_13-05-57.jpg,dataset_top12\pedestrian crossing\opened\photo_23_2024-12-18_13-05-57.jpg,train
175,0,pedestrian crossing,opened,960,1280,photo_23_2024-12-18_13-06-32.jpg,dataset_top12\pedestrian crossing\opened\photo_23_2024-12-18_13-06-32.jpg,train
176,0,pedestrian crossing,opened,960,1280,photo_23_2024-12-19_00-11-08.jpg,dataset_top12\pedestrian crossing\opened\photo_23_2024-12-19_00-11-08.jpg,train
177,0,pedestrian crossing,opened,960,1280,photo_23_2024-12-19_02-04-54.jpg,dataset_top12\pedestrian crossing\opened\photo_23_2024-12-19_02-04-54.jpg,train
178,0,pedestrian crossing,opened,777,780,photo_24_2024-12-09_12-46-01.jpg,dataset_top12\pedestrian crossing\opened\photo_24_2024-12-09_12-46-01.jpg,train
179,0,pedestrian crossing,opened,960,1280,photo_24_2024-12-18_02-27-47.jpg,dataset_top12\pedestrian crossing\opened\photo_24_2024-12-18_02-27-47.jpg,train
180,0,pedestrian crossing,opened,960,1280,photo_24_2024-12-18_02-36-53.jpg,dataset_top12\pedestrian crossing\opened\photo_24_2024-12-18_02-36-53.jpg,train
181,0,pedestrian crossing,opened,840,900,photo_24_2024-12-18_13-00-25.jpg,dataset_top12\pedestrian crossing\opened\photo_24_2024-12-18_13-00-25.jpg,train
182,0,pedestrian crossing,opened,960,1280,photo_24_2024-12-18_13-05-57.jpg,dataset_top12\pedestrian crossing\opened\photo_24_2024-12-18_13-05-57.jpg,train
183,0,pedestrian crossing,opened,813,1071,photo_24_2024-12-18_13-06-32.jpg,dataset_top12\pedestrian crossing\opened\photo_24_2024-12-18_13-06-32.jpg,train
184,0,pedestrian crossing,opened,960,1280,photo_24_2024-12-18_13-07-03.jpg,dataset_top12\pedestrian crossing\opened\photo_24_2024-12-18_13-07-03.jpg,test
185,0,pedestrian crossing,opened,960,1280,photo_24_2024-12-19_00-11-08.jpg,dataset_top12\pedestrian crossing\opened\photo_24_2024-12-19_00-11-08.jpg,train
186,0,pedestrian crossing,opened,960,1280,photo_24_2024-12-19_02-04-55.jpg,dataset_top12\pedestrian crossing\opened\photo_24_2024-12-19_02-04-55.jpg,train
187,0,pedestrian crossing,opened,960,1280,photo_25_2024-12-09_12-46-01.jpg,dataset_top12\pedestrian crossing\opened\photo_25_2024-12-09_12-46-01.jpg,train
188,0,pedestrian crossing,opened,960,1280,photo_25_2024-12-18_02-27-47.jpg,dataset_top12\pedestrian crossing\opened\photo_25_2024-12-18_02-27-47.jpg,validation
189,0,pedestrian crossing,opened,863,839,photo_25_2024-12-18_02-28-33.jpg,dataset_top12\pedestrian crossing\opened\photo_25_2024-12-18_02-28-33.jpg,train
190,0,pedestrian crossing,opened,960,1280,photo_25_2024-12-18_12-58-24.jpg,dataset_top12\pedestrian crossing\opened\photo_25_2024-12-18_12-58-24.jpg,train
191,0,pedestrian crossing,opened,960,1280,photo_25_2024-12-18_13-03-52.jpg,dataset_top12\pedestrian crossing\opened\photo_25_2024-12-18_13-03-52.jpg,train
192,0,pedestrian crossing,opened,960,1280,photo_25_2024-12-18_13-04-36.jpg,dataset_top12\pedestrian crossing\opened\photo_25_2024-12-18_13-04-36.jpg,train
193,0,pedestrian crossing,opened,960,1280,photo_25_2024-12-18_13-05-23.jpg,dataset_top12\pedestrian crossing\opened\photo_25_2024-12-18_13-05-23.jpg,test
194,0,pedestrian crossing,opened,960,1280,photo_25_2024-12-18_13-07-03.jpg,dataset_top12\pedestrian crossing\opened\photo_25_2024-12-18_13-07-03.jpg,test
195,0,pedestrian crossing,opened,960,1280,photo_25_2024-12-19_00-11-08.jpg,dataset_top12\pedestrian crossing\opened\photo_25_2024-12-19_00-11-08.jpg,test
196,0,pedestrian crossing,opened,960,1280,photo_25_2024-12-19_02-04-55.jpg,dataset_top12\pedestrian crossing\opened\photo_25_2024-12-19_02-04-55.jpg,test
197,0,pedestrian crossing,opened,960,1280,photo_26_2024-12-09_12-46-01.jpg,dataset_top12\pedestrian crossing\opened\photo_26_2024-12-09_12-46-01.jpg,train
198,0,pedestrian crossing,opened,960,1280,photo_26_2024-12-18_02-36-53.jpg,dataset_top12\pedestrian crossing\opened\photo_26_2024-12-18_02-36-53.jpg,train
199,0,pedestrian crossing,opened,960,1280,photo_26_2024-12-18_13-04-36.jpg,dataset_top12\pedestrian crossing\opened\photo_26_2024-12-18_13-04-36.jpg,train
200,0,pedestrian crossing,opened,960,1280,photo_26_2024-12-18_13-06-32.jpg,dataset_top12\pedestrian crossing\opened\photo_26_2024-12-18_13-06-32.jpg,train
201,0,pedestrian crossing,opened,960,1280,photo_26_2024-12-19_00-10-31.jpg,dataset_top12\pedestrian crossing\opened\photo_26_2024-12-19_00-10-31.jpg,validation
202,0,pedestrian crossing,opened,960,1280,photo_26_2024-12-19_00-11-08.jpg,dataset_top12\pedestrian crossing\opened\photo_26_2024-12-19_00-11-08.jpg,validation
203,0,pedestrian crossing,opened,960,1280,photo_26_2024-12-19_02-04-55.jpg,dataset_top12\pedestrian crossing\opened\photo_26_2024-12-19_02-04-55.jpg,train
204,0,pedestrian crossing,opened,960,1280,photo_27_2024-12-09_12-46-32.jpg,dataset_top12\pedestrian crossing\opened\photo_27_2024-12-09_12-46-32.jpg,test
205,0,pedestrian crossing,opened,960,916,photo_27_2024-12-18_02-25-50.jpg,dataset_top12\pedestrian crossing\opened\photo_27_2024-12-18_02-25-50.jpg,train
206,0,pedestrian crossing,opened,1232,1280,photo_27_2024-12-18_02-27-08.jpg,dataset_top12\pedestrian crossing\opened\photo_27_2024-12-18_02-27-08.jpg,train
207,0,pedestrian crossing,opened,960,1280,photo_27_2024-12-18_02-27-47.jpg,dataset_top12\pedestrian crossing\opened\photo_27_2024-12-18_02-27-47.jpg,train
208,0,pedestrian crossing,opened,960,1280,photo_27_2024-12-18_02-33-06.jpg,dataset_top12\pedestrian crossing\opened\photo_27_2024-12-18_02-33-06.jpg,train
209,0,pedestrian crossing,opened,960,1280,photo_27_2024-12-18_02-36-53.jpg,dataset_top12\pedestrian crossing\opened\photo_27_2024-12-18_02-36-53.jpg,train
210,0,pedestrian crossing,opened,960,1280,photo_27_2024-12-18_13-02-03.jpg,dataset_top12\pedestrian crossing\opened\photo_27_2024-12-18_13-02-03.jpg,test
211,0,pedestrian crossing,opened,960,1280,photo_27_2024-12-18_13-03-52.jpg,dataset_top12\pedestrian crossing\opened\photo_27_2024-12-18_13-03-52.jpg,train
212,0,pedestrian crossing,opened,960,1280,photo_27_2024-12-18_13-04-36.jpg,dataset_top12\pedestrian crossing\opened\photo_27_2024-12-18_13-04-36.jpg,train
213,0,pedestrian crossing,opened,878,913,photo_27_2024-12-18_13-06-32.jpg,dataset_top12\pedestrian crossing\opened\photo_27_2024-12-18_13-06-32.jpg,validation
214,0,pedestrian crossing,opened,960,1280,photo_27_2024-12-19_00-10-31.jpg,dataset_top12\pedestrian crossing\opened\photo_27_2024-12-19_00-10-31.jpg,test
215,0,pedestrian crossing,opened,960,1280,photo_27_2024-12-19_00-11-08.jpg,dataset_top12\pedestrian crossing\opened\photo_27_2024-12-19_00-11-08.jpg,train
216,0,pedestrian crossing,opened,960,1280,photo_27_2024-12-19_02-04-55.jpg,dataset_top12\pedestrian crossing\opened\photo_27_2024-12-19_02-04-55.jpg,test
217,0,pedestrian crossing,opened,960,1280,photo_28_2024-12-09_12-46-32.jpg,dataset_top12\pedestrian crossing\opened\photo_28_2024-12-09_12-46-32.jpg,train
218,0,pedestrian crossing,opened,960,1280,photo_28_2024-12-09_12-49-48.jpg,dataset_top12\pedestrian crossing\opened\photo_28_2024-12-09_12-49-48.jpg,train
219,0,pedestrian crossing,opened,1280,949,photo_28_2024-12-18_02-27-08.jpg,dataset_top12\pedestrian crossing\opened\photo_28_2024-12-18_02-27-08.jpg,train
220,0,pedestrian crossing,opened,960,896,photo_28_2024-12-18_02-27-47.jpg,dataset_top12\pedestrian crossing\opened\photo_28_2024-12-18_02-27-47.jpg,train
221,0,pedestrian crossing,opened,960,1280,photo_28_2024-12-18_02-36-53.jpg,dataset_top12\pedestrian crossing\opened\photo_28_2024-12-18_02-36-53.jpg,train
222,0,pedestrian crossing,opened,960,1280,photo_28_2024-12-18_12-58-24.jpg,dataset_top12\pedestrian crossing\opened\photo_28_2024-12-18_12-58-24.jpg,train
223,0,pedestrian crossing,opened,960,1280,photo_28_2024-12-18_13-00-25.jpg,dataset_top12\pedestrian crossing\opened\photo_28_2024-12-18_13-00-25.jpg,validation
224,0,pedestrian crossing,opened,960,1280,photo_28_2024-12-18_13-02-03.jpg,dataset_top12\pedestrian crossing\opened\photo_28_2024-12-18_13-02-03.jpg,train
225,0,pedestrian crossing,opened,960,1280,photo_28_2024-12-18_13-03-52.jpg,dataset_top12\pedestrian crossing\opened\photo_28_2024-12-18_13-03-52.jpg,train
226,0,pedestrian crossing,opened,960,1280,photo_28_2024-12-18_13-05-23.jpg,dataset_top12\pedestrian crossing\opened\photo_28_2024-12-18_13-05-23.jpg,train
227,0,pedestrian crossing,opened,960,1280,photo_28_2024-12-18_13-05-57.jpg,dataset_top12\pedestrian crossing\opened\photo_28_2024-12-18_13-05-57.jpg,train
228,0,pedestrian crossing,opened,960,1280,photo_28_2024-12-18_13-07-03.jpg,dataset_top12\pedestrian crossing\opened\photo_28_2024-12-18_13-07-03.jpg,validation
229,0,pedestrian crossing,opened,960,1280,photo_28_2024-12-19_00-11-08.jpg,dataset_top12\pedestrian crossing\opened\photo_28_2024-12-19_00-11-08.jpg,train
230,0,pedestrian crossing,opened,960,1280,photo_28_2024-12-19_02-04-55.jpg,dataset_top12\pedestrian crossing\opened\photo_28_2024-12-19_02-04-55.jpg,train
231,0,pedestrian crossing,opened,960,1280,photo_29_2024-12-09_12-46-32.jpg,dataset_top12\pedestrian crossing\opened\photo_29_2024-12-09_12-46-32.jpg,train
232,0,pedestrian crossing,opened,960,1280,photo_29_2024-12-18_02-27-47.jpg,dataset_top12\pedestrian crossing\opened\photo_29_2024-12-18_02-27-47.jpg,train
233,0,pedestrian crossing,opened,960,1280,photo_29_2024-12-18_02-29-08.jpg,dataset_top12\pedestrian crossing\opened\photo_29_2024-12-18_02-29-08.jpg,train
234,0,pedestrian crossing,opened,960,1280,photo_29_2024-12-18_02-33-06.jpg,dataset_top12\pedestrian crossing\opened\photo_29_2024-12-18_02-33-06.jpg,test
235,0,pedestrian crossing,opened,960,1280,photo_29_2024-12-18_13-05-57.jpg,dataset_top12\pedestrian crossing\opened\photo_29_2024-12-18_13-05-57.jpg,test
236,0,pedestrian crossing,opened,960,1280,photo_29_2024-12-19_02-04-55.jpg,dataset_top12\pedestrian crossing\opened\photo_29_2024-12-19_02-04-55.jpg,train
237,0,pedestrian crossing,opened,960,1280,photo_2_2024-12-09_12-46-01.jpg,dataset_top12\pedestrian crossing\opened\photo_2_2024-12-09_12-46-01.jpg,train
238,0,pedestrian crossing,opened,960,1280,photo_2_2024-12-09_12-46-32.jpg,dataset_top12\pedestrian crossing\opened\photo_2_2024-12-09_12-46-32.jpg,train
239,0,pedestrian crossing,opened,960,1280,photo_2_2024-12-09_12-49-47.jpg,dataset_top12\pedestrian crossing\opened\photo_2_2024-12-09_12-49-47.jpg,train
240,0,pedestrian crossing,opened,960,1280,photo_2_2024-12-09_12-50-33.jpg,dataset_top12\pedestrian crossing\opened\photo_2_2024-12-09_12-50-33.jpg,train
241,0,pedestrian crossing,opened,960,1280,photo_2_2024-12-18_02-29-08.jpg,dataset_top12\pedestrian crossing\opened\photo_2_2024-12-18_02-29-08.jpg,train
242,0,pedestrian crossing,opened,960,1280,photo_2_2024-12-18_02-33-06.jpg,dataset_top12\pedestrian crossing\opened\photo_2_2024-12-18_02-33-06.jpg,train
243,0,pedestrian crossing,opened,646,638,photo_2_2024-12-18_02-37-13.jpg,dataset_top12\pedestrian crossing\opened\photo_2_2024-12-18_02-37-13.jpg,train
244,0,pedestrian crossing,opened,960,1280,photo_2_2024-12-18_12-58-24.jpg,dataset_top12\pedestrian crossing\opened\photo_2_2024-12-18_12-58-24.jpg,train
245,0,pedestrian crossing,opened,960,1280,photo_2_2024-12-18_13-00-25.jpg,dataset_top12\pedestrian crossing\opened\photo_2_2024-12-18_13-00-25.jpg,validation
246,0,pedestrian crossing,opened,960,1280,photo_2_2024-12-18_13-01-24.jpg,dataset_top12\pedestrian crossing\opened\photo_2_2024-12-18_13-01-24.jpg,validation
247,0,pedestrian crossing,opened,960,1280,photo_2_2024-12-18_13-04-36.jpg,dataset_top12\pedestrian crossing\opened\photo_2_2024-12-18_13-04-36.jpg,train
248,0,pedestrian crossing,opened,960,1280,photo_2_2024-12-19_00-10-31.jpg,dataset_top12\pedestrian crossing\opened\photo_2_2024-12-19_00-10-31.jpg,train
249,0,pedestrian crossing,opened,960,1280,photo_2_2024-12-19_00-11-08.jpg,dataset_top12\pedestrian crossing\opened\photo_2_2024-12-19_00-11-08.jpg,train
250,0,pedestrian crossing,opened,960,1280,photo_30_2024-12-09_12-46-32.jpg,dataset_top12\pedestrian crossing\opened\photo_30_2024-12-09_12-46-32.jpg,train
251,0,pedestrian crossing,opened,600,585,photo_30_2024-12-18_02-27-47.jpg,dataset_top12\pedestrian crossing\opened\photo_30_2024-12-18_02-27-47.jpg,train
252,0,pedestrian crossing,opened,960,1280,photo_30_2024-12-18_02-28-33.jpg,dataset_top12\pedestrian crossing\opened\photo_30_2024-12-18_02-28-33.jpg,train
253,0,pedestrian crossing,opened,960,1280,photo_30_2024-12-18_12-58-24.jpg,dataset_top12\pedestrian crossing\opened\photo_30_2024-12-18_12-58-24.jpg,train
254,0,pedestrian crossing,opened,960,1280,photo_30_2024-12-18_13-00-25.jpg,dataset_top12\pedestrian crossing\opened\photo_30_2024-12-18_13-00-25.jpg,train
255,0,pedestrian crossing,opened,879,887,photo_30_2024-12-18_13-02-03.jpg,dataset_top12\pedestrian crossing\opened\photo_30_2024-12-18_13-02-03.jpg,train
256,0,pedestrian crossing,opened,960,1280,photo_30_2024-12-19_00-10-31.jpg,dataset_top12\pedestrian crossing\opened\photo_30_2024-12-19_00-10-31.jpg,train
257,0,pedestrian crossing,opened,960,1280,photo_30_2024-12-19_00-11-08.jpg,dataset_top12\pedestrian crossing\opened\photo_30_2024-12-19_00-11-08.jpg,validation
258,0,pedestrian crossing,opened,960,1280,photo_31_2024-12-09_12-46-01.jpg,dataset_top12\pedestrian crossing\opened\photo_31_2024-12-09_12-46-01.jpg,test
259,0,pedestrian crossing,opened,960,1280,photo_31_2024-12-18_02-27-47.jpg,dataset_top12\pedestrian crossing\opened\photo_31_2024-12-18_02-27-47.jpg,train
260,0,pedestrian crossing,opened,806,800,photo_31_2024-12-18_02-36-53.jpg,dataset_top12\pedestrian crossing\opened\photo_31_2024-12-18_02-36-53.jpg,train
261,0,pedestrian crossing,opened,960,1280,photo_31_2024-12-18_13-03-52.jpg,dataset_top12\pedestrian crossing\opened\photo_31_2024-12-18_13-03-52.jpg,train
262,0,pedestrian crossing,opened,960,1280,photo_31_2024-12-18_13-07-03.jpg,dataset_top12\pedestrian crossing\opened\photo_31_2024-12-18_13-07-03.jpg,test
263,0,pedestrian crossing,opened,960,1280,photo_31_2024-12-19_00-11-08.jpg,dataset_top12\pedestrian crossing\opened\photo_31_2024-12-19_00-11-08.jpg,train
264,0,pedestrian crossing,opened,960,1280,photo_31_2024-12-19_02-04-55.jpg,dataset_top12\pedestrian crossing\opened\photo_31_2024-12-19_02-04-55.jpg,validation
265,0,pedestrian crossing,opened,960,1280,photo_32_2024-12-18_02-25-50.jpg,dataset_top12\pedestrian crossing\opened\photo_32_2024-12-18_02-25-50.jpg,train
266,0,pedestrian crossing,opened,960,1280,photo_32_2024-12-18_02-29-08.jpg,dataset_top12\pedestrian crossing\opened\photo_32_2024-12-18_02-29-08.jpg,test
267,0,pedestrian crossing,opened,960,1280,photo_32_2024-12-18_02-36-53.jpg,dataset_top12\pedestrian crossing\opened\photo_32_2024-12-18_02-36-53.jpg,validation
268,0,pedestrian crossing,opened,960,1280,photo_32_2024-12-18_13-02-03.jpg,dataset_top12\pedestrian crossing\opened\photo_32_2024-12-18_13-02-03.jpg,validation
269,0,pedestrian crossing,opened,960,1280,photo_32_2024-12-18_13-03-52.jpg,dataset_top12\pedestrian crossing\opened\photo_32_2024-12-18_13-03-52.jpg,train
270,0,pedestrian crossing,opened,960,1280,photo_32_2024-12-18_13-07-03.jpg,dataset_top12\pedestrian crossing\opened\photo_32_2024-12-18_13-07-03.jpg,train
271,0,pedestrian crossing,opened,960,1280,photo_32_2024-12-19_00-11-08.jpg,dataset_top12\pedestrian crossing\opened\photo_32_2024-12-19_00-11-08.jpg,train
272,0,pedestrian crossing,opened,960,1280,photo_32_2024-12-19_02-04-55.jpg,dataset_top12\pedestrian crossing\opened\photo_32_2024-12-19_02-04-55.jpg,train
273,0,pedestrian crossing,opened,960,1280,photo_33_2024-12-09_12-46-01.jpg,dataset_top12\pedestrian crossing\opened\photo_33_2024-12-09_12-46-01.jpg,validation
274,0,pedestrian crossing,opened,960,1280,photo_33_2024-12-09_12-46-32.jpg,dataset_top12\pedestrian crossing\opened\photo_33_2024-12-09_12-46-32.jpg,train
275,0,pedestrian crossing,opened,710,654,photo_33_2024-12-18_02-29-08.jpg,dataset_top12\pedestrian crossing\opened\photo_33_2024-12-18_02-29-08.jpg,train
276,0,pedestrian crossing,opened,960,1280,photo_33_2024-12-18_02-36-53.jpg,dataset_top12\pedestrian crossing\opened\photo_33_2024-12-18_02-36-53.jpg,train
277,0,pedestrian crossing,opened,960,1280,photo_33_2024-12-18_12-58-24.jpg,dataset_top12\pedestrian crossing\opened\photo_33_2024-12-18_12-58-24.jpg,validation
278,0,pedestrian crossing,opened,960,1280,photo_33_2024-12-18_13-02-03.jpg,dataset_top12\pedestrian crossing\opened\photo_33_2024-12-18_13-02-03.jpg,test
279,0,pedestrian crossing,opened,960,1280,photo_33_2024-12-18_13-03-52.jpg,dataset_top12\pedestrian crossing\opened\photo_33_2024-12-18_13-03-52.jpg,validation
280,0,pedestrian crossing,opened,960,1280,photo_33_2024-12-18_13-04-36.jpg,dataset_top12\pedestrian crossing\opened\photo_33_2024-12-18_13-04-36.jpg,validation
281,0,pedestrian crossing,opened,960,1280,photo_33_2024-12-18_13-07-03.jpg,dataset_top12\pedestrian crossing\opened\photo_33_2024-12-18_13-07-03.jpg,train
282,0,pedestrian crossing,opened,960,1280,photo_33_2024-12-19_00-11-08.jpg,dataset_top12\pedestrian crossing\opened\photo_33_2024-12-19_00-11-08.jpg,train
283,0,pedestrian crossing,opened,960,1280,photo_34_2024-12-09_12-46-01.jpg,dataset_top12\pedestrian crossing\opened\photo_34_2024-12-09_12-46-01.jpg,train
284,0,pedestrian crossing,opened,960,1280,photo_34_2024-12-18_02-17-32.jpg,dataset_top12\pedestrian crossing\opened\photo_34_2024-12-18_02-17-32.jpg,test
285,0,pedestrian crossing,opened,960,1280,photo_34_2024-12-18_02-27-47.jpg,dataset_top12\pedestrian crossing\opened\photo_34_2024-12-18_02-27-47.jpg,train
286,0,pedestrian crossing,opened,960,1280,photo_34_2024-12-18_02-28-33.jpg,dataset_top12\pedestrian crossing\opened\photo_34_2024-12-18_02-28-33.jpg,test
287,0,pedestrian crossing,opened,960,1280,photo_34_2024-12-18_02-33-06.jpg,dataset_top12\pedestrian crossing\opened\photo_34_2024-12-18_02-33-06.jpg,validation
288,0,pedestrian crossing,opened,960,1280,photo_34_2024-12-18_02-36-53.jpg,dataset_top12\pedestrian crossing\opened\photo_34_2024-12-18_02-36-53.jpg,train
289,0,pedestrian crossing,opened,960,1280,photo_34_2024-12-18_13-03-52.jpg,dataset_top12\pedestrian crossing\opened\photo_34_2024-12-18_13-03-52.jpg,train
290,0,pedestrian crossing,opened,960,1280,photo_34_2024-12-18_13-05-57.jpg,dataset_top12\pedestrian crossing\opened\photo_34_2024-12-18_13-05-57.jpg,validation
291,0,pedestrian crossing,opened,960,1280,photo_34_2024-12-18_13-06-32.jpg,dataset_top12\pedestrian crossing\opened\photo_34_2024-12-18_13-06-32.jpg,train
292,0,pedestrian crossing,opened,960,1280,photo_34_2024-12-18_13-07-03.jpg,dataset_top12\pedestrian crossing\opened\photo_34_2024-12-18_13-07-03.jpg,validation
293,0,pedestrian crossing,opened,960,1280,photo_34_2024-12-19_00-11-08.jpg,dataset_top12\pedestrian crossing\opened\photo_34_2024-12-19_00-11-08.jpg,train
294,0,pedestrian crossing,opened,960,1280,photo_35_2024-12-09_12-46-01.jpg,dataset_top12\pedestrian crossing\opened\photo_35_2024-12-09_12-46-01.jpg,test
295,0,pedestrian crossing,opened,960,1280,photo_35_2024-12-09_12-49-48.jpg,dataset_top12\pedestrian crossing\opened\photo_35_2024-12-09_12-49-48.jpg,train
296,0,pedestrian crossing,opened,960,1280,photo_35_2024-12-18_02-27-47.jpg,dataset_top12\pedestrian crossing\opened\photo_35_2024-12-18_02-27-47.jpg,validation
297,0,pedestrian crossing,opened,960,1280,photo_35_2024-12-18_02-33-06.jpg,dataset_top12\pedestrian crossing\opened\photo_35_2024-12-18_02-33-06.jpg,train
298,0,pedestrian crossing,opened,925,928,photo_35_2024-12-18_13-00-25.jpg,dataset_top12\pedestrian crossing\opened\photo_35_2024-12-18_13-00-25.jpg,train
299,0,pedestrian crossing,opened,960,1280,photo_35_2024-12-18_13-03-52.jpg,dataset_top12\pedestrian crossing\opened\photo_35_2024-12-18_13-03-52.jpg,train
300,0,pedestrian crossing,opened,960,1280,photo_35_2024-12-18_13-04-36.jpg,dataset_top12\pedestrian crossing\opened\photo_35_2024-12-18_13-04-36.jpg,validation
301,0,pedestrian crossing,opened,960,1280,photo_35_2024-12-18_13-06-32.jpg,dataset_top12\pedestrian crossing\opened\photo_35_2024-12-18_13-06-32.jpg,train
302,0,pedestrian crossing,opened,677,931,photo_35_2024-12-18_13-07-03.jpg,dataset_top12\pedestrian crossing\opened\photo_35_2024-12-18_13-07-03.jpg,train
303,0,pedestrian crossing,opened,960,1280,photo_35_2024-12-19_00-11-08.jpg,dataset_top12\pedestrian crossing\opened\photo_35_2024-12-19_00-11-08.jpg,validation
304,0,pedestrian crossing,opened,960,1280,photo_35_2024-12-19_02-04-55.jpg,dataset_top12\pedestrian crossing\opened\photo_35_2024-12-19_02-04-55.jpg,validation
305,0,pedestrian crossing,opened,779,775,photo_36_2024-12-09_12-46-01.jpg,dataset_top12\pedestrian crossing\opened\photo_36_2024-12-09_12-46-01.jpg,validation
306,0,pedestrian crossing,opened,960,1280,photo_36_2024-12-09_12-46-32.jpg,dataset_top12\pedestrian crossing\opened\photo_36_2024-12-09_12-46-32.jpg,train
307,0,pedestrian crossing,opened,960,1280,photo_36_2024-12-18_02-17-32.jpg,dataset_top12\pedestrian crossing\opened\photo_36_2024-12-18_02-17-32.jpg,train
308,0,pedestrian crossing,opened,1084,1280,photo_36_2024-12-18_02-27-08.jpg,dataset_top12\pedestrian crossing\opened\photo_36_2024-12-18_02-27-08.jpg,train
309,0,pedestrian crossing,opened,960,1280,photo_36_2024-12-18_02-27-47.jpg,dataset_top12\pedestrian crossing\opened\photo_36_2024-12-18_02-27-47.jpg,train
310,0,pedestrian crossing,opened,960,1280,photo_36_2024-12-18_02-28-33.jpg,dataset_top12\pedestrian crossing\opened\photo_36_2024-12-18_02-28-33.jpg,train
311,0,pedestrian crossing,opened,960,1280,photo_36_2024-12-18_02-33-06.jpg,dataset_top12\pedestrian crossing\opened\photo_36_2024-12-18_02-33-06.jpg,test
312,0,pedestrian crossing,opened,960,1280,photo_36_2024-12-18_12-58-24.jpg,dataset_top12\pedestrian crossing\opened\photo_36_2024-12-18_12-58-24.jpg,train
313,0,pedestrian crossing,opened,960,998,photo_36_2024-12-18_13-00-25.jpg,dataset_top12\pedestrian crossing\opened\photo_36_2024-12-18_13-00-25.jpg,train
314,0,pedestrian crossing,opened,960,1280,photo_36_2024-12-18_13-03-52.jpg,dataset_top12\pedestrian crossing\opened\photo_36_2024-12-18_13-03-52.jpg,train
315,0,pedestrian crossing,opened,960,1280,photo_36_2024-12-19_00-11-08.jpg,dataset_top12\pedestrian crossing\opened\photo_36_2024-12-19_00-11-08.jpg,train
316,0,pedestrian crossing,opened,960,1280,photo_36_2024-12-19_02-04-55.jpg,dataset_top12\pedestrian crossing\opened\photo_36_2024-12-19_02-04-55.jpg,train
317,0,pedestrian crossing,opened,559,561,photo_37_2024-12-09_12-46-01.jpg,dataset_top12\pedestrian crossing\opened\photo_37_2024-12-09_12-46-01.jpg,train
318,0,pedestrian crossing,opened,960,1280,photo_37_2024-12-09_12-46-32.jpg,dataset_top12\pedestrian crossing\opened\photo_37_2024-12-09_12-46-32.jpg,train
319,0,pedestrian crossing,opened,960,1280,photo_37_2024-12-18_02-17-32.jpg,dataset_top12\pedestrian crossing\opened\photo_37_2024-12-18_02-17-32.jpg,train
320,0,pedestrian crossing,opened,960,1280,photo_37_2024-12-18_02-28-33.jpg,dataset_top12\pedestrian crossing\opened\photo_37_2024-12-18_02-28-33.jpg,test
321,0,pedestrian crossing,opened,960,1280,photo_37_2024-12-18_02-33-06.jpg,dataset_top12\pedestrian crossing\opened\photo_37_2024-12-18_02-33-06.jpg,train
322,0,pedestrian crossing,opened,960,1280,photo_37_2024-12-18_02-36-53.jpg,dataset_top12\pedestrian crossing\opened\photo_37_2024-12-18_02-36-53.jpg,train
323,0,pedestrian crossing,opened,797,817,photo_37_2024-12-18_12-58-24.jpg,dataset_top12\pedestrian crossing\opened\photo_37_2024-12-18_12-58-24.jpg,validation
324,0,pedestrian crossing,opened,960,1280,photo_37_2024-12-18_13-00-25.jpg,dataset_top12\pedestrian crossing\opened\photo_37_2024-12-18_13-00-25.jpg,train
325,0,pedestrian crossing,opened,960,1280,photo_37_2024-12-18_13-03-52.jpg,dataset_top12\pedestrian crossing\opened\photo_37_2024-12-18_13-03-52.jpg,test
326,0,pedestrian crossing,opened,960,1280,photo_37_2024-12-18_13-05-23.jpg,dataset_top12\pedestrian crossing\opened\photo_37_2024-12-18_13-05-23.jpg,train
327,0,pedestrian crossing,opened,960,1280,photo_37_2024-12-19_00-11-08.jpg,dataset_top12\pedestrian crossing\opened\photo_37_2024-12-19_00-11-08.jpg,test
328,0,pedestrian crossing,opened,960,1280,photo_37_2024-12-19_02-04-55.jpg,dataset_top12\pedestrian crossing\opened\photo_37_2024-12-19_02-04-55.jpg,train
329,0,pedestrian crossing,opened,801,805,photo_38_2024-12-09_12-49-48.jpg,dataset_top12\pedestrian crossing\opened\photo_38_2024-12-09_12-49-48.jpg,test
330,0,pedestrian crossing,opened,960,1280,photo_38_2024-12-18_02-17-32.jpg,dataset_top12\pedestrian crossing\opened\photo_38_2024-12-18_02-17-32.jpg,train
331,0,pedestrian crossing,opened,960,1280,photo_38_2024-12-18_02-29-08.jpg,dataset_top12\pedestrian crossing\opened\photo_38_2024-12-18_02-29-08.jpg,train
332,0,pedestrian crossing,opened,960,1280,photo_38_2024-12-18_02-36-53.jpg,dataset_top12\pedestrian crossing\opened\photo_38_2024-12-18_02-36-53.jpg,train
333,0,pedestrian crossing,opened,960,1280,photo_38_2024-12-18_12-58-24.jpg,dataset_top12\pedestrian crossing\opened\photo_38_2024-12-18_12-58-24.jpg,train
334,0,pedestrian crossing,opened,960,1068,photo_38_2024-12-18_13-00-25.jpg,dataset_top12\pedestrian crossing\opened\photo_38_2024-12-18_13-00-25.jpg,train
335,0,pedestrian crossing,opened,960,915,photo_38_2024-12-18_13-02-04.jpg,dataset_top12\pedestrian crossing\opened\photo_38_2024-12-18_13-02-04.jpg,train
336,0,pedestrian crossing,opened,960,1280,photo_38_2024-12-18_13-03-52.jpg,dataset_top12\pedestrian crossing\opened\photo_38_2024-12-18_13-03-52.jpg,train
337,0,pedestrian crossing,opened,960,1280,photo_38_2024-12-18_13-05-23.jpg,dataset_top12\pedestrian crossing\opened\photo_38_2024-12-18_13-05-23.jpg,validation
338,0,pedestrian crossing,opened,960,1280,photo_38_2024-12-18_13-05-57.jpg,dataset_top12\pedestrian crossing\opened\photo_38_2024-12-18_13-05-57.jpg,train
339,0,pedestrian crossing,opened,960,1280,photo_38_2024-12-19_00-11-08.jpg,dataset_top12\pedestrian crossing\opened\photo_38_2024-12-19_00-11-08.jpg,train
340,0,pedestrian crossing,opened,960,1280,photo_39_2024-12-18_02-17-32.jpg,dataset_top12\pedestrian crossing\opened\photo_39_2024-12-18_02-17-32.jpg,train
341,0,pedestrian crossing,opened,960,849,photo_39_2024-12-18_02-29-08.jpg,dataset_top12\pedestrian crossing\opened\photo_39_2024-12-18_02-29-08.jpg,validation
342,0,pedestrian crossing,opened,960,1280,photo_39_2024-12-18_02-36-53.jpg,dataset_top12\pedestrian crossing\opened\photo_39_2024-12-18_02-36-53.jpg,train
343,0,pedestrian crossing,opened,920,915,photo_39_2024-12-18_13-00-25.jpg,dataset_top12\pedestrian crossing\opened\photo_39_2024-12-18_13-00-25.jpg,validation
344,0,pedestrian crossing,opened,960,1280,photo_39_2024-12-18_13-02-04.jpg,dataset_top12\pedestrian crossing\opened\photo_39_2024-12-18_13-02-04.jpg,test
345,0,pedestrian crossing,opened,960,1280,photo_39_2024-12-18_13-03-52.jpg,dataset_top12\pedestrian crossing\opened\photo_39_2024-12-18_13-03-52.jpg,train
346,0,pedestrian crossing,opened,960,1280,photo_39_2024-12-18_13-05-23.jpg,dataset_top12\pedestrian crossing\opened\photo_39_2024-12-18_13-05-23.jpg,train
347,0,pedestrian crossing,opened,960,1280,photo_39_2024-12-18_13-06-32.jpg,dataset_top12\pedestrian crossing\opened\photo_39_2024-12-18_13-06-32.jpg,train
348,0,pedestrian crossing,opened,960,1280,photo_39_2024-12-19_00-10-31.jpg,dataset_top12\pedestrian crossing\opened\photo_39_2024-12-19_00-10-31.jpg,train
349,0,pedestrian crossing,opened,960,1280,photo_39_2024-12-19_00-11-08.jpg,dataset_top12\pedestrian crossing\opened\photo_39_2024-12-19_00-11-08.jpg,validation
350,0,pedestrian crossing,opened,960,1280,photo_39_2024-12-19_02-04-55.jpg,dataset_top12\pedestrian crossing\opened\photo_39_2024-12-19_02-04-55.jpg,test
351,0,pedestrian crossing,opened,960,1280,photo_3_2024-12-09_12-49-47.jpg,dataset_top12\pedestrian crossing\opened\photo_3_2024-12-09_12-49-47.jpg,train
352,0,pedestrian crossing,opened,792,785,photo_3_2024-12-09_12-50-33.jpg,dataset_top12\pedestrian crossing\opened\photo_3_2024-12-09_12-50-33.jpg,train
353,0,pedestrian crossing,opened,960,1280,photo_3_2024-12-18_02-27-08.jpg,dataset_top12\pedestrian crossing\opened\photo_3_2024-12-18_02-27-08.jpg,train
354,0,pedestrian crossing,opened,960,1280,photo_3_2024-12-18_02-33-06.jpg,dataset_top12\pedestrian crossing\opened\photo_3_2024-12-18_02-33-06.jpg,validation
355,0,pedestrian crossing,opened,960,1280,photo_3_2024-12-18_02-37-13.jpg,dataset_top12\pedestrian crossing\opened\photo_3_2024-12-18_02-37-13.jpg,train
356,0,pedestrian crossing,opened,960,1280,photo_3_2024-12-18_13-00-25.jpg,dataset_top12\pedestrian crossing\opened\photo_3_2024-12-18_13-00-25.jpg,train
357,0,pedestrian crossing,opened,678,864,photo_3_2024-12-18_13-01-24.jpg,dataset_top12\pedestrian crossing\opened\photo_3_2024-12-18_13-01-24.jpg,test
358,0,pedestrian crossing,opened,960,1280,photo_3_2024-12-18_13-03-52.jpg,dataset_top12\pedestrian crossing\opened\photo_3_2024-12-18_13-03-52.jpg,train
359,0,pedestrian crossing,opened,960,1280,photo_3_2024-12-18_13-04-36.jpg,dataset_top12\pedestrian crossing\opened\photo_3_2024-12-18_13-04-36.jpg,validation
360,0,pedestrian crossing,opened,960,1280,photo_3_2024-12-19_00-10-31.jpg,dataset_top12\pedestrian crossing\opened\photo_3_2024-12-19_00-10-31.jpg,test
361,0,pedestrian crossing,opened,960,1280,photo_3_2024-12-19_00-11-08.jpg,dataset_top12\pedestrian crossing\opened\photo_3_2024-12-19_00-11-08.jpg,train
362,0,pedestrian crossing,opened,960,1280,photo_40_2024-12-09_12-46-01.jpg,dataset_top12\pedestrian crossing\opened\photo_40_2024-12-09_12-46-01.jpg,train
363,0,pedestrian crossing,opened,960,1280,photo_40_2024-12-18_02-17-32.jpg,dataset_top12\pedestrian crossing\opened\photo_40_2024-12-18_02-17-32.jpg,validation
364,0,pedestrian crossing,opened,960,1280,photo_40_2024-12-18_02-27-47.jpg,dataset_top12\pedestrian crossing\opened\photo_40_2024-12-18_02-27-47.jpg,validation
365,0,pedestrian crossing,opened,960,1280,photo_40_2024-12-18_02-33-06.jpg,dataset_top12\pedestrian crossing\opened\photo_40_2024-12-18_02-33-06.jpg,test
366,0,pedestrian crossing,opened,960,1280,photo_40_2024-12-18_12-58-24.jpg,dataset_top12\pedestrian crossing\opened\photo_40_2024-12-18_12-58-24.jpg,train
367,0,pedestrian crossing,opened,960,1280,photo_40_2024-12-18_13-00-25.jpg,dataset_top12\pedestrian crossing\opened\photo_40_2024-12-18_13-00-25.jpg,train
368,0,pedestrian crossing,opened,960,1280,photo_40_2024-12-18_13-02-04.jpg,dataset_top12\pedestrian crossing\opened\photo_40_2024-12-18_13-02-04.jpg,train
369,0,pedestrian crossing,opened,960,1280,photo_40_2024-12-18_13-05-23.jpg,dataset_top12\pedestrian crossing\opened\photo_40_2024-12-18_13-05-23.jpg,test
370,0,pedestrian crossing,opened,960,1280,photo_40_2024-12-18_13-06-32.jpg,dataset_top12\pedestrian crossing\opened\photo_40_2024-12-18_13-06-32.jpg,validation
371,0,pedestrian crossing,opened,960,1280,photo_40_2024-12-19_00-10-31.jpg,dataset_top12\pedestrian crossing\opened\photo_40_2024-12-19_00-10-31.jpg,train
372,0,pedestrian crossing,opened,960,1280,photo_40_2024-12-19_00-11-08.jpg,dataset_top12\pedestrian crossing\opened\photo_40_2024-12-19_00-11-08.jpg,train
373,0,pedestrian crossing,opened,960,1280,photo_40_2024-12-19_02-04-55.jpg,dataset_top12\pedestrian crossing\opened\photo_40_2024-12-19_02-04-55.jpg,train
374,0,pedestrian crossing,opened,960,1280,photo_41_2024-12-09_12-46-01.jpg,dataset_top12\pedestrian crossing\opened\photo_41_2024-12-09_12-46-01.jpg,train
375,0,pedestrian crossing,opened,960,1280,photo_41_2024-12-09_12-46-32.jpg,dataset_top12\pedestrian crossing\opened\photo_41_2024-12-09_12-46-32.jpg,validation
376,0,pedestrian crossing,opened,960,1280,photo_41_2024-12-09_12-49-48.jpg,dataset_top12\pedestrian crossing\opened\photo_41_2024-12-09_12-49-48.jpg,test
377,0,pedestrian crossing,opened,960,1280,photo_41_2024-12-18_02-17-32.jpg,dataset_top12\pedestrian crossing\opened\photo_41_2024-12-18_02-17-32.jpg,test
378,0,pedestrian crossing,opened,960,1280,photo_41_2024-12-18_02-27-47.jpg,dataset_top12\pedestrian crossing\opened\photo_41_2024-12-18_02-27-47.jpg,train
379,0,pedestrian crossing,opened,960,1280,photo_41_2024-12-18_13-02-04.jpg,dataset_top12\pedestrian crossing\opened\photo_41_2024-12-18_13-02-04.jpg,validation
380,0,pedestrian crossing,opened,960,1280,photo_41_2024-12-18_13-03-52.jpg,dataset_top12\pedestrian crossing\opened\photo_41_2024-12-18_13-03-52.jpg,validation
381,0,pedestrian crossing,opened,960,1280,photo_41_2024-12-19_00-10-31.jpg,dataset_top12\pedestrian crossing\opened\photo_41_2024-12-19_00-10-31.jpg,train
382,0,pedestrian crossing,opened,960,1280,photo_41_2024-12-19_02-04-55.jpg,dataset_top12\pedestrian crossing\opened\photo_41_2024-12-19_02-04-55.jpg,train
383,0,pedestrian crossing,opened,386,384,photo_42_2024-12-18_02-28-33.jpg,dataset_top12\pedestrian crossing\opened\photo_42_2024-12-18_02-28-33.jpg,test
384,0,pedestrian crossing,opened,960,1280,photo_42_2024-12-18_12-58-24.jpg,dataset_top12\pedestrian crossing\opened\photo_42_2024-12-18_12-58-24.jpg,train
385,0,pedestrian crossing,opened,960,1280,photo_42_2024-12-18_13-03-52.jpg,dataset_top12\pedestrian crossing\opened\photo_42_2024-12-18_13-03-52.jpg,test
386,0,pedestrian crossing,opened,960,1280,photo_42_2024-12-18_13-05-23.jpg,dataset_top12\pedestrian crossing\opened\photo_42_2024-12-18_13-05-23.jpg,train
387,0,pedestrian crossing,opened,960,1280,photo_42_2024-12-19_00-10-31.jpg,dataset_top12\pedestrian crossing\opened\photo_42_2024-12-19_00-10-31.jpg,test
388,0,pedestrian crossing,opened,960,1280,photo_42_2024-12-19_02-04-55.jpg,dataset_top12\pedestrian crossing\opened\photo_42_2024-12-19_02-04-55.jpg,validation
389,0,pedestrian crossing,opened,960,1280,photo_43_2024-12-09_12-46-32.jpg,dataset_top12\pedestrian crossing\opened\photo_43_2024-12-09_12-46-32.jpg,train
390,0,pedestrian crossing,opened,960,1280,photo_43_2024-12-18_02-29-08.jpg,dataset_top12\pedestrian crossing\opened\photo_43_2024-12-18_02-29-08.jpg,train
391,0,pedestrian crossing,opened,960,1280,photo_43_2024-12-19_02-04-55.jpg,dataset_top12\pedestrian crossing\opened\photo_43_2024-12-19_02-04-55.jpg,train
392,0,pedestrian crossing,opened,439,437,photo_44_2024-12-09_12-46-01.jpg,dataset_top12\pedestrian crossing\opened\photo_44_2024-12-09_12-46-01.jpg,test
393,0,pedestrian crossing,opened,960,1280,photo_44_2024-12-18_02-17-32.jpg,dataset_top12\pedestrian crossing\opened\photo_44_2024-12-18_02-17-32.jpg,train
394,0,pedestrian crossing,opened,1280,874,photo_44_2024-12-18_02-27-08.jpg,dataset_top12\pedestrian crossing\opened\photo_44_2024-12-18_02-27-08.jpg,train
395,0,pedestrian crossing,opened,960,1280,photo_44_2024-12-18_02-27-47.jpg,dataset_top12\pedestrian crossing\opened\photo_44_2024-12-18_02-27-47.jpg,validation
396,0,pedestrian crossing,opened,960,1280,photo_44_2024-12-18_02-33-06.jpg,dataset_top12\pedestrian crossing\opened\photo_44_2024-12-18_02-33-06.jpg,train
397,0,pedestrian crossing,opened,960,1066,photo_44_2024-12-18_13-02-04.jpg,dataset_top12\pedestrian crossing\opened\photo_44_2024-12-18_13-02-04.jpg,train
398,0,pedestrian crossing,opened,960,1280,photo_45_2024-12-06_22-25-52.jpg,dataset_top12\pedestrian crossing\opened\photo_45_2024-12-06_22-25-52.jpg,train
399,0,pedestrian crossing,opened,960,1280,photo_45_2024-12-18_02-17-32.jpg,dataset_top12\pedestrian crossing\opened\photo_45_2024-12-18_02-17-32.jpg,test
400,0,pedestrian crossing,opened,774,1066,photo_45_2024-12-18_13-06-32.jpg,dataset_top12\pedestrian crossing\opened\photo_45_2024-12-18_13-06-32.jpg,train
401,0,pedestrian crossing,opened,960,1280,photo_45_2024-12-19_00-10-31.jpg,dataset_top12\pedestrian crossing\opened\photo_45_2024-12-19_00-10-31.jpg,train
402,0,pedestrian crossing,opened,960,1280,photo_45_2024-12-19_02-04-55.jpg,dataset_top12\pedestrian crossing\opened\photo_45_2024-12-19_02-04-55.jpg,train
403,0,pedestrian crossing,opened,960,1280,photo_46_2024-12-09_12-46-32.jpg,dataset_top12\pedestrian crossing\opened\photo_46_2024-12-09_12-46-32.jpg,train
404,0,pedestrian crossing,opened,960,1280,photo_46_2024-12-18_02-17-32.jpg,dataset_top12\pedestrian crossing\opened\photo_46_2024-12-18_02-17-32.jpg,train
405,0,pedestrian crossing,opened,960,1280,photo_46_2024-12-18_02-33-06.jpg,dataset_top12\pedestrian crossing\opened\photo_46_2024-12-18_02-33-06.jpg,train
406,0,pedestrian crossing,opened,960,1280,photo_46_2024-12-18_13-06-32.jpg,dataset_top12\pedestrian crossing\opened\photo_46_2024-12-18_13-06-32.jpg,train
407,0,pedestrian crossing,opened,960,1280,photo_46_2024-12-19_00-10-31.jpg,dataset_top12\pedestrian crossing\opened\photo_46_2024-12-19_00-10-31.jpg,test
408,0,pedestrian crossing,opened,960,1280,photo_47_2024-12-18_02-36-53.jpg,dataset_top12\pedestrian crossing\opened\photo_47_2024-12-18_02-36-53.jpg,test
409,0,pedestrian crossing,opened,960,1280,photo_47_2024-12-18_13-02-04.jpg,dataset_top12\pedestrian crossing\opened\photo_47_2024-12-18_13-02-04.jpg,train
410,0,pedestrian crossing,opened,960,1280,photo_47_2024-12-18_13-03-52.jpg,dataset_top12\pedestrian crossing\opened\photo_47_2024-12-18_13-03-52.jpg,train
411,0,pedestrian crossing,opened,854,795,photo_47_2024-12-18_13-04-36.jpg,dataset_top12\pedestrian crossing\opened\photo_47_2024-12-18_13-04-36.jpg,train
412,0,pedestrian crossing,opened,960,1280,photo_47_2024-12-18_13-06-32.jpg,dataset_top12\pedestrian crossing\opened\photo_47_2024-12-18_13-06-32.jpg,train
413,0,pedestrian crossing,opened,960,1280,photo_47_2024-12-19_00-10-31.jpg,dataset_top12\pedestrian crossing\opened\photo_47_2024-12-19_00-10-31.jpg,train
414,0,pedestrian crossing,opened,960,1280,photo_47_2024-12-19_02-04-55.jpg,dataset_top12\pedestrian crossing\opened\photo_47_2024-12-19_02-04-55.jpg,train
415,0,pedestrian crossing,opened,960,1280,photo_48_2024-12-09_12-46-32.jpg,dataset_top12\pedestrian crossing\opened\photo_48_2024-12-09_12-46-32.jpg,train
416,0,pedestrian crossing,opened,960,1280,photo_48_2024-12-18_02-27-47.jpg,dataset_top12\pedestrian crossing\opened\photo_48_2024-12-18_02-27-47.jpg,validation
417,0,pedestrian crossing,opened,960,1280,photo_48_2024-12-18_02-29-08.jpg,dataset_top12\pedestrian crossing\opened\photo_48_2024-12-18_02-29-08.jpg,test
418,0,pedestrian crossing,opened,960,1280,photo_48_2024-12-18_02-33-06.jpg,dataset_top12\pedestrian crossing\opened\photo_48_2024-12-18_02-33-06.jpg,train
419,0,pedestrian crossing,opened,960,1280,photo_48_2024-12-18_12-58-24.jpg,dataset_top12\pedestrian crossing\opened\photo_48_2024-12-18_12-58-24.jpg,validation
420,0,pedestrian crossing,opened,960,1280,photo_48_2024-12-18_13-02-04.jpg,dataset_top12\pedestrian crossing\opened\photo_48_2024-12-18_13-02-04.jpg,test
421,0,pedestrian crossing,opened,960,1280,photo_48_2024-12-18_13-03-52.jpg,dataset_top12\pedestrian crossing\opened\photo_48_2024-12-18_13-03-52.jpg,validation
422,0,pedestrian crossing,opened,960,1280,photo_48_2024-12-18_13-05-57.jpg,dataset_top12\pedestrian crossing\opened\photo_48_2024-12-18_13-05-57.jpg,train
423,0,pedestrian crossing,opened,960,1280,photo_48_2024-12-19_00-10-31.jpg,dataset_top12\pedestrian crossing\opened\photo_48_2024-12-19_00-10-31.jpg,train
424,0,pedestrian crossing,opened,960,1280,photo_48_2024-12-19_02-04-55.jpg,dataset_top12\pedestrian crossing\opened\photo_48_2024-12-19_02-04-55.jpg,train
425,0,pedestrian crossing,opened,960,1280,photo_49_2024-12-09_12-49-48.jpg,dataset_top12\pedestrian crossing\opened\photo_49_2024-12-09_12-49-48.jpg,train
426,0,pedestrian crossing,opened,960,1280,photo_49_2024-12-18_02-17-32.jpg,dataset_top12\pedestrian crossing\opened\photo_49_2024-12-18_02-17-32.jpg,train
427,0,pedestrian crossing,opened,960,1280,photo_49_2024-12-18_02-28-33.jpg,dataset_top12\pedestrian crossing\opened\photo_49_2024-12-18_02-28-33.jpg,test
428,0,pedestrian crossing,opened,960,1280,photo_49_2024-12-18_02-29-08.jpg,dataset_top12\pedestrian crossing\opened\photo_49_2024-12-18_02-29-08.jpg,train
429,0,pedestrian crossing,opened,960,1280,photo_49_2024-12-18_13-02-04.jpg,dataset_top12\pedestrian crossing\opened\photo_49_2024-12-18_13-02-04.jpg,test
430,0,pedestrian crossing,opened,960,1280,photo_49_2024-12-18_13-06-32.jpg,dataset_top12\pedestrian crossing\opened\photo_49_2024-12-18_13-06-32.jpg,validation
431,0,pedestrian crossing,opened,960,1280,photo_49_2024-12-19_00-10-31.jpg,dataset_top12\pedestrian crossing\opened\photo_49_2024-12-19_00-10-31.jpg,test
432,0,pedestrian crossing,opened,960,1280,photo_49_2024-12-19_02-04-55.jpg,dataset_top12\pedestrian crossing\opened\photo_49_2024-12-19_02-04-55.jpg,train
433,0,pedestrian crossing,opened,960,1280,photo_4_2024-12-18_02-29-08.jpg,dataset_top12\pedestrian crossing\opened\photo_4_2024-12-18_02-29-08.jpg,train
434,0,pedestrian crossing,opened,777,775,photo_4_2024-12-18_02-37-13.jpg,dataset_top12\pedestrian crossing\opened\photo_4_2024-12-18_02-37-13.jpg,test
435,0,pedestrian crossing,opened,960,1280,photo_4_2024-12-18_12-58-24.jpg,dataset_top12\pedestrian crossing\opened\photo_4_2024-12-18_12-58-24.jpg,test
436,0,pedestrian crossing,opened,960,967,photo_4_2024-12-18_13-00-25.jpg,dataset_top12\pedestrian crossing\opened\photo_4_2024-12-18_13-00-25.jpg,train
437,0,pedestrian crossing,opened,684,850,photo_4_2024-12-18_13-01-24.jpg,dataset_top12\pedestrian crossing\opened\photo_4_2024-12-18_13-01-24.jpg,train
438,0,pedestrian crossing,opened,960,1280,photo_4_2024-12-18_13-04-36.jpg,dataset_top12\pedestrian crossing\opened\photo_4_2024-12-18_13-04-36.jpg,test
439,0,pedestrian crossing,opened,960,1280,photo_4_2024-12-18_13-06-32.jpg,dataset_top12\pedestrian crossing\opened\photo_4_2024-12-18_13-06-32.jpg,train
440,0,pedestrian crossing,opened,960,1280,photo_4_2024-12-18_13-07-03.jpg,dataset_top12\pedestrian crossing\opened\photo_4_2024-12-18_13-07-03.jpg,validation
441,0,pedestrian crossing,opened,960,1280,photo_4_2024-12-19_00-10-31.jpg,dataset_top12\pedestrian crossing\opened\photo_4_2024-12-19_00-10-31.jpg,train
442,0,pedestrian crossing,opened,960,1280,photo_4_2024-12-19_00-11-08.jpg,dataset_top12\pedestrian crossing\opened\photo_4_2024-12-19_00-11-08.jpg,train
443,0,pedestrian crossing,opened,960,1280,photo_50_2024-12-18_02-28-33.jpg,dataset_top12\pedestrian crossing\opened\photo_50_2024-12-18_02-28-33.jpg,validation
444,0,pedestrian crossing,opened,960,1280,photo_50_2024-12-18_13-03-52.jpg,dataset_top12\pedestrian crossing\opened\photo_50_2024-12-18_13-03-52.jpg,test
445,0,pedestrian crossing,opened,960,1280,photo_50_2024-12-18_13-05-23.jpg,dataset_top12\pedestrian crossing\opened\photo_50_2024-12-18_13-05-23.jpg,train
446,0,pedestrian crossing,opened,960,1280,photo_50_2024-12-18_13-06-32.jpg,dataset_top12\pedestrian crossing\opened\photo_50_2024-12-18_13-06-32.jpg,train
447,0,pedestrian crossing,opened,960,1280,photo_50_2024-12-19_02-04-55.jpg,dataset_top12\pedestrian crossing\opened\photo_50_2024-12-19_02-04-55.jpg,train
448,0,pedestrian crossing,opened,960,1280,photo_51_2024-12-18_02-25-50.jpg,dataset_top12\pedestrian crossing\opened\photo_51_2024-12-18_02-25-50.jpg,validation
449,0,pedestrian crossing,opened,810,1080,photo_51_2024-12-18_02-27-08.jpg,dataset_top12\pedestrian crossing\opened\photo_51_2024-12-18_02-27-08.jpg,train
450,0,pedestrian crossing,opened,960,1280,photo_51_2024-12-18_02-33-06.jpg,dataset_top12\pedestrian crossing\opened\photo_51_2024-12-18_02-33-06.jpg,train
451,0,pedestrian crossing,opened,960,1280,photo_51_2024-12-18_02-36-53.jpg,dataset_top12\pedestrian crossing\opened\photo_51_2024-12-18_02-36-53.jpg,test
452,0,pedestrian crossing,opened,960,1280,photo_51_2024-12-18_13-03-52.jpg,dataset_top12\pedestrian crossing\opened\photo_51_2024-12-18_13-03-52.jpg,train
453,0,pedestrian crossing,opened,960,1280,photo_51_2024-12-19_00-10-31.jpg,dataset_top12\pedestrian crossing\opened\photo_51_2024-12-19_00-10-31.jpg,train
454,0,pedestrian crossing,opened,960,1280,photo_51_2024-12-19_02-04-55.jpg,dataset_top12\pedestrian crossing\opened\photo_51_2024-12-19_02-04-55.jpg,test
455,0,pedestrian crossing,opened,960,1280,photo_5278624148517676655_y.jpg,dataset_top12\pedestrian crossing\opened\photo_5278624148517676655_y.jpg,train
456,0,pedestrian crossing,opened,960,1280,photo_5278624148517676661_y.jpg,dataset_top12\pedestrian crossing\opened\photo_5278624148517676661_y.jpg,train
457,0,pedestrian crossing,opened,960,1280,photo_52_2024-12-18_02-17-32.jpg,dataset_top12\pedestrian crossing\opened\photo_52_2024-12-18_02-17-32.jpg,train
458,0,pedestrian crossing,opened,810,1080,photo_52_2024-12-18_02-27-08.jpg,dataset_top12\pedestrian crossing\opened\photo_52_2024-12-18_02-27-08.jpg,train
459,0,pedestrian crossing,opened,960,1280,photo_52_2024-12-18_02-28-33.jpg,dataset_top12\pedestrian crossing\opened\photo_52_2024-12-18_02-28-33.jpg,train
460,0,pedestrian crossing,opened,960,1280,photo_52_2024-12-18_02-29-08.jpg,dataset_top12\pedestrian crossing\opened\photo_52_2024-12-18_02-29-08.jpg,train
461,0,pedestrian crossing,opened,960,1280,photo_52_2024-12-18_02-33-06.jpg,dataset_top12\pedestrian crossing\opened\photo_52_2024-12-18_02-33-06.jpg,train
462,0,pedestrian crossing,opened,960,1280,photo_52_2024-12-18_13-01-24.jpg,dataset_top12\pedestrian crossing\opened\photo_52_2024-12-18_13-01-24.jpg,train
463,0,pedestrian crossing,opened,960,1280,photo_52_2024-12-19_00-10-31.jpg,dataset_top12\pedestrian crossing\opened\photo_52_2024-12-19_00-10-31.jpg,train
464,0,pedestrian crossing,opened,960,1280,photo_53_2024-12-09_12-46-32.jpg,dataset_top12\pedestrian crossing\opened\photo_53_2024-12-09_12-46-32.jpg,train
465,0,pedestrian crossing,opened,960,1280,photo_53_2024-12-18_02-17-32.jpg,dataset_top12\pedestrian crossing\opened\photo_53_2024-12-18_02-17-32.jpg,validation
466,0,pedestrian crossing,opened,629,607,photo_53_2024-12-18_02-28-33.jpg,dataset_top12\pedestrian crossing\opened\photo_53_2024-12-18_02-28-33.jpg,train
467,0,pedestrian crossing,opened,960,1280,photo_53_2024-12-18_13-03-52.jpg,dataset_top12\pedestrian crossing\opened\photo_53_2024-12-18_13-03-52.jpg,train
468,0,pedestrian crossing,opened,960,1099,photo_53_2024-12-18_13-04-36.jpg,dataset_top12\pedestrian crossing\opened\photo_53_2024-12-18_13-04-36.jpg,train
469,0,pedestrian crossing,opened,699,702,photo_54_2024-12-09_12-46-01.jpg,dataset_top12\pedestrian crossing\opened\photo_54_2024-12-09_12-46-01.jpg,train
470,0,pedestrian crossing,opened,960,1280,photo_54_2024-12-18_02-17-32.jpg,dataset_top12\pedestrian crossing\opened\photo_54_2024-12-18_02-17-32.jpg,train
471,0,pedestrian crossing,opened,960,1280,photo_54_2024-12-18_02-33-06.jpg,dataset_top12\pedestrian crossing\opened\photo_54_2024-12-18_02-33-06.jpg,train
472,0,pedestrian crossing,opened,960,1280,photo_54_2024-12-18_12-58-24.jpg,dataset_top12\pedestrian crossing\opened\photo_54_2024-12-18_12-58-24.jpg,train
473,0,pedestrian crossing,opened,960,1280,photo_54_2024-12-18_13-03-52.jpg,dataset_top12\pedestrian crossing\opened\photo_54_2024-12-18_13-03-52.jpg,train
474,0,pedestrian crossing,opened,960,1280,photo_54_2024-12-18_13-05-57.jpg,dataset_top12\pedestrian crossing\opened\photo_54_2024-12-18_13-05-57.jpg,train
475,0,pedestrian crossing,opened,960,1280,photo_54_2024-12-19_01-58-39.jpg,dataset_top12\pedestrian crossing\opened\photo_54_2024-12-19_01-58-39.jpg,test
476,0,pedestrian crossing,opened,960,1280,photo_55_2024-12-09_12-46-01.jpg,dataset_top12\pedestrian crossing\opened\photo_55_2024-12-09_12-46-01.jpg,test
477,0,pedestrian crossing,opened,960,1280,photo_55_2024-12-18_02-17-32.jpg,dataset_top12\pedestrian crossing\opened\photo_55_2024-12-18_02-17-32.jpg,train
478,0,pedestrian crossing,opened,960,1280,photo_55_2024-12-18_02-25-50.jpg,dataset_top12\pedestrian crossing\opened\photo_55_2024-12-18_02-25-50.jpg,train
479,0,pedestrian crossing,opened,770,826,photo_55_2024-12-18_02-33-06.jpg,dataset_top12\pedestrian crossing\opened\photo_55_2024-12-18_02-33-06.jpg,validation
480,0,pedestrian crossing,opened,960,1280,photo_55_2024-12-18_02-36-53.jpg,dataset_top12\pedestrian crossing\opened\photo_55_2024-12-18_02-36-53.jpg,validation
481,0,pedestrian crossing,opened,960,1280,photo_55_2024-12-18_13-03-52.jpg,dataset_top12\pedestrian crossing\opened\photo_55_2024-12-18_13-03-52.jpg,train
482,0,pedestrian crossing,opened,960,1280,photo_55_2024-12-19_02-04-55.jpg,dataset_top12\pedestrian crossing\opened\photo_55_2024-12-19_02-04-55.jpg,train
483,0,pedestrian crossing,opened,960,1280,photo_56_2024-12-09_12-49-48.jpg,dataset_top12\pedestrian crossing\opened\photo_56_2024-12-09_12-49-48.jpg,test
484,0,pedestrian crossing,opened,960,1280,photo_56_2024-12-18_02-17-32.jpg,dataset_top12\pedestrian crossing\opened\photo_56_2024-12-18_02-17-32.jpg,train
485,0,pedestrian crossing,opened,960,1280,photo_56_2024-12-18_02-29-08.jpg,dataset_top12\pedestrian crossing\opened\photo_56_2024-12-18_02-29-08.jpg,test
486,0,pedestrian crossing,opened,960,1280,photo_56_2024-12-18_13-04-36.jpg,dataset_top12\pedestrian crossing\opened\photo_56_2024-12-18_13-04-36.jpg,validation
487,0,pedestrian crossing,opened,960,1280,photo_56_2024-12-18_13-05-57.jpg,dataset_top12\pedestrian crossing\opened\photo_56_2024-12-18_13-05-57.jpg,test
488,0,pedestrian crossing,opened,960,1280,photo_56_2024-12-18_13-06-32.jpg,dataset_top12\pedestrian crossing\opened\photo_56_2024-12-18_13-06-32.jpg,validation
489,0,pedestrian crossing,opened,960,1280,photo_56_2024-12-19_00-10-31.jpg,dataset_top12\pedestrian crossing\opened\photo_56_2024-12-19_00-10-31.jpg,test
490,0,pedestrian crossing,opened,960,1280,photo_56_2024-12-19_02-04-55.jpg,dataset_top12\pedestrian crossing\opened\photo_56_2024-12-19_02-04-55.jpg,train
491,0,pedestrian crossing,opened,612,607,photo_57_2024-12-09_12-45-24.jpg,dataset_top12\pedestrian crossing\opened\photo_57_2024-12-09_12-45-24.jpg,train
492,0,pedestrian crossing,opened,960,1280,photo_57_2024-12-18_02-33-06.jpg,dataset_top12\pedestrian crossing\opened\photo_57_2024-12-18_02-33-06.jpg,train
493,0,pedestrian crossing,opened,830,826,photo_57_2024-12-18_02-36-53.jpg,dataset_top12\pedestrian crossing\opened\photo_57_2024-12-18_02-36-53.jpg,train
494,0,pedestrian crossing,opened,960,1280,photo_57_2024-12-18_13-02-04.jpg,dataset_top12\pedestrian crossing\opened\photo_57_2024-12-18_13-02-04.jpg,test
495,0,pedestrian crossing,opened,960,1280,photo_57_2024-12-18_13-03-52.jpg,dataset_top12\pedestrian crossing\opened\photo_57_2024-12-18_13-03-52.jpg,train
496,0,pedestrian crossing,opened,960,1280,photo_57_2024-12-18_13-04-36.jpg,dataset_top12\pedestrian crossing\opened\photo_57_2024-12-18_13-04-36.jpg,train
497,0,pedestrian crossing,opened,960,1280,photo_57_2024-12-18_13-06-32.jpg,dataset_top12\pedestrian crossing\opened\photo_57_2024-12-18_13-06-32.jpg,validation
498,0,pedestrian crossing,opened,960,1280,photo_58_2024-12-09_12-49-48.jpg,dataset_top12\pedestrian crossing\opened\photo_58_2024-12-09_12-49-48.jpg,train
499,0,pedestrian crossing,opened,960,1280,photo_58_2024-12-18_02-17-32.jpg,dataset_top12\pedestrian crossing\opened\photo_58_2024-12-18_02-17-32.jpg,test
500,0,pedestrian crossing,opened,1280,830,photo_58_2024-12-18_02-28-33.jpg,dataset_top12\pedestrian crossing\opened\photo_58_2024-12-18_02-28-33.jpg,validation
501,0,pedestrian crossing,opened,960,1280,photo_58_2024-12-18_02-33-06.jpg,dataset_top12\pedestrian crossing\opened\photo_58_2024-12-18_02-33-06.jpg,train
502,0,pedestrian crossing,opened,960,1280,photo_58_2024-12-18_02-36-53.jpg,dataset_top12\pedestrian crossing\opened\photo_58_2024-12-18_02-36-53.jpg,train
503,0,pedestrian crossing,opened,894,1068,photo_58_2024-12-18_12-58-24.jpg,dataset_top12\pedestrian crossing\opened\photo_58_2024-12-18_12-58-24.jpg,train
504,0,pedestrian crossing,opened,960,1280,photo_58_2024-12-18_13-02-04.jpg,dataset_top12\pedestrian crossing\opened\photo_58_2024-12-18_13-02-04.jpg,train
505,0,pedestrian crossing,opened,960,1280,photo_58_2024-12-18_13-03-52.jpg,dataset_top12\pedestrian crossing\opened\photo_58_2024-12-18_13-03-52.jpg,validation
506,0,pedestrian crossing,opened,960,1280,photo_58_2024-12-18_13-06-32.jpg,dataset_top12\pedestrian crossing\opened\photo_58_2024-12-18_13-06-32.jpg,train
507,0,pedestrian crossing,opened,960,1280,photo_58_2024-12-19_00-10-31.jpg,dataset_top12\pedestrian crossing\opened\photo_58_2024-12-19_00-10-31.jpg,train
508,0,pedestrian crossing,opened,960,1280,photo_59_2024-12-09_12-46-01.jpg,dataset_top12\pedestrian crossing\opened\photo_59_2024-12-09_12-46-01.jpg,train
509,0,pedestrian crossing,opened,960,1280,photo_59_2024-12-09_12-46-32.jpg,dataset_top12\pedestrian crossing\opened\photo_59_2024-12-09_12-46-32.jpg,validation
510,0,pedestrian crossing,opened,960,1280,photo_59_2024-12-09_12-49-48.jpg,dataset_top12\pedestrian crossing\opened\photo_59_2024-12-09_12-49-48.jpg,train
511,0,pedestrian crossing,opened,960,1280,photo_59_2024-12-18_02-27-47.jpg,dataset_top12\pedestrian crossing\opened\photo_59_2024-12-18_02-27-47.jpg,test
512,0,pedestrian crossing,opened,960,1280,photo_59_2024-12-18_02-33-06.jpg,dataset_top12\pedestrian crossing\opened\photo_59_2024-12-18_02-33-06.jpg,train
513,0,pedestrian crossing,opened,960,1280,photo_59_2024-12-18_13-03-52.jpg,dataset_top12\pedestrian crossing\opened\photo_59_2024-12-18_13-03-52.jpg,train
514,0,pedestrian crossing,opened,960,1280,photo_59_2024-12-18_13-05-23.jpg,dataset_top12\pedestrian crossing\opened\photo_59_2024-12-18_13-05-23.jpg,test
515,0,pedestrian crossing,opened,960,1280,photo_59_2024-12-19_01-58-39.jpg,dataset_top12\pedestrian crossing\opened\photo_59_2024-12-19_01-58-39.jpg,train
516,0,pedestrian crossing,opened,960,1280,photo_5_2024-12-09_12-49-47.jpg,dataset_top12\pedestrian crossing\opened\photo_5_2024-12-09_12-49-47.jpg,train
517,0,pedestrian crossing,opened,960,1280,photo_5_2024-12-09_12-50-33.jpg,dataset_top12\pedestrian crossing\opened\photo_5_2024-12-09_12-50-33.jpg,test
518,0,pedestrian crossing,opened,960,1280,photo_5_2024-12-18_02-29-08.jpg,dataset_top12\pedestrian crossing\opened\photo_5_2024-12-18_02-29-08.jpg,train
519,0,pedestrian crossing,opened,960,949,photo_5_2024-12-18_13-00-25.jpg,dataset_top12\pedestrian crossing\opened\photo_5_2024-12-18_13-00-25.jpg,train
520,0,pedestrian crossing,opened,681,631,photo_5_2024-12-18_13-01-24.jpg,dataset_top12\pedestrian crossing\opened\photo_5_2024-12-18_13-01-24.jpg,validation
521,0,pedestrian crossing,opened,960,1280,photo_5_2024-12-18_13-04-36.jpg,dataset_top12\pedestrian crossing\opened\photo_5_2024-12-18_13-04-36.jpg,train
522,0,pedestrian crossing,opened,759,848,photo_5_2024-12-18_13-07-03.jpg,dataset_top12\pedestrian crossing\opened\photo_5_2024-12-18_13-07-03.jpg,train
523,0,pedestrian crossing,opened,960,1280,photo_5_2024-12-19_00-10-31.jpg,dataset_top12\pedestrian crossing\opened\photo_5_2024-12-19_00-10-31.jpg,train
524,0,pedestrian crossing,opened,960,1280,photo_5_2024-12-19_00-11-08.jpg,dataset_top12\pedestrian crossing\opened\photo_5_2024-12-19_00-11-08.jpg,validation
525,0,pedestrian crossing,opened,960,1280,photo_60_2024-12-18_02-25-50.jpg,dataset_top12\pedestrian crossing\opened\photo_60_2024-12-18_02-25-50.jpg,train
526,0,pedestrian crossing,opened,960,1280,photo_60_2024-12-18_02-33-06.jpg,dataset_top12\pedestrian crossing\opened\photo_60_2024-12-18_02-33-06.jpg,train
527,0,pedestrian crossing,opened,960,1280,photo_60_2024-12-18_12-58-24.jpg,dataset_top12\pedestrian crossing\opened\photo_60_2024-12-18_12-58-24.jpg,train
528,0,pedestrian crossing,opened,960,1280,photo_60_2024-12-18_13-05-23.jpg,dataset_top12\pedestrian crossing\opened\photo_60_2024-12-18_13-05-23.jpg,train
529,0,pedestrian crossing,opened,960,1280,photo_60_2024-12-19_00-10-31.jpg,dataset_top12\pedestrian crossing\opened\photo_60_2024-12-19_00-10-31.jpg,validation
530,0,pedestrian crossing,opened,960,1280,photo_60_2024-12-19_01-58-39.jpg,dataset_top12\pedestrian crossing\opened\photo_60_2024-12-19_01-58-39.jpg,train
531,0,pedestrian crossing,opened,451,421,photo_61_2024-12-07_12-47-32.jpg,dataset_top12\pedestrian crossing\opened\photo_61_2024-12-07_12-47-32.jpg,train
532,0,pedestrian crossing,opened,960,1280,photo_61_2024-12-09_12-46-32.jpg,dataset_top12\pedestrian crossing\opened\photo_61_2024-12-09_12-46-32.jpg,train
533,0,pedestrian crossing,opened,960,1280,photo_61_2024-12-09_12-49-48.jpg,dataset_top12\pedestrian crossing\opened\photo_61_2024-12-09_12-49-48.jpg,validation
534,0,pedestrian crossing,opened,960,1280,photo_61_2024-12-18_02-27-47.jpg,dataset_top12\pedestrian crossing\opened\photo_61_2024-12-18_02-27-47.jpg,train
535,0,pedestrian crossing,opened,960,1280,photo_61_2024-12-18_02-33-06.jpg,dataset_top12\pedestrian crossing\opened\photo_61_2024-12-18_02-33-06.jpg,train
536,0,pedestrian crossing,opened,960,1280,photo_61_2024-12-18_13-05-23.jpg,dataset_top12\pedestrian crossing\opened\photo_61_2024-12-18_13-05-23.jpg,train
537,0,pedestrian crossing,opened,764,764,photo_61_2024-12-19_00-10-31.jpg,dataset_top12\pedestrian crossing\opened\photo_61_2024-12-19_00-10-31.jpg,train
538,0,pedestrian crossing,opened,960,1280,photo_61_2024-12-19_01-58-39.jpg,dataset_top12\pedestrian crossing\opened\photo_61_2024-12-19_01-58-39.jpg,train
539,0,pedestrian crossing,opened,960,1280,photo_61_2024-12-19_02-04-55.jpg,dataset_top12\pedestrian crossing\opened\photo_61_2024-12-19_02-04-55.jpg,train
540,0,pedestrian crossing,opened,960,1280,photo_62_2024-12-18_02-17-32.jpg,dataset_top12\pedestrian crossing\opened\photo_62_2024-12-18_02-17-32.jpg,validation
541,0,pedestrian crossing,opened,1280,1137,photo_62_2024-12-18_02-25-50.jpg,dataset_top12\pedestrian crossing\opened\photo_62_2024-12-18_02-25-50.jpg,train
542,0,pedestrian crossing,opened,960,1280,photo_62_2024-12-18_02-27-47.jpg,dataset_top12\pedestrian crossing\opened\photo_62_2024-12-18_02-27-47.jpg,test
543,0,pedestrian crossing,opened,960,1280,photo_62_2024-12-18_02-33-06.jpg,dataset_top12\pedestrian crossing\opened\photo_62_2024-12-18_02-33-06.jpg,train
544,0,pedestrian crossing,opened,960,1280,photo_62_2024-12-18_13-05-23.jpg,dataset_top12\pedestrian crossing\opened\photo_62_2024-12-18_13-05-23.jpg,train
545,0,pedestrian crossing,opened,960,1280,photo_62_2024-12-18_13-05-57.jpg,dataset_top12\pedestrian crossing\opened\photo_62_2024-12-18_13-05-57.jpg,train
546,0,pedestrian crossing,opened,960,1280,photo_62_2024-12-19_01-58-39.jpg,dataset_top12\pedestrian crossing\opened\photo_62_2024-12-19_01-58-39.jpg,train
547,0,pedestrian crossing,opened,960,1280,photo_62_2024-12-19_02-04-55.jpg,dataset_top12\pedestrian crossing\opened\photo_62_2024-12-19_02-04-55.jpg,test
548,0,pedestrian crossing,opened,918,918,photo_63_2024-12-07_12-48-02.jpg,dataset_top12\pedestrian crossing\opened\photo_63_2024-12-07_12-48-02.jpg,train
549,0,pedestrian crossing,opened,960,1280,photo_63_2024-12-09_12-46-32.jpg,dataset_top12\pedestrian crossing\opened\photo_63_2024-12-09_12-46-32.jpg,validation
550,0,pedestrian crossing,opened,960,1280,photo_63_2024-12-18_02-17-32.jpg,dataset_top12\pedestrian crossing\opened\photo_63_2024-12-18_02-17-32.jpg,train
551,0,pedestrian crossing,opened,960,1280,photo_63_2024-12-18_02-33-06.jpg,dataset_top12\pedestrian crossing\opened\photo_63_2024-12-18_02-33-06.jpg,validation
552,0,pedestrian crossing,opened,960,1280,photo_63_2024-12-18_13-05-23.jpg,dataset_top12\pedestrian crossing\opened\photo_63_2024-12-18_13-05-23.jpg,train
553,0,pedestrian crossing,opened,960,1280,photo_63_2024-12-18_13-05-57.jpg,dataset_top12\pedestrian crossing\opened\photo_63_2024-12-18_13-05-57.jpg,train
554,0,pedestrian crossing,opened,960,1280,photo_63_2024-12-19_01-58-39.jpg,dataset_top12\pedestrian crossing\opened\photo_63_2024-12-19_01-58-39.jpg,validation
555,0,pedestrian crossing,opened,960,1280,photo_63_2024-12-19_02-04-55.jpg,dataset_top12\pedestrian crossing\opened\photo_63_2024-12-19_02-04-55.jpg,train
556,0,pedestrian crossing,opened,960,1280,photo_64_2024-12-09_12-46-01.jpg,dataset_top12\pedestrian crossing\opened\photo_64_2024-12-09_12-46-01.jpg,train
557,0,pedestrian crossing,opened,960,1280,photo_64_2024-12-18_02-17-32.jpg,dataset_top12\pedestrian crossing\opened\photo_64_2024-12-18_02-17-32.jpg,validation
558,0,pedestrian crossing,opened,960,1280,photo_64_2024-12-18_02-28-33.jpg,dataset_top12\pedestrian crossing\opened\photo_64_2024-12-18_02-28-33.jpg,validation
559,0,pedestrian crossing,opened,960,1280,photo_64_2024-12-18_02-33-06.jpg,dataset_top12\pedestrian crossing\opened\photo_64_2024-12-18_02-33-06.jpg,validation
560,0,pedestrian crossing,opened,908,938,photo_64_2024-12-18_13-00-25.jpg,dataset_top12\pedestrian crossing\opened\photo_64_2024-12-18_13-00-25.jpg,test
561,0,pedestrian crossing,opened,960,1280,photo_64_2024-12-18_13-03-52.jpg,dataset_top12\pedestrian crossing\opened\photo_64_2024-12-18_13-03-52.jpg,train
562,0,pedestrian crossing,opened,960,1280,photo_64_2024-12-18_13-05-23.jpg,dataset_top12\pedestrian crossing\opened\photo_64_2024-12-18_13-05-23.jpg,train
563,0,pedestrian crossing,opened,960,1280,photo_64_2024-12-19_01-58-39.jpg,dataset_top12\pedestrian crossing\opened\photo_64_2024-12-19_01-58-39.jpg,test
564,0,pedestrian crossing,opened,960,1280,photo_64_2024-12-19_02-04-55.jpg,dataset_top12\pedestrian crossing\opened\photo_64_2024-12-19_02-04-55.jpg,train
565,0,pedestrian crossing,opened,960,1280,photo_65_2024-12-18_02-17-32.jpg,dataset_top12\pedestrian crossing\opened\photo_65_2024-12-18_02-17-32.jpg,train
566,0,pedestrian crossing,opened,960,1280,photo_65_2024-12-18_02-25-50.jpg,dataset_top12\pedestrian crossing\opened\photo_65_2024-12-18_02-25-50.jpg,test
567,0,pedestrian crossing,opened,1232,1280,photo_65_2024-12-18_02-28-33.jpg,dataset_top12\pedestrian crossing\opened\photo_65_2024-12-18_02-28-33.jpg,train
568,0,pedestrian crossing,opened,960,1280,photo_65_2024-12-18_12-58-24.jpg,dataset_top12\pedestrian crossing\opened\photo_65_2024-12-18_12-58-24.jpg,validation
569,0,pedestrian crossing,opened,960,1280,photo_65_2024-12-18_13-00-25.jpg,dataset_top12\pedestrian crossing\opened\photo_65_2024-12-18_13-00-25.jpg,train
570,0,pedestrian crossing,opened,960,1280,photo_65_2024-12-18_13-05-23.jpg,dataset_top12\pedestrian crossing\opened\photo_65_2024-12-18_13-05-23.jpg,train
571,0,pedestrian crossing,opened,960,1280,photo_65_2024-12-18_13-05-57.jpg,dataset_top12\pedestrian crossing\opened\photo_65_2024-12-18_13-05-57.jpg,train
572,0,pedestrian crossing,opened,960,1280,photo_65_2024-12-19_01-58-39.jpg,dataset_top12\pedestrian crossing\opened\photo_65_2024-12-19_01-58-39.jpg,train
573,0,pedestrian crossing,opened,960,1280,photo_65_2024-12-19_02-04-55.jpg,dataset_top12\pedestrian crossing\opened\photo_65_2024-12-19_02-04-55.jpg,train
574,0,pedestrian crossing,opened,587,586,photo_66_2024-12-09_12-45-24.jpg,dataset_top12\pedestrian crossing\opened\photo_66_2024-12-09_12-45-24.jpg,test
575,0,pedestrian crossing,opened,960,1280,photo_66_2024-12-09_12-49-48.jpg,dataset_top12\pedestrian crossing\opened\photo_66_2024-12-09_12-49-48.jpg,test
576,0,pedestrian crossing,opened,960,1280,photo_66_2024-12-18_02-17-32.jpg,dataset_top12\pedestrian crossing\opened\photo_66_2024-12-18_02-17-32.jpg,test
577,0,pedestrian crossing,opened,810,1080,photo_66_2024-12-18_02-27-08.jpg,dataset_top12\pedestrian crossing\opened\photo_66_2024-12-18_02-27-08.jpg,train
578,0,pedestrian crossing,opened,960,1280,photo_66_2024-12-18_02-27-47.jpg,dataset_top12\pedestrian crossing\opened\photo_66_2024-12-18_02-27-47.jpg,train
579,0,pedestrian crossing,opened,960,1280,photo_66_2024-12-18_02-28-33.jpg,dataset_top12\pedestrian crossing\opened\photo_66_2024-12-18_02-28-33.jpg,test
580,0,pedestrian crossing,opened,960,1280,photo_66_2024-12-18_13-00-25.jpg,dataset_top12\pedestrian crossing\opened\photo_66_2024-12-18_13-00-25.jpg,train
581,0,pedestrian crossing,opened,960,1280,photo_66_2024-12-18_13-05-23.jpg,dataset_top12\pedestrian crossing\opened\photo_66_2024-12-18_13-05-23.jpg,train
582,0,pedestrian crossing,opened,960,1280,photo_66_2024-12-18_13-05-57.jpg,dataset_top12\pedestrian crossing\opened\photo_66_2024-12-18_13-05-57.jpg,test
583,0,pedestrian crossing,opened,960,1280,photo_66_2024-12-19_00-10-31.jpg,dataset_top12\pedestrian crossing\opened\photo_66_2024-12-19_00-10-31.jpg,train
584,0,pedestrian crossing,opened,960,1280,photo_66_2024-12-19_01-58-39.jpg,dataset_top12\pedestrian crossing\opened\photo_66_2024-12-19_01-58-39.jpg,train
585,0,pedestrian crossing,opened,960,1280,photo_67_2024-12-18_02-17-32.jpg,dataset_top12\pedestrian crossing\opened\photo_67_2024-12-18_02-17-32.jpg,train
586,0,pedestrian crossing,opened,960,1280,photo_67_2024-12-18_02-27-47.jpg,dataset_top12\pedestrian crossing\opened\photo_67_2024-12-18_02-27-47.jpg,train
587,0,pedestrian crossing,opened,708,676,photo_67_2024-12-18_02-36-53.jpg,dataset_top12\pedestrian crossing\opened\photo_67_2024-12-18_02-36-53.jpg,validation
588,0,pedestrian crossing,opened,960,1280,photo_67_2024-12-18_13-05-23.jpg,dataset_top12\pedestrian crossing\opened\photo_67_2024-12-18_13-05-23.jpg,train
589,0,pedestrian crossing,opened,960,1280,photo_67_2024-12-18_13-05-57.jpg,dataset_top12\pedestrian crossing\opened\photo_67_2024-12-18_13-05-57.jpg,train
590,0,pedestrian crossing,opened,960,1280,photo_67_2024-12-18_13-06-32.jpg,dataset_top12\pedestrian crossing\opened\photo_67_2024-12-18_13-06-32.jpg,train
591,0,pedestrian crossing,opened,960,1280,photo_67_2024-12-19_00-10-31.jpg,dataset_top12\pedestrian crossing\opened\photo_67_2024-12-19_00-10-31.jpg,train
592,0,pedestrian crossing,opened,960,1280,photo_67_2024-12-19_01-58-39.jpg,dataset_top12\pedestrian crossing\opened\photo_67_2024-12-19_01-58-39.jpg,train
593,0,pedestrian crossing,opened,960,1280,photo_67_2024-12-19_02-04-55.jpg,dataset_top12\pedestrian crossing\opened\photo_67_2024-12-19_02-04-55.jpg,train
594,0,pedestrian crossing,opened,960,1280,photo_68_2024-12-09_12-46-01.jpg,dataset_top12\pedestrian crossing\opened\photo_68_2024-12-09_12-46-01.jpg,train
595,0,pedestrian crossing,opened,960,1280,photo_68_2024-12-18_02-27-47.jpg,dataset_top12\pedestrian crossing\opened\photo_68_2024-12-18_02-27-47.jpg,train
596,0,pedestrian crossing,opened,960,1280,photo_68_2024-12-18_02-36-53.jpg,dataset_top12\pedestrian crossing\opened\photo_68_2024-12-18_02-36-53.jpg,train
597,0,pedestrian crossing,opened,873,987,photo_68_2024-12-18_12-58-24.jpg,dataset_top12\pedestrian crossing\opened\photo_68_2024-12-18_12-58-24.jpg,train
598,0,pedestrian crossing,opened,960,1280,photo_68_2024-12-18_13-03-52.jpg,dataset_top12\pedestrian crossing\opened\photo_68_2024-12-18_13-03-52.jpg,train
599,0,pedestrian crossing,opened,960,1280,photo_68_2024-12-18_13-05-23.jpg,dataset_top12\pedestrian crossing\opened\photo_68_2024-12-18_13-05-23.jpg,train
600,0,pedestrian crossing,opened,960,1280,photo_68_2024-12-18_13-05-57.jpg,dataset_top12\pedestrian crossing\opened\photo_68_2024-12-18_13-05-57.jpg,train
601,0,pedestrian crossing,opened,960,1280,photo_68_2024-12-18_13-06-32.jpg,dataset_top12\pedestrian crossing\opened\photo_68_2024-12-18_13-06-32.jpg,train
602,0,pedestrian crossing,opened,960,1280,photo_68_2024-12-19_00-10-31.jpg,dataset_top12\pedestrian crossing\opened\photo_68_2024-12-19_00-10-31.jpg,train
603,0,pedestrian crossing,opened,960,1280,photo_68_2024-12-19_01-58-39.jpg,dataset_top12\pedestrian crossing\opened\photo_68_2024-12-19_01-58-39.jpg,train
604,0,pedestrian crossing,opened,960,1280,photo_68_2024-12-19_02-04-55.jpg,dataset_top12\pedestrian crossing\opened\photo_68_2024-12-19_02-04-55.jpg,validation
605,0,pedestrian crossing,opened,960,1280,photo_69_2024-12-18_02-17-32.jpg,dataset_top12\pedestrian crossing\opened\photo_69_2024-12-18_02-17-32.jpg,test
606,0,pedestrian crossing,opened,797,846,photo_69_2024-12-18_02-33-06.jpg,dataset_top12\pedestrian crossing\opened\photo_69_2024-12-18_02-33-06.jpg,train
607,0,pedestrian crossing,opened,960,1280,photo_69_2024-12-18_12-58-24.jpg,dataset_top12\pedestrian crossing\opened\photo_69_2024-12-18_12-58-24.jpg,train
608,0,pedestrian crossing,opened,960,1280,photo_69_2024-12-18_13-05-23.jpg,dataset_top12\pedestrian crossing\opened\photo_69_2024-12-18_13-05-23.jpg,train
609,0,pedestrian crossing,opened,960,1280,photo_69_2024-12-18_13-05-57.jpg,dataset_top12\pedestrian crossing\opened\photo_69_2024-12-18_13-05-57.jpg,train
610,0,pedestrian crossing,opened,960,1280,photo_69_2024-12-19_00-10-31.jpg,dataset_top12\pedestrian crossing\opened\photo_69_2024-12-19_00-10-31.jpg,train
611,0,pedestrian crossing,opened,960,1280,photo_69_2024-12-19_01-58-39.jpg,dataset_top12\pedestrian crossing\opened\photo_69_2024-12-19_01-58-39.jpg,validation
612,0,pedestrian crossing,opened,960,1280,photo_69_2024-12-19_02-04-55.jpg,dataset_top12\pedestrian crossing\opened\photo_69_2024-12-19_02-04-55.jpg,validation
613,0,pedestrian crossing,opened,960,1280,photo_6_2024-12-09_12-50-33.jpg,dataset_top12\pedestrian crossing\opened\photo_6_2024-12-09_12-50-33.jpg,validation
614,0,pedestrian crossing,opened,960,1280,photo_6_2024-12-18_02-28-33.jpg,dataset_top12\pedestrian crossing\opened\photo_6_2024-12-18_02-28-33.jpg,train
615,0,pedestrian crossing,opened,960,1280,photo_6_2024-12-18_02-37-13.jpg,dataset_top12\pedestrian crossing\opened\photo_6_2024-12-18_02-37-13.jpg,train
616,0,pedestrian crossing,opened,644,767,photo_6_2024-12-18_12-58-24.jpg,dataset_top12\pedestrian crossing\opened\photo_6_2024-12-18_12-58-24.jpg,train
617,0,pedestrian crossing,opened,924,928,photo_6_2024-12-18_13-00-25.jpg,dataset_top12\pedestrian crossing\opened\photo_6_2024-12-18_13-00-25.jpg,train
618,0,pedestrian crossing,opened,960,1280,photo_6_2024-12-18_13-01-24.jpg,dataset_top12\pedestrian crossing\opened\photo_6_2024-12-18_13-01-24.jpg,train
619,0,pedestrian crossing,opened,774,936,photo_6_2024-12-18_13-03-52.jpg,dataset_top12\pedestrian crossing\opened\photo_6_2024-12-18_13-03-52.jpg,train
620,0,pedestrian crossing,opened,960,1280,photo_6_2024-12-18_13-04-36.jpg,dataset_top12\pedestrian crossing\opened\photo_6_2024-12-18_13-04-36.jpg,validation
621,0,pedestrian crossing,opened,960,1280,photo_6_2024-12-19_00-10-31.jpg,dataset_top12\pedestrian crossing\opened\photo_6_2024-12-19_00-10-31.jpg,train
622,0,pedestrian crossing,opened,960,1280,photo_70_2024-12-09_12-46-01.jpg,dataset_top12\pedestrian crossing\opened\photo_70_2024-12-09_12-46-01.jpg,train
623,0,pedestrian crossing,opened,960,1280,photo_70_2024-12-09_12-49-48.jpg,dataset_top12\pedestrian crossing\opened\photo_70_2024-12-09_12-49-48.jpg,train
624,0,pedestrian crossing,opened,960,1280,photo_70_2024-12-18_02-17-32.jpg,dataset_top12\pedestrian crossing\opened\photo_70_2024-12-18_02-17-32.jpg,train
625,0,pedestrian crossing,opened,960,1280,photo_70_2024-12-18_02-25-50.jpg,dataset_top12\pedestrian crossing\opened\photo_70_2024-12-18_02-25-50.jpg,validation
626,0,pedestrian crossing,opened,960,1280,photo_70_2024-12-18_12-58-24.jpg,dataset_top12\pedestrian crossing\opened\photo_70_2024-12-18_12-58-24.jpg,train
627,0,pedestrian crossing,opened,960,1280,photo_70_2024-12-18_13-05-23.jpg,dataset_top12\pedestrian crossing\opened\photo_70_2024-12-18_13-05-23.jpg,train
628,0,pedestrian crossing,opened,960,1280,photo_70_2024-12-18_13-05-57.jpg,dataset_top12\pedestrian crossing\opened\photo_70_2024-12-18_13-05-57.jpg,test
629,0,pedestrian crossing,opened,960,1280,photo_70_2024-12-19_01-58-39.jpg,dataset_top12\pedestrian crossing\opened\photo_70_2024-12-19_01-58-39.jpg,validation
630,0,pedestrian crossing,opened,960,1280,photo_70_2024-12-19_02-04-55.jpg,dataset_top12\pedestrian crossing\opened\photo_70_2024-12-19_02-04-55.jpg,train
631,0,pedestrian crossing,opened,557,555,photo_71_2024-12-09_12-46-32.jpg,dataset_top12\pedestrian crossing\opened\photo_71_2024-12-09_12-46-32.jpg,train
632,0,pedestrian crossing,opened,960,1280,photo_71_2024-12-09_12-49-48.jpg,dataset_top12\pedestrian crossing\opened\photo_71_2024-12-09_12-49-48.jpg,train
633,0,pedestrian crossing,opened,960,1280,photo_71_2024-12-18_02-17-32.jpg,dataset_top12\pedestrian crossing\opened\photo_71_2024-12-18_02-17-32.jpg,train
634,0,pedestrian crossing,opened,960,1280,photo_71_2024-12-18_02-36-53.jpg,dataset_top12\pedestrian crossing\opened\photo_71_2024-12-18_02-36-53.jpg,validation
635,0,pedestrian crossing,opened,828,506,photo_71_2024-12-18_12-58-24.jpg,dataset_top12\pedestrian crossing\opened\photo_71_2024-12-18_12-58-24.jpg,train
636,0,pedestrian crossing,opened,960,1280,photo_71_2024-12-18_13-05-23.jpg,dataset_top12\pedestrian crossing\opened\photo_71_2024-12-18_13-05-23.jpg,train
637,0,pedestrian crossing,opened,960,1280,photo_71_2024-12-18_13-05-57.jpg,dataset_top12\pedestrian crossing\opened\photo_71_2024-12-18_13-05-57.jpg,validation
638,0,pedestrian crossing,opened,960,1280,photo_71_2024-12-19_00-10-31.jpg,dataset_top12\pedestrian crossing\opened\photo_71_2024-12-19_00-10-31.jpg,test
639,0,pedestrian crossing,opened,960,1280,photo_71_2024-12-19_01-58-39.jpg,dataset_top12\pedestrian crossing\opened\photo_71_2024-12-19_01-58-39.jpg,train
640,0,pedestrian crossing,opened,960,1280,photo_71_2024-12-19_02-04-55.jpg,dataset_top12\pedestrian crossing\opened\photo_71_2024-12-19_02-04-55.jpg,train
641,0,pedestrian crossing,opened,501,506,photo_72_2024-12-09_12-46-01.jpg,dataset_top12\pedestrian crossing\opened\photo_72_2024-12-09_12-46-01.jpg,train
642,0,pedestrian crossing,opened,960,1280,photo_72_2024-12-09_12-49-48.jpg,dataset_top12\pedestrian crossing\opened\photo_72_2024-12-09_12-49-48.jpg,train
643,0,pedestrian crossing,opened,960,1280,photo_72_2024-12-18_02-17-32.jpg,dataset_top12\pedestrian crossing\opened\photo_72_2024-12-18_02-17-32.jpg,train
644,0,pedestrian crossing,opened,960,1280,photo_72_2024-12-18_02-33-06.jpg,dataset_top12\pedestrian crossing\opened\photo_72_2024-12-18_02-33-06.jpg,train
645,0,pedestrian crossing,opened,960,1280,photo_72_2024-12-18_12-58-24.jpg,dataset_top12\pedestrian crossing\opened\photo_72_2024-12-18_12-58-24.jpg,train
646,0,pedestrian crossing,opened,960,1056,photo_72_2024-12-18_13-00-25.jpg,dataset_top12\pedestrian crossing\opened\photo_72_2024-12-18_13-00-25.jpg,test
647,0,pedestrian crossing,opened,960,1280,photo_72_2024-12-18_13-03-52.jpg,dataset_top12\pedestrian crossing\opened\photo_72_2024-12-18_13-03-52.jpg,train
648,0,pedestrian crossing,opened,960,1280,photo_72_2024-12-18_13-05-23.jpg,dataset_top12\pedestrian crossing\opened\photo_72_2024-12-18_13-05-23.jpg,train
649,0,pedestrian crossing,opened,960,1280,photo_72_2024-12-18_13-05-57.jpg,dataset_top12\pedestrian crossing\opened\photo_72_2024-12-18_13-05-57.jpg,train
650,0,pedestrian crossing,opened,960,1280,photo_72_2024-12-19_01-58-39.jpg,dataset_top12\pedestrian crossing\opened\photo_72_2024-12-19_01-58-39.jpg,validation
651,0,pedestrian crossing,opened,960,1280,photo_73_2024-12-18_02-17-32.jpg,dataset_top12\pedestrian crossing\opened\photo_73_2024-12-18_02-17-32.jpg,train
652,0,pedestrian crossing,opened,823,780,photo_73_2024-12-18_02-27-08.jpg,dataset_top12\pedestrian crossing\opened\photo_73_2024-12-18_02-27-08.jpg,train
653,0,pedestrian crossing,opened,960,1280,photo_73_2024-12-18_02-27-47.jpg,dataset_top12\pedestrian crossing\opened\photo_73_2024-12-18_02-27-47.jpg,train
654,0,pedestrian crossing,opened,960,1280,photo_73_2024-12-18_13-00-25.jpg,dataset_top12\pedestrian crossing\opened\photo_73_2024-12-18_13-00-25.jpg,train
655,0,pedestrian crossing,opened,960,1280,photo_73_2024-12-18_13-03-52.jpg,dataset_top12\pedestrian crossing\opened\photo_73_2024-12-18_13-03-52.jpg,train
656,0,pedestrian crossing,opened,960,1280,photo_73_2024-12-18_13-05-23.jpg,dataset_top12\pedestrian crossing\opened\photo_73_2024-12-18_13-05-23.jpg,train
657,0,pedestrian crossing,opened,960,1280,photo_73_2024-12-19_01-58-39.jpg,dataset_top12\pedestrian crossing\opened\photo_73_2024-12-19_01-58-39.jpg,validation
658,0,pedestrian crossing,opened,960,1280,photo_74_2024-12-18_02-17-32.jpg,dataset_top12\pedestrian crossing\opened\photo_74_2024-12-18_02-17-32.jpg,test
659,0,pedestrian crossing,opened,960,1280,photo_74_2024-12-18_12-58-24.jpg,dataset_top12\pedestrian crossing\opened\photo_74_2024-12-18_12-58-24.jpg,test
660,0,pedestrian crossing,opened,960,1061,photo_74_2024-12-18_13-00-25.jpg,dataset_top12\pedestrian crossing\opened\photo_74_2024-12-18_13-00-25.jpg,train
661,0,pedestrian crossing,opened,960,1280,photo_74_2024-12-18_13-05-57.jpg,dataset_top12\pedestrian crossing\opened\photo_74_2024-12-18_13-05-57.jpg,test
662,0,pedestrian crossing,opened,960,1280,photo_74_2024-12-18_13-06-32.jpg,dataset_top12\pedestrian crossing\opened\photo_74_2024-12-18_13-06-32.jpg,train
663,0,pedestrian crossing,opened,960,1280,photo_74_2024-12-19_01-58-39.jpg,dataset_top12\pedestrian crossing\opened\photo_74_2024-12-19_01-58-39.jpg,train
664,0,pedestrian crossing,opened,960,1280,photo_74_2024-12-19_02-04-55.jpg,dataset_top12\pedestrian crossing\opened\photo_74_2024-12-19_02-04-55.jpg,test
665,0,pedestrian crossing,opened,960,1280,photo_75_2024-12-09_12-46-32.jpg,dataset_top12\pedestrian crossing\opened\photo_75_2024-12-09_12-46-32.jpg,train
666,0,pedestrian crossing,opened,960,1280,photo_75_2024-12-18_02-17-32.jpg,dataset_top12\pedestrian crossing\opened\photo_75_2024-12-18_02-17-32.jpg,validation
667,0,pedestrian crossing,opened,960,1280,photo_75_2024-12-18_02-33-06.jpg,dataset_top12\pedestrian crossing\opened\photo_75_2024-12-18_02-33-06.jpg,validation
668,0,pedestrian crossing,opened,960,1280,photo_75_2024-12-18_13-03-52.jpg,dataset_top12\pedestrian crossing\opened\photo_75_2024-12-18_13-03-52.jpg,validation
669,0,pedestrian crossing,opened,960,1280,photo_75_2024-12-18_13-05-23.jpg,dataset_top12\pedestrian crossing\opened\photo_75_2024-12-18_13-05-23.jpg,validation
670,0,pedestrian crossing,opened,960,1280,photo_75_2024-12-18_13-06-32.jpg,dataset_top12\pedestrian crossing\opened\photo_75_2024-12-18_13-06-32.jpg,train
671,0,pedestrian crossing,opened,743,729,photo_75_2024-12-19_00-10-31.jpg,dataset_top12\pedestrian crossing\opened\photo_75_2024-12-19_00-10-31.jpg,train
672,0,pedestrian crossing,opened,960,1280,photo_75_2024-12-19_01-58-39.jpg,dataset_top12\pedestrian crossing\opened\photo_75_2024-12-19_01-58-39.jpg,test
673,0,pedestrian crossing,opened,960,1280,photo_76_2024-12-09_12-46-01.jpg,dataset_top12\pedestrian crossing\opened\photo_76_2024-12-09_12-46-01.jpg,validation
674,0,pedestrian crossing,opened,960,1280,photo_76_2024-12-18_02-17-32.jpg,dataset_top12\pedestrian crossing\opened\photo_76_2024-12-18_02-17-32.jpg,test
675,0,pedestrian crossing,opened,960,1280,photo_76_2024-12-18_02-28-33.jpg,dataset_top12\pedestrian crossing\opened\photo_76_2024-12-18_02-28-33.jpg,train
676,0,pedestrian crossing,opened,960,1280,photo_76_2024-12-18_12-58-24.jpg,dataset_top12\pedestrian crossing\opened\photo_76_2024-12-18_12-58-24.jpg,train
677,0,pedestrian crossing,opened,960,1280,photo_76_2024-12-18_13-00-25.jpg,dataset_top12\pedestrian crossing\opened\photo_76_2024-12-18_13-00-25.jpg,train
678,0,pedestrian crossing,opened,960,1280,photo_76_2024-12-18_13-03-52.jpg,dataset_top12\pedestrian crossing\opened\photo_76_2024-12-18_13-03-52.jpg,test
679,0,pedestrian crossing,opened,960,1280,photo_76_2024-12-18_13-05-23.jpg,dataset_top12\pedestrian crossing\opened\photo_76_2024-12-18_13-05-23.jpg,test
680,0,pedestrian crossing,opened,960,1280,photo_76_2024-12-18_13-05-57.jpg,dataset_top12\pedestrian crossing\opened\photo_76_2024-12-18_13-05-57.jpg,train
681,0,pedestrian crossing,opened,960,1280,photo_76_2024-12-18_13-06-32.jpg,dataset_top12\pedestrian crossing\opened\photo_76_2024-12-18_13-06-32.jpg,train
682,0,pedestrian crossing,opened,960,1280,photo_76_2024-12-19_00-10-31.jpg,dataset_top12\pedestrian crossing\opened\photo_76_2024-12-19_00-10-31.jpg,train
683,0,pedestrian crossing,opened,960,1280,photo_76_2024-12-19_01-58-39.jpg,dataset_top12\pedestrian crossing\opened\photo_76_2024-12-19_01-58-39.jpg,train
684,0,pedestrian crossing,opened,960,1280,photo_77_2024-12-18_02-36-53.jpg,dataset_top12\pedestrian crossing\opened\photo_77_2024-12-18_02-36-53.jpg,train
685,0,pedestrian crossing,opened,960,1280,photo_77_2024-12-18_12-58-24.jpg,dataset_top12\pedestrian crossing\opened\photo_77_2024-12-18_12-58-24.jpg,validation
686,0,pedestrian crossing,opened,960,1280,photo_77_2024-12-18_13-00-25.jpg,dataset_top12\pedestrian crossing\opened\photo_77_2024-12-18_13-00-25.jpg,train
687,0,pedestrian crossing,opened,960,1280,photo_77_2024-12-18_13-05-23.jpg,dataset_top12\pedestrian crossing\opened\photo_77_2024-12-18_13-05-23.jpg,train
688,0,pedestrian crossing,opened,960,1280,photo_77_2024-12-18_13-05-57.jpg,dataset_top12\pedestrian crossing\opened\photo_77_2024-12-18_13-05-57.jpg,test
689,0,pedestrian crossing,opened,960,1280,photo_77_2024-12-18_13-06-32.jpg,dataset_top12\pedestrian crossing\opened\photo_77_2024-12-18_13-06-32.jpg,train
690,0,pedestrian crossing,opened,960,1280,photo_77_2024-12-19_01-58-39.jpg,dataset_top12\pedestrian crossing\opened\photo_77_2024-12-19_01-58-39.jpg,test
691,0,pedestrian crossing,opened,960,1280,photo_78_2024-12-18_02-17-32.jpg,dataset_top12\pedestrian crossing\opened\photo_78_2024-12-18_02-17-32.jpg,train
692,0,pedestrian crossing,opened,715,716,photo_78_2024-12-18_02-28-33.jpg,dataset_top12\pedestrian crossing\opened\photo_78_2024-12-18_02-28-33.jpg,test
693,0,pedestrian crossing,opened,960,1280,photo_78_2024-12-18_02-36-53.jpg,dataset_top12\pedestrian crossing\opened\photo_78_2024-12-18_02-36-53.jpg,train
694,0,pedestrian crossing,opened,960,1280,photo_78_2024-12-18_12-58-24.jpg,dataset_top12\pedestrian crossing\opened\photo_78_2024-12-18_12-58-24.jpg,train
695,0,pedestrian crossing,opened,960,1280,photo_78_2024-12-18_13-00-25.jpg,dataset_top12\pedestrian crossing\opened\photo_78_2024-12-18_13-00-25.jpg,train
696,0,pedestrian crossing,opened,960,1280,photo_78_2024-12-18_13-03-52.jpg,dataset_top12\pedestrian crossing\opened\photo_78_2024-12-18_13-03-52.jpg,train
697,0,pedestrian crossing,opened,960,1280,photo_78_2024-12-18_13-05-23.jpg,dataset_top12\pedestrian crossing\opened\photo_78_2024-12-18_13-05-23.jpg,train
698,0,pedestrian crossing,opened,960,1280,photo_78_2024-12-18_13-05-57.jpg,dataset_top12\pedestrian crossing\opened\photo_78_2024-12-18_13-05-57.jpg,train
699,0,pedestrian crossing,opened,960,1280,photo_78_2024-12-18_13-06-32.jpg,dataset_top12\pedestrian crossing\opened\photo_78_2024-12-18_13-06-32.jpg,train
700,0,pedestrian crossing,opened,960,1280,photo_78_2024-12-19_01-58-39.jpg,dataset_top12\pedestrian crossing\opened\photo_78_2024-12-19_01-58-39.jpg,train
701,0,pedestrian crossing,opened,960,1280,photo_79_2024-12-18_02-17-32.jpg,dataset_top12\pedestrian crossing\opened\photo_79_2024-12-18_02-17-32.jpg,train
702,0,pedestrian crossing,opened,700,766,photo_79_2024-12-18_02-36-53.jpg,dataset_top12\pedestrian crossing\opened\photo_79_2024-12-18_02-36-53.jpg,train
703,0,pedestrian crossing,opened,960,1280,photo_79_2024-12-18_12-58-24.jpg,dataset_top12\pedestrian crossing\opened\photo_79_2024-12-18_12-58-24.jpg,train
704,0,pedestrian crossing,opened,960,1280,photo_79_2024-12-18_13-00-25.jpg,dataset_top12\pedestrian crossing\opened\photo_79_2024-12-18_13-00-25.jpg,train
705,0,pedestrian crossing,opened,960,1280,photo_79_2024-12-18_13-03-52.jpg,dataset_top12\pedestrian crossing\opened\photo_79_2024-12-18_13-03-52.jpg,train
706,0,pedestrian crossing,opened,960,1280,photo_79_2024-12-18_13-05-57.jpg,dataset_top12\pedestrian crossing\opened\photo_79_2024-12-18_13-05-57.jpg,train
707,0,pedestrian crossing,opened,960,1280,photo_79_2024-12-18_13-06-32.jpg,dataset_top12\pedestrian crossing\opened\photo_79_2024-12-18_13-06-32.jpg,train
708,0,pedestrian crossing,opened,960,1280,photo_79_2024-12-19_01-58-39.jpg,dataset_top12\pedestrian crossing\opened\photo_79_2024-12-19_01-58-39.jpg,validation
709,0,pedestrian crossing,opened,960,1280,photo_79_2024-12-19_02-04-55.jpg,dataset_top12\pedestrian crossing\opened\photo_79_2024-12-19_02-04-55.jpg,train
710,0,pedestrian crossing,opened,960,1280,photo_7_2024-12-09_12-50-33.jpg,dataset_top12\pedestrian crossing\opened\photo_7_2024-12-09_12-50-33.jpg,train
711,0,pedestrian crossing,opened,960,1280,photo_7_2024-12-18_02-27-47.jpg,dataset_top12\pedestrian crossing\opened\photo_7_2024-12-18_02-27-47.jpg,train
712,0,pedestrian crossing,opened,960,1280,photo_7_2024-12-18_02-28-33.jpg,dataset_top12\pedestrian crossing\opened\photo_7_2024-12-18_02-28-33.jpg,train
713,0,pedestrian crossing,opened,960,1280,photo_7_2024-12-18_02-33-06.jpg,dataset_top12\pedestrian crossing\opened\photo_7_2024-12-18_02-33-06.jpg,validation
714,0,pedestrian crossing,opened,960,938,photo_7_2024-12-18_13-00-25.jpg,dataset_top12\pedestrian crossing\opened\photo_7_2024-12-18_13-00-25.jpg,validation
715,0,pedestrian crossing,opened,960,1280,photo_7_2024-12-18_13-01-24.jpg,dataset_top12\pedestrian crossing\opened\photo_7_2024-12-18_13-01-24.jpg,train
716,0,pedestrian crossing,opened,960,1280,photo_7_2024-12-18_13-04-36.jpg,dataset_top12\pedestrian crossing\opened\photo_7_2024-12-18_13-04-36.jpg,train
717,0,pedestrian crossing,opened,820,1022,photo_7_2024-12-18_13-05-23.jpg,dataset_top12\pedestrian crossing\opened\photo_7_2024-12-18_13-05-23.jpg,train
718,0,pedestrian crossing,opened,960,1280,photo_7_2024-12-18_13-05-57.jpg,dataset_top12\pedestrian crossing\opened\photo_7_2024-12-18_13-05-57.jpg,train
719,0,pedestrian crossing,opened,960,1280,photo_80_2024-10-29_09-53-08.jpg,dataset_top12\pedestrian crossing\opened\photo_80_2024-10-29_09-53-08.jpg,train
720,0,pedestrian crossing,opened,960,1280,photo_80_2024-12-18_02-17-32.jpg,dataset_top12\pedestrian crossing\opened\photo_80_2024-12-18_02-17-32.jpg,train
721,0,pedestrian crossing,opened,960,1280,photo_80_2024-12-18_02-36-53.jpg,dataset_top12\pedestrian crossing\opened\photo_80_2024-12-18_02-36-53.jpg,train
722,0,pedestrian crossing,opened,960,1280,photo_80_2024-12-18_12-58-24.jpg,dataset_top12\pedestrian crossing\opened\photo_80_2024-12-18_12-58-24.jpg,train
723,0,pedestrian crossing,opened,960,1280,photo_80_2024-12-18_13-03-52.jpg,dataset_top12\pedestrian crossing\opened\photo_80_2024-12-18_13-03-52.jpg,train
724,0,pedestrian crossing,opened,960,1280,photo_80_2024-12-18_13-06-32.jpg,dataset_top12\pedestrian crossing\opened\photo_80_2024-12-18_13-06-32.jpg,train
725,0,pedestrian crossing,opened,960,1280,photo_81_2024-12-09_12-49-48.jpg,dataset_top12\pedestrian crossing\opened\photo_81_2024-12-09_12-49-48.jpg,train
726,0,pedestrian crossing,opened,960,1280,photo_81_2024-12-18_02-17-32.jpg,dataset_top12\pedestrian crossing\opened\photo_81_2024-12-18_02-17-32.jpg,train
727,0,pedestrian crossing,opened,960,1280,photo_81_2024-12-18_02-33-06.jpg,dataset_top12\pedestrian crossing\opened\photo_81_2024-12-18_02-33-06.jpg,train
728,0,pedestrian crossing,opened,960,1280,photo_81_2024-12-18_02-36-53.jpg,dataset_top12\pedestrian crossing\opened\photo_81_2024-12-18_02-36-53.jpg,train
729,0,pedestrian crossing,opened,960,1280,photo_81_2024-12-18_13-03-52.jpg,dataset_top12\pedestrian crossing\opened\photo_81_2024-12-18_13-03-52.jpg,train
730,0,pedestrian crossing,opened,960,1280,photo_81_2024-12-18_13-05-57.jpg,dataset_top12\pedestrian crossing\opened\photo_81_2024-12-18_13-05-57.jpg,test
731,0,pedestrian crossing,opened,960,1280,photo_81_2024-12-18_13-06-32.jpg,dataset_top12\pedestrian crossing\opened\photo_81_2024-12-18_13-06-32.jpg,train
732,0,pedestrian crossing,opened,960,1280,photo_81_2024-12-19_00-10-31.jpg,dataset_top12\pedestrian crossing\opened\photo_81_2024-12-19_00-10-31.jpg,test
733,0,pedestrian crossing,opened,960,1280,photo_81_2024-12-19_02-04-55.jpg,dataset_top12\pedestrian crossing\opened\photo_81_2024-12-19_02-04-55.jpg,train
734,0,pedestrian crossing,opened,730,724,photo_82_2024-12-09_12-49-48.jpg,dataset_top12\pedestrian crossing\opened\photo_82_2024-12-09_12-49-48.jpg,validation
735,0,pedestrian crossing,opened,810,1080,photo_82_2024-12-18_02-27-08.jpg,dataset_top12\pedestrian crossing\opened\photo_82_2024-12-18_02-27-08.jpg,train
736,0,pedestrian crossing,opened,960,1280,photo_82_2024-12-18_02-36-53.jpg,dataset_top12\pedestrian crossing\opened\photo_82_2024-12-18_02-36-53.jpg,test
737,0,pedestrian crossing,opened,960,1280,photo_82_2024-12-18_13-03-52.jpg,dataset_top12\pedestrian crossing\opened\photo_82_2024-12-18_13-03-52.jpg,train
738,0,pedestrian crossing,opened,960,1280,photo_82_2024-12-18_13-05-23.jpg,dataset_top12\pedestrian crossing\opened\photo_82_2024-12-18_13-05-23.jpg,train
739,0,pedestrian crossing,opened,960,1280,photo_82_2024-12-18_13-05-57.jpg,dataset_top12\pedestrian crossing\opened\photo_82_2024-12-18_13-05-57.jpg,train
740,0,pedestrian crossing,opened,960,1280,photo_82_2024-12-18_13-06-32.jpg,dataset_top12\pedestrian crossing\opened\photo_82_2024-12-18_13-06-32.jpg,train
741,0,pedestrian crossing,opened,960,1280,photo_83_2024-12-09_12-46-01.jpg,dataset_top12\pedestrian crossing\opened\photo_83_2024-12-09_12-46-01.jpg,train
742,0,pedestrian crossing,opened,960,1280,photo_83_2024-12-09_12-46-32.jpg,dataset_top12\pedestrian crossing\opened\photo_83_2024-12-09_12-46-32.jpg,train
743,0,pedestrian crossing,opened,960,1280,photo_83_2024-12-18_02-28-33.jpg,dataset_top12\pedestrian crossing\opened\photo_83_2024-12-18_02-28-33.jpg,train
744,0,pedestrian crossing,opened,960,1280,photo_83_2024-12-18_02-33-06.jpg,dataset_top12\pedestrian crossing\opened\photo_83_2024-12-18_02-33-06.jpg,train
745,0,pedestrian crossing,opened,960,1280,photo_83_2024-12-18_02-36-53.jpg,dataset_top12\pedestrian crossing\opened\photo_83_2024-12-18_02-36-53.jpg,train
746,0,pedestrian crossing,opened,960,1280,photo_83_2024-12-18_12-58-24.jpg,dataset_top12\pedestrian crossing\opened\photo_83_2024-12-18_12-58-24.jpg,train
747,0,pedestrian crossing,opened,960,1280,photo_83_2024-12-18_13-00-25.jpg,dataset_top12\pedestrian crossing\opened\photo_83_2024-12-18_13-00-25.jpg,test
748,0,pedestrian crossing,opened,960,1280,photo_83_2024-12-18_13-05-23.jpg,dataset_top12\pedestrian crossing\opened\photo_83_2024-12-18_13-05-23.jpg,train
749,0,pedestrian crossing,opened,960,1280,photo_83_2024-12-19_00-10-31.jpg,dataset_top12\pedestrian crossing\opened\photo_83_2024-12-19_00-10-31.jpg,train
750,0,pedestrian crossing,opened,960,1280,photo_83_2024-12-19_02-04-55.jpg,dataset_top12\pedestrian crossing\opened\photo_83_2024-12-19_02-04-55.jpg,train
751,0,pedestrian crossing,opened,960,1280,photo_84_2024-12-09_12-46-01.jpg,dataset_top12\pedestrian crossing\opened\photo_84_2024-12-09_12-46-01.jpg,validation
752,0,pedestrian crossing,opened,960,1280,photo_84_2024-12-18_02-36-53.jpg,dataset_top12\pedestrian crossing\opened\photo_84_2024-12-18_02-36-53.jpg,train
753,0,pedestrian crossing,opened,960,1280,photo_84_2024-12-18_12-58-24.jpg,dataset_top12\pedestrian crossing\opened\photo_84_2024-12-18_12-58-24.jpg,train
754,0,pedestrian crossing,opened,960,1280,photo_84_2024-12-18_13-03-52.jpg,dataset_top12\pedestrian crossing\opened\photo_84_2024-12-18_13-03-52.jpg,train
755,0,pedestrian crossing,opened,960,1280,photo_84_2024-12-18_13-06-32.jpg,dataset_top12\pedestrian crossing\opened\photo_84_2024-12-18_13-06-32.jpg,train
756,0,pedestrian crossing,opened,960,1280,photo_84_2024-12-19_00-10-31.jpg,dataset_top12\pedestrian crossing\opened\photo_84_2024-12-19_00-10-31.jpg,test
757,0,pedestrian crossing,opened,960,1280,photo_84_2024-12-19_02-04-55.jpg,dataset_top12\pedestrian crossing\opened\photo_84_2024-12-19_02-04-55.jpg,train
758,0,pedestrian crossing,opened,960,1280,photo_85_2024-12-09_12-46-01.jpg,dataset_top12\pedestrian crossing\opened\photo_85_2024-12-09_12-46-01.jpg,train
759,0,pedestrian crossing,opened,960,1280,photo_85_2024-12-18_02-25-50.jpg,dataset_top12\pedestrian crossing\opened\photo_85_2024-12-18_02-25-50.jpg,train
760,0,pedestrian crossing,opened,960,1280,photo_85_2024-12-18_02-28-33.jpg,dataset_top12\pedestrian crossing\opened\photo_85_2024-12-18_02-28-33.jpg,train
761,0,pedestrian crossing,opened,960,1280,photo_85_2024-12-18_02-36-53.jpg,dataset_top12\pedestrian crossing\opened\photo_85_2024-12-18_02-36-53.jpg,train
762,0,pedestrian crossing,opened,802,877,photo_85_2024-12-18_13-00-25.jpg,dataset_top12\pedestrian crossing\opened\photo_85_2024-12-18_13-00-25.jpg,train
763,0,pedestrian crossing,opened,960,1280,photo_85_2024-12-18_13-05-23.jpg,dataset_top12\pedestrian crossing\opened\photo_85_2024-12-18_13-05-23.jpg,validation
764,0,pedestrian crossing,opened,960,1280,photo_85_2024-12-18_13-06-32.jpg,dataset_top12\pedestrian crossing\opened\photo_85_2024-12-18_13-06-32.jpg,train
765,0,pedestrian crossing,opened,960,1280,photo_86_2024-12-18_02-33-06.jpg,dataset_top12\pedestrian crossing\opened\photo_86_2024-12-18_02-33-06.jpg,train
766,0,pedestrian crossing,opened,960,1280,photo_86_2024-12-18_13-00-25.jpg,dataset_top12\pedestrian crossing\opened\photo_86_2024-12-18_13-00-25.jpg,train
767,0,pedestrian crossing,opened,960,1280,photo_86_2024-12-18_13-03-52.jpg,dataset_top12\pedestrian crossing\opened\photo_86_2024-12-18_13-03-52.jpg,train
768,0,pedestrian crossing,opened,960,1280,photo_87_2024-12-07_12-51-07.jpg,dataset_top12\pedestrian crossing\opened\photo_87_2024-12-07_12-51-07.jpg,train
769,0,pedestrian crossing,opened,960,1280,photo_87_2024-12-09_12-49-48.jpg,dataset_top12\pedestrian crossing\opened\photo_87_2024-12-09_12-49-48.jpg,train
770,0,pedestrian crossing,opened,960,1280,photo_87_2024-12-18_02-36-53.jpg,dataset_top12\pedestrian crossing\opened\photo_87_2024-12-18_02-36-53.jpg,validation
771,0,pedestrian crossing,opened,960,1280,photo_87_2024-12-18_13-01-24.jpg,dataset_top12\pedestrian crossing\opened\photo_87_2024-12-18_13-01-24.jpg,validation
772,0,pedestrian crossing,opened,960,1280,photo_87_2024-12-18_13-03-52.jpg,dataset_top12\pedestrian crossing\opened\photo_87_2024-12-18_13-03-52.jpg,test
773,0,pedestrian crossing,opened,960,1280,photo_87_2024-12-18_13-05-57.jpg,dataset_top12\pedestrian crossing\opened\photo_87_2024-12-18_13-05-57.jpg,train
774,0,pedestrian crossing,opened,960,1280,photo_87_2024-12-18_13-06-32.jpg,dataset_top12\pedestrian crossing\opened\photo_87_2024-12-18_13-06-32.jpg,validation
775,0,pedestrian crossing,opened,960,1280,photo_87_2024-12-19_00-10-31.jpg,dataset_top12\pedestrian crossing\opened\photo_87_2024-12-19_00-10-31.jpg,train
776,0,pedestrian crossing,opened,960,1280,photo_87_2024-12-19_02-04-55.jpg,dataset_top12\pedestrian crossing\opened\photo_87_2024-12-19_02-04-55.jpg,test
777,0,pedestrian crossing,opened,960,1280,photo_88_2024-12-09_12-46-01.jpg,dataset_top12\pedestrian crossing\opened\photo_88_2024-12-09_12-46-01.jpg,train
778,0,pedestrian crossing,opened,876,987,photo_88_2024-12-18_02-33-06.jpg,dataset_top12\pedestrian crossing\opened\photo_88_2024-12-18_02-33-06.jpg,test
779,0,pedestrian crossing,opened,960,1280,photo_88_2024-12-18_13-00-25.jpg,dataset_top12\pedestrian crossing\opened\photo_88_2024-12-18_13-00-25.jpg,train
780,0,pedestrian crossing,opened,960,1280,photo_88_2024-12-18_13-03-52.jpg,dataset_top12\pedestrian crossing\opened\photo_88_2024-12-18_13-03-52.jpg,train
781,0,pedestrian crossing,opened,960,1280,photo_88_2024-12-18_13-05-23.jpg,dataset_top12\pedestrian crossing\opened\photo_88_2024-12-18_13-05-23.jpg,train
782,0,pedestrian crossing,opened,960,1280,photo_88_2024-12-18_13-05-57.jpg,dataset_top12\pedestrian crossing\opened\photo_88_2024-12-18_13-05-57.jpg,train
783,0,pedestrian crossing,opened,960,1280,photo_88_2024-12-18_13-06-32.jpg,dataset_top12\pedestrian crossing\opened\photo_88_2024-12-18_13-06-32.jpg,train
784,0,pedestrian crossing,opened,960,1280,photo_88_2024-12-19_00-10-31.jpg,dataset_top12\pedestrian crossing\opened\photo_88_2024-12-19_00-10-31.jpg,test
785,0,pedestrian crossing,opened,960,1280,photo_89_2024-12-09_12-46-01.jpg,dataset_top12\pedestrian crossing\opened\photo_89_2024-12-09_12-46-01.jpg,train
786,0,pedestrian crossing,opened,622,630,photo_89_2024-12-18_02-25-50.jpg,dataset_top12\pedestrian crossing\opened\photo_89_2024-12-18_02-25-50.jpg,train
787,0,pedestrian crossing,opened,911,911,photo_89_2024-12-18_13-00-25.jpg,dataset_top12\pedestrian crossing\opened\photo_89_2024-12-18_13-00-25.jpg,validation
788,0,pedestrian crossing,opened,960,1280,photo_89_2024-12-18_13-03-52.jpg,dataset_top12\pedestrian crossing\opened\photo_89_2024-12-18_13-03-52.jpg,validation
789,0,pedestrian crossing,opened,960,1280,photo_89_2024-12-18_13-05-23.jpg,dataset_top12\pedestrian crossing\opened\photo_89_2024-12-18_13-05-23.jpg,validation
790,0,pedestrian crossing,opened,960,1280,photo_89_2024-12-18_13-06-32.jpg,dataset_top12\pedestrian crossing\opened\photo_89_2024-12-18_13-06-32.jpg,train
791,0,pedestrian crossing,opened,960,1280,photo_8_2024-12-18_02-27-47.jpg,dataset_top12\pedestrian crossing\opened\photo_8_2024-12-18_02-27-47.jpg,train
792,0,pedestrian crossing,opened,650,655,photo_8_2024-12-18_12-58-24.jpg,dataset_top12\pedestrian crossing\opened\photo_8_2024-12-18_12-58-24.jpg,train
793,0,pedestrian crossing,opened,960,1280,photo_8_2024-12-18_13-01-24.jpg,dataset_top12\pedestrian crossing\opened\photo_8_2024-12-18_13-01-24.jpg,train
794,0,pedestrian crossing,opened,960,1280,photo_8_2024-12-18_13-03-52.jpg,dataset_top12\pedestrian crossing\opened\photo_8_2024-12-18_13-03-52.jpg,train
795,0,pedestrian crossing,opened,960,1280,photo_8_2024-12-18_13-04-36.jpg,dataset_top12\pedestrian crossing\opened\photo_8_2024-12-18_13-04-36.jpg,train
796,0,pedestrian crossing,opened,960,1280,photo_8_2024-12-18_13-05-23.jpg,dataset_top12\pedestrian crossing\opened\photo_8_2024-12-18_13-05-23.jpg,test
797,0,pedestrian crossing,opened,960,1130,photo_8_2024-12-18_13-05-57.jpg,dataset_top12\pedestrian crossing\opened\photo_8_2024-12-18_13-05-57.jpg,validation
798,0,pedestrian crossing,opened,649,698,photo_8_2024-12-18_13-07-03.jpg,dataset_top12\pedestrian crossing\opened\photo_8_2024-12-18_13-07-03.jpg,train
799,0,pedestrian crossing,opened,960,1280,photo_8_2024-12-19_00-11-08.jpg,dataset_top12\pedestrian crossing\opened\photo_8_2024-12-19_00-11-08.jpg,train
800,0,pedestrian crossing,opened,960,1280,photo_90_2024-12-09_12-46-01.jpg,dataset_top12\pedestrian crossing\opened\photo_90_2024-12-09_12-46-01.jpg,test
801,0,pedestrian crossing,opened,960,1280,photo_90_2024-12-09_12-49-48.jpg,dataset_top12\pedestrian crossing\opened\photo_90_2024-12-09_12-49-48.jpg,train
802,0,pedestrian crossing,opened,1280,1262,photo_90_2024-12-18_02-27-08.jpg,dataset_top12\pedestrian crossing\opened\photo_90_2024-12-18_02-27-08.jpg,train
803,0,pedestrian crossing,opened,960,1280,photo_90_2024-12-18_02-33-06.jpg,dataset_top12\pedestrian crossing\opened\photo_90_2024-12-18_02-33-06.jpg,train
804,0,pedestrian crossing,opened,960,1280,photo_90_2024-12-18_12-58-24.jpg,dataset_top12\pedestrian crossing\opened\photo_90_2024-12-18_12-58-24.jpg,validation
805,0,pedestrian crossing,opened,960,1280,photo_90_2024-12-18_13-00-25.jpg,dataset_top12\pedestrian crossing\opened\photo_90_2024-12-18_13-00-25.jpg,validation
806,0,pedestrian crossing,opened,960,1280,photo_90_2024-12-18_13-03-52.jpg,dataset_top12\pedestrian crossing\opened\photo_90_2024-12-18_13-03-52.jpg,train
807,0,pedestrian crossing,opened,960,1280,photo_90_2024-12-18_13-06-32.jpg,dataset_top12\pedestrian crossing\opened\photo_90_2024-12-18_13-06-32.jpg,train
808,0,pedestrian crossing,opened,960,1280,photo_90_2024-12-19_00-10-31.jpg,dataset_top12\pedestrian crossing\opened\photo_90_2024-12-19_00-10-31.jpg,train
809,0,pedestrian crossing,opened,960,1280,photo_91_2024-12-09_12-46-33.jpg,dataset_top12\pedestrian crossing\opened\photo_91_2024-12-09_12-46-33.jpg,train
810,0,pedestrian crossing,opened,960,1280,photo_91_2024-12-18_02-27-47.jpg,dataset_top12\pedestrian crossing\opened\photo_91_2024-12-18_02-27-47.jpg,train
811,0,pedestrian crossing,opened,960,1280,photo_91_2024-12-18_13-03-52.jpg,dataset_top12\pedestrian crossing\opened\photo_91_2024-12-18_13-03-52.jpg,train
812,0,pedestrian crossing,opened,960,1280,photo_91_2024-12-18_13-05-57.jpg,dataset_top12\pedestrian crossing\opened\photo_91_2024-12-18_13-05-57.jpg,train
813,0,pedestrian crossing,opened,960,1280,photo_91_2024-12-18_13-06-32.jpg,dataset_top12\pedestrian crossing\opened\photo_91_2024-12-18_13-06-32.jpg,validation
814,0,pedestrian crossing,opened,960,1280,photo_91_2024-12-19_00-10-31.jpg,dataset_top12\pedestrian crossing\opened\photo_91_2024-12-19_00-10-31.jpg,train
815,0,pedestrian crossing,opened,960,1280,photo_91_2024-12-19_01-58-39.jpg,dataset_top12\pedestrian crossing\opened\photo_91_2024-12-19_01-58-39.jpg,test
816,0,pedestrian crossing,opened,960,1280,photo_91_2024-12-19_02-04-55.jpg,dataset_top12\pedestrian crossing\opened\photo_91_2024-12-19_02-04-55.jpg,train
817,0,pedestrian crossing,opened,960,1280,photo_92_2024-12-18_02-17-32.jpg,dataset_top12\pedestrian crossing\opened\photo_92_2024-12-18_02-17-32.jpg,train
818,0,pedestrian crossing,opened,816,844,photo_92_2024-12-18_02-27-08.jpg,dataset_top12\pedestrian crossing\opened\photo_92_2024-12-18_02-27-08.jpg,train
819,0,pedestrian crossing,opened,960,1280,photo_92_2024-12-18_02-27-47.jpg,dataset_top12\pedestrian crossing\opened\photo_92_2024-12-18_02-27-47.jpg,train
820,0,pedestrian crossing,opened,728,701,photo_92_2024-12-18_02-28-33.jpg,dataset_top12\pedestrian crossing\opened\photo_92_2024-12-18_02-28-33.jpg,train
821,0,pedestrian crossing,opened,960,1280,photo_92_2024-12-18_02-33-06.jpg,dataset_top12\pedestrian crossing\opened\photo_92_2024-12-18_02-33-06.jpg,train
822,0,pedestrian crossing,opened,960,1038,photo_92_2024-12-18_13-00-25.jpg,dataset_top12\pedestrian crossing\opened\photo_92_2024-12-18_13-00-25.jpg,test
823,0,pedestrian crossing,opened,960,1280,photo_92_2024-12-18_13-01-24.jpg,dataset_top12\pedestrian crossing\opened\photo_92_2024-12-18_13-01-24.jpg,train
824,0,pedestrian crossing,opened,960,1280,photo_92_2024-12-18_13-05-23.jpg,dataset_top12\pedestrian crossing\opened\photo_92_2024-12-18_13-05-23.jpg,train
825,0,pedestrian crossing,opened,960,1280,photo_92_2024-12-18_13-05-57.jpg,dataset_top12\pedestrian crossing\opened\photo_92_2024-12-18_13-05-57.jpg,test
826,0,pedestrian crossing,opened,960,1280,photo_92_2024-12-18_13-06-32.jpg,dataset_top12\pedestrian crossing\opened\photo_92_2024-12-18_13-06-32.jpg,train
827,0,pedestrian crossing,opened,960,1280,photo_92_2024-12-19_01-58-39.jpg,dataset_top12\pedestrian crossing\opened\photo_92_2024-12-19_01-58-39.jpg,train
828,0,pedestrian crossing,opened,960,1280,photo_92_2024-12-19_02-04-55.jpg,dataset_top12\pedestrian crossing\opened\photo_92_2024-12-19_02-04-55.jpg,train
829,0,pedestrian crossing,opened,960,1280,photo_93_2024-12-09_12-46-01.jpg,dataset_top12\pedestrian crossing\opened\photo_93_2024-12-09_12-46-01.jpg,train
830,0,pedestrian crossing,opened,960,1280,photo_93_2024-12-18_02-17-32.jpg,dataset_top12\pedestrian crossing\opened\photo_93_2024-12-18_02-17-32.jpg,train
831,0,pedestrian crossing,opened,840,821,photo_93_2024-12-18_02-25-50.jpg,dataset_top12\pedestrian crossing\opened\photo_93_2024-12-18_02-25-50.jpg,test
832,0,pedestrian crossing,opened,827,841,photo_93_2024-12-18_13-00-25.jpg,dataset_top12\pedestrian crossing\opened\photo_93_2024-12-18_13-00-25.jpg,train
833,0,pedestrian crossing,opened,960,1280,photo_93_2024-12-18_13-03-52.jpg,dataset_top12\pedestrian crossing\opened\photo_93_2024-12-18_13-03-52.jpg,test
834,0,pedestrian crossing,opened,960,1280,photo_93_2024-12-18_13-06-32.jpg,dataset_top12\pedestrian crossing\opened\photo_93_2024-12-18_13-06-32.jpg,train
835,0,pedestrian crossing,opened,960,1280,photo_93_2024-12-19_00-10-31.jpg,dataset_top12\pedestrian crossing\opened\photo_93_2024-12-19_00-10-31.jpg,train
836,0,pedestrian crossing,opened,960,1280,photo_93_2024-12-19_01-58-39.jpg,dataset_top12\pedestrian crossing\opened\photo_93_2024-12-19_01-58-39.jpg,train
837,0,pedestrian crossing,opened,531,625,photo_94_2024-10-29_09-53-51.jpg,dataset_top12\pedestrian crossing\opened\photo_94_2024-10-29_09-53-51.jpg,train
838,0,pedestrian crossing,opened,960,1280,photo_94_2024-12-09_12-46-33.jpg,dataset_top12\pedestrian crossing\opened\photo_94_2024-12-09_12-46-33.jpg,train
839,0,pedestrian crossing,opened,631,622,photo_94_2024-12-18_02-25-50.jpg,dataset_top12\pedestrian crossing\opened\photo_94_2024-12-18_02-25-50.jpg,train
840,0,pedestrian crossing,opened,960,1280,photo_94_2024-12-18_02-27-47.jpg,dataset_top12\pedestrian crossing\opened\photo_94_2024-12-18_02-27-47.jpg,train
841,0,pedestrian crossing,opened,960,1280,photo_94_2024-12-18_13-00-25.jpg,dataset_top12\pedestrian crossing\opened\photo_94_2024-12-18_13-00-25.jpg,train
842,0,pedestrian crossing,opened,960,1280,photo_94_2024-12-18_13-03-52.jpg,dataset_top12\pedestrian crossing\opened\photo_94_2024-12-18_13-03-52.jpg,test
843,0,pedestrian crossing,opened,960,1280,photo_94_2024-12-18_13-06-32.jpg,dataset_top12\pedestrian crossing\opened\photo_94_2024-12-18_13-06-32.jpg,validation
844,0,pedestrian crossing,opened,960,1280,photo_94_2024-12-19_01-58-39.jpg,dataset_top12\pedestrian crossing\opened\photo_94_2024-12-19_01-58-39.jpg,test
845,0,pedestrian crossing,opened,960,1280,photo_94_2024-12-19_02-04-55.jpg,dataset_top12\pedestrian crossing\opened\photo_94_2024-12-19_02-04-55.jpg,train
846,0,pedestrian crossing,opened,960,1280,photo_95_2024-12-09_12-46-33.jpg,dataset_top12\pedestrian crossing\opened\photo_95_2024-12-09_12-46-33.jpg,train
847,0,pedestrian crossing,opened,960,1280,photo_95_2024-12-18_02-36-53.jpg,dataset_top12\pedestrian crossing\opened\photo_95_2024-12-18_02-36-53.jpg,train
848,0,pedestrian crossing,opened,960,1280,photo_95_2024-12-18_12-58-24.jpg,dataset_top12\pedestrian crossing\opened\photo_95_2024-12-18_12-58-24.jpg,train
849,0,pedestrian crossing,opened,960,1280,photo_95_2024-12-18_13-06-32.jpg,dataset_top12\pedestrian crossing\opened\photo_95_2024-12-18_13-06-32.jpg,train
850,0,pedestrian crossing,opened,960,1280,photo_95_2024-12-19_00-10-31.jpg,dataset_top12\pedestrian crossing\opened\photo_95_2024-12-19_00-10-31.jpg,train
851,0,pedestrian crossing,opened,960,1280,photo_95_2024-12-19_01-58-39.jpg,dataset_top12\pedestrian crossing\opened\photo_95_2024-12-19_01-58-39.jpg,train
852,0,pedestrian crossing,opened,960,1280,photo_95_2024-12-19_02-04-55.jpg,dataset_top12\pedestrian crossing\opened\photo_95_2024-12-19_02-04-55.jpg,train
853,0,pedestrian crossing,opened,595,553,photo_96_2024-10-29_09-53-51.jpg,dataset_top12\pedestrian crossing\opened\photo_96_2024-10-29_09-53-51.jpg,validation
854,0,pedestrian crossing,opened,960,1280,photo_96_2024-12-09_12-46-33.jpg,dataset_top12\pedestrian crossing\opened\photo_96_2024-12-09_12-46-33.jpg,train
855,0,pedestrian crossing,opened,960,1280,photo_96_2024-12-18_02-27-47.jpg,dataset_top12\pedestrian crossing\opened\photo_96_2024-12-18_02-27-47.jpg,train
856,0,pedestrian crossing,opened,960,1280,photo_96_2024-12-18_02-33-06.jpg,dataset_top12\pedestrian crossing\opened\photo_96_2024-12-18_02-33-06.jpg,train
857,0,pedestrian crossing,opened,960,1280,photo_96_2024-12-18_02-36-53.jpg,dataset_top12\pedestrian crossing\opened\photo_96_2024-12-18_02-36-53.jpg,train
858,0,pedestrian crossing,opened,960,1280,photo_96_2024-12-18_13-00-25.jpg,dataset_top12\pedestrian crossing\opened\photo_96_2024-12-18_13-00-25.jpg,train
859,0,pedestrian crossing,opened,960,1280,photo_96_2024-12-18_13-03-52.jpg,dataset_top12\pedestrian crossing\opened\photo_96_2024-12-18_13-03-52.jpg,train
860,0,pedestrian crossing,opened,960,1280,photo_96_2024-12-18_13-05-57.jpg,dataset_top12\pedestrian crossing\opened\photo_96_2024-12-18_13-05-57.jpg,test
861,0,pedestrian crossing,opened,960,1280,photo_96_2024-12-18_13-06-32.jpg,dataset_top12\pedestrian crossing\opened\photo_96_2024-12-18_13-06-32.jpg,train
862,0,pedestrian crossing,opened,1188,1280,photo_97_2024-12-07_12-46-52.jpg,dataset_top12\pedestrian crossing\opened\photo_97_2024-12-07_12-46-52.jpg,train
863,0,pedestrian crossing,opened,960,1280,photo_97_2024-12-09_12-46-33.jpg,dataset_top12\pedestrian crossing\opened\photo_97_2024-12-09_12-46-33.jpg,train
864,0,pedestrian crossing,opened,960,1280,photo_97_2024-12-09_12-49-48.jpg,dataset_top12\pedestrian crossing\opened\photo_97_2024-12-09_12-49-48.jpg,train
865,0,pedestrian crossing,opened,960,1280,photo_97_2024-12-18_02-17-32.jpg,dataset_top12\pedestrian crossing\opened\photo_97_2024-12-18_02-17-32.jpg,train
866,0,pedestrian crossing,opened,960,1280,photo_97_2024-12-18_02-28-33.jpg,dataset_top12\pedestrian crossing\opened\photo_97_2024-12-18_02-28-33.jpg,train
867,0,pedestrian crossing,opened,960,1280,photo_97_2024-12-18_13-01-24.jpg,dataset_top12\pedestrian crossing\opened\photo_97_2024-12-18_13-01-24.jpg,train
868,0,pedestrian crossing,opened,960,1280,photo_97_2024-12-18_13-05-57.jpg,dataset_top12\pedestrian crossing\opened\photo_97_2024-12-18_13-05-57.jpg,train
869,0,pedestrian crossing,opened,960,1280,photo_97_2024-12-18_13-06-32.jpg,dataset_top12\pedestrian crossing\opened\photo_97_2024-12-18_13-06-32.jpg,test
870,0,pedestrian crossing,opened,531,635,photo_98_2024-10-29_09-53-51.jpg,dataset_top12\pedestrian crossing\opened\photo_98_2024-10-29_09-53-51.jpg,train
871,0,pedestrian crossing,opened,960,1280,photo_98_2024-12-18_02-17-32.jpg,dataset_top12\pedestrian crossing\opened\photo_98_2024-12-18_02-17-32.jpg,train
872,0,pedestrian crossing,opened,793,794,photo_98_2024-12-18_02-27-08.jpg,dataset_top12\pedestrian crossing\opened\photo_98_2024-12-18_02-27-08.jpg,train
873,0,pedestrian crossing,opened,960,1280,photo_98_2024-12-18_12-58-24.jpg,dataset_top12\pedestrian crossing\opened\photo_98_2024-12-18_12-58-24.jpg,train
874,0,pedestrian crossing,opened,960,1280,photo_98_2024-12-18_13-00-25.jpg,dataset_top12\pedestrian crossing\opened\photo_98_2024-12-18_13-00-25.jpg,train
875,0,pedestrian crossing,opened,960,1280,photo_98_2024-12-18_13-03-52.jpg,dataset_top12\pedestrian crossing\opened\photo_98_2024-12-18_13-03-52.jpg,train
876,0,pedestrian crossing,opened,960,1280,photo_98_2024-12-18_13-05-23.jpg,dataset_top12\pedestrian crossing\opened\photo_98_2024-12-18_13-05-23.jpg,train
877,0,pedestrian crossing,opened,960,1280,photo_98_2024-12-18_13-06-32.jpg,dataset_top12\pedestrian crossing\opened\photo_98_2024-12-18_13-06-32.jpg,train
878,0,pedestrian crossing,opened,960,1280,photo_98_2024-12-19_01-58-39.jpg,dataset_top12\pedestrian crossing\opened\photo_98_2024-12-19_01-58-39.jpg,train
879,0,pedestrian crossing,opened,960,1280,photo_99_2024-12-18_13-00-25.jpg,dataset_top12\pedestrian crossing\opened\photo_99_2024-12-18_13-00-25.jpg,train
880,0,pedestrian crossing,opened,960,1280,photo_99_2024-12-18_13-05-23.jpg,dataset_top12\pedestrian crossing\opened\photo_99_2024-12-18_13-05-23.jpg,train
881,0,pedestrian crossing,opened,960,1280,photo_99_2024-12-18_13-06-32.jpg,dataset_top12\pedestrian crossing\opened\photo_99_2024-12-18_13-06-32.jpg,train
882,0,pedestrian crossing,opened,960,1280,photo_99_2024-12-19_00-10-31.jpg,dataset_top12\pedestrian crossing\opened\photo_99_2024-12-19_00-10-31.jpg,train
883,0,pedestrian crossing,opened,960,1280,photo_99_2024-12-19_01-58-39.jpg,dataset_top12\pedestrian crossing\opened\photo_99_2024-12-19_01-58-39.jpg,train
884,0,pedestrian crossing,opened,960,1280,photo_9_2024-12-09_12-50-33.jpg,dataset_top12\pedestrian crossing\opened\photo_9_2024-12-09_12-50-33.jpg,train
885,0,pedestrian crossing,opened,960,1280,photo_9_2024-12-18_02-27-47.jpg,dataset_top12\pedestrian crossing\opened\photo_9_2024-12-18_02-27-47.jpg,train
886,0,pedestrian crossing,opened,960,1280,photo_9_2024-12-18_02-28-33.jpg,dataset_top12\pedestrian crossing\opened\photo_9_2024-12-18_02-28-33.jpg,train
887,0,pedestrian crossing,opened,960,1280,photo_9_2024-12-18_02-37-13.jpg,dataset_top12\pedestrian crossing\opened\photo_9_2024-12-18_02-37-13.jpg,train
888,0,pedestrian crossing,opened,960,1127,photo_9_2024-12-18_13-02-03.jpg,dataset_top12\pedestrian crossing\opened\photo_9_2024-12-18_13-02-03.jpg,test
889,0,pedestrian crossing,opened,960,1280,photo_9_2024-12-18_13-03-52.jpg,dataset_top12\pedestrian crossing\opened\photo_9_2024-12-18_13-03-52.jpg,validation
890,0,pedestrian crossing,opened,960,1280,photo_9_2024-12-18_13-04-36.jpg,dataset_top12\pedestrian crossing\opened\photo_9_2024-12-18_13-04-36.jpg,train
891,0,pedestrian crossing,opened,960,1280,photo_9_2024-12-18_13-05-23.jpg,dataset_top12\pedestrian crossing\opened\photo_9_2024-12-18_13-05-23.jpg,train
892,0,pedestrian crossing,opened,960,1280,photo_9_2024-12-19_02-04-54.jpg,dataset_top12\pedestrian crossing\opened\photo_9_2024-12-19_02-04-54.jpg,train
893,0,pedestrian crossing,closed,4624,3468,20241102_112230.jpg,dataset_top12\pedestrian crossing\closed\20241102_112230.jpg,train
894,0,pedestrian crossing,closed,4624,3468,20241102_112247.jpg,dataset_top12\pedestrian crossing\closed\20241102_112247.jpg,validation
895,0,pedestrian crossing,closed,4624,3468,20241102_112340.jpg,dataset_top12\pedestrian crossing\closed\20241102_112340.jpg,train
896,0,pedestrian crossing,closed,4624,3468,20241102_113550.jpg,dataset_top12\pedestrian crossing\closed\20241102_113550.jpg,train
897,0,pedestrian crossing,closed,4624,3468,20241102_113956.jpg,dataset_top12\pedestrian crossing\closed\20241102_113956.jpg,train
898,0,pedestrian crossing,closed,4624,3468,20241102_114523.jpg,dataset_top12\pedestrian crossing\closed\20241102_114523.jpg,train
899,0,pedestrian crossing,closed,3468,3731,20241102_114900.jpg,dataset_top12\pedestrian crossing\closed\20241102_114900.jpg,validation
900,0,pedestrian crossing,closed,2229,2193,20241102_114935.jpg,dataset_top12\pedestrian crossing\closed\20241102_114935.jpg,train
901,0,pedestrian crossing,closed,4624,3468,20241102_115435.jpg,dataset_top12\pedestrian crossing\closed\20241102_115435.jpg,train
902,0,pedestrian crossing,closed,4624,3468,20241102_115448.jpg,dataset_top12\pedestrian crossing\closed\20241102_115448.jpg,validation
903,0,pedestrian crossing,closed,4624,3468,20241102_115455.jpg,dataset_top12\pedestrian crossing\closed\20241102_115455.jpg,train
904,0,pedestrian crossing,closed,2609,2975,20241102_120048.jpg,dataset_top12\pedestrian crossing\closed\20241102_120048.jpg,validation
905,0,pedestrian crossing,closed,2599,2727,20241102_120245.jpg,dataset_top12\pedestrian crossing\closed\20241102_120245.jpg,train
906,0,pedestrian crossing,closed,4624,3468,20241102_120259.jpg,dataset_top12\pedestrian crossing\closed\20241102_120259.jpg,train
907,0,pedestrian crossing,closed,4624,3468,20241102_120635.jpg,dataset_top12\pedestrian crossing\closed\20241102_120635.jpg,train
908,0,pedestrian crossing,closed,4624,3468,20241102_120653.jpg,dataset_top12\pedestrian crossing\closed\20241102_120653.jpg,train
909,0,pedestrian crossing,closed,4624,3468,20241102_120722.jpg,dataset_top12\pedestrian crossing\closed\20241102_120722.jpg,train
910,0,pedestrian crossing,closed,4624,3468,20241102_121150.jpg,dataset_top12\pedestrian crossing\closed\20241102_121150.jpg,train
911,0,pedestrian crossing,closed,4624,3468,20241102_121205.jpg,dataset_top12\pedestrian crossing\closed\20241102_121205.jpg,test
912,0,pedestrian crossing,closed,4624,3468,20241102_121229.jpg,dataset_top12\pedestrian crossing\closed\20241102_121229.jpg,train
913,0,pedestrian crossing,closed,4624,3468,20241102_121522.jpg,dataset_top12\pedestrian crossing\closed\20241102_121522.jpg,test
914,0,pedestrian crossing,closed,4624,3468,20241102_121608.jpg,dataset_top12\pedestrian crossing\closed\20241102_121608.jpg,train
915,0,pedestrian crossing,closed,4624,3468,20241102_121655.jpg,dataset_top12\pedestrian crossing\closed\20241102_121655.jpg,train
916,0,pedestrian crossing,closed,3096,2966,20241102_122033.jpg,dataset_top12\pedestrian crossing\closed\20241102_122033.jpg,train
917,0,pedestrian crossing,closed,1930,1916,20241102_123018.jpg,dataset_top12\pedestrian crossing\closed\20241102_123018.jpg,test
918,0,pedestrian crossing,closed,4624,3468,20241102_123312.jpg,dataset_top12\pedestrian crossing\closed\20241102_123312.jpg,train
919,0,pedestrian crossing,closed,4624,3468,20241102_123336.jpg,dataset_top12\pedestrian crossing\closed\20241102_123336.jpg,train
920,0,pedestrian crossing,closed,4624,3468,20241102_123426.jpg,dataset_top12\pedestrian crossing\closed\20241102_123426.jpg,train
921,0,pedestrian crossing,closed,4624,3468,20241102_123500.jpg,dataset_top12\pedestrian crossing\closed\20241102_123500.jpg,train
922,0,pedestrian crossing,closed,4624,3468,20241102_123625.jpg,dataset_top12\pedestrian crossing\closed\20241102_123625.jpg,train
923,0,pedestrian crossing,closed,4640,3472,IMG_20241017_162231.jpg,dataset_top12\pedestrian crossing\closed\IMG_20241017_162231.jpg,train
924,0,pedestrian crossing,closed,4640,3472,IMG_20241017_162232.jpg,dataset_top12\pedestrian crossing\closed\IMG_20241017_162232.jpg,train
925,0,pedestrian crossing,closed,4640,3472,IMG_20241017_162233.jpg,dataset_top12\pedestrian crossing\closed\IMG_20241017_162233.jpg,train
926,0,pedestrian crossing,closed,4640,3472,IMG_20241017_162239.jpg,dataset_top12\pedestrian crossing\closed\IMG_20241017_162239.jpg,train
927,0,pedestrian crossing,closed,4640,3472,IMG_20241017_162244.jpg,dataset_top12\pedestrian crossing\closed\IMG_20241017_162244.jpg,train
928,0,pedestrian crossing,closed,4640,3472,IMG_20241017_162250.jpg,dataset_top12\pedestrian crossing\closed\IMG_20241017_162250.jpg,validation
929,0,pedestrian crossing,closed,4640,3472,IMG_20241017_162425.jpg,dataset_top12\pedestrian crossing\closed\IMG_20241017_162425.jpg,train
930,0,pedestrian crossing,closed,4640,3472,IMG_20241017_162427.jpg,dataset_top12\pedestrian crossing\closed\IMG_20241017_162427.jpg,train
931,0,pedestrian crossing,closed,2258,2265,IMG_20241017_180351.jpg,dataset_top12\pedestrian crossing\closed\IMG_20241017_180351.jpg,train
932,0,pedestrian crossing,closed,2252,2303,IMG_20241017_180352.jpg,dataset_top12\pedestrian crossing\closed\IMG_20241017_180352.jpg,train
933,0,pedestrian crossing,closed,3163,3094,IMG_20241017_180354.jpg,dataset_top12\pedestrian crossing\closed\IMG_20241017_180354.jpg,train
934,0,pedestrian crossing,closed,3065,3147,IMG_20241017_180359.jpg,dataset_top12\pedestrian crossing\closed\IMG_20241017_180359.jpg,test
935,0,pedestrian crossing,closed,2114,2270,IMG_20241017_180406.jpg,dataset_top12\pedestrian crossing\closed\IMG_20241017_180406.jpg,test
936,0,pedestrian crossing,closed,4640,3472,IMG_20241017_181816.jpg,dataset_top12\pedestrian crossing\closed\IMG_20241017_181816.jpg,train
937,0,pedestrian crossing,closed,2083,1984,IMG_20241017_190901.jpg,dataset_top12\pedestrian crossing\closed\IMG_20241017_190901.jpg,train
938,0,pedestrian crossing,closed,2204,2385,IMG_20241017_190902.jpg,dataset_top12\pedestrian crossing\closed\IMG_20241017_190902.jpg,train
939,0,pedestrian crossing,closed,2855,2893,IMG_20241017_190914.jpg,dataset_top12\pedestrian crossing\closed\IMG_20241017_190914.jpg,train
940,0,pedestrian crossing,closed,4640,3472,IMG_20241021_174821.jpg,dataset_top12\pedestrian crossing\closed\IMG_20241021_174821.jpg,train
941,0,pedestrian crossing,closed,4640,3472,IMG_20241029_173605.jpg,dataset_top12\pedestrian crossing\closed\IMG_20241029_173605.jpg,train
942,0,pedestrian crossing,closed,4640,3472,IMG_20241029_173606.jpg,dataset_top12\pedestrian crossing\closed\IMG_20241029_173606.jpg,test
943,0,pedestrian crossing,closed,4640,3472,IMG_20241029_173614.jpg,dataset_top12\pedestrian crossing\closed\IMG_20241029_173614.jpg,test
944,0,pedestrian crossing,closed,4640,3472,IMG_20241029_173633.jpg,dataset_top12\pedestrian crossing\closed\IMG_20241029_173633.jpg,train
945,0,pedestrian crossing,closed,2469,2853,IMG_20241029_174013.jpg,dataset_top12\pedestrian crossing\closed\IMG_20241029_174013.jpg,train
946,0,pedestrian crossing,closed,2309,2782,IMG_20241029_174016.jpg,dataset_top12\pedestrian crossing\closed\IMG_20241029_174016.jpg,train
947,0,pedestrian crossing,closed,2169,2685,IMG_20241029_174019.jpg,dataset_top12\pedestrian crossing\closed\IMG_20241029_174019.jpg,test
948,0,pedestrian crossing,closed,4640,3472,IMG_20241029_174023.jpg,dataset_top12\pedestrian crossing\closed\IMG_20241029_174023.jpg,test
949,0,pedestrian crossing,closed,1586,1960,IMG_20241029_174028.jpg,dataset_top12\pedestrian crossing\closed\IMG_20241029_174028.jpg,train
950,0,pedestrian crossing,closed,4640,3472,IMG_20241029_174043.jpg,dataset_top12\pedestrian crossing\closed\IMG_20241029_174043.jpg,validation
951,0,pedestrian crossing,closed,4640,3472,IMG_20241029_174150.jpg,dataset_top12\pedestrian crossing\closed\IMG_20241029_174150.jpg,train
952,0,pedestrian crossing,closed,4640,3472,IMG_20241029_174151.jpg,dataset_top12\pedestrian crossing\closed\IMG_20241029_174151.jpg,validation
953,0,pedestrian crossing,closed,4640,3472,IMG_20241029_174152.jpg,dataset_top12\pedestrian crossing\closed\IMG_20241029_174152.jpg,train
954,0,pedestrian crossing,closed,4640,3472,IMG_20241029_174155.jpg,dataset_top12\pedestrian crossing\closed\IMG_20241029_174155.jpg,train
955,0,pedestrian crossing,closed,4640,3472,IMG_20241029_174203.jpg,dataset_top12\pedestrian crossing\closed\IMG_20241029_174203.jpg,train
956,0,pedestrian crossing,closed,4640,3472,IMG_20241029_174210.jpg,dataset_top12\pedestrian crossing\closed\IMG_20241029_174210.jpg,train
957,0,pedestrian crossing,closed,4640,3472,IMG_20241029_174307.jpg,dataset_top12\pedestrian crossing\closed\IMG_20241029_174307.jpg,train
958,0,pedestrian crossing,closed,4640,3472,IMG_20241029_174314.jpg,dataset_top12\pedestrian crossing\closed\IMG_20241029_174314.jpg,train
959,0,pedestrian crossing,closed,4640,3472,IMG_20241029_174323.jpg,dataset_top12\pedestrian crossing\closed\IMG_20241029_174323.jpg,validation
960,0,pedestrian crossing,closed,4640,3472,IMG_20241029_174328.jpg,dataset_top12\pedestrian crossing\closed\IMG_20241029_174328.jpg,train
961,0,pedestrian crossing,closed,4640,3472,IMG_20241029_174330.jpg,dataset_top12\pedestrian crossing\closed\IMG_20241029_174330.jpg,train
962,0,pedestrian crossing,closed,4640,3472,IMG_20241029_174331.jpg,dataset_top12\pedestrian crossing\closed\IMG_20241029_174331.jpg,train
963,0,pedestrian crossing,closed,4640,3472,IMG_20241029_174333.jpg,dataset_top12\pedestrian crossing\closed\IMG_20241029_174333.jpg,train
964,0,pedestrian crossing,closed,4640,3472,IMG_20241029_174336.jpg,dataset_top12\pedestrian crossing\closed\IMG_20241029_174336.jpg,train
965,0,pedestrian crossing,closed,4640,3472,IMG_20241029_174337.jpg,dataset_top12\pedestrian crossing\closed\IMG_20241029_174337.jpg,validation
966,0,pedestrian crossing,closed,4640,3472,IMG_20241029_174339.jpg,dataset_top12\pedestrian crossing\closed\IMG_20241029_174339.jpg,train
967,0,pedestrian crossing,closed,4640,3472,IMG_20241029_174704.jpg,dataset_top12\pedestrian crossing\closed\IMG_20241029_174704.jpg,train
968,0,pedestrian crossing,closed,4640,3472,IMG_20241029_174704_1.jpg,dataset_top12\pedestrian crossing\closed\IMG_20241029_174704_1.jpg,train
969,0,pedestrian crossing,closed,4640,3472,IMG_20241029_174706.jpg,dataset_top12\pedestrian crossing\closed\IMG_20241029_174706.jpg,train
970,0,pedestrian crossing,closed,4640,3472,IMG_20241029_174706_1.jpg,dataset_top12\pedestrian crossing\closed\IMG_20241029_174706_1.jpg,train
971,0,pedestrian crossing,closed,4640,3472,IMG_20241029_174707.jpg,dataset_top12\pedestrian crossing\closed\IMG_20241029_174707.jpg,validation
972,0,pedestrian crossing,closed,4640,3472,IMG_20241029_174707_1.jpg,dataset_top12\pedestrian crossing\closed\IMG_20241029_174707_1.jpg,test
973,0,pedestrian crossing,closed,4640,3472,IMG_20241029_174833.jpg,dataset_top12\pedestrian crossing\closed\IMG_20241029_174833.jpg,train
974,0,pedestrian crossing,closed,4640,3472,IMG_20241029_174858.jpg,dataset_top12\pedestrian crossing\closed\IMG_20241029_174858.jpg,train
975,0,pedestrian crossing,closed,4640,3472,IMG_20241029_174859.jpg,dataset_top12\pedestrian crossing\closed\IMG_20241029_174859.jpg,validation
976,0,pedestrian crossing,closed,4640,3472,IMG_20241029_174901.jpg,dataset_top12\pedestrian crossing\closed\IMG_20241029_174901.jpg,test
977,0,pedestrian crossing,closed,4640,3472,IMG_20241029_175300.jpg,dataset_top12\pedestrian crossing\closed\IMG_20241029_175300.jpg,validation
978,0,pedestrian crossing,closed,4640,3472,IMG_20241029_175301.jpg,dataset_top12\pedestrian crossing\closed\IMG_20241029_175301.jpg,validation
979,0,pedestrian crossing,closed,4640,3472,IMG_20241029_175315.jpg,dataset_top12\pedestrian crossing\closed\IMG_20241029_175315.jpg,train
980,0,pedestrian crossing,closed,4640,3472,IMG_20241029_175317.jpg,dataset_top12\pedestrian crossing\closed\IMG_20241029_175317.jpg,train
981,0,pedestrian crossing,closed,4640,3472,IMG_20241029_175319.jpg,dataset_top12\pedestrian crossing\closed\IMG_20241029_175319.jpg,train
982,0,pedestrian crossing,closed,4640,3472,IMG_20241029_175624.jpg,dataset_top12\pedestrian crossing\closed\IMG_20241029_175624.jpg,validation
983,0,pedestrian crossing,closed,4640,3472,IMG_20241029_175625.jpg,dataset_top12\pedestrian crossing\closed\IMG_20241029_175625.jpg,train
984,0,pedestrian crossing,closed,4640,3472,IMG_20241029_175749.jpg,dataset_top12\pedestrian crossing\closed\IMG_20241029_175749.jpg,test
985,0,pedestrian crossing,closed,4640,3472,IMG_20241029_175753.jpg,dataset_top12\pedestrian crossing\closed\IMG_20241029_175753.jpg,train
986,0,pedestrian crossing,closed,4640,3472,IMG_20241029_175755.jpg,dataset_top12\pedestrian crossing\closed\IMG_20241029_175755.jpg,train
987,0,pedestrian crossing,closed,4640,3472,IMG_20241029_175801.jpg,dataset_top12\pedestrian crossing\closed\IMG_20241029_175801.jpg,test
988,0,pedestrian crossing,closed,4640,3472,IMG_20241029_175802.jpg,dataset_top12\pedestrian crossing\closed\IMG_20241029_175802.jpg,train
989,0,pedestrian crossing,closed,4640,3472,IMG_20241029_175807.jpg,dataset_top12\pedestrian crossing\closed\IMG_20241029_175807.jpg,train
990,0,pedestrian crossing,closed,4640,3472,IMG_20241029_180424.jpg,dataset_top12\pedestrian crossing\closed\IMG_20241029_180424.jpg,train
991,0,pedestrian crossing,closed,4640,3472,IMG_20241029_180425.jpg,dataset_top12\pedestrian crossing\closed\IMG_20241029_180425.jpg,validation
992,0,pedestrian crossing,closed,4640,3472,IMG_20241029_180514.jpg,dataset_top12\pedestrian crossing\closed\IMG_20241029_180514.jpg,train
993,0,pedestrian crossing,closed,4640,3472,IMG_20241029_180517.jpg,dataset_top12\pedestrian crossing\closed\IMG_20241029_180517.jpg,test
994,0,pedestrian crossing,closed,4640,3472,IMG_20241029_180518.jpg,dataset_top12\pedestrian crossing\closed\IMG_20241029_180518.jpg,validation
995,0,pedestrian crossing,closed,4640,3472,IMG_20241029_180611.jpg,dataset_top12\pedestrian crossing\closed\IMG_20241029_180611.jpg,train
996,0,pedestrian crossing,closed,4640,3472,IMG_20241029_180612.jpg,dataset_top12\pedestrian crossing\closed\IMG_20241029_180612.jpg,train
997,0,pedestrian crossing,closed,4640,3472,IMG_20241029_180617.jpg,dataset_top12\pedestrian crossing\closed\IMG_20241029_180617.jpg,train
998,0,pedestrian crossing,closed,4640,3472,IMG_20241029_180621.jpg,dataset_top12\pedestrian crossing\closed\IMG_20241029_180621.jpg,validation
999,0,pedestrian crossing,closed,4640,3472,IMG_20241029_181724.jpg,dataset_top12\pedestrian crossing\closed\IMG_20241029_181724.jpg,train
1000,0,pedestrian crossing,closed,2678,2847,IMG_20241029_181802.jpg,dataset_top12\pedestrian crossing\closed\IMG_20241029_181802.jpg,train
1001,0,pedestrian crossing,closed,4640,3472,IMG_20241029_181845.jpg,dataset_top12\pedestrian crossing\closed\IMG_20241029_181845.jpg,train
1002,0,pedestrian crossing,closed,4640,3472,IMG_20241029_181846.jpg,dataset_top12\pedestrian crossing\closed\IMG_20241029_181846.jpg,validation
1003,0,pedestrian crossing,closed,4640,3472,IMG_20241029_181927.jpg,dataset_top12\pedestrian crossing\closed\IMG_20241029_181927.jpg,train
1004,0,pedestrian crossing,closed,4640,3472,IMG_20241029_181928.jpg,dataset_top12\pedestrian crossing\closed\IMG_20241029_181928.jpg,train
1005,0,pedestrian crossing,closed,4640,3472,IMG_20241029_181929.jpg,dataset_top12\pedestrian crossing\closed\IMG_20241029_181929.jpg,train
1006,0,pedestrian crossing,closed,4640,3472,IMG_20241029_181931.jpg,dataset_top12\pedestrian crossing\closed\IMG_20241029_181931.jpg,validation
1007,0,pedestrian crossing,closed,4640,3472,IMG_20241029_181933.jpg,dataset_top12\pedestrian crossing\closed\IMG_20241029_181933.jpg,train
1008,0,pedestrian crossing,closed,4640,3472,IMG_20241029_182113.jpg,dataset_top12\pedestrian crossing\closed\IMG_20241029_182113.jpg,validation
1009,0,pedestrian crossing,closed,4640,3472,IMG_20241029_182120.jpg,dataset_top12\pedestrian crossing\closed\IMG_20241029_182120.jpg,validation
1010,0,pedestrian crossing,closed,4640,3472,IMG_20241029_182125.jpg,dataset_top12\pedestrian crossing\closed\IMG_20241029_182125.jpg,train
1011,0,pedestrian crossing,closed,4640,3472,IMG_20241029_182127.jpg,dataset_top12\pedestrian crossing\closed\IMG_20241029_182127.jpg,train
1012,0,pedestrian crossing,closed,843,1121,photo_100_2024-10-29_09-42-50.jpg,dataset_top12\pedestrian crossing\closed\photo_100_2024-10-29_09-42-50.jpg,train
1013,0,pedestrian crossing,closed,960,1280,photo_100_2024-12-06_22-24-22.jpg,dataset_top12\pedestrian crossing\closed\photo_100_2024-12-06_22-24-22.jpg,train
1014,0,pedestrian crossing,closed,960,1280,photo_100_2024-12-07_12-48-02.jpg,dataset_top12\pedestrian crossing\closed\photo_100_2024-12-07_12-48-02.jpg,train
1015,0,pedestrian crossing,closed,960,1280,photo_10_2024-10-29_09-42-50.jpg,dataset_top12\pedestrian crossing\closed\photo_10_2024-10-29_09-42-50.jpg,train
1016,0,pedestrian crossing,closed,960,1280,photo_10_2024-10-29_09-54-37.jpg,dataset_top12\pedestrian crossing\closed\photo_10_2024-10-29_09-54-37.jpg,train
1017,0,pedestrian crossing,closed,1280,925,photo_10_2024-12-05_22-23-10.jpg,dataset_top12\pedestrian crossing\closed\photo_10_2024-12-05_22-23-10.jpg,train
1018,0,pedestrian crossing,closed,960,1280,photo_10_2024-12-07_12-48-02.jpg,dataset_top12\pedestrian crossing\closed\photo_10_2024-12-07_12-48-02.jpg,train
1019,0,pedestrian crossing,closed,960,1280,photo_10_2024-12-07_12-48-36.jpg,dataset_top12\pedestrian crossing\closed\photo_10_2024-12-07_12-48-36.jpg,train
1020,0,pedestrian crossing,closed,960,1280,photo_10_2024-12-18_02-36-53.jpg,dataset_top12\pedestrian crossing\closed\photo_10_2024-12-18_02-36-53.jpg,test
1021,0,pedestrian crossing,closed,960,1280,photo_11_2024-10-29_09-42-50.jpg,dataset_top12\pedestrian crossing\closed\photo_11_2024-10-29_09-42-50.jpg,train
1022,0,pedestrian crossing,closed,960,1280,photo_11_2024-10-29_09-53-51.jpg,dataset_top12\pedestrian crossing\closed\photo_11_2024-10-29_09-53-51.jpg,test
1023,0,pedestrian crossing,closed,960,1280,photo_11_2024-12-05_22-23-50.jpg,dataset_top12\pedestrian crossing\closed\photo_11_2024-12-05_22-23-50.jpg,train
1024,0,pedestrian crossing,closed,960,1280,photo_11_2024-12-06_22-24-57.jpg,dataset_top12\pedestrian crossing\closed\photo_11_2024-12-06_22-24-57.jpg,train
1025,0,pedestrian crossing,closed,960,1280,photo_11_2024-12-06_22-25-52.jpg,dataset_top12\pedestrian crossing\closed\photo_11_2024-12-06_22-25-52.jpg,train
1026,0,pedestrian crossing,closed,797,562,photo_11_2024-12-07_12-51-07.jpg,dataset_top12\pedestrian crossing\closed\photo_11_2024-12-07_12-51-07.jpg,validation
1027,0,pedestrian crossing,closed,960,1280,photo_11_2024-12-09_12-45-24.jpg,dataset_top12\pedestrian crossing\closed\photo_11_2024-12-09_12-45-24.jpg,train
1028,0,pedestrian crossing,closed,960,1280,photo_11_2024-12-18_02-36-53.jpg,dataset_top12\pedestrian crossing\closed\photo_11_2024-12-18_02-36-53.jpg,train
1029,0,pedestrian crossing,closed,960,1280,photo_12_2024-10-29_09-42-50.jpg,dataset_top12\pedestrian crossing\closed\photo_12_2024-10-29_09-42-50.jpg,train
1030,0,pedestrian crossing,closed,960,1280,photo_12_2024-10-29_09-53-51.jpg,dataset_top12\pedestrian crossing\closed\photo_12_2024-10-29_09-53-51.jpg,train
1031,0,pedestrian crossing,closed,960,1280,photo_12_2024-12-06_22-23-51.jpg,dataset_top12\pedestrian crossing\closed\photo_12_2024-12-06_22-23-51.jpg,train
1032,0,pedestrian crossing,closed,960,1280,photo_12_2024-12-06_22-24-57.jpg,dataset_top12\pedestrian crossing\closed\photo_12_2024-12-06_22-24-57.jpg,train
1033,0,pedestrian crossing,closed,888,665,photo_12_2024-12-07_12-51-07.jpg,dataset_top12\pedestrian crossing\closed\photo_12_2024-12-07_12-51-07.jpg,test
1034,0,pedestrian crossing,closed,960,1280,photo_13_2024-10-29_09-42-50.jpg,dataset_top12\pedestrian crossing\closed\photo_13_2024-10-29_09-42-50.jpg,train
1035,0,pedestrian crossing,closed,960,1280,photo_13_2024-10-29_09-53-51.jpg,dataset_top12\pedestrian crossing\closed\photo_13_2024-10-29_09-53-51.jpg,validation
1036,0,pedestrian crossing,closed,960,1280,photo_13_2024-10-29_09-54-21.jpg,dataset_top12\pedestrian crossing\closed\photo_13_2024-10-29_09-54-21.jpg,train
1037,0,pedestrian crossing,closed,960,1280,photo_13_2024-12-05_22-22-53.jpg,dataset_top12\pedestrian crossing\closed\photo_13_2024-12-05_22-22-53.jpg,train
1038,0,pedestrian crossing,closed,960,1280,photo_13_2024-12-05_22-23-10.jpg,dataset_top12\pedestrian crossing\closed\photo_13_2024-12-05_22-23-10.jpg,test
1039,0,pedestrian crossing,closed,1117,1280,photo_13_2024-12-05_22-23-50.jpg,dataset_top12\pedestrian crossing\closed\photo_13_2024-12-05_22-23-50.jpg,train
1040,0,pedestrian crossing,closed,842,816,photo_13_2024-12-06_22-24-57.jpg,dataset_top12\pedestrian crossing\closed\photo_13_2024-12-06_22-24-57.jpg,train
1041,0,pedestrian crossing,closed,960,1280,photo_13_2024-12-09_12-45-24.jpg,dataset_top12\pedestrian crossing\closed\photo_13_2024-12-09_12-45-24.jpg,validation
1042,0,pedestrian crossing,closed,960,1280,photo_14_2024-10-29_09-42-50.jpg,dataset_top12\pedestrian crossing\closed\photo_14_2024-10-29_09-42-50.jpg,train
1043,0,pedestrian crossing,closed,960,1280,photo_14_2024-10-29_09-53-08.jpg,dataset_top12\pedestrian crossing\closed\photo_14_2024-10-29_09-53-08.jpg,train
1044,0,pedestrian crossing,closed,960,1280,photo_14_2024-10-29_09-53-51.jpg,dataset_top12\pedestrian crossing\closed\photo_14_2024-10-29_09-53-51.jpg,test
1045,0,pedestrian crossing,closed,960,1280,photo_14_2024-10-29_09-54-21.jpg,dataset_top12\pedestrian crossing\closed\photo_14_2024-10-29_09-54-21.jpg,train
1046,0,pedestrian crossing,closed,960,1280,photo_14_2024-12-06_22-23-51.jpg,dataset_top12\pedestrian crossing\closed\photo_14_2024-12-06_22-23-51.jpg,train
1047,0,pedestrian crossing,closed,727,863,photo_14_2024-12-06_22-24-57.jpg,dataset_top12\pedestrian crossing\closed\photo_14_2024-12-06_22-24-57.jpg,train
1048,0,pedestrian crossing,closed,726,572,photo_14_2024-12-07_12-51-07.jpg,dataset_top12\pedestrian crossing\closed\photo_14_2024-12-07_12-51-07.jpg,test
1049,0,pedestrian crossing,closed,960,1280,photo_14_2024-12-09_12-50-33.jpg,dataset_top12\pedestrian crossing\closed\photo_14_2024-12-09_12-50-33.jpg,train
1050,0,pedestrian crossing,closed,960,1280,photo_15_2024-10-29_09-42-50.jpg,dataset_top12\pedestrian crossing\closed\photo_15_2024-10-29_09-42-50.jpg,test
1051,0,pedestrian crossing,closed,960,1280,photo_15_2024-10-29_09-53-08.jpg,dataset_top12\pedestrian crossing\closed\photo_15_2024-10-29_09-53-08.jpg,validation
1052,0,pedestrian crossing,closed,960,1280,photo_15_2024-10-29_09-53-51.jpg,dataset_top12\pedestrian crossing\closed\photo_15_2024-10-29_09-53-51.jpg,test
1053,0,pedestrian crossing,closed,960,1280,photo_15_2024-10-29_09-54-21.jpg,dataset_top12\pedestrian crossing\closed\photo_15_2024-10-29_09-54-21.jpg,test
1054,0,pedestrian crossing,closed,960,1280,photo_15_2024-12-06_22-23-51.jpg,dataset_top12\pedestrian crossing\closed\photo_15_2024-12-06_22-23-51.jpg,train
1055,0,pedestrian crossing,closed,960,1280,photo_16_2024-10-29_09-42-50.jpg,dataset_top12\pedestrian crossing\closed\photo_16_2024-10-29_09-42-50.jpg,train
1056,0,pedestrian crossing,closed,960,1280,photo_16_2024-10-29_09-53-08.jpg,dataset_top12\pedestrian crossing\closed\photo_16_2024-10-29_09-53-08.jpg,validation
1057,0,pedestrian crossing,closed,960,1280,photo_16_2024-10-29_09-53-51.jpg,dataset_top12\pedestrian crossing\closed\photo_16_2024-10-29_09-53-51.jpg,train
1058,0,pedestrian crossing,closed,960,1280,photo_16_2024-10-29_09-54-21.jpg,dataset_top12\pedestrian crossing\closed\photo_16_2024-10-29_09-54-21.jpg,train
1059,0,pedestrian crossing,closed,960,1280,photo_16_2024-12-05_22-22-53.jpg,dataset_top12\pedestrian crossing\closed\photo_16_2024-12-05_22-22-53.jpg,train
1060,0,pedestrian crossing,closed,960,1280,photo_16_2024-12-05_22-23-10.jpg,dataset_top12\pedestrian crossing\closed\photo_16_2024-12-05_22-23-10.jpg,train
1061,0,pedestrian crossing,closed,960,1280,photo_16_2024-12-06_22-23-51.jpg,dataset_top12\pedestrian crossing\closed\photo_16_2024-12-06_22-23-51.jpg,train
1062,0,pedestrian crossing,closed,960,1280,photo_16_2024-12-06_22-24-57.jpg,dataset_top12\pedestrian crossing\closed\photo_16_2024-12-06_22-24-57.jpg,train
1063,0,pedestrian crossing,closed,960,1280,photo_16_2024-12-07_12-48-02.jpg,dataset_top12\pedestrian crossing\closed\photo_16_2024-12-07_12-48-02.jpg,train
1064,0,pedestrian crossing,closed,960,1280,photo_17_2024-10-29_09-42-50.jpg,dataset_top12\pedestrian crossing\closed\photo_17_2024-10-29_09-42-50.jpg,train
1065,0,pedestrian crossing,closed,960,1280,photo_17_2024-10-29_09-53-08.jpg,dataset_top12\pedestrian crossing\closed\photo_17_2024-10-29_09-53-08.jpg,validation
1066,0,pedestrian crossing,closed,960,1280,photo_17_2024-10-29_09-53-51.jpg,dataset_top12\pedestrian crossing\closed\photo_17_2024-10-29_09-53-51.jpg,train
1067,0,pedestrian crossing,closed,960,1280,photo_17_2024-10-29_09-54-21.jpg,dataset_top12\pedestrian crossing\closed\photo_17_2024-10-29_09-54-21.jpg,train
1068,0,pedestrian crossing,closed,960,1280,photo_17_2024-12-05_22-22-53.jpg,dataset_top12\pedestrian crossing\closed\photo_17_2024-12-05_22-22-53.jpg,train
1069,0,pedestrian crossing,closed,1220,1280,photo_17_2024-12-05_22-23-50.jpg,dataset_top12\pedestrian crossing\closed\photo_17_2024-12-05_22-23-50.jpg,train
1070,0,pedestrian crossing,closed,960,1280,photo_17_2024-12-06_22-23-51.jpg,dataset_top12\pedestrian crossing\closed\photo_17_2024-12-06_22-23-51.jpg,train
1071,0,pedestrian crossing,closed,960,1280,photo_17_2024-12-06_22-24-57.jpg,dataset_top12\pedestrian crossing\closed\photo_17_2024-12-06_22-24-57.jpg,train
1072,0,pedestrian crossing,closed,960,1280,photo_17_2024-12-06_22-25-52.jpg,dataset_top12\pedestrian crossing\closed\photo_17_2024-12-06_22-25-52.jpg,test
1073,0,pedestrian crossing,closed,960,1280,photo_17_2024-12-07_12-48-02.jpg,dataset_top12\pedestrian crossing\closed\photo_17_2024-12-07_12-48-02.jpg,train
1074,0,pedestrian crossing,closed,960,1280,photo_17_2024-12-07_12-48-36.jpg,dataset_top12\pedestrian crossing\closed\photo_17_2024-12-07_12-48-36.jpg,train
1075,0,pedestrian crossing,closed,960,1280,photo_18_2024-10-29_09-42-50.jpg,dataset_top12\pedestrian crossing\closed\photo_18_2024-10-29_09-42-50.jpg,train
1076,0,pedestrian crossing,closed,960,1280,photo_18_2024-10-29_09-53-08.jpg,dataset_top12\pedestrian crossing\closed\photo_18_2024-10-29_09-53-08.jpg,train
1077,0,pedestrian crossing,closed,960,1280,photo_18_2024-10-29_09-53-51.jpg,dataset_top12\pedestrian crossing\closed\photo_18_2024-10-29_09-53-51.jpg,train
1078,0,pedestrian crossing,closed,960,1280,photo_18_2024-10-29_09-54-21.jpg,dataset_top12\pedestrian crossing\closed\photo_18_2024-10-29_09-54-21.jpg,train
1079,0,pedestrian crossing,closed,960,1280,photo_18_2024-12-06_22-23-51.jpg,dataset_top12\pedestrian crossing\closed\photo_18_2024-12-06_22-23-51.jpg,train
1080,0,pedestrian crossing,closed,960,1280,photo_18_2024-12-06_22-24-57.jpg,dataset_top12\pedestrian crossing\closed\photo_18_2024-12-06_22-24-57.jpg,train
1081,0,pedestrian crossing,closed,960,1280,photo_18_2024-12-07_12-48-36.jpg,dataset_top12\pedestrian crossing\closed\photo_18_2024-12-07_12-48-36.jpg,train
1082,0,pedestrian crossing,closed,960,1280,photo_18_2024-12-09_12-46-01.jpg,dataset_top12\pedestrian crossing\closed\photo_18_2024-12-09_12-46-01.jpg,test
1083,0,pedestrian crossing,closed,960,1280,photo_19_2024-10-29_09-42-50.jpg,dataset_top12\pedestrian crossing\closed\photo_19_2024-10-29_09-42-50.jpg,train
1084,0,pedestrian crossing,closed,960,1280,photo_19_2024-10-29_09-53-51.jpg,dataset_top12\pedestrian crossing\closed\photo_19_2024-10-29_09-53-51.jpg,train
1085,0,pedestrian crossing,closed,960,1280,photo_19_2024-10-29_09-54-21.jpg,dataset_top12\pedestrian crossing\closed\photo_19_2024-10-29_09-54-21.jpg,train
1086,0,pedestrian crossing,closed,960,1280,photo_19_2024-12-05_22-23-10.jpg,dataset_top12\pedestrian crossing\closed\photo_19_2024-12-05_22-23-10.jpg,train
1087,0,pedestrian crossing,closed,960,1280,photo_19_2024-12-05_22-23-50.jpg,dataset_top12\pedestrian crossing\closed\photo_19_2024-12-05_22-23-50.jpg,train
1088,0,pedestrian crossing,closed,960,1280,photo_19_2024-12-06_22-23-51.jpg,dataset_top12\pedestrian crossing\closed\photo_19_2024-12-06_22-23-51.jpg,test
1089,0,pedestrian crossing,closed,960,1280,photo_19_2024-12-06_22-25-52.jpg,dataset_top12\pedestrian crossing\closed\photo_19_2024-12-06_22-25-52.jpg,train
1090,0,pedestrian crossing,closed,960,1280,photo_1_2024-10-29_09-42-50.jpg,dataset_top12\pedestrian crossing\closed\photo_1_2024-10-29_09-42-50.jpg,train
1091,0,pedestrian crossing,closed,960,1280,photo_1_2024-10-29_09-54-21.jpg,dataset_top12\pedestrian crossing\closed\photo_1_2024-10-29_09-54-21.jpg,train
1092,0,pedestrian crossing,closed,960,1280,photo_1_2024-10-29_09-54-37.jpg,dataset_top12\pedestrian crossing\closed\photo_1_2024-10-29_09-54-37.jpg,train
1093,0,pedestrian crossing,closed,960,1280,photo_1_2024-12-06_22-25-52.jpg,dataset_top12\pedestrian crossing\closed\photo_1_2024-12-06_22-25-52.jpg,train
1094,0,pedestrian crossing,closed,960,1280,photo_1_2024-12-07_12-48-36.jpg,dataset_top12\pedestrian crossing\closed\photo_1_2024-12-07_12-48-36.jpg,train
1095,0,pedestrian crossing,closed,960,1280,photo_1_2024-12-09_12-45-24.jpg,dataset_top12\pedestrian crossing\closed\photo_1_2024-12-09_12-45-24.jpg,train
1096,0,pedestrian crossing,closed,960,1280,photo_1_2024-12-09_12-46-32.jpg,dataset_top12\pedestrian crossing\closed\photo_1_2024-12-09_12-46-32.jpg,train
1097,0,pedestrian crossing,closed,960,1280,photo_1_2024-12-09_12-50-33.jpg,dataset_top12\pedestrian crossing\closed\photo_1_2024-12-09_12-50-33.jpg,train
1098,0,pedestrian crossing,closed,960,1280,photo_1_2024-12-18_02-36-53.jpg,dataset_top12\pedestrian crossing\closed\photo_1_2024-12-18_02-36-53.jpg,validation
1099,0,pedestrian crossing,closed,960,1280,photo_20_2024-10-29_09-42-50.jpg,dataset_top12\pedestrian crossing\closed\photo_20_2024-10-29_09-42-50.jpg,train
1100,0,pedestrian crossing,closed,960,1280,photo_20_2024-10-29_09-53-51.jpg,dataset_top12\pedestrian crossing\closed\photo_20_2024-10-29_09-53-51.jpg,validation
1101,0,pedestrian crossing,closed,960,1280,photo_20_2024-12-05_22-23-10.jpg,dataset_top12\pedestrian crossing\closed\photo_20_2024-12-05_22-23-10.jpg,train
1102,0,pedestrian crossing,closed,960,1280,photo_20_2024-12-06_22-23-51.jpg,dataset_top12\pedestrian crossing\closed\photo_20_2024-12-06_22-23-51.jpg,train
1103,0,pedestrian crossing,closed,960,1280,photo_20_2024-12-06_22-24-57.jpg,dataset_top12\pedestrian crossing\closed\photo_20_2024-12-06_22-24-57.jpg,train
1104,0,pedestrian crossing,closed,1109,1280,photo_20_2024-12-07_12-46-52.jpg,dataset_top12\pedestrian crossing\closed\photo_20_2024-12-07_12-46-52.jpg,train
1105,0,pedestrian crossing,closed,1160,1280,photo_20_2024-12-07_12-48-02.jpg,dataset_top12\pedestrian crossing\closed\photo_20_2024-12-07_12-48-02.jpg,train
1106,0,pedestrian crossing,closed,960,1280,photo_20_2024-12-07_12-48-36.jpg,dataset_top12\pedestrian crossing\closed\photo_20_2024-12-07_12-48-36.jpg,train
1107,0,pedestrian crossing,closed,960,1280,photo_20_2024-12-09_12-45-24.jpg,dataset_top12\pedestrian crossing\closed\photo_20_2024-12-09_12-45-24.jpg,train
1108,0,pedestrian crossing,closed,960,1280,photo_20_2024-12-09_12-46-32.jpg,dataset_top12\pedestrian crossing\closed\photo_20_2024-12-09_12-46-32.jpg,test
1109,0,pedestrian crossing,closed,960,1280,photo_20_2024-12-09_12-50-33.jpg,dataset_top12\pedestrian crossing\closed\photo_20_2024-12-09_12-50-33.jpg,train
1110,0,pedestrian crossing,closed,960,1280,photo_21_2024-10-29_09-42-50.jpg,dataset_top12\pedestrian crossing\closed\photo_21_2024-10-29_09-42-50.jpg,train
1111,0,pedestrian crossing,closed,960,1280,photo_21_2024-10-29_09-53-08.jpg,dataset_top12\pedestrian crossing\closed\photo_21_2024-10-29_09-53-08.jpg,train
1112,0,pedestrian crossing,closed,960,1280,photo_21_2024-10-29_09-53-51.jpg,dataset_top12\pedestrian crossing\closed\photo_21_2024-10-29_09-53-51.jpg,train
1113,0,pedestrian crossing,closed,960,1280,photo_21_2024-12-05_22-23-10.jpg,dataset_top12\pedestrian crossing\closed\photo_21_2024-12-05_22-23-10.jpg,train
1114,0,pedestrian crossing,closed,960,1280,photo_21_2024-12-06_22-23-51.jpg,dataset_top12\pedestrian crossing\closed\photo_21_2024-12-06_22-23-51.jpg,train
1115,0,pedestrian crossing,closed,1177,1033,photo_21_2024-12-07_12-46-52.jpg,dataset_top12\pedestrian crossing\closed\photo_21_2024-12-07_12-46-52.jpg,train
1116,0,pedestrian crossing,closed,1077,1280,photo_21_2024-12-07_12-48-02.jpg,dataset_top12\pedestrian crossing\closed\photo_21_2024-12-07_12-48-02.jpg,train
1117,0,pedestrian crossing,closed,960,1280,photo_21_2024-12-07_12-48-36.jpg,dataset_top12\pedestrian crossing\closed\photo_21_2024-12-07_12-48-36.jpg,train
1118,0,pedestrian crossing,closed,672,608,photo_21_2024-12-07_12-51-07.jpg,dataset_top12\pedestrian crossing\closed\photo_21_2024-12-07_12-51-07.jpg,train
1119,0,pedestrian crossing,closed,960,1280,photo_22_2024-10-29_09-53-08.jpg,dataset_top12\pedestrian crossing\closed\photo_22_2024-10-29_09-53-08.jpg,train
1120,0,pedestrian crossing,closed,960,1280,photo_22_2024-10-29_09-53-51.jpg,dataset_top12\pedestrian crossing\closed\photo_22_2024-10-29_09-53-51.jpg,train
1121,0,pedestrian crossing,closed,1280,957,photo_22_2024-12-05_22-23-10.jpg,dataset_top12\pedestrian crossing\closed\photo_22_2024-12-05_22-23-10.jpg,train
1122,0,pedestrian crossing,closed,1280,846,photo_22_2024-12-05_22-23-50.jpg,dataset_top12\pedestrian crossing\closed\photo_22_2024-12-05_22-23-50.jpg,train
1123,0,pedestrian crossing,closed,960,1280,photo_22_2024-12-06_22-23-51.jpg,dataset_top12\pedestrian crossing\closed\photo_22_2024-12-06_22-23-51.jpg,train
1124,0,pedestrian crossing,closed,960,1280,photo_22_2024-12-06_22-25-52.jpg,dataset_top12\pedestrian crossing\closed\photo_22_2024-12-06_22-25-52.jpg,train
1125,0,pedestrian crossing,closed,746,602,photo_22_2024-12-07_12-51-07.jpg,dataset_top12\pedestrian crossing\closed\photo_22_2024-12-07_12-51-07.jpg,train
1126,0,pedestrian crossing,closed,960,1280,photo_22_2024-12-09_12-45-24.jpg,dataset_top12\pedestrian crossing\closed\photo_22_2024-12-09_12-45-24.jpg,train
1127,0,pedestrian crossing,closed,960,1280,photo_23_2024-10-29_09-53-08.jpg,dataset_top12\pedestrian crossing\closed\photo_23_2024-10-29_09-53-08.jpg,train
1128,0,pedestrian crossing,closed,960,1280,photo_23_2024-10-29_09-53-51.jpg,dataset_top12\pedestrian crossing\closed\photo_23_2024-10-29_09-53-51.jpg,train
1129,0,pedestrian crossing,closed,960,1280,photo_23_2024-12-05_22-22-53.jpg,dataset_top12\pedestrian crossing\closed\photo_23_2024-12-05_22-22-53.jpg,validation
1130,0,pedestrian crossing,closed,1280,846,photo_23_2024-12-05_22-23-10.jpg,dataset_top12\pedestrian crossing\closed\photo_23_2024-12-05_22-23-10.jpg,validation
1131,0,pedestrian crossing,closed,960,1280,photo_23_2024-12-06_22-23-51.jpg,dataset_top12\pedestrian crossing\closed\photo_23_2024-12-06_22-23-51.jpg,test
1132,0,pedestrian crossing,closed,960,1280,photo_23_2024-12-06_22-24-57.jpg,dataset_top12\pedestrian crossing\closed\photo_23_2024-12-06_22-24-57.jpg,train
1133,0,pedestrian crossing,closed,1139,1280,photo_23_2024-12-07_12-46-52.jpg,dataset_top12\pedestrian crossing\closed\photo_23_2024-12-07_12-46-52.jpg,train
1134,0,pedestrian crossing,closed,960,1280,photo_23_2024-12-07_12-48-36.jpg,dataset_top12\pedestrian crossing\closed\photo_23_2024-12-07_12-48-36.jpg,validation
1135,0,pedestrian crossing,closed,960,1280,photo_23_2024-12-09_12-45-24.jpg,dataset_top12\pedestrian crossing\closed\photo_23_2024-12-09_12-45-24.jpg,train
1136,0,pedestrian crossing,closed,960,1280,photo_23_2024-12-09_12-50-33.jpg,dataset_top12\pedestrian crossing\closed\photo_23_2024-12-09_12-50-33.jpg,test
1137,0,pedestrian crossing,closed,960,1280,photo_24_2024-10-29_09-53-08.jpg,dataset_top12\pedestrian crossing\closed\photo_24_2024-10-29_09-53-08.jpg,train
1138,0,pedestrian crossing,closed,960,1280,photo_24_2024-10-29_09-53-51.jpg,dataset_top12\pedestrian crossing\closed\photo_24_2024-10-29_09-53-51.jpg,train
1139,0,pedestrian crossing,closed,960,1280,photo_24_2024-10-29_09-54-21.jpg,dataset_top12\pedestrian crossing\closed\photo_24_2024-10-29_09-54-21.jpg,train
1140,0,pedestrian crossing,closed,960,1280,photo_24_2024-12-05_22-22-53.jpg,dataset_top12\pedestrian crossing\closed\photo_24_2024-12-05_22-22-53.jpg,train
1141,0,pedestrian crossing,closed,960,1280,photo_24_2024-12-05_22-23-10.jpg,dataset_top12\pedestrian crossing\closed\photo_24_2024-12-05_22-23-10.jpg,train
1142,0,pedestrian crossing,closed,960,1280,photo_24_2024-12-06_22-23-51.jpg,dataset_top12\pedestrian crossing\closed\photo_24_2024-12-06_22-23-51.jpg,train
1143,0,pedestrian crossing,closed,592,634,photo_24_2024-12-06_22-24-57.jpg,dataset_top12\pedestrian crossing\closed\photo_24_2024-12-06_22-24-57.jpg,train
1144,0,pedestrian crossing,closed,960,1280,photo_24_2024-12-07_12-48-36.jpg,dataset_top12\pedestrian crossing\closed\photo_24_2024-12-07_12-48-36.jpg,train
1145,0,pedestrian crossing,closed,960,1280,photo_24_2024-12-09_12-50-33.jpg,dataset_top12\pedestrian crossing\closed\photo_24_2024-12-09_12-50-33.jpg,validation
1146,0,pedestrian crossing,closed,960,1280,photo_25_2024-10-29_09-42-50.jpg,dataset_top12\pedestrian crossing\closed\photo_25_2024-10-29_09-42-50.jpg,test
1147,0,pedestrian crossing,closed,960,1280,photo_25_2024-10-29_09-53-08.jpg,dataset_top12\pedestrian crossing\closed\photo_25_2024-10-29_09-53-08.jpg,train
1148,0,pedestrian crossing,closed,960,1280,photo_25_2024-10-29_09-53-51.jpg,dataset_top12\pedestrian crossing\closed\photo_25_2024-10-29_09-53-51.jpg,train
1149,0,pedestrian crossing,closed,960,1280,photo_25_2024-10-29_09-54-21.jpg,dataset_top12\pedestrian crossing\closed\photo_25_2024-10-29_09-54-21.jpg,train
1150,0,pedestrian crossing,closed,960,1280,photo_25_2024-12-05_22-23-10.jpg,dataset_top12\pedestrian crossing\closed\photo_25_2024-12-05_22-23-10.jpg,train
1151,0,pedestrian crossing,closed,960,1280,photo_25_2024-12-06_22-23-51.jpg,dataset_top12\pedestrian crossing\closed\photo_25_2024-12-06_22-23-51.jpg,train
1152,0,pedestrian crossing,closed,878,877,photo_25_2024-12-06_22-24-57.jpg,dataset_top12\pedestrian crossing\closed\photo_25_2024-12-06_22-24-57.jpg,train
1153,0,pedestrian crossing,closed,960,1280,photo_25_2024-12-07_12-48-36.jpg,dataset_top12\pedestrian crossing\closed\photo_25_2024-12-07_12-48-36.jpg,train
1154,0,pedestrian crossing,closed,960,1280,photo_25_2024-12-07_12-49-18.jpg,dataset_top12\pedestrian crossing\closed\photo_25_2024-12-07_12-49-18.jpg,validation
1155,0,pedestrian crossing,closed,960,1280,photo_26_2024-10-29_09-53-08.jpg,dataset_top12\pedestrian crossing\closed\photo_26_2024-10-29_09-53-08.jpg,test
1156,0,pedestrian crossing,closed,960,928,photo_26_2024-10-29_09-53-51.jpg,dataset_top12\pedestrian crossing\closed\photo_26_2024-10-29_09-53-51.jpg,train
1157,0,pedestrian crossing,closed,960,1280,photo_26_2024-10-29_09-54-21.jpg,dataset_top12\pedestrian crossing\closed\photo_26_2024-10-29_09-54-21.jpg,train
1158,0,pedestrian crossing,closed,960,1280,photo_26_2024-12-05_22-23-10.jpg,dataset_top12\pedestrian crossing\closed\photo_26_2024-12-05_22-23-10.jpg,validation
1159,0,pedestrian crossing,closed,1280,821,photo_26_2024-12-05_22-23-50.jpg,dataset_top12\pedestrian crossing\closed\photo_26_2024-12-05_22-23-50.jpg,train
1160,0,pedestrian crossing,closed,960,1280,photo_26_2024-12-06_22-23-51.jpg,dataset_top12\pedestrian crossing\closed\photo_26_2024-12-06_22-23-51.jpg,train
1161,0,pedestrian crossing,closed,960,1280,photo_26_2024-12-06_22-25-52.jpg,dataset_top12\pedestrian crossing\closed\photo_26_2024-12-06_22-25-52.jpg,train
1162,0,pedestrian crossing,closed,1223,1280,photo_26_2024-12-07_12-48-02.jpg,dataset_top12\pedestrian crossing\closed\photo_26_2024-12-07_12-48-02.jpg,train
1163,0,pedestrian crossing,closed,960,1280,photo_26_2024-12-07_12-49-18.jpg,dataset_top12\pedestrian crossing\closed\photo_26_2024-12-07_12-49-18.jpg,train
1164,0,pedestrian crossing,closed,960,1280,photo_26_2024-12-07_12-51-07.jpg,dataset_top12\pedestrian crossing\closed\photo_26_2024-12-07_12-51-07.jpg,train
1165,0,pedestrian crossing,closed,960,1280,photo_27_2024-10-29_09-53-08.jpg,dataset_top12\pedestrian crossing\closed\photo_27_2024-10-29_09-53-08.jpg,train
1166,0,pedestrian crossing,closed,960,1280,photo_27_2024-10-29_09-53-51.jpg,dataset_top12\pedestrian crossing\closed\photo_27_2024-10-29_09-53-51.jpg,train
1167,0,pedestrian crossing,closed,960,1280,photo_27_2024-10-29_09-54-21.jpg,dataset_top12\pedestrian crossing\closed\photo_27_2024-10-29_09-54-21.jpg,train
1168,0,pedestrian crossing,closed,1280,1001,photo_27_2024-12-05_22-23-10.jpg,dataset_top12\pedestrian crossing\closed\photo_27_2024-12-05_22-23-10.jpg,train
1169,0,pedestrian crossing,closed,960,1280,photo_27_2024-12-06_22-23-51.jpg,dataset_top12\pedestrian crossing\closed\photo_27_2024-12-06_22-23-51.jpg,train
1170,0,pedestrian crossing,closed,960,1280,photo_27_2024-12-07_12-48-02.jpg,dataset_top12\pedestrian crossing\closed\photo_27_2024-12-07_12-48-02.jpg,train
1171,0,pedestrian crossing,closed,960,1280,photo_27_2024-12-07_12-49-18.jpg,dataset_top12\pedestrian crossing\closed\photo_27_2024-12-07_12-49-18.jpg,train
1172,0,pedestrian crossing,closed,960,1280,photo_27_2024-12-07_12-51-07.jpg,dataset_top12\pedestrian crossing\closed\photo_27_2024-12-07_12-51-07.jpg,train
1173,0,pedestrian crossing,closed,960,1280,photo_28_2024-10-29_09-53-08.jpg,dataset_top12\pedestrian crossing\closed\photo_28_2024-10-29_09-53-08.jpg,train
1174,0,pedestrian crossing,closed,960,1280,photo_28_2024-10-29_09-53-51.jpg,dataset_top12\pedestrian crossing\closed\photo_28_2024-10-29_09-53-51.jpg,train
1175,0,pedestrian crossing,closed,960,1280,photo_28_2024-10-29_09-54-21.jpg,dataset_top12\pedestrian crossing\closed\photo_28_2024-10-29_09-54-21.jpg,train
1176,0,pedestrian crossing,closed,960,1280,photo_28_2024-12-05_22-23-10.jpg,dataset_top12\pedestrian crossing\closed\photo_28_2024-12-05_22-23-10.jpg,train
1177,0,pedestrian crossing,closed,1280,773,photo_28_2024-12-05_22-23-50.jpg,dataset_top12\pedestrian crossing\closed\photo_28_2024-12-05_22-23-50.jpg,train
1178,0,pedestrian crossing,closed,960,1280,photo_28_2024-12-06_22-23-51.jpg,dataset_top12\pedestrian crossing\closed\photo_28_2024-12-06_22-23-51.jpg,test
1179,0,pedestrian crossing,closed,1100,1280,photo_28_2024-12-07_12-47-32.jpg,dataset_top12\pedestrian crossing\closed\photo_28_2024-12-07_12-47-32.jpg,validation
1180,0,pedestrian crossing,closed,960,1280,photo_28_2024-12-07_12-48-36.jpg,dataset_top12\pedestrian crossing\closed\photo_28_2024-12-07_12-48-36.jpg,validation
1181,0,pedestrian crossing,closed,1280,1273,photo_28_2024-12-07_12-49-18.jpg,dataset_top12\pedestrian crossing\closed\photo_28_2024-12-07_12-49-18.jpg,test
1182,0,pedestrian crossing,closed,960,1280,photo_28_2024-12-07_12-51-07.jpg,dataset_top12\pedestrian crossing\closed\photo_28_2024-12-07_12-51-07.jpg,train
1183,0,pedestrian crossing,closed,960,1280,photo_28_2024-12-09_12-46-01.jpg,dataset_top12\pedestrian crossing\closed\photo_28_2024-12-09_12-46-01.jpg,validation
1184,0,pedestrian crossing,closed,960,1280,photo_29_2024-10-29_09-42-50.jpg,dataset_top12\pedestrian crossing\closed\photo_29_2024-10-29_09-42-50.jpg,train
1185,0,pedestrian crossing,closed,960,1280,photo_29_2024-10-29_09-53-08.jpg,dataset_top12\pedestrian crossing\closed\photo_29_2024-10-29_09-53-08.jpg,train
1186,0,pedestrian crossing,closed,960,1280,photo_29_2024-10-29_09-53-51.jpg,dataset_top12\pedestrian crossing\closed\photo_29_2024-10-29_09-53-51.jpg,train
1187,0,pedestrian crossing,closed,960,1280,photo_29_2024-10-29_09-54-21.jpg,dataset_top12\pedestrian crossing\closed\photo_29_2024-10-29_09-54-21.jpg,train
1188,0,pedestrian crossing,closed,960,1280,photo_29_2024-12-06_22-23-51.jpg,dataset_top12\pedestrian crossing\closed\photo_29_2024-12-06_22-23-51.jpg,train
1189,0,pedestrian crossing,closed,960,1280,photo_29_2024-12-06_22-25-52.jpg,dataset_top12\pedestrian crossing\closed\photo_29_2024-12-06_22-25-52.jpg,train
1190,0,pedestrian crossing,closed,1061,1280,photo_29_2024-12-07_12-48-02.jpg,dataset_top12\pedestrian crossing\closed\photo_29_2024-12-07_12-48-02.jpg,test
1191,0,pedestrian crossing,closed,960,1280,photo_2_2024-10-29_09-42-50.jpg,dataset_top12\pedestrian crossing\closed\photo_2_2024-10-29_09-42-50.jpg,train
1192,0,pedestrian crossing,closed,960,1280,photo_2_2024-10-29_09-53-08.jpg,dataset_top12\pedestrian crossing\closed\photo_2_2024-10-29_09-53-08.jpg,train
1193,0,pedestrian crossing,closed,960,1280,photo_2_2024-10-29_09-53-51.jpg,dataset_top12\pedestrian crossing\closed\photo_2_2024-10-29_09-53-51.jpg,train
1194,0,pedestrian crossing,closed,960,1280,photo_2_2024-10-29_09-54-21.jpg,dataset_top12\pedestrian crossing\closed\photo_2_2024-10-29_09-54-21.jpg,validation
1195,0,pedestrian crossing,closed,960,1280,photo_2_2024-10-29_09-54-37.jpg,dataset_top12\pedestrian crossing\closed\photo_2_2024-10-29_09-54-37.jpg,test
1196,0,pedestrian crossing,closed,960,1280,photo_2_2024-12-05_22-23-10.jpg,dataset_top12\pedestrian crossing\closed\photo_2_2024-12-05_22-23-10.jpg,test
1197,0,pedestrian crossing,closed,960,1280,photo_2_2024-12-06_22-24-57.jpg,dataset_top12\pedestrian crossing\closed\photo_2_2024-12-06_22-24-57.jpg,validation
1198,0,pedestrian crossing,closed,1280,1113,photo_2_2024-12-07_12-47-32.jpg,dataset_top12\pedestrian crossing\closed\photo_2_2024-12-07_12-47-32.jpg,train
1199,0,pedestrian crossing,closed,960,1280,photo_2_2024-12-07_12-48-02.jpg,dataset_top12\pedestrian crossing\closed\photo_2_2024-12-07_12-48-02.jpg,train
1200,0,pedestrian crossing,closed,960,1280,photo_2_2024-12-07_12-48-36.jpg,dataset_top12\pedestrian crossing\closed\photo_2_2024-12-07_12-48-36.jpg,train
1201,0,pedestrian crossing,closed,960,1280,photo_2_2024-12-07_12-49-18.jpg,dataset_top12\pedestrian crossing\closed\photo_2_2024-12-07_12-49-18.jpg,train
1202,0,pedestrian crossing,closed,960,1280,photo_2_2024-12-09_12-45-24.jpg,dataset_top12\pedestrian crossing\closed\photo_2_2024-12-09_12-45-24.jpg,train
1203,0,pedestrian crossing,closed,960,1280,photo_2_2024-12-18_02-27-08.jpg,dataset_top12\pedestrian crossing\closed\photo_2_2024-12-18_02-27-08.jpg,test
1204,0,pedestrian crossing,closed,960,1280,photo_2_2024-12-18_02-36-53.jpg,dataset_top12\pedestrian crossing\closed\photo_2_2024-12-18_02-36-53.jpg,test
1205,0,pedestrian crossing,closed,960,1280,photo_30_2024-10-29_09-42-50.jpg,dataset_top12\pedestrian crossing\closed\photo_30_2024-10-29_09-42-50.jpg,train
1206,0,pedestrian crossing,closed,960,1280,photo_30_2024-10-29_09-53-08.jpg,dataset_top12\pedestrian crossing\closed\photo_30_2024-10-29_09-53-08.jpg,train
1207,0,pedestrian crossing,closed,960,1280,photo_30_2024-10-29_09-53-51.jpg,dataset_top12\pedestrian crossing\closed\photo_30_2024-10-29_09-53-51.jpg,train
1208,0,pedestrian crossing,closed,960,1280,photo_30_2024-10-29_09-54-21.jpg,dataset_top12\pedestrian crossing\closed\photo_30_2024-10-29_09-54-21.jpg,test
1209,0,pedestrian crossing,closed,960,1280,photo_30_2024-12-05_22-23-10.jpg,dataset_top12\pedestrian crossing\closed\photo_30_2024-12-05_22-23-10.jpg,train
1210,0,pedestrian crossing,closed,960,1280,photo_30_2024-12-05_22-23-25.jpg,dataset_top12\pedestrian crossing\closed\photo_30_2024-12-05_22-23-25.jpg,train
1211,0,pedestrian crossing,closed,960,1280,photo_30_2024-12-06_22-23-51.jpg,dataset_top12\pedestrian crossing\closed\photo_30_2024-12-06_22-23-51.jpg,train
1212,0,pedestrian crossing,closed,960,1280,photo_30_2024-12-06_22-25-52.jpg,dataset_top12\pedestrian crossing\closed\photo_30_2024-12-06_22-25-52.jpg,train
1213,0,pedestrian crossing,closed,960,1280,photo_30_2024-12-07_12-47-32.jpg,dataset_top12\pedestrian crossing\closed\photo_30_2024-12-07_12-47-32.jpg,validation
1214,0,pedestrian crossing,closed,908,959,photo_30_2024-12-07_12-48-02_1.jpg,dataset_top12\pedestrian crossing\closed\photo_30_2024-12-07_12-48-02_1.jpg,train
1215,0,pedestrian crossing,closed,960,1280,photo_31_2024-10-29_09-53-08.jpg,dataset_top12\pedestrian crossing\closed\photo_31_2024-10-29_09-53-08.jpg,train
1216,0,pedestrian crossing,closed,960,1280,photo_31_2024-10-29_09-53-51.jpg,dataset_top12\pedestrian crossing\closed\photo_31_2024-10-29_09-53-51.jpg,test
1217,0,pedestrian crossing,closed,960,1280,photo_31_2024-12-05_22-23-10.jpg,dataset_top12\pedestrian crossing\closed\photo_31_2024-12-05_22-23-10.jpg,train
1218,0,pedestrian crossing,closed,960,1280,photo_31_2024-12-05_22-23-25.jpg,dataset_top12\pedestrian crossing\closed\photo_31_2024-12-05_22-23-25.jpg,train
1219,0,pedestrian crossing,closed,960,1280,photo_31_2024-12-06_22-25-52.jpg,dataset_top12\pedestrian crossing\closed\photo_31_2024-12-06_22-25-52.jpg,train
1220,0,pedestrian crossing,closed,1040,1280,photo_31_2024-12-07_12-46-52.jpg,dataset_top12\pedestrian crossing\closed\photo_31_2024-12-07_12-46-52.jpg,validation
1221,0,pedestrian crossing,closed,960,1280,photo_31_2024-12-07_12-48-36.jpg,dataset_top12\pedestrian crossing\closed\photo_31_2024-12-07_12-48-36.jpg,test
1222,0,pedestrian crossing,closed,960,1280,photo_31_2024-12-09_12-49-48.jpg,dataset_top12\pedestrian crossing\closed\photo_31_2024-12-09_12-49-48.jpg,train
1223,0,pedestrian crossing,closed,960,1280,photo_32_2024-10-29_09-42-50.jpg,dataset_top12\pedestrian crossing\closed\photo_32_2024-10-29_09-42-50.jpg,train
1224,0,pedestrian crossing,closed,960,1280,photo_32_2024-10-29_09-53-08.jpg,dataset_top12\pedestrian crossing\closed\photo_32_2024-10-29_09-53-08.jpg,train
1225,0,pedestrian crossing,closed,960,1280,photo_32_2024-10-29_09-53-51.jpg,dataset_top12\pedestrian crossing\closed\photo_32_2024-10-29_09-53-51.jpg,train
1226,0,pedestrian crossing,closed,960,1280,photo_32_2024-10-29_09-54-21.jpg,dataset_top12\pedestrian crossing\closed\photo_32_2024-10-29_09-54-21.jpg,train
1227,0,pedestrian crossing,closed,960,1280,photo_32_2024-12-05_22-23-10.jpg,dataset_top12\pedestrian crossing\closed\photo_32_2024-12-05_22-23-10.jpg,train
1228,0,pedestrian crossing,closed,960,1280,photo_32_2024-12-05_22-23-25.jpg,dataset_top12\pedestrian crossing\closed\photo_32_2024-12-05_22-23-25.jpg,test
1229,0,pedestrian crossing,closed,812,795,photo_32_2024-12-07_12-49-18.jpg,dataset_top12\pedestrian crossing\closed\photo_32_2024-12-07_12-49-18.jpg,train
1230,0,pedestrian crossing,closed,960,1280,photo_33_2024-10-29_09-53-08.jpg,dataset_top12\pedestrian crossing\closed\photo_33_2024-10-29_09-53-08.jpg,train
1231,0,pedestrian crossing,closed,960,1280,photo_33_2024-10-29_09-53-51.jpg,dataset_top12\pedestrian crossing\closed\photo_33_2024-10-29_09-53-51.jpg,train
1232,0,pedestrian crossing,closed,960,1280,photo_33_2024-10-29_09-54-21.jpg,dataset_top12\pedestrian crossing\closed\photo_33_2024-10-29_09-54-21.jpg,train
1233,0,pedestrian crossing,closed,960,1280,photo_33_2024-12-05_22-23-10.jpg,dataset_top12\pedestrian crossing\closed\photo_33_2024-12-05_22-23-10.jpg,validation
1234,0,pedestrian crossing,closed,960,1280,photo_33_2024-12-05_22-23-25.jpg,dataset_top12\pedestrian crossing\closed\photo_33_2024-12-05_22-23-25.jpg,test
1235,0,pedestrian crossing,closed,960,1280,photo_33_2024-12-05_22-23-50.jpg,dataset_top12\pedestrian crossing\closed\photo_33_2024-12-05_22-23-50.jpg,test
1236,0,pedestrian crossing,closed,960,1280,photo_33_2024-12-06_22-23-51.jpg,dataset_top12\pedestrian crossing\closed\photo_33_2024-12-06_22-23-51.jpg,train
1237,0,pedestrian crossing,closed,960,1280,photo_33_2024-12-06_22-25-52.jpg,dataset_top12\pedestrian crossing\closed\photo_33_2024-12-06_22-25-52.jpg,validation
1238,0,pedestrian crossing,closed,960,1280,photo_33_2024-12-07_12-48-36.jpg,dataset_top12\pedestrian crossing\closed\photo_33_2024-12-07_12-48-36.jpg,train
1239,0,pedestrian crossing,closed,960,1280,photo_33_2024-12-07_12-49-18.jpg,dataset_top12\pedestrian crossing\closed\photo_33_2024-12-07_12-49-18.jpg,train
1240,0,pedestrian crossing,closed,438,442,photo_33_2024-12-09_12-45-24.jpg,dataset_top12\pedestrian crossing\closed\photo_33_2024-12-09_12-45-24.jpg,validation
1241,0,pedestrian crossing,closed,960,1280,photo_34_2024-10-29_09-42-50.jpg,dataset_top12\pedestrian crossing\closed\photo_34_2024-10-29_09-42-50.jpg,train
1242,0,pedestrian crossing,closed,960,1280,photo_34_2024-10-29_09-53-08.jpg,dataset_top12\pedestrian crossing\closed\photo_34_2024-10-29_09-53-08.jpg,test
1243,0,pedestrian crossing,closed,960,1280,photo_34_2024-10-29_09-53-51.jpg,dataset_top12\pedestrian crossing\closed\photo_34_2024-10-29_09-53-51.jpg,train
1244,0,pedestrian crossing,closed,960,1280,photo_34_2024-10-29_09-54-21.jpg,dataset_top12\pedestrian crossing\closed\photo_34_2024-10-29_09-54-21.jpg,train
1245,0,pedestrian crossing,closed,960,1280,photo_34_2024-12-05_22-23-10.jpg,dataset_top12\pedestrian crossing\closed\photo_34_2024-12-05_22-23-10.jpg,test
1246,0,pedestrian crossing,closed,960,1280,photo_34_2024-12-05_22-23-25.jpg,dataset_top12\pedestrian crossing\closed\photo_34_2024-12-05_22-23-25.jpg,validation
1247,0,pedestrian crossing,closed,960,1280,photo_34_2024-12-07_12-49-18.jpg,dataset_top12\pedestrian crossing\closed\photo_34_2024-12-07_12-49-18.jpg,train
1248,0,pedestrian crossing,closed,960,1280,photo_35_2024-10-29_09-42-50.jpg,dataset_top12\pedestrian crossing\closed\photo_35_2024-10-29_09-42-50.jpg,train
1249,0,pedestrian crossing,closed,960,1280,photo_35_2024-10-29_09-53-08.jpg,dataset_top12\pedestrian crossing\closed\photo_35_2024-10-29_09-53-08.jpg,train
1250,0,pedestrian crossing,closed,960,1280,photo_35_2024-10-29_09-53-51.jpg,dataset_top12\pedestrian crossing\closed\photo_35_2024-10-29_09-53-51.jpg,train
1251,0,pedestrian crossing,closed,960,1280,photo_35_2024-10-29_09-54-21.jpg,dataset_top12\pedestrian crossing\closed\photo_35_2024-10-29_09-54-21.jpg,train
1252,0,pedestrian crossing,closed,960,1280,photo_35_2024-12-05_22-23-10.jpg,dataset_top12\pedestrian crossing\closed\photo_35_2024-12-05_22-23-10.jpg,train
1253,0,pedestrian crossing,closed,960,1280,photo_35_2024-12-05_22-23-25.jpg,dataset_top12\pedestrian crossing\closed\photo_35_2024-12-05_22-23-25.jpg,test
1254,0,pedestrian crossing,closed,960,1280,photo_35_2024-12-05_22-23-50.jpg,dataset_top12\pedestrian crossing\closed\photo_35_2024-12-05_22-23-50.jpg,train
1255,0,pedestrian crossing,closed,960,1280,photo_35_2024-12-07_12-47-32.jpg,dataset_top12\pedestrian crossing\closed\photo_35_2024-12-07_12-47-32.jpg,train
1256,0,pedestrian crossing,closed,1059,1038,photo_35_2024-12-07_12-48-02.jpg,dataset_top12\pedestrian crossing\closed\photo_35_2024-12-07_12-48-02.jpg,validation
1257,0,pedestrian crossing,closed,960,1280,photo_35_2024-12-07_12-48-36.jpg,dataset_top12\pedestrian crossing\closed\photo_35_2024-12-07_12-48-36.jpg,train
1258,0,pedestrian crossing,closed,960,1280,photo_35_2024-12-07_12-49-18.jpg,dataset_top12\pedestrian crossing\closed\photo_35_2024-12-07_12-49-18.jpg,train
1259,0,pedestrian crossing,closed,960,1280,photo_35_2024-12-07_12-51-07.jpg,dataset_top12\pedestrian crossing\closed\photo_35_2024-12-07_12-51-07.jpg,train
1260,0,pedestrian crossing,closed,960,1280,photo_35_2024-12-09_12-46-32.jpg,dataset_top12\pedestrian crossing\closed\photo_35_2024-12-09_12-46-32.jpg,train
1261,0,pedestrian crossing,closed,960,1280,photo_36_2024-10-29_09-42-50.jpg,dataset_top12\pedestrian crossing\closed\photo_36_2024-10-29_09-42-50.jpg,train
1262,0,pedestrian crossing,closed,960,1280,photo_36_2024-10-29_09-53-08.jpg,dataset_top12\pedestrian crossing\closed\photo_36_2024-10-29_09-53-08.jpg,train
1263,0,pedestrian crossing,closed,960,1280,photo_36_2024-10-29_09-53-51.jpg,dataset_top12\pedestrian crossing\closed\photo_36_2024-10-29_09-53-51.jpg,train
1264,0,pedestrian crossing,closed,960,1280,photo_36_2024-12-05_22-23-10.jpg,dataset_top12\pedestrian crossing\closed\photo_36_2024-12-05_22-23-10.jpg,train
1265,0,pedestrian crossing,closed,960,1280,photo_36_2024-12-05_22-23-25.jpg,dataset_top12\pedestrian crossing\closed\photo_36_2024-12-05_22-23-25.jpg,validation
1266,0,pedestrian crossing,closed,1266,1280,photo_36_2024-12-05_22-23-50.jpg,dataset_top12\pedestrian crossing\closed\photo_36_2024-12-05_22-23-50.jpg,train
1267,0,pedestrian crossing,closed,960,1280,photo_36_2024-12-06_22-25-52.jpg,dataset_top12\pedestrian crossing\closed\photo_36_2024-12-06_22-25-52.jpg,train
1268,0,pedestrian crossing,closed,1020,946,photo_36_2024-12-07_12-48-02.jpg,dataset_top12\pedestrian crossing\closed\photo_36_2024-12-07_12-48-02.jpg,train
1269,0,pedestrian crossing,closed,960,1280,photo_36_2024-12-07_12-49-18.jpg,dataset_top12\pedestrian crossing\closed\photo_36_2024-12-07_12-49-18.jpg,train
1270,0,pedestrian crossing,closed,960,1280,photo_36_2024-12-18_02-36-53.jpg,dataset_top12\pedestrian crossing\closed\photo_36_2024-12-18_02-36-53.jpg,validation
1271,0,pedestrian crossing,closed,960,1280,photo_37_2024-10-29_09-42-50.jpg,dataset_top12\pedestrian crossing\closed\photo_37_2024-10-29_09-42-50.jpg,train
1272,0,pedestrian crossing,closed,960,1280,photo_37_2024-10-29_09-53-08.jpg,dataset_top12\pedestrian crossing\closed\photo_37_2024-10-29_09-53-08.jpg,train
1273,0,pedestrian crossing,closed,960,1280,photo_37_2024-10-29_09-53-51.jpg,dataset_top12\pedestrian crossing\closed\photo_37_2024-10-29_09-53-51.jpg,validation
1274,0,pedestrian crossing,closed,960,1280,photo_37_2024-10-29_09-54-21.jpg,dataset_top12\pedestrian crossing\closed\photo_37_2024-10-29_09-54-21.jpg,test
1275,0,pedestrian crossing,closed,960,1280,photo_37_2024-12-05_22-23-10.jpg,dataset_top12\pedestrian crossing\closed\photo_37_2024-12-05_22-23-10.jpg,train
1276,0,pedestrian crossing,closed,960,1280,photo_37_2024-12-05_22-23-25.jpg,dataset_top12\pedestrian crossing\closed\photo_37_2024-12-05_22-23-25.jpg,train
1277,0,pedestrian crossing,closed,1002,1065,photo_37_2024-12-07_12-48-02.jpg,dataset_top12\pedestrian crossing\closed\photo_37_2024-12-07_12-48-02.jpg,train
1278,0,pedestrian crossing,closed,960,1280,photo_37_2024-12-07_12-49-18.jpg,dataset_top12\pedestrian crossing\closed\photo_37_2024-12-07_12-49-18.jpg,train
1279,0,pedestrian crossing,closed,960,1280,photo_38_2024-10-29_09-53-08.jpg,dataset_top12\pedestrian crossing\closed\photo_38_2024-10-29_09-53-08.jpg,train
1280,0,pedestrian crossing,closed,960,1280,photo_38_2024-10-29_09-53-51.jpg,dataset_top12\pedestrian crossing\closed\photo_38_2024-10-29_09-53-51.jpg,train
1281,0,pedestrian crossing,closed,960,1280,photo_38_2024-10-29_09-54-21.jpg,dataset_top12\pedestrian crossing\closed\photo_38_2024-10-29_09-54-21.jpg,train
1282,0,pedestrian crossing,closed,960,1280,photo_38_2024-12-05_22-23-10.jpg,dataset_top12\pedestrian crossing\closed\photo_38_2024-12-05_22-23-10.jpg,validation
1283,0,pedestrian crossing,closed,1007,1280,photo_38_2024-12-05_22-23-50.jpg,dataset_top12\pedestrian crossing\closed\photo_38_2024-12-05_22-23-50.jpg,train
1284,0,pedestrian crossing,closed,960,1280,photo_38_2024-12-06_22-23-51.jpg,dataset_top12\pedestrian crossing\closed\photo_38_2024-12-06_22-23-51.jpg,test
1285,0,pedestrian crossing,closed,687,683,photo_38_2024-12-07_12-48-02.jpg,dataset_top12\pedestrian crossing\closed\photo_38_2024-12-07_12-48-02.jpg,train
1286,0,pedestrian crossing,closed,960,1040,photo_38_2024-12-07_12-48-36.jpg,dataset_top12\pedestrian crossing\closed\photo_38_2024-12-07_12-48-36.jpg,train
1287,0,pedestrian crossing,closed,960,982,photo_38_2024-12-07_12-49-18.jpg,dataset_top12\pedestrian crossing\closed\photo_38_2024-12-07_12-49-18.jpg,train
1288,0,pedestrian crossing,closed,960,1280,photo_39_2024-10-29_09-53-08.jpg,dataset_top12\pedestrian crossing\closed\photo_39_2024-10-29_09-53-08.jpg,train
1289,0,pedestrian crossing,closed,960,1280,photo_39_2024-10-29_09-53-51.jpg,dataset_top12\pedestrian crossing\closed\photo_39_2024-10-29_09-53-51.jpg,validation
1290,0,pedestrian crossing,closed,960,1280,photo_39_2024-10-29_09-54-21.jpg,dataset_top12\pedestrian crossing\closed\photo_39_2024-10-29_09-54-21.jpg,train
1291,0,pedestrian crossing,closed,960,1280,photo_39_2024-12-05_22-23-10.jpg,dataset_top12\pedestrian crossing\closed\photo_39_2024-12-05_22-23-10.jpg,test
1292,0,pedestrian crossing,closed,960,1280,photo_39_2024-12-06_22-23-51.jpg,dataset_top12\pedestrian crossing\closed\photo_39_2024-12-06_22-23-51.jpg,test
1293,0,pedestrian crossing,closed,960,1280,photo_39_2024-12-07_12-47-32.jpg,dataset_top12\pedestrian crossing\closed\photo_39_2024-12-07_12-47-32.jpg,train
1294,0,pedestrian crossing,closed,975,1280,photo_39_2024-12-07_12-48-02.jpg,dataset_top12\pedestrian crossing\closed\photo_39_2024-12-07_12-48-02.jpg,train
1295,0,pedestrian crossing,closed,960,1280,photo_3_2024-10-29_09-42-50.jpg,dataset_top12\pedestrian crossing\closed\photo_3_2024-10-29_09-42-50.jpg,train
1296,0,pedestrian crossing,closed,960,1280,photo_3_2024-10-29_09-53-08.jpg,dataset_top12\pedestrian crossing\closed\photo_3_2024-10-29_09-53-08.jpg,train
1297,0,pedestrian crossing,closed,960,1280,photo_3_2024-10-29_09-53-51.jpg,dataset_top12\pedestrian crossing\closed\photo_3_2024-10-29_09-53-51.jpg,test
1298,0,pedestrian crossing,closed,960,1280,photo_3_2024-10-29_09-54-37.jpg,dataset_top12\pedestrian crossing\closed\photo_3_2024-10-29_09-54-37.jpg,test
1299,0,pedestrian crossing,closed,960,1280,photo_3_2024-12-06_22-24-57.jpg,dataset_top12\pedestrian crossing\closed\photo_3_2024-12-06_22-24-57.jpg,validation
1300,0,pedestrian crossing,closed,1038,1280,photo_3_2024-12-07_12-47-32.jpg,dataset_top12\pedestrian crossing\closed\photo_3_2024-12-07_12-47-32.jpg,train
1301,0,pedestrian crossing,closed,960,1280,photo_3_2024-12-07_12-48-36.jpg,dataset_top12\pedestrian crossing\closed\photo_3_2024-12-07_12-48-36.jpg,train
1302,0,pedestrian crossing,closed,960,1280,photo_3_2024-12-09_12-45-24.jpg,dataset_top12\pedestrian crossing\closed\photo_3_2024-12-09_12-45-24.jpg,train
1303,0,pedestrian crossing,closed,960,1280,photo_3_2024-12-18_02-36-53.jpg,dataset_top12\pedestrian crossing\closed\photo_3_2024-12-18_02-36-53.jpg,train
1304,0,pedestrian crossing,closed,959,1280,photo_40_2024-10-29_09-42-50.jpg,dataset_top12\pedestrian crossing\closed\photo_40_2024-10-29_09-42-50.jpg,train
1305,0,pedestrian crossing,closed,960,1280,photo_40_2024-10-29_09-53-08.jpg,dataset_top12\pedestrian crossing\closed\photo_40_2024-10-29_09-53-08.jpg,train
1306,0,pedestrian crossing,closed,960,1280,photo_40_2024-10-29_09-53-51.jpg,dataset_top12\pedestrian crossing\closed\photo_40_2024-10-29_09-53-51.jpg,train
1307,0,pedestrian crossing,closed,960,1280,photo_40_2024-12-05_22-23-25.jpg,dataset_top12\pedestrian crossing\closed\photo_40_2024-12-05_22-23-25.jpg,train
1308,0,pedestrian crossing,closed,960,1280,photo_40_2024-12-05_22-23-50.jpg,dataset_top12\pedestrian crossing\closed\photo_40_2024-12-05_22-23-50.jpg,train
1309,0,pedestrian crossing,closed,960,1280,photo_40_2024-12-06_22-23-51.jpg,dataset_top12\pedestrian crossing\closed\photo_40_2024-12-06_22-23-51.jpg,train
1310,0,pedestrian crossing,closed,960,1280,photo_40_2024-12-06_22-25-52.jpg,dataset_top12\pedestrian crossing\closed\photo_40_2024-12-06_22-25-52.jpg,train
1311,0,pedestrian crossing,closed,854,1280,photo_40_2024-12-07_12-46-52.jpg,dataset_top12\pedestrian crossing\closed\photo_40_2024-12-07_12-46-52.jpg,test
1312,0,pedestrian crossing,closed,874,883,photo_40_2024-12-07_12-48-02.jpg,dataset_top12\pedestrian crossing\closed\photo_40_2024-12-07_12-48-02.jpg,train
1313,0,pedestrian crossing,closed,960,1280,photo_40_2024-12-07_12-49-18.jpg,dataset_top12\pedestrian crossing\closed\photo_40_2024-12-07_12-49-18.jpg,train
1314,0,pedestrian crossing,closed,444,444,photo_40_2024-12-09_12-45-24.jpg,dataset_top12\pedestrian crossing\closed\photo_40_2024-12-09_12-45-24.jpg,train
1315,0,pedestrian crossing,closed,960,1280,photo_40_2024-12-18_02-36-53.jpg,dataset_top12\pedestrian crossing\closed\photo_40_2024-12-18_02-36-53.jpg,train
1316,0,pedestrian crossing,closed,960,1280,photo_41_2024-10-29_09-42-50.jpg,dataset_top12\pedestrian crossing\closed\photo_41_2024-10-29_09-42-50.jpg,train
1317,0,pedestrian crossing,closed,960,1280,photo_41_2024-10-29_09-53-08.jpg,dataset_top12\pedestrian crossing\closed\photo_41_2024-10-29_09-53-08.jpg,test
1318,0,pedestrian crossing,closed,960,1280,photo_41_2024-10-29_09-53-51.jpg,dataset_top12\pedestrian crossing\closed\photo_41_2024-10-29_09-53-51.jpg,train
1319,0,pedestrian crossing,closed,960,1280,photo_41_2024-12-05_22-23-25.jpg,dataset_top12\pedestrian crossing\closed\photo_41_2024-12-05_22-23-25.jpg,test
1320,0,pedestrian crossing,closed,960,1280,photo_41_2024-12-07_12-48-02.jpg,dataset_top12\pedestrian crossing\closed\photo_41_2024-12-07_12-48-02.jpg,test
1321,0,pedestrian crossing,closed,960,1280,photo_41_2024-12-07_12-48-37.jpg,dataset_top12\pedestrian crossing\closed\photo_41_2024-12-07_12-48-37.jpg,validation
1322,0,pedestrian crossing,closed,960,1280,photo_41_2024-12-07_12-49-18.jpg,dataset_top12\pedestrian crossing\closed\photo_41_2024-12-07_12-49-18.jpg,train
1323,0,pedestrian crossing,closed,445,421,photo_41_2024-12-09_12-45-24.jpg,dataset_top12\pedestrian crossing\closed\photo_41_2024-12-09_12-45-24.jpg,train
1324,0,pedestrian crossing,closed,960,1280,photo_42_2024-10-29_09-42-50.jpg,dataset_top12\pedestrian crossing\closed\photo_42_2024-10-29_09-42-50.jpg,train
1325,0,pedestrian crossing,closed,960,1280,photo_42_2024-10-29_09-53-51.jpg,dataset_top12\pedestrian crossing\closed\photo_42_2024-10-29_09-53-51.jpg,train
1326,0,pedestrian crossing,closed,1280,1041,photo_42_2024-12-05_22-23-10.jpg,dataset_top12\pedestrian crossing\closed\photo_42_2024-12-05_22-23-10.jpg,train
1327,0,pedestrian crossing,closed,960,1280,photo_42_2024-12-05_22-23-25.jpg,dataset_top12\pedestrian crossing\closed\photo_42_2024-12-05_22-23-25.jpg,train
1328,0,pedestrian crossing,closed,1000,1280,photo_42_2024-12-05_22-23-50.jpg,dataset_top12\pedestrian crossing\closed\photo_42_2024-12-05_22-23-50.jpg,test
1329,0,pedestrian crossing,closed,960,1280,photo_42_2024-12-06_22-23-51.jpg,dataset_top12\pedestrian crossing\closed\photo_42_2024-12-06_22-23-51.jpg,train
1330,0,pedestrian crossing,closed,960,1280,photo_42_2024-12-06_22-25-52.jpg,dataset_top12\pedestrian crossing\closed\photo_42_2024-12-06_22-25-52.jpg,train
1331,0,pedestrian crossing,closed,788,798,photo_42_2024-12-07_12-48-02.jpg,dataset_top12\pedestrian crossing\closed\photo_42_2024-12-07_12-48-02.jpg,train
1332,0,pedestrian crossing,closed,960,1280,photo_42_2024-12-07_12-48-37.jpg,dataset_top12\pedestrian crossing\closed\photo_42_2024-12-07_12-48-37.jpg,train
1333,0,pedestrian crossing,closed,960,1280,photo_42_2024-12-07_12-49-18.jpg,dataset_top12\pedestrian crossing\closed\photo_42_2024-12-07_12-49-18.jpg,test
1334,0,pedestrian crossing,closed,960,1280,photo_43_2024-10-29_09-42-50.jpg,dataset_top12\pedestrian crossing\closed\photo_43_2024-10-29_09-42-50.jpg,train
1335,0,pedestrian crossing,closed,960,1280,photo_43_2024-10-29_09-53-08.jpg,dataset_top12\pedestrian crossing\closed\photo_43_2024-10-29_09-53-08.jpg,train
1336,0,pedestrian crossing,closed,960,1280,photo_43_2024-10-29_09-53-51.jpg,dataset_top12\pedestrian crossing\closed\photo_43_2024-10-29_09-53-51.jpg,train
1337,0,pedestrian crossing,closed,960,1280,photo_43_2024-10-29_09-54-21.jpg,dataset_top12\pedestrian crossing\closed\photo_43_2024-10-29_09-54-21.jpg,test
1338,0,pedestrian crossing,closed,1280,839,photo_43_2024-12-05_22-23-10.jpg,dataset_top12\pedestrian crossing\closed\photo_43_2024-12-05_22-23-10.jpg,validation
1339,0,pedestrian crossing,closed,960,1280,photo_43_2024-12-05_22-23-25.jpg,dataset_top12\pedestrian crossing\closed\photo_43_2024-12-05_22-23-25.jpg,test
1340,0,pedestrian crossing,closed,1197,1280,photo_43_2024-12-05_22-23-50.jpg,dataset_top12\pedestrian crossing\closed\photo_43_2024-12-05_22-23-50.jpg,train
1341,0,pedestrian crossing,closed,960,1280,photo_43_2024-12-07_12-48-02.jpg,dataset_top12\pedestrian crossing\closed\photo_43_2024-12-07_12-48-02.jpg,validation
1342,0,pedestrian crossing,closed,833,829,photo_43_2024-12-07_12-48-37.jpg,dataset_top12\pedestrian crossing\closed\photo_43_2024-12-07_12-48-37.jpg,train
1343,0,pedestrian crossing,closed,960,1280,photo_43_2024-12-07_12-49-18.jpg,dataset_top12\pedestrian crossing\closed\photo_43_2024-12-07_12-49-18.jpg,train
1344,0,pedestrian crossing,closed,960,1280,photo_43_2024-12-09_12-49-48.jpg,dataset_top12\pedestrian crossing\closed\photo_43_2024-12-09_12-49-48.jpg,train
1345,0,pedestrian crossing,closed,960,1280,photo_44_2024-10-29_09-53-51.jpg,dataset_top12\pedestrian crossing\closed\photo_44_2024-10-29_09-53-51.jpg,validation
1346,0,pedestrian crossing,closed,960,1280,photo_44_2024-10-29_09-54-21.jpg,dataset_top12\pedestrian crossing\closed\photo_44_2024-10-29_09-54-21.jpg,test
1347,0,pedestrian crossing,closed,960,1280,photo_44_2024-12-05_22-23-10.jpg,dataset_top12\pedestrian crossing\closed\photo_44_2024-12-05_22-23-10.jpg,test
1348,0,pedestrian crossing,closed,960,1280,photo_44_2024-12-05_22-23-25.jpg,dataset_top12\pedestrian crossing\closed\photo_44_2024-12-05_22-23-25.jpg,test
1349,0,pedestrian crossing,closed,960,1280,photo_44_2024-12-05_22-23-50.jpg,dataset_top12\pedestrian crossing\closed\photo_44_2024-12-05_22-23-50.jpg,validation
1350,0,pedestrian crossing,closed,960,1280,photo_44_2024-12-07_12-48-02.jpg,dataset_top12\pedestrian crossing\closed\photo_44_2024-12-07_12-48-02.jpg,train
1351,0,pedestrian crossing,closed,960,1280,photo_44_2024-12-07_12-48-37.jpg,dataset_top12\pedestrian crossing\closed\photo_44_2024-12-07_12-48-37.jpg,validation
1352,0,pedestrian crossing,closed,960,1280,photo_45_2024-10-29_09-53-08.jpg,dataset_top12\pedestrian crossing\closed\photo_45_2024-10-29_09-53-08.jpg,validation
1353,0,pedestrian crossing,closed,960,1280,photo_45_2024-10-29_09-53-51.jpg,dataset_top12\pedestrian crossing\closed\photo_45_2024-10-29_09-53-51.jpg,train
1354,0,pedestrian crossing,closed,960,1280,photo_45_2024-10-29_09-54-21.jpg,dataset_top12\pedestrian crossing\closed\photo_45_2024-10-29_09-54-21.jpg,test
1355,0,pedestrian crossing,closed,960,1280,photo_45_2024-12-05_22-23-10.jpg,dataset_top12\pedestrian crossing\closed\photo_45_2024-12-05_22-23-10.jpg,test
1356,0,pedestrian crossing,closed,1052,1280,photo_45_2024-12-05_22-23-25.jpg,dataset_top12\pedestrian crossing\closed\photo_45_2024-12-05_22-23-25.jpg,train
1357,0,pedestrian crossing,closed,960,1280,photo_45_2024-12-06_22-23-51.jpg,dataset_top12\pedestrian crossing\closed\photo_45_2024-12-06_22-23-51.jpg,train
1358,0,pedestrian crossing,closed,976,1280,photo_45_2024-12-07_12-46-52.jpg,dataset_top12\pedestrian crossing\closed\photo_45_2024-12-07_12-46-52.jpg,validation
1359,0,pedestrian crossing,closed,1133,1280,photo_45_2024-12-07_12-47-32.jpg,dataset_top12\pedestrian crossing\closed\photo_45_2024-12-07_12-47-32.jpg,test
1360,0,pedestrian crossing,closed,1269,1280,photo_45_2024-12-07_12-48-02.jpg,dataset_top12\pedestrian crossing\closed\photo_45_2024-12-07_12-48-02.jpg,train
1361,0,pedestrian crossing,closed,960,1280,photo_45_2024-12-07_12-49-18.jpg,dataset_top12\pedestrian crossing\closed\photo_45_2024-12-07_12-49-18.jpg,train
1362,0,pedestrian crossing,closed,737,734,photo_45_2024-12-09_12-45-24.jpg,dataset_top12\pedestrian crossing\closed\photo_45_2024-12-09_12-45-24.jpg,test
1363,0,pedestrian crossing,closed,960,1280,photo_45_2024-12-09_12-46-01.jpg,dataset_top12\pedestrian crossing\closed\photo_45_2024-12-09_12-46-01.jpg,train
1364,0,pedestrian crossing,closed,960,1280,photo_46_2024-10-29_09-42-50.jpg,dataset_top12\pedestrian crossing\closed\photo_46_2024-10-29_09-42-50.jpg,train
1365,0,pedestrian crossing,closed,960,1280,photo_46_2024-10-29_09-53-08.jpg,dataset_top12\pedestrian crossing\closed\photo_46_2024-10-29_09-53-08.jpg,train
1366,0,pedestrian crossing,closed,960,1280,photo_46_2024-10-29_09-53-51.jpg,dataset_top12\pedestrian crossing\closed\photo_46_2024-10-29_09-53-51.jpg,train
1367,0,pedestrian crossing,closed,960,1280,photo_46_2024-12-05_22-23-25.jpg,dataset_top12\pedestrian crossing\closed\photo_46_2024-12-05_22-23-25.jpg,train
1368,0,pedestrian crossing,closed,960,1280,photo_46_2024-12-07_12-47-32.jpg,dataset_top12\pedestrian crossing\closed\photo_46_2024-12-07_12-47-32.jpg,train
1369,0,pedestrian crossing,closed,960,1280,photo_46_2024-12-07_12-48-37.jpg,dataset_top12\pedestrian crossing\closed\photo_46_2024-12-07_12-48-37.jpg,train
1370,0,pedestrian crossing,closed,475,467,photo_46_2024-12-09_12-45-24.jpg,dataset_top12\pedestrian crossing\closed\photo_46_2024-12-09_12-45-24.jpg,train
1371,0,pedestrian crossing,closed,960,1280,photo_47_2024-10-29_09-42-50.jpg,dataset_top12\pedestrian crossing\closed\photo_47_2024-10-29_09-42-50.jpg,train
1372,0,pedestrian crossing,closed,960,1280,photo_47_2024-10-29_09-53-51.jpg,dataset_top12\pedestrian crossing\closed\photo_47_2024-10-29_09-53-51.jpg,train
1373,0,pedestrian crossing,closed,960,1280,photo_47_2024-12-05_22-23-25.jpg,dataset_top12\pedestrian crossing\closed\photo_47_2024-12-05_22-23-25.jpg,test
1374,0,pedestrian crossing,closed,1209,1280,photo_47_2024-12-05_22-23-50.jpg,dataset_top12\pedestrian crossing\closed\photo_47_2024-12-05_22-23-50.jpg,test
1375,0,pedestrian crossing,closed,960,1280,photo_47_2024-12-06_22-23-51.jpg,dataset_top12\pedestrian crossing\closed\photo_47_2024-12-06_22-23-51.jpg,test
1376,0,pedestrian crossing,closed,960,1280,photo_47_2024-12-07_12-47-32.jpg,dataset_top12\pedestrian crossing\closed\photo_47_2024-12-07_12-47-32.jpg,train
1377,0,pedestrian crossing,closed,960,1280,photo_47_2024-12-07_12-48-02.jpg,dataset_top12\pedestrian crossing\closed\photo_47_2024-12-07_12-48-02.jpg,train
1378,0,pedestrian crossing,closed,1156,1280,photo_47_2024-12-07_12-48-37.jpg,dataset_top12\pedestrian crossing\closed\photo_47_2024-12-07_12-48-37.jpg,train
1379,0,pedestrian crossing,closed,1280,1055,photo_47_2024-12-07_12-49-18.jpg,dataset_top12\pedestrian crossing\closed\photo_47_2024-12-07_12-49-18.jpg,train
1380,0,pedestrian crossing,closed,960,1280,photo_48_2024-10-29_09-42-50.jpg,dataset_top12\pedestrian crossing\closed\photo_48_2024-10-29_09-42-50.jpg,train
1381,0,pedestrian crossing,closed,960,1280,photo_48_2024-10-29_09-53-51.jpg,dataset_top12\pedestrian crossing\closed\photo_48_2024-10-29_09-53-51.jpg,test
1382,0,pedestrian crossing,closed,960,1280,photo_48_2024-10-29_09-54-21.jpg,dataset_top12\pedestrian crossing\closed\photo_48_2024-10-29_09-54-21.jpg,test
1383,0,pedestrian crossing,closed,960,1280,photo_48_2024-12-05_22-22-53.jpg,dataset_top12\pedestrian crossing\closed\photo_48_2024-12-05_22-22-53.jpg,train
1384,0,pedestrian crossing,closed,960,1280,photo_48_2024-12-05_22-23-10.jpg,dataset_top12\pedestrian crossing\closed\photo_48_2024-12-05_22-23-10.jpg,train
1385,0,pedestrian crossing,closed,960,1280,photo_48_2024-12-05_22-23-25.jpg,dataset_top12\pedestrian crossing\closed\photo_48_2024-12-05_22-23-25.jpg,train
1386,0,pedestrian crossing,closed,960,1280,photo_48_2024-12-07_12-48-02.jpg,dataset_top12\pedestrian crossing\closed\photo_48_2024-12-07_12-48-02.jpg,test
1387,0,pedestrian crossing,closed,829,834,photo_48_2024-12-09_12-45-24.jpg,dataset_top12\pedestrian crossing\closed\photo_48_2024-12-09_12-45-24.jpg,train
1388,0,pedestrian crossing,closed,960,1280,photo_49_2024-10-29_09-42-50.jpg,dataset_top12\pedestrian crossing\closed\photo_49_2024-10-29_09-42-50.jpg,train
1389,0,pedestrian crossing,closed,960,1280,photo_49_2024-10-29_09-53-08.jpg,dataset_top12\pedestrian crossing\closed\photo_49_2024-10-29_09-53-08.jpg,train
1390,0,pedestrian crossing,closed,960,1280,photo_49_2024-10-29_09-53-51.jpg,dataset_top12\pedestrian crossing\closed\photo_49_2024-10-29_09-53-51.jpg,test
1391,0,pedestrian crossing,closed,960,1280,photo_49_2024-10-29_09-54-21.jpg,dataset_top12\pedestrian crossing\closed\photo_49_2024-10-29_09-54-21.jpg,train
1392,0,pedestrian crossing,closed,960,1280,photo_49_2024-12-05_22-22-53.jpg,dataset_top12\pedestrian crossing\closed\photo_49_2024-12-05_22-22-53.jpg,test
1393,0,pedestrian crossing,closed,960,1280,photo_49_2024-12-05_22-23-25.jpg,dataset_top12\pedestrian crossing\closed\photo_49_2024-12-05_22-23-25.jpg,train
1394,0,pedestrian crossing,closed,960,1280,photo_49_2024-12-06_22-23-51.jpg,dataset_top12\pedestrian crossing\closed\photo_49_2024-12-06_22-23-51.jpg,train
1395,0,pedestrian crossing,closed,960,1280,photo_49_2024-12-06_22-25-52.jpg,dataset_top12\pedestrian crossing\closed\photo_49_2024-12-06_22-25-52.jpg,train
1396,0,pedestrian crossing,closed,960,1280,photo_49_2024-12-07_12-47-32.jpg,dataset_top12\pedestrian crossing\closed\photo_49_2024-12-07_12-47-32.jpg,train
1397,0,pedestrian crossing,closed,960,1280,photo_49_2024-12-07_12-48-02.jpg,dataset_top12\pedestrian crossing\closed\photo_49_2024-12-07_12-48-02.jpg,train
1398,0,pedestrian crossing,closed,960,1280,photo_49_2024-12-07_12-49-18.jpg,dataset_top12\pedestrian crossing\closed\photo_49_2024-12-07_12-49-18.jpg,train
1399,0,pedestrian crossing,closed,349,346,photo_49_2024-12-09_12-46-01_2.jpg,dataset_top12\pedestrian crossing\closed\photo_49_2024-12-09_12-46-01_2.jpg,train
1400,0,pedestrian crossing,closed,960,1280,photo_4_2024-10-29_09-42-50.jpg,dataset_top12\pedestrian crossing\closed\photo_4_2024-10-29_09-42-50.jpg,train
1401,0,pedestrian crossing,closed,960,1280,photo_4_2024-10-29_09-53-08.jpg,dataset_top12\pedestrian crossing\closed\photo_4_2024-10-29_09-53-08.jpg,test
1402,0,pedestrian crossing,closed,960,1280,photo_4_2024-10-29_09-53-51.jpg,dataset_top12\pedestrian crossing\closed\photo_4_2024-10-29_09-53-51.jpg,train
1403,0,pedestrian crossing,closed,960,1280,photo_4_2024-10-29_09-54-21.jpg,dataset_top12\pedestrian crossing\closed\photo_4_2024-10-29_09-54-21.jpg,train
1404,0,pedestrian crossing,closed,960,1280,photo_4_2024-10-29_09-54-37.jpg,dataset_top12\pedestrian crossing\closed\photo_4_2024-10-29_09-54-37.jpg,train
1405,0,pedestrian crossing,closed,960,1280,photo_4_2024-10-29_09-54-37_2.jpg,dataset_top12\pedestrian crossing\closed\photo_4_2024-10-29_09-54-37_2.jpg,train
1406,0,pedestrian crossing,closed,960,1280,photo_4_2024-12-05_22-23-10.jpg,dataset_top12\pedestrian crossing\closed\photo_4_2024-12-05_22-23-10.jpg,train
1407,0,pedestrian crossing,closed,960,1280,photo_4_2024-12-06_22-24-57.jpg,dataset_top12\pedestrian crossing\closed\photo_4_2024-12-06_22-24-57.jpg,validation
1408,0,pedestrian crossing,closed,960,1280,photo_4_2024-12-07_12-48-36.jpg,dataset_top12\pedestrian crossing\closed\photo_4_2024-12-07_12-48-36.jpg,train
1409,0,pedestrian crossing,closed,960,1280,photo_4_2024-12-07_12-49-18.jpg,dataset_top12\pedestrian crossing\closed\photo_4_2024-12-07_12-49-18.jpg,validation
1410,0,pedestrian crossing,closed,960,1280,photo_4_2024-12-09_12-45-24.jpg,dataset_top12\pedestrian crossing\closed\photo_4_2024-12-09_12-45-24.jpg,train
1411,0,pedestrian crossing,closed,960,1280,photo_4_2024-12-18_02-27-08.jpg,dataset_top12\pedestrian crossing\closed\photo_4_2024-12-18_02-27-08.jpg,train
1412,0,pedestrian crossing,closed,960,1280,photo_4_2024-12-18_02-36-53.jpg,dataset_top12\pedestrian crossing\closed\photo_4_2024-12-18_02-36-53.jpg,train
1413,0,pedestrian crossing,closed,960,1280,photo_50_2024-10-29_09-42-50.jpg,dataset_top12\pedestrian crossing\closed\photo_50_2024-10-29_09-42-50.jpg,test
1414,0,pedestrian crossing,closed,960,1280,photo_50_2024-10-29_09-53-08.jpg,dataset_top12\pedestrian crossing\closed\photo_50_2024-10-29_09-53-08.jpg,train
1415,0,pedestrian crossing,closed,960,1280,photo_50_2024-10-29_09-53-51.jpg,dataset_top12\pedestrian crossing\closed\photo_50_2024-10-29_09-53-51.jpg,train
1416,0,pedestrian crossing,closed,960,1280,photo_50_2024-10-29_09-54-21.jpg,dataset_top12\pedestrian crossing\closed\photo_50_2024-10-29_09-54-21.jpg,train
1417,0,pedestrian crossing,closed,960,1280,photo_50_2024-12-05_22-22-53.jpg,dataset_top12\pedestrian crossing\closed\photo_50_2024-12-05_22-22-53.jpg,train
1418,0,pedestrian crossing,closed,1280,921,photo_50_2024-12-05_22-23-10.jpg,dataset_top12\pedestrian crossing\closed\photo_50_2024-12-05_22-23-10.jpg,validation
1419,0,pedestrian crossing,closed,960,1280,photo_50_2024-12-05_22-23-25.jpg,dataset_top12\pedestrian crossing\closed\photo_50_2024-12-05_22-23-25.jpg,train
1420,0,pedestrian crossing,closed,960,1280,photo_50_2024-12-06_22-23-51.jpg,dataset_top12\pedestrian crossing\closed\photo_50_2024-12-06_22-23-51.jpg,train
1421,0,pedestrian crossing,closed,960,1280,photo_50_2024-12-06_22-25-52.jpg,dataset_top12\pedestrian crossing\closed\photo_50_2024-12-06_22-25-52.jpg,train
1422,0,pedestrian crossing,closed,960,1280,photo_50_2024-12-07_12-48-02.jpg,dataset_top12\pedestrian crossing\closed\photo_50_2024-12-07_12-48-02.jpg,train
1423,0,pedestrian crossing,closed,960,1280,photo_50_2024-12-07_12-48-37.jpg,dataset_top12\pedestrian crossing\closed\photo_50_2024-12-07_12-48-37.jpg,test
1424,0,pedestrian crossing,closed,867,850,photo_50_2024-12-07_12-49-18.jpg,dataset_top12\pedestrian crossing\closed\photo_50_2024-12-07_12-49-18.jpg,test
1425,0,pedestrian crossing,closed,960,1280,photo_50_2024-12-18_02-36-53.jpg,dataset_top12\pedestrian crossing\closed\photo_50_2024-12-18_02-36-53.jpg,train
1426,0,pedestrian crossing,closed,960,1280,photo_51_2024-10-29_09-42-50.jpg,dataset_top12\pedestrian crossing\closed\photo_51_2024-10-29_09-42-50.jpg,train
1427,0,pedestrian crossing,closed,960,1280,photo_51_2024-10-29_09-53-08.jpg,dataset_top12\pedestrian crossing\closed\photo_51_2024-10-29_09-53-08.jpg,train
1428,0,pedestrian crossing,closed,829,1105,photo_51_2024-10-29_09-53-51.jpg,dataset_top12\pedestrian crossing\closed\photo_51_2024-10-29_09-53-51.jpg,train
1429,0,pedestrian crossing,closed,1098,1280,photo_51_2024-12-05_22-23-25.jpg,dataset_top12\pedestrian crossing\closed\photo_51_2024-12-05_22-23-25.jpg,validation
1430,0,pedestrian crossing,closed,960,1280,photo_51_2024-12-06_22-25-52.jpg,dataset_top12\pedestrian crossing\closed\photo_51_2024-12-06_22-25-52.jpg,train
1431,0,pedestrian crossing,closed,1238,1280,photo_51_2024-12-07_12-48-02.jpg,dataset_top12\pedestrian crossing\closed\photo_51_2024-12-07_12-48-02.jpg,train
1432,0,pedestrian crossing,closed,960,1280,photo_51_2024-12-07_12-48-37.jpg,dataset_top12\pedestrian crossing\closed\photo_51_2024-12-07_12-48-37.jpg,train
1433,0,pedestrian crossing,closed,960,1280,photo_51_2024-12-07_12-49-18.jpg,dataset_top12\pedestrian crossing\closed\photo_51_2024-12-07_12-49-18.jpg,train
1434,0,pedestrian crossing,closed,242,240,photo_51_2024-12-09_12-45-24_2.jpg,dataset_top12\pedestrian crossing\closed\photo_51_2024-12-09_12-45-24_2.jpg,train
1435,0,pedestrian crossing,closed,886,854,photo_51_2024-12-09_12-46-01.jpg,dataset_top12\pedestrian crossing\closed\photo_51_2024-12-09_12-46-01.jpg,validation
1436,0,pedestrian crossing,closed,960,1280,photo_51_2024-12-18_02-28-33.jpg,dataset_top12\pedestrian crossing\closed\photo_51_2024-12-18_02-28-33.jpg,train
1437,0,pedestrian crossing,closed,960,1280,photo_5278624148517676312_y (1).jpg,dataset_top12\pedestrian crossing\closed\photo_5278624148517676312_y (1).jpg,train
1438,0,pedestrian crossing,closed,960,1280,photo_5278624148517676312_y.jpg,dataset_top12\pedestrian crossing\closed\photo_5278624148517676312_y.jpg,train
1439,0,pedestrian crossing,closed,960,1280,photo_5278624148517676313_y (1).jpg,dataset_top12\pedestrian crossing\closed\photo_5278624148517676313_y (1).jpg,train
1440,0,pedestrian crossing,closed,960,1280,photo_5278624148517676313_y (2).jpg,dataset_top12\pedestrian crossing\closed\photo_5278624148517676313_y (2).jpg,train
1441,0,pedestrian crossing,closed,960,1280,photo_5278624148517676313_y.jpg,dataset_top12\pedestrian crossing\closed\photo_5278624148517676313_y.jpg,train
1442,0,pedestrian crossing,closed,960,1280,photo_5278624148517676314_y (1).jpg,dataset_top12\pedestrian crossing\closed\photo_5278624148517676314_y (1).jpg,test
1443,0,pedestrian crossing,closed,960,1280,photo_5278624148517676314_y (2).jpg,dataset_top12\pedestrian crossing\closed\photo_5278624148517676314_y (2).jpg,train
1444,0,pedestrian crossing,closed,960,1280,photo_5278624148517676314_y.jpg,dataset_top12\pedestrian crossing\closed\photo_5278624148517676314_y.jpg,train
1445,0,pedestrian crossing,closed,960,1280,photo_5278624148517676315_y (1).jpg,dataset_top12\pedestrian crossing\closed\photo_5278624148517676315_y (1).jpg,train
1446,0,pedestrian crossing,closed,960,1280,photo_5278624148517676315_y (2).jpg,dataset_top12\pedestrian crossing\closed\photo_5278624148517676315_y (2).jpg,test
1447,0,pedestrian crossing,closed,960,1280,photo_5278624148517676315_y.jpg,dataset_top12\pedestrian crossing\closed\photo_5278624148517676315_y.jpg,train
1448,0,pedestrian crossing,closed,960,1280,photo_5278624148517676319_y (1).jpg,dataset_top12\pedestrian crossing\closed\photo_5278624148517676319_y (1).jpg,train
1449,0,pedestrian crossing,closed,960,1280,photo_5278624148517676319_y.jpg,dataset_top12\pedestrian crossing\closed\photo_5278624148517676319_y.jpg,train
1450,0,pedestrian crossing,closed,960,1280,photo_5278624148517676321_y (1).jpg,dataset_top12\pedestrian crossing\closed\photo_5278624148517676321_y (1).jpg,train
1451,0,pedestrian crossing,closed,960,1280,photo_5278624148517676321_y.jpg,dataset_top12\pedestrian crossing\closed\photo_5278624148517676321_y.jpg,test
1452,0,pedestrian crossing,closed,960,1280,photo_5278624148517676322_y.jpg,dataset_top12\pedestrian crossing\closed\photo_5278624148517676322_y.jpg,train
1453,0,pedestrian crossing,closed,960,1280,photo_5278624148517676323_y (1).jpg,dataset_top12\pedestrian crossing\closed\photo_5278624148517676323_y (1).jpg,test
1454,0,pedestrian crossing,closed,960,1280,photo_5278624148517676323_y.jpg,dataset_top12\pedestrian crossing\closed\photo_5278624148517676323_y.jpg,train
1455,0,pedestrian crossing,closed,960,1280,photo_5278624148517676324_y (1).jpg,dataset_top12\pedestrian crossing\closed\photo_5278624148517676324_y (1).jpg,train
1456,0,pedestrian crossing,closed,960,1280,photo_5278624148517676324_y.jpg,dataset_top12\pedestrian crossing\closed\photo_5278624148517676324_y.jpg,train
1457,0,pedestrian crossing,closed,960,1280,photo_5278624148517676325_y (1).jpg,dataset_top12\pedestrian crossing\closed\photo_5278624148517676325_y (1).jpg,train
1458,0,pedestrian crossing,closed,960,1280,photo_5278624148517676325_y.jpg,dataset_top12\pedestrian crossing\closed\photo_5278624148517676325_y.jpg,train
1459,0,pedestrian crossing,closed,960,1280,photo_5278624148517676326_y (1).jpg,dataset_top12\pedestrian crossing\closed\photo_5278624148517676326_y (1).jpg,train
1460,0,pedestrian crossing,closed,960,1280,photo_5278624148517676326_y.jpg,dataset_top12\pedestrian crossing\closed\photo_5278624148517676326_y.jpg,train
1461,0,pedestrian crossing,closed,960,1280,photo_5278624148517676330_y.jpg,dataset_top12\pedestrian crossing\closed\photo_5278624148517676330_y.jpg,train
1462,0,pedestrian crossing,closed,960,1280,photo_5278624148517676331_y.jpg,dataset_top12\pedestrian crossing\closed\photo_5278624148517676331_y.jpg,train
1463,0,pedestrian crossing,closed,960,1280,photo_5278624148517676333_y.jpg,dataset_top12\pedestrian crossing\closed\photo_5278624148517676333_y.jpg,train
1464,0,pedestrian crossing,closed,960,1280,photo_5278624148517676335_y.jpg,dataset_top12\pedestrian crossing\closed\photo_5278624148517676335_y.jpg,train
1465,0,pedestrian crossing,closed,960,1280,photo_5278624148517676344_y.jpg,dataset_top12\pedestrian crossing\closed\photo_5278624148517676344_y.jpg,train
1466,0,pedestrian crossing,closed,960,1280,photo_5278624148517676345_y.jpg,dataset_top12\pedestrian crossing\closed\photo_5278624148517676345_y.jpg,train
1467,0,pedestrian crossing,closed,960,1280,photo_5278624148517676347_y (1).jpg,dataset_top12\pedestrian crossing\closed\photo_5278624148517676347_y (1).jpg,validation
1468,0,pedestrian crossing,closed,960,1280,photo_5278624148517676347_y.jpg,dataset_top12\pedestrian crossing\closed\photo_5278624148517676347_y.jpg,train
1469,0,pedestrian crossing,closed,960,1280,photo_5278624148517676348_y.jpg,dataset_top12\pedestrian crossing\closed\photo_5278624148517676348_y.jpg,train
1470,0,pedestrian crossing,closed,790,799,photo_5278624148517676349_y.jpg,dataset_top12\pedestrian crossing\closed\photo_5278624148517676349_y.jpg,validation
1471,0,pedestrian crossing,closed,960,1280,photo_5278624148517676350_y.jpg,dataset_top12\pedestrian crossing\closed\photo_5278624148517676350_y.jpg,train
1472,0,pedestrian crossing,closed,960,1280,photo_5278624148517676351_y.jpg,dataset_top12\pedestrian crossing\closed\photo_5278624148517676351_y.jpg,test
1473,0,pedestrian crossing,closed,960,1280,photo_5278624148517676352_y.jpg,dataset_top12\pedestrian crossing\closed\photo_5278624148517676352_y.jpg,validation
1474,0,pedestrian crossing,closed,960,1280,photo_5278624148517676354_y.jpg,dataset_top12\pedestrian crossing\closed\photo_5278624148517676354_y.jpg,train
1475,0,pedestrian crossing,closed,960,1280,photo_5278624148517676355_y.jpg,dataset_top12\pedestrian crossing\closed\photo_5278624148517676355_y.jpg,train
1476,0,pedestrian crossing,closed,960,1280,photo_5278624148517676356_y.jpg,dataset_top12\pedestrian crossing\closed\photo_5278624148517676356_y.jpg,validation
1477,0,pedestrian crossing,closed,960,1280,photo_5278624148517676358_y (1).jpg,dataset_top12\pedestrian crossing\closed\photo_5278624148517676358_y (1).jpg,validation
1478,0,pedestrian crossing,closed,960,1280,photo_5278624148517676358_y.jpg,dataset_top12\pedestrian crossing\closed\photo_5278624148517676358_y.jpg,train
1479,0,pedestrian crossing,closed,960,1280,photo_5278624148517676361_y.jpg,dataset_top12\pedestrian crossing\closed\photo_5278624148517676361_y.jpg,train
1480,0,pedestrian crossing,closed,960,1280,photo_5278624148517676363_y.jpg,dataset_top12\pedestrian crossing\closed\photo_5278624148517676363_y.jpg,test
1481,0,pedestrian crossing,closed,960,1280,photo_5278624148517676364_y.jpg,dataset_top12\pedestrian crossing\closed\photo_5278624148517676364_y.jpg,test
1482,0,pedestrian crossing,closed,960,1280,photo_5278624148517676365_y.jpg,dataset_top12\pedestrian crossing\closed\photo_5278624148517676365_y.jpg,validation
1483,0,pedestrian crossing,closed,866,972,photo_5278624148517676368_y_1.jpg,dataset_top12\pedestrian crossing\closed\photo_5278624148517676368_y_1.jpg,train
1484,0,pedestrian crossing,closed,960,1280,photo_5278624148517676369_y (1).jpg,dataset_top12\pedestrian crossing\closed\photo_5278624148517676369_y (1).jpg,train
1485,0,pedestrian crossing,closed,662,709,photo_5278624148517676370_y.jpg,dataset_top12\pedestrian crossing\closed\photo_5278624148517676370_y.jpg,train
1486,0,pedestrian crossing,closed,704,752,photo_5278624148517676371_y.jpg,dataset_top12\pedestrian crossing\closed\photo_5278624148517676371_y.jpg,validation
1487,0,pedestrian crossing,closed,960,1280,photo_5278624148517676377_y.jpg,dataset_top12\pedestrian crossing\closed\photo_5278624148517676377_y.jpg,train
1488,0,pedestrian crossing,closed,960,1280,photo_5278624148517676378_y.jpg,dataset_top12\pedestrian crossing\closed\photo_5278624148517676378_y.jpg,train
1489,0,pedestrian crossing,closed,960,1280,photo_5278624148517676379_y (1).jpg,dataset_top12\pedestrian crossing\closed\photo_5278624148517676379_y (1).jpg,train
1490,0,pedestrian crossing,closed,960,1280,photo_5278624148517676379_y.jpg,dataset_top12\pedestrian crossing\closed\photo_5278624148517676379_y.jpg,train
1491,0,pedestrian crossing,closed,960,1280,photo_5278624148517676380_y.jpg,dataset_top12\pedestrian crossing\closed\photo_5278624148517676380_y.jpg,train
1492,0,pedestrian crossing,closed,960,1280,photo_5278624148517676381_y.jpg,dataset_top12\pedestrian crossing\closed\photo_5278624148517676381_y.jpg,train
1493,0,pedestrian crossing,closed,960,1280,photo_5278624148517676382_y.jpg,dataset_top12\pedestrian crossing\closed\photo_5278624148517676382_y.jpg,train
1494,0,pedestrian crossing,closed,960,1280,photo_5278624148517676384_y.jpg,dataset_top12\pedestrian crossing\closed\photo_5278624148517676384_y.jpg,train
1495,0,pedestrian crossing,closed,960,1280,photo_5278624148517676385_y.jpg,dataset_top12\pedestrian crossing\closed\photo_5278624148517676385_y.jpg,train
1496,0,pedestrian crossing,closed,960,1280,photo_5278624148517676386_y.jpg,dataset_top12\pedestrian crossing\closed\photo_5278624148517676386_y.jpg,train
1497,0,pedestrian crossing,closed,960,1280,photo_5278624148517676388_y.jpg,dataset_top12\pedestrian crossing\closed\photo_5278624148517676388_y.jpg,test
1498,0,pedestrian crossing,closed,960,1280,photo_5278624148517676391_y.jpg,dataset_top12\pedestrian crossing\closed\photo_5278624148517676391_y.jpg,train
1499,0,pedestrian crossing,closed,960,1280,photo_5278624148517676392_y.jpg,dataset_top12\pedestrian crossing\closed\photo_5278624148517676392_y.jpg,train
1500,0,pedestrian crossing,closed,960,1280,photo_5278624148517676393_y (1).jpg,dataset_top12\pedestrian crossing\closed\photo_5278624148517676393_y (1).jpg,validation
1501,0,pedestrian crossing,closed,960,1280,photo_5278624148517676393_y.jpg,dataset_top12\pedestrian crossing\closed\photo_5278624148517676393_y.jpg,train
1502,0,pedestrian crossing,closed,960,1280,photo_5278624148517676395_y.jpg,dataset_top12\pedestrian crossing\closed\photo_5278624148517676395_y.jpg,train
1503,0,pedestrian crossing,closed,960,1280,photo_5278624148517676397_y.jpg,dataset_top12\pedestrian crossing\closed\photo_5278624148517676397_y.jpg,train
1504,0,pedestrian crossing,closed,960,1280,photo_5278624148517676399_y.jpg,dataset_top12\pedestrian crossing\closed\photo_5278624148517676399_y.jpg,train
1505,0,pedestrian crossing,closed,960,1280,photo_5278624148517676400_y.jpg,dataset_top12\pedestrian crossing\closed\photo_5278624148517676400_y.jpg,train
1506,0,pedestrian crossing,closed,960,1280,photo_5278624148517676401_y.jpg,dataset_top12\pedestrian crossing\closed\photo_5278624148517676401_y.jpg,test
1507,0,pedestrian crossing,closed,960,1280,photo_5278624148517676402_y.jpg,dataset_top12\pedestrian crossing\closed\photo_5278624148517676402_y.jpg,train
1508,0,pedestrian crossing,closed,960,1280,photo_5278624148517676403_y.jpg,dataset_top12\pedestrian crossing\closed\photo_5278624148517676403_y.jpg,train
1509,0,pedestrian crossing,closed,960,1280,photo_5278624148517676404_y.jpg,dataset_top12\pedestrian crossing\closed\photo_5278624148517676404_y.jpg,train
1510,0,pedestrian crossing,closed,960,1280,photo_5278624148517676407_y (1).jpg,dataset_top12\pedestrian crossing\closed\photo_5278624148517676407_y (1).jpg,validation
1511,0,pedestrian crossing,closed,960,1280,photo_5278624148517676409_y.jpg,dataset_top12\pedestrian crossing\closed\photo_5278624148517676409_y.jpg,validation
1512,0,pedestrian crossing,closed,960,1280,photo_5278624148517676410_y.jpg,dataset_top12\pedestrian crossing\closed\photo_5278624148517676410_y.jpg,train
1513,0,pedestrian crossing,closed,960,1280,photo_5278624148517676411_y.jpg,dataset_top12\pedestrian crossing\closed\photo_5278624148517676411_y.jpg,validation
1514,0,pedestrian crossing,closed,960,1280,photo_5278624148517676413_y.jpg,dataset_top12\pedestrian crossing\closed\photo_5278624148517676413_y.jpg,train
1515,0,pedestrian crossing,closed,960,1280,photo_5278624148517676433_y.jpg,dataset_top12\pedestrian crossing\closed\photo_5278624148517676433_y.jpg,train
1516,0,pedestrian crossing,closed,960,1280,photo_5278624148517676434_y.jpg,dataset_top12\pedestrian crossing\closed\photo_5278624148517676434_y.jpg,train
1517,0,pedestrian crossing,closed,960,1280,photo_5278624148517676439_y.jpg,dataset_top12\pedestrian crossing\closed\photo_5278624148517676439_y.jpg,train
1518,0,pedestrian crossing,closed,960,1280,photo_5278624148517676440_y.jpg,dataset_top12\pedestrian crossing\closed\photo_5278624148517676440_y.jpg,train
1519,0,pedestrian crossing,closed,960,1280,photo_5278624148517676441_y.jpg,dataset_top12\pedestrian crossing\closed\photo_5278624148517676441_y.jpg,validation
1520,0,pedestrian crossing,closed,960,1280,photo_5278624148517676442_y.jpg,dataset_top12\pedestrian crossing\closed\photo_5278624148517676442_y.jpg,train
1521,0,pedestrian crossing,closed,960,1280,photo_5278624148517676443_y.jpg,dataset_top12\pedestrian crossing\closed\photo_5278624148517676443_y.jpg,test
1522,0,pedestrian crossing,closed,960,1280,photo_5278624148517676445_y.jpg,dataset_top12\pedestrian crossing\closed\photo_5278624148517676445_y.jpg,validation
1523,0,pedestrian crossing,closed,960,1280,photo_5278624148517676446_y.jpg,dataset_top12\pedestrian crossing\closed\photo_5278624148517676446_y.jpg,test
1524,0,pedestrian crossing,closed,960,1280,photo_5278624148517676447_y.jpg,dataset_top12\pedestrian crossing\closed\photo_5278624148517676447_y.jpg,train
1525,0,pedestrian crossing,closed,960,1280,photo_5278624148517676449_y.jpg,dataset_top12\pedestrian crossing\closed\photo_5278624148517676449_y.jpg,validation
1526,0,pedestrian crossing,closed,960,1280,photo_5278624148517676455_y.jpg,dataset_top12\pedestrian crossing\closed\photo_5278624148517676455_y.jpg,train
1527,0,pedestrian crossing,closed,960,1280,photo_5278624148517676460_y.jpg,dataset_top12\pedestrian crossing\closed\photo_5278624148517676460_y.jpg,train
1528,0,pedestrian crossing,closed,960,1280,photo_5278624148517676461_y.jpg,dataset_top12\pedestrian crossing\closed\photo_5278624148517676461_y.jpg,train
1529,0,pedestrian crossing,closed,960,1280,photo_5278624148517676462_y.jpg,dataset_top12\pedestrian crossing\closed\photo_5278624148517676462_y.jpg,test
1530,0,pedestrian crossing,closed,960,1280,photo_5278624148517676463_y.jpg,dataset_top12\pedestrian crossing\closed\photo_5278624148517676463_y.jpg,train
1531,0,pedestrian crossing,closed,960,1280,photo_5278624148517676469_y.jpg,dataset_top12\pedestrian crossing\closed\photo_5278624148517676469_y.jpg,train
1532,0,pedestrian crossing,closed,960,1280,photo_5278624148517676471_y.jpg,dataset_top12\pedestrian crossing\closed\photo_5278624148517676471_y.jpg,train
1533,0,pedestrian crossing,closed,960,1280,photo_5278624148517676473_y.jpg,dataset_top12\pedestrian crossing\closed\photo_5278624148517676473_y.jpg,train
1534,0,pedestrian crossing,closed,960,1280,photo_5278624148517676474_y.jpg,dataset_top12\pedestrian crossing\closed\photo_5278624148517676474_y.jpg,test
1535,0,pedestrian crossing,closed,960,1280,photo_5278624148517676477_y.jpg,dataset_top12\pedestrian crossing\closed\photo_5278624148517676477_y.jpg,train
1536,0,pedestrian crossing,closed,720,1280,photo_5278624148517676488_y.jpg,dataset_top12\pedestrian crossing\closed\photo_5278624148517676488_y.jpg,test
1537,0,pedestrian crossing,closed,720,1280,photo_5278624148517676491_y.jpg,dataset_top12\pedestrian crossing\closed\photo_5278624148517676491_y.jpg,train
1538,0,pedestrian crossing,closed,720,1280,photo_5278624148517676492_y.jpg,dataset_top12\pedestrian crossing\closed\photo_5278624148517676492_y.jpg,train
1539,0,pedestrian crossing,closed,960,1280,photo_5278624148517676493_y.jpg,dataset_top12\pedestrian crossing\closed\photo_5278624148517676493_y.jpg,train
1540,0,pedestrian crossing,closed,720,1280,photo_5278624148517676508_y.jpg,dataset_top12\pedestrian crossing\closed\photo_5278624148517676508_y.jpg,test
1541,0,pedestrian crossing,closed,720,1280,photo_5278624148517676510_y.jpg,dataset_top12\pedestrian crossing\closed\photo_5278624148517676510_y.jpg,train
1542,0,pedestrian crossing,closed,720,1280,photo_5278624148517676512_y.jpg,dataset_top12\pedestrian crossing\closed\photo_5278624148517676512_y.jpg,test
1543,0,pedestrian crossing,closed,720,1280,photo_5278624148517676534_y.jpg,dataset_top12\pedestrian crossing\closed\photo_5278624148517676534_y.jpg,train
1544,0,pedestrian crossing,closed,720,1280,photo_5278624148517676535_y.jpg,dataset_top12\pedestrian crossing\closed\photo_5278624148517676535_y.jpg,train
1545,0,pedestrian crossing,closed,720,1280,photo_5278624148517676538_y.jpg,dataset_top12\pedestrian crossing\closed\photo_5278624148517676538_y.jpg,validation
1546,0,pedestrian crossing,closed,720,1280,photo_5278624148517676542_y.jpg,dataset_top12\pedestrian crossing\closed\photo_5278624148517676542_y.jpg,test
1547,0,pedestrian crossing,closed,720,1280,photo_5278624148517676556_y.jpg,dataset_top12\pedestrian crossing\closed\photo_5278624148517676556_y.jpg,train
1548,0,pedestrian crossing,closed,720,1280,photo_5278624148517676561_y.jpg,dataset_top12\pedestrian crossing\closed\photo_5278624148517676561_y.jpg,train
1549,0,pedestrian crossing,closed,720,1280,photo_5278624148517676567_y.jpg,dataset_top12\pedestrian crossing\closed\photo_5278624148517676567_y.jpg,test
1550,0,pedestrian crossing,closed,960,1280,photo_5278624148517676577_y.jpg,dataset_top12\pedestrian crossing\closed\photo_5278624148517676577_y.jpg,validation
1551,0,pedestrian crossing,closed,960,1280,photo_5278624148517676585_y.jpg,dataset_top12\pedestrian crossing\closed\photo_5278624148517676585_y.jpg,train
1552,0,pedestrian crossing,closed,960,1280,photo_5278624148517676594_y.jpg,dataset_top12\pedestrian crossing\closed\photo_5278624148517676594_y.jpg,train
1553,0,pedestrian crossing,closed,960,1280,photo_5278624148517676595_y.jpg,dataset_top12\pedestrian crossing\closed\photo_5278624148517676595_y.jpg,test
1554,0,pedestrian crossing,closed,960,1280,photo_5278624148517676597_y.jpg,dataset_top12\pedestrian crossing\closed\photo_5278624148517676597_y.jpg,validation
1555,0,pedestrian crossing,closed,960,1280,photo_5278624148517676606_y.jpg,dataset_top12\pedestrian crossing\closed\photo_5278624148517676606_y.jpg,test
1556,0,pedestrian crossing,closed,960,1280,photo_5278624148517676607_y.jpg,dataset_top12\pedestrian crossing\closed\photo_5278624148517676607_y.jpg,test
1557,0,pedestrian crossing,closed,960,1280,photo_5278624148517676608_y.jpg,dataset_top12\pedestrian crossing\closed\photo_5278624148517676608_y.jpg,validation
1558,0,pedestrian crossing,closed,960,1280,photo_5278624148517676609_y.jpg,dataset_top12\pedestrian crossing\closed\photo_5278624148517676609_y.jpg,test
1559,0,pedestrian crossing,closed,960,1280,photo_5278624148517676610_y.jpg,dataset_top12\pedestrian crossing\closed\photo_5278624148517676610_y.jpg,train
1560,0,pedestrian crossing,closed,649,725,photo_5278624148517676611_y.jpg,dataset_top12\pedestrian crossing\closed\photo_5278624148517676611_y.jpg,train
1561,0,pedestrian crossing,closed,585,789,photo_5278624148517676612_y.jpg,dataset_top12\pedestrian crossing\closed\photo_5278624148517676612_y.jpg,train
1562,0,pedestrian crossing,closed,960,1280,photo_5278624148517676613_y.jpg,dataset_top12\pedestrian crossing\closed\photo_5278624148517676613_y.jpg,validation
1563,0,pedestrian crossing,closed,960,1280,photo_5278624148517676614_y.jpg,dataset_top12\pedestrian crossing\closed\photo_5278624148517676614_y.jpg,train
1564,0,pedestrian crossing,closed,960,1280,photo_5278624148517676615_y.jpg,dataset_top12\pedestrian crossing\closed\photo_5278624148517676615_y.jpg,test
1565,0,pedestrian crossing,closed,960,1280,photo_5278624148517676616_y.jpg,dataset_top12\pedestrian crossing\closed\photo_5278624148517676616_y.jpg,test
1566,0,pedestrian crossing,closed,387,445,photo_5278624148517676617_y.jpg,dataset_top12\pedestrian crossing\closed\photo_5278624148517676617_y.jpg,train
1567,0,pedestrian crossing,closed,516,557,photo_5278624148517676618_y.jpg,dataset_top12\pedestrian crossing\closed\photo_5278624148517676618_y.jpg,validation
1568,0,pedestrian crossing,closed,960,1280,photo_5278624148517676619_y.jpg,dataset_top12\pedestrian crossing\closed\photo_5278624148517676619_y.jpg,train
1569,0,pedestrian crossing,closed,960,1280,photo_5278624148517676620_y.jpg,dataset_top12\pedestrian crossing\closed\photo_5278624148517676620_y.jpg,train
1570,0,pedestrian crossing,closed,960,1280,photo_5278624148517676621_y.jpg,dataset_top12\pedestrian crossing\closed\photo_5278624148517676621_y.jpg,validation
1571,0,pedestrian crossing,closed,960,1280,photo_5278624148517676622_y.jpg,dataset_top12\pedestrian crossing\closed\photo_5278624148517676622_y.jpg,train
1572,0,pedestrian crossing,closed,960,1280,photo_5278624148517676623_y.jpg,dataset_top12\pedestrian crossing\closed\photo_5278624148517676623_y.jpg,train
1573,0,pedestrian crossing,closed,960,1280,photo_5278624148517676624_y.jpg,dataset_top12\pedestrian crossing\closed\photo_5278624148517676624_y.jpg,train
1574,0,pedestrian crossing,closed,960,1280,photo_5278624148517676625_y.jpg,dataset_top12\pedestrian crossing\closed\photo_5278624148517676625_y.jpg,test
1575,0,pedestrian crossing,closed,960,1280,photo_5278624148517676626_y.jpg,dataset_top12\pedestrian crossing\closed\photo_5278624148517676626_y.jpg,train
1576,0,pedestrian crossing,closed,960,1280,photo_5278624148517676634_y.jpg,dataset_top12\pedestrian crossing\closed\photo_5278624148517676634_y.jpg,train
1577,0,pedestrian crossing,closed,960,1280,photo_5278624148517676636_y.jpg,dataset_top12\pedestrian crossing\closed\photo_5278624148517676636_y.jpg,train
1578,0,pedestrian crossing,closed,426,465,photo_5278624148517676637_y.jpg,dataset_top12\pedestrian crossing\closed\photo_5278624148517676637_y.jpg,train
1579,0,pedestrian crossing,closed,960,1280,photo_5278624148517676643_y.jpg,dataset_top12\pedestrian crossing\closed\photo_5278624148517676643_y.jpg,validation
1580,0,pedestrian crossing,closed,960,1280,photo_5278624148517676644_y.jpg,dataset_top12\pedestrian crossing\closed\photo_5278624148517676644_y.jpg,test
1581,0,pedestrian crossing,closed,960,1280,photo_5278624148517676645_y.jpg,dataset_top12\pedestrian crossing\closed\photo_5278624148517676645_y.jpg,train
1582,0,pedestrian crossing,closed,960,1280,photo_5278624148517676647_y.jpg,dataset_top12\pedestrian crossing\closed\photo_5278624148517676647_y.jpg,validation
1583,0,pedestrian crossing,closed,960,1280,photo_5278624148517676649_y.jpg,dataset_top12\pedestrian crossing\closed\photo_5278624148517676649_y.jpg,train
1584,0,pedestrian crossing,closed,960,1280,photo_5278624148517676650_y.jpg,dataset_top12\pedestrian crossing\closed\photo_5278624148517676650_y.jpg,train
1585,0,pedestrian crossing,closed,960,1280,photo_5278624148517676652_y.jpg,dataset_top12\pedestrian crossing\closed\photo_5278624148517676652_y.jpg,train
1586,0,pedestrian crossing,closed,960,1280,photo_5278624148517676656_y.jpg,dataset_top12\pedestrian crossing\closed\photo_5278624148517676656_y.jpg,train
1587,0,pedestrian crossing,closed,960,1280,photo_5278624148517676657_y.jpg,dataset_top12\pedestrian crossing\closed\photo_5278624148517676657_y.jpg,train
1588,0,pedestrian crossing,closed,720,1280,photo_5278624148517676666_y.jpg,dataset_top12\pedestrian crossing\closed\photo_5278624148517676666_y.jpg,train
1589,0,pedestrian crossing,closed,720,1280,photo_5278624148517676670_y.jpg,dataset_top12\pedestrian crossing\closed\photo_5278624148517676670_y.jpg,train
1590,0,pedestrian crossing,closed,338,432,photo_5278624148517676671_y.jpg,dataset_top12\pedestrian crossing\closed\photo_5278624148517676671_y.jpg,train
1591,0,pedestrian crossing,closed,720,1280,photo_5278624148517676674_y.jpg,dataset_top12\pedestrian crossing\closed\photo_5278624148517676674_y.jpg,train
1592,0,pedestrian crossing,closed,960,1280,photo_5278624148517676679_y.jpg,dataset_top12\pedestrian crossing\closed\photo_5278624148517676679_y.jpg,test
1593,0,pedestrian crossing,closed,720,1280,photo_5278624148517676685_y.jpg,dataset_top12\pedestrian crossing\closed\photo_5278624148517676685_y.jpg,train
1594,0,pedestrian crossing,closed,720,1280,photo_5278624148517676686_y.jpg,dataset_top12\pedestrian crossing\closed\photo_5278624148517676686_y.jpg,test
1595,0,pedestrian crossing,closed,720,1280,photo_5278624148517676687_y.jpg,dataset_top12\pedestrian crossing\closed\photo_5278624148517676687_y.jpg,train
1596,0,pedestrian crossing,closed,720,1280,photo_5278624148517676688_y.jpg,dataset_top12\pedestrian crossing\closed\photo_5278624148517676688_y.jpg,test
1597,0,pedestrian crossing,closed,720,1280,photo_5278624148517676690_y.jpg,dataset_top12\pedestrian crossing\closed\photo_5278624148517676690_y.jpg,train
1598,0,pedestrian crossing,closed,720,1280,photo_5278624148517676692_y.jpg,dataset_top12\pedestrian crossing\closed\photo_5278624148517676692_y.jpg,train
1599,0,pedestrian crossing,closed,720,1280,photo_5278624148517676693_y.jpg,dataset_top12\pedestrian crossing\closed\photo_5278624148517676693_y.jpg,train
1600,0,pedestrian crossing,closed,720,1280,photo_5278624148517676710_y.jpg,dataset_top12\pedestrian crossing\closed\photo_5278624148517676710_y.jpg,validation
1601,0,pedestrian crossing,closed,720,1280,photo_5278624148517676711_y.jpg,dataset_top12\pedestrian crossing\closed\photo_5278624148517676711_y.jpg,train
1602,0,pedestrian crossing,closed,720,1280,photo_5278624148517676712_y.jpg,dataset_top12\pedestrian crossing\closed\photo_5278624148517676712_y.jpg,train
1603,0,pedestrian crossing,closed,720,1280,photo_5278624148517676713_y.jpg,dataset_top12\pedestrian crossing\closed\photo_5278624148517676713_y.jpg,test
1604,0,pedestrian crossing,closed,720,1280,photo_5278624148517676716_y.jpg,dataset_top12\pedestrian crossing\closed\photo_5278624148517676716_y.jpg,train
1605,0,pedestrian crossing,closed,720,1280,photo_5278624148517676721_y.jpg,dataset_top12\pedestrian crossing\closed\photo_5278624148517676721_y.jpg,train
1606,0,pedestrian crossing,closed,720,1280,photo_5278624148517676724_y.jpg,dataset_top12\pedestrian crossing\closed\photo_5278624148517676724_y.jpg,train
1607,0,pedestrian crossing,closed,720,1280,photo_5278624148517676725_y.jpg,dataset_top12\pedestrian crossing\closed\photo_5278624148517676725_y.jpg,validation
1608,0,pedestrian crossing,closed,720,1280,photo_5278624148517676726_y.jpg,dataset_top12\pedestrian crossing\closed\photo_5278624148517676726_y.jpg,train
1609,0,pedestrian crossing,closed,720,1280,photo_5278624148517676727_y.jpg,dataset_top12\pedestrian crossing\closed\photo_5278624148517676727_y.jpg,train
1610,0,pedestrian crossing,closed,720,1280,photo_5278624148517676728_y.jpg,dataset_top12\pedestrian crossing\closed\photo_5278624148517676728_y.jpg,train
1611,0,pedestrian crossing,closed,720,1280,photo_5278624148517676729_y.jpg,dataset_top12\pedestrian crossing\closed\photo_5278624148517676729_y.jpg,train
1612,0,pedestrian crossing,closed,722,1280,photo_5278624148517676730_y.jpg,dataset_top12\pedestrian crossing\closed\photo_5278624148517676730_y.jpg,validation
1613,0,pedestrian crossing,closed,722,1280,photo_5278624148517676731_y.jpg,dataset_top12\pedestrian crossing\closed\photo_5278624148517676731_y.jpg,train
1614,0,pedestrian crossing,closed,720,1280,photo_5278624148517676732_y.jpg,dataset_top12\pedestrian crossing\closed\photo_5278624148517676732_y.jpg,train
1615,0,pedestrian crossing,closed,720,1280,photo_5278624148517676733_y.jpg,dataset_top12\pedestrian crossing\closed\photo_5278624148517676733_y.jpg,train
1616,0,pedestrian crossing,closed,720,1280,photo_5278624148517676734_y.jpg,dataset_top12\pedestrian crossing\closed\photo_5278624148517676734_y.jpg,train
1617,0,pedestrian crossing,closed,720,1280,photo_5278624148517676735_y.jpg,dataset_top12\pedestrian crossing\closed\photo_5278624148517676735_y.jpg,validation
1618,0,pedestrian crossing,closed,722,1280,photo_5278624148517676736_y.jpg,dataset_top12\pedestrian crossing\closed\photo_5278624148517676736_y.jpg,test
1619,0,pedestrian crossing,closed,720,1280,photo_5278624148517676737_y.jpg,dataset_top12\pedestrian crossing\closed\photo_5278624148517676737_y.jpg,test
1620,0,pedestrian crossing,closed,722,1280,photo_5278624148517676738_y.jpg,dataset_top12\pedestrian crossing\closed\photo_5278624148517676738_y.jpg,train
1621,0,pedestrian crossing,closed,722,1280,photo_5278624148517676739_y.jpg,dataset_top12\pedestrian crossing\closed\photo_5278624148517676739_y.jpg,train
1622,0,pedestrian crossing,closed,722,1280,photo_5278624148517676740_y.jpg,dataset_top12\pedestrian crossing\closed\photo_5278624148517676740_y.jpg,train
1623,0,pedestrian crossing,closed,720,1280,photo_5278624148517676741_y.jpg,dataset_top12\pedestrian crossing\closed\photo_5278624148517676741_y.jpg,train
1624,0,pedestrian crossing,closed,720,1280,photo_5278624148517676742_y.jpg,dataset_top12\pedestrian crossing\closed\photo_5278624148517676742_y.jpg,train
1625,0,pedestrian crossing,closed,722,1280,photo_5278624148517676743_y.jpg,dataset_top12\pedestrian crossing\closed\photo_5278624148517676743_y.jpg,train
1626,0,pedestrian crossing,closed,720,1280,photo_5278624148517676744_y.jpg,dataset_top12\pedestrian crossing\closed\photo_5278624148517676744_y.jpg,train
1627,0,pedestrian crossing,closed,722,1280,photo_5278624148517676745_y.jpg,dataset_top12\pedestrian crossing\closed\photo_5278624148517676745_y.jpg,train
1628,0,pedestrian crossing,closed,722,1280,photo_5278624148517676746_y.jpg,dataset_top12\pedestrian crossing\closed\photo_5278624148517676746_y.jpg,validation
1629,0,pedestrian crossing,closed,720,1280,photo_5278624148517676747_y.jpg,dataset_top12\pedestrian crossing\closed\photo_5278624148517676747_y.jpg,train
1630,0,pedestrian crossing,closed,720,1280,photo_5278624148517676748_y.jpg,dataset_top12\pedestrian crossing\closed\photo_5278624148517676748_y.jpg,test
1631,0,pedestrian crossing,closed,720,1280,photo_5278624148517676749_y.jpg,dataset_top12\pedestrian crossing\closed\photo_5278624148517676749_y.jpg,train
1632,0,pedestrian crossing,closed,720,1280,photo_5278624148517676750_y.jpg,dataset_top12\pedestrian crossing\closed\photo_5278624148517676750_y.jpg,train
1633,0,pedestrian crossing,closed,720,1280,photo_5278624148517676751_y.jpg,dataset_top12\pedestrian crossing\closed\photo_5278624148517676751_y.jpg,train
1634,0,pedestrian crossing,closed,720,1280,photo_5278624148517676752_y.jpg,dataset_top12\pedestrian crossing\closed\photo_5278624148517676752_y.jpg,train
1635,0,pedestrian crossing,closed,720,1280,photo_5278624148517676753_y.jpg,dataset_top12\pedestrian crossing\closed\photo_5278624148517676753_y.jpg,validation
1636,0,pedestrian crossing,closed,720,1280,photo_5278624148517676754_y.jpg,dataset_top12\pedestrian crossing\closed\photo_5278624148517676754_y.jpg,validation
1637,0,pedestrian crossing,closed,720,1280,photo_5278624148517676755_y.jpg,dataset_top12\pedestrian crossing\closed\photo_5278624148517676755_y.jpg,train
1638,0,pedestrian crossing,closed,720,1280,photo_5278624148517676756_y.jpg,dataset_top12\pedestrian crossing\closed\photo_5278624148517676756_y.jpg,train
1639,0,pedestrian crossing,closed,572,665,photo_5278624148517676760_y.jpg,dataset_top12\pedestrian crossing\closed\photo_5278624148517676760_y.jpg,train
1640,0,pedestrian crossing,closed,720,1280,photo_5278624148517676761_y.jpg,dataset_top12\pedestrian crossing\closed\photo_5278624148517676761_y.jpg,train
1641,0,pedestrian crossing,closed,720,1280,photo_5278624148517676762_y.jpg,dataset_top12\pedestrian crossing\closed\photo_5278624148517676762_y.jpg,validation
1642,0,pedestrian crossing,closed,720,1280,photo_5278624148517676763_y.jpg,dataset_top12\pedestrian crossing\closed\photo_5278624148517676763_y.jpg,train
1643,0,pedestrian crossing,closed,720,1280,photo_5278624148517676764_y.jpg,dataset_top12\pedestrian crossing\closed\photo_5278624148517676764_y.jpg,test
1644,0,pedestrian crossing,closed,720,1280,photo_5278624148517676765_y.jpg,dataset_top12\pedestrian crossing\closed\photo_5278624148517676765_y.jpg,train
1645,0,pedestrian crossing,closed,720,1280,photo_5278624148517676766_y.jpg,dataset_top12\pedestrian crossing\closed\photo_5278624148517676766_y.jpg,train
1646,0,pedestrian crossing,closed,720,1280,photo_5278624148517676767_y.jpg,dataset_top12\pedestrian crossing\closed\photo_5278624148517676767_y.jpg,train
1647,0,pedestrian crossing,closed,720,1280,photo_5278624148517676768_y.jpg,dataset_top12\pedestrian crossing\closed\photo_5278624148517676768_y.jpg,train
1648,0,pedestrian crossing,closed,720,1280,photo_5278624148517676769_y.jpg,dataset_top12\pedestrian crossing\closed\photo_5278624148517676769_y.jpg,train
1649,0,pedestrian crossing,closed,720,1280,photo_5278624148517676770_y.jpg,dataset_top12\pedestrian crossing\closed\photo_5278624148517676770_y.jpg,train
1650,0,pedestrian crossing,closed,720,1280,photo_5278624148517676771_y.jpg,dataset_top12\pedestrian crossing\closed\photo_5278624148517676771_y.jpg,train
1651,0,pedestrian crossing,closed,720,1280,photo_5278624148517676772_y.jpg,dataset_top12\pedestrian crossing\closed\photo_5278624148517676772_y.jpg,train
1652,0,pedestrian crossing,closed,720,1280,photo_5278624148517676773_y.jpg,dataset_top12\pedestrian crossing\closed\photo_5278624148517676773_y.jpg,train
1653,0,pedestrian crossing,closed,720,1280,photo_5278624148517676774_y.jpg,dataset_top12\pedestrian crossing\closed\photo_5278624148517676774_y.jpg,test
1654,0,pedestrian crossing,closed,720,1280,photo_5278624148517676775_y.jpg,dataset_top12\pedestrian crossing\closed\photo_5278624148517676775_y.jpg,train
1655,0,pedestrian crossing,closed,720,1280,photo_5278624148517676777_y.jpg,dataset_top12\pedestrian crossing\closed\photo_5278624148517676777_y.jpg,train
1656,0,pedestrian crossing,closed,720,1280,photo_5278624148517676778_y.jpg,dataset_top12\pedestrian crossing\closed\photo_5278624148517676778_y.jpg,train
1657,0,pedestrian crossing,closed,720,1280,photo_5278624148517676779_y.jpg,dataset_top12\pedestrian crossing\closed\photo_5278624148517676779_y.jpg,train
1658,0,pedestrian crossing,closed,720,1280,photo_5278624148517676780_y.jpg,dataset_top12\pedestrian crossing\closed\photo_5278624148517676780_y.jpg,train
1659,0,pedestrian crossing,closed,720,1280,photo_5278624148517676781_y.jpg,dataset_top12\pedestrian crossing\closed\photo_5278624148517676781_y.jpg,train
1660,0,pedestrian crossing,closed,720,1280,photo_5278624148517676782_y.jpg,dataset_top12\pedestrian crossing\closed\photo_5278624148517676782_y.jpg,test
1661,0,pedestrian crossing,closed,720,1280,photo_5278624148517676784_y.jpg,dataset_top12\pedestrian crossing\closed\photo_5278624148517676784_y.jpg,train
1662,0,pedestrian crossing,closed,720,1280,photo_5278624148517676786_y.jpg,dataset_top12\pedestrian crossing\closed\photo_5278624148517676786_y.jpg,validation
1663,0,pedestrian crossing,closed,720,1280,photo_5278624148517676787_y.jpg,dataset_top12\pedestrian crossing\closed\photo_5278624148517676787_y.jpg,train
1664,0,pedestrian crossing,closed,720,1280,photo_5278624148517676788_y.jpg,dataset_top12\pedestrian crossing\closed\photo_5278624148517676788_y.jpg,train
1665,0,pedestrian crossing,closed,720,1280,photo_5278624148517676789_y.jpg,dataset_top12\pedestrian crossing\closed\photo_5278624148517676789_y.jpg,train
1666,0,pedestrian crossing,closed,720,1280,photo_5278624148517676794_y.jpg,dataset_top12\pedestrian crossing\closed\photo_5278624148517676794_y.jpg,train
1667,0,pedestrian crossing,closed,720,1280,photo_5278624148517676795_y.jpg,dataset_top12\pedestrian crossing\closed\photo_5278624148517676795_y.jpg,train
1668,0,pedestrian crossing,closed,720,1280,photo_5282859763660611958_y.jpg,dataset_top12\pedestrian crossing\closed\photo_5282859763660611958_y.jpg,validation
1669,0,pedestrian crossing,closed,960,1280,photo_52_2024-10-29_09-42-50.jpg,dataset_top12\pedestrian crossing\closed\photo_52_2024-10-29_09-42-50.jpg,train
1670,0,pedestrian crossing,closed,960,1280,photo_52_2024-10-29_09-53-51.jpg,dataset_top12\pedestrian crossing\closed\photo_52_2024-10-29_09-53-51.jpg,validation
1671,0,pedestrian crossing,closed,960,1280,photo_52_2024-12-05_22-23-10.jpg,dataset_top12\pedestrian crossing\closed\photo_52_2024-12-05_22-23-10.jpg,test
1672,0,pedestrian crossing,closed,1195,1280,photo_52_2024-12-05_22-23-25.jpg,dataset_top12\pedestrian crossing\closed\photo_52_2024-12-05_22-23-25.jpg,train
1673,0,pedestrian crossing,closed,960,1280,photo_52_2024-12-06_22-25-52.jpg,dataset_top12\pedestrian crossing\closed\photo_52_2024-12-06_22-25-52.jpg,test
1674,0,pedestrian crossing,closed,1088,1280,photo_52_2024-12-07_12-46-52.jpg,dataset_top12\pedestrian crossing\closed\photo_52_2024-12-07_12-46-52.jpg,test
1675,0,pedestrian crossing,closed,960,1280,photo_52_2024-12-07_12-48-02.jpg,dataset_top12\pedestrian crossing\closed\photo_52_2024-12-07_12-48-02.jpg,validation
1676,0,pedestrian crossing,closed,960,1280,photo_52_2024-12-07_12-48-37.jpg,dataset_top12\pedestrian crossing\closed\photo_52_2024-12-07_12-48-37.jpg,test
1677,0,pedestrian crossing,closed,782,789,photo_52_2024-12-09_12-45-24.jpg,dataset_top12\pedestrian crossing\closed\photo_52_2024-12-09_12-45-24.jpg,train
1678,0,pedestrian crossing,closed,960,1280,photo_53_2024-10-29_09-42-50.jpg,dataset_top12\pedestrian crossing\closed\photo_53_2024-10-29_09-42-50.jpg,train
1679,0,pedestrian crossing,closed,960,1280,photo_53_2024-10-29_09-53-08.jpg,dataset_top12\pedestrian crossing\closed\photo_53_2024-10-29_09-53-08.jpg,validation
1680,0,pedestrian crossing,closed,960,1280,photo_53_2024-10-29_09-53-51.jpg,dataset_top12\pedestrian crossing\closed\photo_53_2024-10-29_09-53-51.jpg,test
1681,0,pedestrian crossing,closed,960,1280,photo_53_2024-10-29_09-54-21.jpg,dataset_top12\pedestrian crossing\closed\photo_53_2024-10-29_09-54-21.jpg,test
1682,0,pedestrian crossing,closed,960,1280,photo_53_2024-12-05_22-23-25.jpg,dataset_top12\pedestrian crossing\closed\photo_53_2024-12-05_22-23-25.jpg,train
1683,0,pedestrian crossing,closed,1280,1231,photo_53_2024-12-07_12-46-04.jpg,dataset_top12\pedestrian crossing\closed\photo_53_2024-12-07_12-46-04.jpg,train
1684,0,pedestrian crossing,closed,1049,1280,photo_53_2024-12-07_12-46-52.jpg,dataset_top12\pedestrian crossing\closed\photo_53_2024-12-07_12-46-52.jpg,train
1685,0,pedestrian crossing,closed,960,1280,photo_53_2024-12-07_12-48-02.jpg,dataset_top12\pedestrian crossing\closed\photo_53_2024-12-07_12-48-02.jpg,validation
1686,0,pedestrian crossing,closed,960,1280,photo_53_2024-12-07_12-48-37.jpg,dataset_top12\pedestrian crossing\closed\photo_53_2024-12-07_12-48-37.jpg,train
1687,0,pedestrian crossing,closed,953,935,photo_53_2024-12-07_12-49-18.jpg,dataset_top12\pedestrian crossing\closed\photo_53_2024-12-07_12-49-18.jpg,train
1688,0,pedestrian crossing,closed,675,688,photo_53_2024-12-09_12-45-24.jpg,dataset_top12\pedestrian crossing\closed\photo_53_2024-12-09_12-45-24.jpg,train
1689,0,pedestrian crossing,closed,960,1280,photo_54_2024-10-29_09-53-51.jpg,dataset_top12\pedestrian crossing\closed\photo_54_2024-10-29_09-53-51.jpg,train
1690,0,pedestrian crossing,closed,960,1280,photo_54_2024-12-07_12-48-02.jpg,dataset_top12\pedestrian crossing\closed\photo_54_2024-12-07_12-48-02.jpg,train
1691,0,pedestrian crossing,closed,960,1280,photo_54_2024-12-07_12-49-18.jpg,dataset_top12\pedestrian crossing\closed\photo_54_2024-12-07_12-49-18.jpg,train
1692,0,pedestrian crossing,closed,456,430,photo_54_2024-12-09_12-49-48.jpg,dataset_top12\pedestrian crossing\closed\photo_54_2024-12-09_12-49-48.jpg,validation
1693,0,pedestrian crossing,closed,960,1280,photo_55_2024-10-29_09-42-50.jpg,dataset_top12\pedestrian crossing\closed\photo_55_2024-10-29_09-42-50.jpg,test
1694,0,pedestrian crossing,closed,960,1280,photo_55_2024-10-29_09-53-51.jpg,dataset_top12\pedestrian crossing\closed\photo_55_2024-10-29_09-53-51.jpg,train
1695,0,pedestrian crossing,closed,960,1280,photo_55_2024-10-29_09-54-21.jpg,dataset_top12\pedestrian crossing\closed\photo_55_2024-10-29_09-54-21.jpg,validation
1696,0,pedestrian crossing,closed,960,1280,photo_55_2024-12-05_22-23-25.jpg,dataset_top12\pedestrian crossing\closed\photo_55_2024-12-05_22-23-25.jpg,test
1697,0,pedestrian crossing,closed,960,1280,photo_55_2024-12-06_22-24-57.jpg,dataset_top12\pedestrian crossing\closed\photo_55_2024-12-06_22-24-57.jpg,validation
1698,0,pedestrian crossing,closed,960,1280,photo_55_2024-12-06_22-25-52.jpg,dataset_top12\pedestrian crossing\closed\photo_55_2024-12-06_22-25-52.jpg,train
1699,0,pedestrian crossing,closed,960,1280,photo_55_2024-12-07_12-48-02.jpg,dataset_top12\pedestrian crossing\closed\photo_55_2024-12-07_12-48-02.jpg,train
1700,0,pedestrian crossing,closed,960,1280,photo_55_2024-12-07_12-48-37.jpg,dataset_top12\pedestrian crossing\closed\photo_55_2024-12-07_12-48-37.jpg,train
1701,0,pedestrian crossing,closed,960,1280,photo_55_2024-12-07_12-49-18.jpg,dataset_top12\pedestrian crossing\closed\photo_55_2024-12-07_12-49-18.jpg,train
1702,0,pedestrian crossing,closed,960,1280,photo_56_2024-10-29_09-42-50.jpg,dataset_top12\pedestrian crossing\closed\photo_56_2024-10-29_09-42-50.jpg,train
1703,0,pedestrian crossing,closed,960,1280,photo_56_2024-10-29_09-53-08.jpg,dataset_top12\pedestrian crossing\closed\photo_56_2024-10-29_09-53-08.jpg,train
1704,0,pedestrian crossing,closed,960,1280,photo_56_2024-10-29_09-53-51.jpg,dataset_top12\pedestrian crossing\closed\photo_56_2024-10-29_09-53-51.jpg,train
1705,0,pedestrian crossing,closed,960,1280,photo_56_2024-12-05_22-23-25.jpg,dataset_top12\pedestrian crossing\closed\photo_56_2024-12-05_22-23-25.jpg,train
1706,0,pedestrian crossing,closed,960,1280,photo_56_2024-12-06_22-25-52.jpg,dataset_top12\pedestrian crossing\closed\photo_56_2024-12-06_22-25-52.jpg,test
1707,0,pedestrian crossing,closed,960,1280,photo_56_2024-12-07_12-48-02.jpg,dataset_top12\pedestrian crossing\closed\photo_56_2024-12-07_12-48-02.jpg,train
1708,0,pedestrian crossing,closed,960,1280,photo_56_2024-12-07_12-49-18.jpg,dataset_top12\pedestrian crossing\closed\photo_56_2024-12-07_12-49-18.jpg,validation
1709,0,pedestrian crossing,closed,524,520,photo_56_2024-12-09_12-45-24.jpg,dataset_top12\pedestrian crossing\closed\photo_56_2024-12-09_12-45-24.jpg,train
1710,0,pedestrian crossing,closed,960,1280,photo_57_2024-10-29_09-42-50.jpg,dataset_top12\pedestrian crossing\closed\photo_57_2024-10-29_09-42-50.jpg,train
1711,0,pedestrian crossing,closed,960,1280,photo_57_2024-10-29_09-53-08.jpg,dataset_top12\pedestrian crossing\closed\photo_57_2024-10-29_09-53-08.jpg,train
1712,0,pedestrian crossing,closed,849,1107,photo_57_2024-10-29_09-53-51.jpg,dataset_top12\pedestrian crossing\closed\photo_57_2024-10-29_09-53-51.jpg,train
1713,0,pedestrian crossing,closed,960,1280,photo_57_2024-10-29_09-54-21.jpg,dataset_top12\pedestrian crossing\closed\photo_57_2024-10-29_09-54-21.jpg,train
1714,0,pedestrian crossing,closed,960,1280,photo_57_2024-12-05_22-23-10.jpg,dataset_top12\pedestrian crossing\closed\photo_57_2024-12-05_22-23-10.jpg,validation
1715,0,pedestrian crossing,closed,960,1280,photo_57_2024-12-05_22-23-25.jpg,dataset_top12\pedestrian crossing\closed\photo_57_2024-12-05_22-23-25.jpg,train
1716,0,pedestrian crossing,closed,1280,805,photo_57_2024-12-05_22-23-50.jpg,dataset_top12\pedestrian crossing\closed\photo_57_2024-12-05_22-23-50.jpg,train
1717,0,pedestrian crossing,closed,960,1280,photo_57_2024-12-06_22-25-52.jpg,dataset_top12\pedestrian crossing\closed\photo_57_2024-12-06_22-25-52.jpg,train
1718,0,pedestrian crossing,closed,960,1280,photo_57_2024-12-07_12-48-02.jpg,dataset_top12\pedestrian crossing\closed\photo_57_2024-12-07_12-48-02.jpg,train
1719,0,pedestrian crossing,closed,772,775,photo_57_2024-12-07_12-48-37.jpg,dataset_top12\pedestrian crossing\closed\photo_57_2024-12-07_12-48-37.jpg,train
1720,0,pedestrian crossing,closed,960,1280,photo_57_2024-12-07_12-49-18.jpg,dataset_top12\pedestrian crossing\closed\photo_57_2024-12-07_12-49-18.jpg,test
1721,0,pedestrian crossing,closed,960,1280,photo_58_2024-10-29_09-42-50.jpg,dataset_top12\pedestrian crossing\closed\photo_58_2024-10-29_09-42-50.jpg,train
1722,0,pedestrian crossing,closed,960,1280,photo_58_2024-10-29_09-53-08.jpg,dataset_top12\pedestrian crossing\closed\photo_58_2024-10-29_09-53-08.jpg,train
1723,0,pedestrian crossing,closed,842,1123,photo_58_2024-10-29_09-53-51.jpg,dataset_top12\pedestrian crossing\closed\photo_58_2024-10-29_09-53-51.jpg,train
1724,0,pedestrian crossing,closed,960,1280,photo_58_2024-10-29_09-54-21.jpg,dataset_top12\pedestrian crossing\closed\photo_58_2024-10-29_09-54-21.jpg,train
1725,0,pedestrian crossing,closed,960,1280,photo_58_2024-12-05_22-23-10.jpg,dataset_top12\pedestrian crossing\closed\photo_58_2024-12-05_22-23-10.jpg,test
1726,0,pedestrian crossing,closed,960,1280,photo_58_2024-12-05_22-23-25.jpg,dataset_top12\pedestrian crossing\closed\photo_58_2024-12-05_22-23-25.jpg,train
1727,0,pedestrian crossing,closed,960,1280,photo_58_2024-12-07_12-48-02.jpg,dataset_top12\pedestrian crossing\closed\photo_58_2024-12-07_12-48-02.jpg,validation
1728,0,pedestrian crossing,closed,960,1280,photo_58_2024-12-07_12-48-37.jpg,dataset_top12\pedestrian crossing\closed\photo_58_2024-12-07_12-48-37.jpg,train
1729,0,pedestrian crossing,closed,960,1280,photo_58_2024-12-07_12-49-18.jpg,dataset_top12\pedestrian crossing\closed\photo_58_2024-12-07_12-49-18.jpg,train
1730,0,pedestrian crossing,closed,553,557,photo_58_2024-12-09_12-45-24.jpg,dataset_top12\pedestrian crossing\closed\photo_58_2024-12-09_12-45-24.jpg,train
1731,0,pedestrian crossing,closed,960,1280,photo_59_2024-10-29_09-42-50.jpg,dataset_top12\pedestrian crossing\closed\photo_59_2024-10-29_09-42-50.jpg,train
1732,0,pedestrian crossing,closed,830,1148,photo_59_2024-10-29_09-53-51.jpg,dataset_top12\pedestrian crossing\closed\photo_59_2024-10-29_09-53-51.jpg,train
1733,0,pedestrian crossing,closed,960,1280,photo_59_2024-10-29_09-54-21.jpg,dataset_top12\pedestrian crossing\closed\photo_59_2024-10-29_09-54-21.jpg,train
1734,0,pedestrian crossing,closed,960,1280,photo_59_2024-12-05_22-23-25.jpg,dataset_top12\pedestrian crossing\closed\photo_59_2024-12-05_22-23-25.jpg,validation
1735,0,pedestrian crossing,closed,960,1280,photo_59_2024-12-06_22-25-52.jpg,dataset_top12\pedestrian crossing\closed\photo_59_2024-12-06_22-25-52.jpg,test
1736,0,pedestrian crossing,closed,960,1280,photo_59_2024-12-07_12-48-02.jpg,dataset_top12\pedestrian crossing\closed\photo_59_2024-12-07_12-48-02.jpg,train
1737,0,pedestrian crossing,closed,960,1280,photo_59_2024-12-07_12-48-37.jpg,dataset_top12\pedestrian crossing\closed\photo_59_2024-12-07_12-48-37.jpg,train
1738,0,pedestrian crossing,closed,960,1280,photo_59_2024-12-07_12-51-07.jpg,dataset_top12\pedestrian crossing\closed\photo_59_2024-12-07_12-51-07.jpg,validation
1739,0,pedestrian crossing,closed,565,566,photo_59_2024-12-09_12-45-24.jpg,dataset_top12\pedestrian crossing\closed\photo_59_2024-12-09_12-45-24.jpg,train
1740,0,pedestrian crossing,closed,960,1280,photo_5_2024-10-29_09-42-50.jpg,dataset_top12\pedestrian crossing\closed\photo_5_2024-10-29_09-42-50.jpg,test
1741,0,pedestrian crossing,closed,960,1280,photo_5_2024-10-29_09-53-51.jpg,dataset_top12\pedestrian crossing\closed\photo_5_2024-10-29_09-53-51.jpg,train
1742,0,pedestrian crossing,closed,960,1280,photo_5_2024-10-29_09-54-21.jpg,dataset_top12\pedestrian crossing\closed\photo_5_2024-10-29_09-54-21.jpg,train
1743,0,pedestrian crossing,closed,960,1280,photo_5_2024-10-29_09-54-37.jpg,dataset_top12\pedestrian crossing\closed\photo_5_2024-10-29_09-54-37.jpg,validation
1744,0,pedestrian crossing,closed,960,1280,photo_5_2024-12-05_22-23-10.jpg,dataset_top12\pedestrian crossing\closed\photo_5_2024-12-05_22-23-10.jpg,train
1745,0,pedestrian crossing,closed,1280,1280,photo_5_2024-12-05_22-23-50.jpg,dataset_top12\pedestrian crossing\closed\photo_5_2024-12-05_22-23-50.jpg,train
1746,0,pedestrian crossing,closed,960,1280,photo_5_2024-12-06_22-24-57.jpg,dataset_top12\pedestrian crossing\closed\photo_5_2024-12-06_22-24-57.jpg,train
1747,0,pedestrian crossing,closed,980,984,photo_5_2024-12-07_12-48-36.jpg,dataset_top12\pedestrian crossing\closed\photo_5_2024-12-07_12-48-36.jpg,train
1748,0,pedestrian crossing,closed,960,1280,photo_5_2024-12-09_12-45-24.jpg,dataset_top12\pedestrian crossing\closed\photo_5_2024-12-09_12-45-24.jpg,train
1749,0,pedestrian crossing,closed,735,728,photo_5_2024-12-18_02-27-47.jpg,dataset_top12\pedestrian crossing\closed\photo_5_2024-12-18_02-27-47.jpg,test
1750,0,pedestrian crossing,closed,960,1280,photo_5_2024-12-18_02-36-53.jpg,dataset_top12\pedestrian crossing\closed\photo_5_2024-12-18_02-36-53.jpg,train
1751,0,pedestrian crossing,closed,960,1280,photo_60_2024-10-29_09-42-50.jpg,dataset_top12\pedestrian crossing\closed\photo_60_2024-10-29_09-42-50.jpg,validation
1752,0,pedestrian crossing,closed,960,1280,photo_60_2024-10-29_09-53-08.jpg,dataset_top12\pedestrian crossing\closed\photo_60_2024-10-29_09-53-08.jpg,train
1753,0,pedestrian crossing,closed,960,1280,photo_60_2024-10-29_09-54-21.jpg,dataset_top12\pedestrian crossing\closed\photo_60_2024-10-29_09-54-21.jpg,test
1754,0,pedestrian crossing,closed,960,1280,photo_60_2024-12-05_22-23-25.jpg,dataset_top12\pedestrian crossing\closed\photo_60_2024-12-05_22-23-25.jpg,train
1755,0,pedestrian crossing,closed,960,1280,photo_60_2024-12-06_22-25-52.jpg,dataset_top12\pedestrian crossing\closed\photo_60_2024-12-06_22-25-52.jpg,train
1756,0,pedestrian crossing,closed,1118,1280,photo_60_2024-12-07_12-48-02.jpg,dataset_top12\pedestrian crossing\closed\photo_60_2024-12-07_12-48-02.jpg,train
1757,0,pedestrian crossing,closed,960,1280,photo_60_2024-12-07_12-48-37.jpg,dataset_top12\pedestrian crossing\closed\photo_60_2024-12-07_12-48-37.jpg,train
1758,0,pedestrian crossing,closed,923,886,photo_60_2024-12-07_12-49-18.jpg,dataset_top12\pedestrian crossing\closed\photo_60_2024-12-07_12-49-18.jpg,train
1759,0,pedestrian crossing,closed,960,1280,photo_60_2024-12-07_12-51-07.jpg,dataset_top12\pedestrian crossing\closed\photo_60_2024-12-07_12-51-07.jpg,validation
1760,0,pedestrian crossing,closed,960,1280,photo_61_2024-10-29_09-42-50.jpg,dataset_top12\pedestrian crossing\closed\photo_61_2024-10-29_09-42-50.jpg,train
1761,0,pedestrian crossing,closed,960,1280,photo_61_2024-10-29_09-53-51.jpg,dataset_top12\pedestrian crossing\closed\photo_61_2024-10-29_09-53-51.jpg,train
1762,0,pedestrian crossing,closed,960,1280,photo_61_2024-10-29_09-54-21.jpg,dataset_top12\pedestrian crossing\closed\photo_61_2024-10-29_09-54-21.jpg,train
1763,0,pedestrian crossing,closed,960,1280,photo_61_2024-12-05_22-23-10.jpg,dataset_top12\pedestrian crossing\closed\photo_61_2024-12-05_22-23-10.jpg,train
1764,0,pedestrian crossing,closed,960,1280,photo_61_2024-12-05_22-23-25.jpg,dataset_top12\pedestrian crossing\closed\photo_61_2024-12-05_22-23-25.jpg,train
1765,0,pedestrian crossing,closed,960,1280,photo_61_2024-12-06_22-25-52.jpg,dataset_top12\pedestrian crossing\closed\photo_61_2024-12-06_22-25-52.jpg,train
1766,0,pedestrian crossing,closed,1181,1280,photo_61_2024-12-07_12-46-04.jpg,dataset_top12\pedestrian crossing\closed\photo_61_2024-12-07_12-46-04.jpg,train
1767,0,pedestrian crossing,closed,1226,1280,photo_61_2024-12-07_12-48-02.jpg,dataset_top12\pedestrian crossing\closed\photo_61_2024-12-07_12-48-02.jpg,train
1768,0,pedestrian crossing,closed,960,1280,photo_62_2024-10-29_09-42-50.jpg,dataset_top12\pedestrian crossing\closed\photo_62_2024-10-29_09-42-50.jpg,train
1769,0,pedestrian crossing,closed,960,1280,photo_62_2024-10-29_09-53-51.jpg,dataset_top12\pedestrian crossing\closed\photo_62_2024-10-29_09-53-51.jpg,train
1770,0,pedestrian crossing,closed,960,1280,photo_62_2024-10-29_09-54-21.jpg,dataset_top12\pedestrian crossing\closed\photo_62_2024-10-29_09-54-21.jpg,train
1771,0,pedestrian crossing,closed,960,1280,photo_62_2024-12-05_22-23-10.jpg,dataset_top12\pedestrian crossing\closed\photo_62_2024-12-05_22-23-10.jpg,train
1772,0,pedestrian crossing,closed,960,1280,photo_62_2024-12-05_22-23-25.jpg,dataset_top12\pedestrian crossing\closed\photo_62_2024-12-05_22-23-25.jpg,train
1773,0,pedestrian crossing,closed,960,1280,photo_62_2024-12-07_12-48-02.jpg,dataset_top12\pedestrian crossing\closed\photo_62_2024-12-07_12-48-02.jpg,train
1774,0,pedestrian crossing,closed,960,1280,photo_62_2024-12-07_12-48-37.jpg,dataset_top12\pedestrian crossing\closed\photo_62_2024-12-07_12-48-37.jpg,train
1775,0,pedestrian crossing,closed,960,1280,photo_62_2024-12-07_12-49-18.jpg,dataset_top12\pedestrian crossing\closed\photo_62_2024-12-07_12-49-18.jpg,train
1776,0,pedestrian crossing,closed,960,1280,photo_63_2024-10-29_09-42-50.jpg,dataset_top12\pedestrian crossing\closed\photo_63_2024-10-29_09-42-50.jpg,train
1777,0,pedestrian crossing,closed,960,1280,photo_63_2024-10-29_09-53-08.jpg,dataset_top12\pedestrian crossing\closed\photo_63_2024-10-29_09-53-08.jpg,train
1778,0,pedestrian crossing,closed,826,1104,photo_63_2024-10-29_09-53-51.jpg,dataset_top12\pedestrian crossing\closed\photo_63_2024-10-29_09-53-51.jpg,train
1779,0,pedestrian crossing,closed,960,1280,photo_63_2024-12-05_22-23-10.jpg,dataset_top12\pedestrian crossing\closed\photo_63_2024-12-05_22-23-10.jpg,validation
1780,0,pedestrian crossing,closed,867,862,photo_63_2024-12-07_12-48-37.jpg,dataset_top12\pedestrian crossing\closed\photo_63_2024-12-07_12-48-37.jpg,train
1781,0,pedestrian crossing,closed,1280,1097,photo_63_2024-12-07_12-49-18.jpg,dataset_top12\pedestrian crossing\closed\photo_63_2024-12-07_12-49-18.jpg,train
1782,0,pedestrian crossing,closed,960,1280,photo_63_2024-12-07_12-51-07.jpg,dataset_top12\pedestrian crossing\closed\photo_63_2024-12-07_12-51-07.jpg,train
1783,0,pedestrian crossing,closed,538,535,photo_63_2024-12-09_12-45-24.jpg,dataset_top12\pedestrian crossing\closed\photo_63_2024-12-09_12-45-24.jpg,validation
1784,0,pedestrian crossing,closed,960,1280,photo_63_2024-12-09_12-46-01.jpg,dataset_top12\pedestrian crossing\closed\photo_63_2024-12-09_12-46-01.jpg,train
1785,0,pedestrian crossing,closed,960,1280,photo_64_2024-10-29_09-42-50.jpg,dataset_top12\pedestrian crossing\closed\photo_64_2024-10-29_09-42-50.jpg,train
1786,0,pedestrian crossing,closed,960,1280,photo_64_2024-10-29_09-53-08.jpg,dataset_top12\pedestrian crossing\closed\photo_64_2024-10-29_09-53-08.jpg,validation
1787,0,pedestrian crossing,closed,960,1280,photo_64_2024-10-29_09-54-21.jpg,dataset_top12\pedestrian crossing\closed\photo_64_2024-10-29_09-54-21.jpg,train
1788,0,pedestrian crossing,closed,960,1280,photo_64_2024-12-05_22-23-10.jpg,dataset_top12\pedestrian crossing\closed\photo_64_2024-12-05_22-23-10.jpg,train
1789,0,pedestrian crossing,closed,960,1280,photo_64_2024-12-05_22-23-50.jpg,dataset_top12\pedestrian crossing\closed\photo_64_2024-12-05_22-23-50.jpg,train
1790,0,pedestrian crossing,closed,960,1280,photo_64_2024-12-06_22-25-52.jpg,dataset_top12\pedestrian crossing\closed\photo_64_2024-12-06_22-25-52.jpg,train
1791,0,pedestrian crossing,closed,960,1280,photo_64_2024-12-07_12-48-02.jpg,dataset_top12\pedestrian crossing\closed\photo_64_2024-12-07_12-48-02.jpg,validation
1792,0,pedestrian crossing,closed,960,1280,photo_64_2024-12-07_12-48-37.jpg,dataset_top12\pedestrian crossing\closed\photo_64_2024-12-07_12-48-37.jpg,train
1793,0,pedestrian crossing,closed,960,1280,photo_64_2024-12-07_12-49-18.jpg,dataset_top12\pedestrian crossing\closed\photo_64_2024-12-07_12-49-18.jpg,train
1794,0,pedestrian crossing,closed,719,711,photo_64_2024-12-07_12-51-07.jpg,dataset_top12\pedestrian crossing\closed\photo_64_2024-12-07_12-51-07.jpg,validation
1795,0,pedestrian crossing,closed,960,1280,photo_65_2024-10-29_09-42-50.jpg,dataset_top12\pedestrian crossing\closed\photo_65_2024-10-29_09-42-50.jpg,train
1796,0,pedestrian crossing,closed,960,1280,photo_65_2024-10-29_09-53-51.jpg,dataset_top12\pedestrian crossing\closed\photo_65_2024-10-29_09-53-51.jpg,train
1797,0,pedestrian crossing,closed,960,1280,photo_65_2024-10-29_09-54-21.jpg,dataset_top12\pedestrian crossing\closed\photo_65_2024-10-29_09-54-21.jpg,train
1798,0,pedestrian crossing,closed,1099,1280,photo_65_2024-12-05_22-23-25.jpg,dataset_top12\pedestrian crossing\closed\photo_65_2024-12-05_22-23-25.jpg,train
1799,0,pedestrian crossing,closed,960,1280,photo_65_2024-12-06_22-25-52.jpg,dataset_top12\pedestrian crossing\closed\photo_65_2024-12-06_22-25-52.jpg,train
1800,0,pedestrian crossing,closed,960,1280,photo_65_2024-12-07_12-48-02.jpg,dataset_top12\pedestrian crossing\closed\photo_65_2024-12-07_12-48-02.jpg,train
1801,0,pedestrian crossing,closed,960,1280,photo_65_2024-12-07_12-48-37.jpg,dataset_top12\pedestrian crossing\closed\photo_65_2024-12-07_12-48-37.jpg,test
1802,0,pedestrian crossing,closed,960,1280,photo_65_2024-12-07_12-49-18.jpg,dataset_top12\pedestrian crossing\closed\photo_65_2024-12-07_12-49-18.jpg,train
1803,0,pedestrian crossing,closed,960,1280,photo_65_2024-12-07_12-51-07.jpg,dataset_top12\pedestrian crossing\closed\photo_65_2024-12-07_12-51-07.jpg,train
1804,0,pedestrian crossing,closed,503,503,photo_65_2024-12-09_12-45-24.jpg,dataset_top12\pedestrian crossing\closed\photo_65_2024-12-09_12-45-24.jpg,test
1805,0,pedestrian crossing,closed,960,1280,photo_66_2024-10-29_09-42-50.jpg,dataset_top12\pedestrian crossing\closed\photo_66_2024-10-29_09-42-50.jpg,train
1806,0,pedestrian crossing,closed,844,1105,photo_66_2024-10-29_09-53-51.jpg,dataset_top12\pedestrian crossing\closed\photo_66_2024-10-29_09-53-51.jpg,train
1807,0,pedestrian crossing,closed,960,1280,photo_66_2024-10-29_09-54-21.jpg,dataset_top12\pedestrian crossing\closed\photo_66_2024-10-29_09-54-21.jpg,validation
1808,0,pedestrian crossing,closed,960,1280,photo_66_2024-12-05_22-23-10.jpg,dataset_top12\pedestrian crossing\closed\photo_66_2024-12-05_22-23-10.jpg,train
1809,0,pedestrian crossing,closed,960,1280,photo_66_2024-12-06_22-25-52.jpg,dataset_top12\pedestrian crossing\closed\photo_66_2024-12-06_22-25-52.jpg,test
1810,0,pedestrian crossing,closed,960,1280,photo_66_2024-12-07_12-48-02.jpg,dataset_top12\pedestrian crossing\closed\photo_66_2024-12-07_12-48-02.jpg,train
1811,0,pedestrian crossing,closed,1071,974,photo_66_2024-12-07_12-48-37.jpg,dataset_top12\pedestrian crossing\closed\photo_66_2024-12-07_12-48-37.jpg,train
1812,0,pedestrian crossing,closed,960,1280,photo_66_2024-12-07_12-49-18.jpg,dataset_top12\pedestrian crossing\closed\photo_66_2024-12-07_12-49-18.jpg,train
1813,0,pedestrian crossing,closed,960,1280,photo_66_2024-12-07_12-51-07.jpg,dataset_top12\pedestrian crossing\closed\photo_66_2024-12-07_12-51-07.jpg,validation
1814,0,pedestrian crossing,closed,960,1280,photo_66_2024-12-09_12-46-32.jpg,dataset_top12\pedestrian crossing\closed\photo_66_2024-12-09_12-46-32.jpg,train
1815,0,pedestrian crossing,closed,960,1280,photo_67_2024-10-29_09-42-50.jpg,dataset_top12\pedestrian crossing\closed\photo_67_2024-10-29_09-42-50.jpg,validation
1816,0,pedestrian crossing,closed,960,1280,photo_67_2024-10-29_09-53-08.jpg,dataset_top12\pedestrian crossing\closed\photo_67_2024-10-29_09-53-08.jpg,train
1817,0,pedestrian crossing,closed,960,1280,photo_67_2024-10-29_09-54-21.jpg,dataset_top12\pedestrian crossing\closed\photo_67_2024-10-29_09-54-21.jpg,train
1818,0,pedestrian crossing,closed,960,1280,photo_67_2024-12-05_22-22-53.jpg,dataset_top12\pedestrian crossing\closed\photo_67_2024-12-05_22-22-53.jpg,train
1819,0,pedestrian crossing,closed,960,1280,photo_67_2024-12-05_22-23-25.jpg,dataset_top12\pedestrian crossing\closed\photo_67_2024-12-05_22-23-25.jpg,train
1820,0,pedestrian crossing,closed,1280,1275,photo_67_2024-12-07_12-48-02.jpg,dataset_top12\pedestrian crossing\closed\photo_67_2024-12-07_12-48-02.jpg,train
1821,0,pedestrian crossing,closed,1127,1280,photo_67_2024-12-07_12-48-37.jpg,dataset_top12\pedestrian crossing\closed\photo_67_2024-12-07_12-48-37.jpg,train
1822,0,pedestrian crossing,closed,960,1280,photo_67_2024-12-07_12-49-18.jpg,dataset_top12\pedestrian crossing\closed\photo_67_2024-12-07_12-49-18.jpg,train
1823,0,pedestrian crossing,closed,960,1280,photo_67_2024-12-07_12-51-07.jpg,dataset_top12\pedestrian crossing\closed\photo_67_2024-12-07_12-51-07.jpg,validation
1824,0,pedestrian crossing,closed,960,1280,photo_68_2024-10-29_09-42-50.jpg,dataset_top12\pedestrian crossing\closed\photo_68_2024-10-29_09-42-50.jpg,train
1825,0,pedestrian crossing,closed,960,1280,photo_68_2024-10-29_09-53-08.jpg,dataset_top12\pedestrian crossing\closed\photo_68_2024-10-29_09-53-08.jpg,train
1826,0,pedestrian crossing,closed,834,1108,photo_68_2024-10-29_09-53-51.jpg,dataset_top12\pedestrian crossing\closed\photo_68_2024-10-29_09-53-51.jpg,train
1827,0,pedestrian crossing,closed,960,1280,photo_68_2024-10-29_09-54-21.jpg,dataset_top12\pedestrian crossing\closed\photo_68_2024-10-29_09-54-21.jpg,train
1828,0,pedestrian crossing,closed,960,1280,photo_68_2024-12-05_22-23-25.jpg,dataset_top12\pedestrian crossing\closed\photo_68_2024-12-05_22-23-25.jpg,train
1829,0,pedestrian crossing,closed,960,1280,photo_68_2024-12-07_12-48-02.jpg,dataset_top12\pedestrian crossing\closed\photo_68_2024-12-07_12-48-02.jpg,train
1830,0,pedestrian crossing,closed,1280,1206,photo_68_2024-12-07_12-48-37.jpg,dataset_top12\pedestrian crossing\closed\photo_68_2024-12-07_12-48-37.jpg,train
1831,0,pedestrian crossing,closed,960,1280,photo_68_2024-12-07_12-49-18.jpg,dataset_top12\pedestrian crossing\closed\photo_68_2024-12-07_12-49-18.jpg,test
1832,0,pedestrian crossing,closed,960,1280,photo_68_2024-12-07_12-51-07.jpg,dataset_top12\pedestrian crossing\closed\photo_68_2024-12-07_12-51-07.jpg,test
1833,0,pedestrian crossing,closed,960,1280,photo_69_2024-10-29_09-42-50.jpg,dataset_top12\pedestrian crossing\closed\photo_69_2024-10-29_09-42-50.jpg,train
1834,0,pedestrian crossing,closed,960,1280,photo_69_2024-10-29_09-53-08.jpg,dataset_top12\pedestrian crossing\closed\photo_69_2024-10-29_09-53-08.jpg,validation
1835,0,pedestrian crossing,closed,840,1090,photo_69_2024-10-29_09-53-51.jpg,dataset_top12\pedestrian crossing\closed\photo_69_2024-10-29_09-53-51.jpg,train
1836,0,pedestrian crossing,closed,960,1280,photo_69_2024-12-05_22-23-25.jpg,dataset_top12\pedestrian crossing\closed\photo_69_2024-12-05_22-23-25.jpg,validation
1837,0,pedestrian crossing,closed,960,1280,photo_69_2024-12-05_22-23-50.jpg,dataset_top12\pedestrian crossing\closed\photo_69_2024-12-05_22-23-50.jpg,train
1838,0,pedestrian crossing,closed,960,1280,photo_69_2024-12-06_22-25-52.jpg,dataset_top12\pedestrian crossing\closed\photo_69_2024-12-06_22-25-52.jpg,train
1839,0,pedestrian crossing,closed,877,1280,photo_69_2024-12-07_12-46-52.jpg,dataset_top12\pedestrian crossing\closed\photo_69_2024-12-07_12-46-52.jpg,train
1840,0,pedestrian crossing,closed,960,1280,photo_69_2024-12-07_12-48-02.jpg,dataset_top12\pedestrian crossing\closed\photo_69_2024-12-07_12-48-02.jpg,test
1841,0,pedestrian crossing,closed,1139,1280,photo_69_2024-12-07_12-48-37.jpg,dataset_top12\pedestrian crossing\closed\photo_69_2024-12-07_12-48-37.jpg,validation
1842,0,pedestrian crossing,closed,960,1280,photo_69_2024-12-07_12-49-18.jpg,dataset_top12\pedestrian crossing\closed\photo_69_2024-12-07_12-49-18.jpg,train
1843,0,pedestrian crossing,closed,960,1280,photo_69_2024-12-07_12-51-07.jpg,dataset_top12\pedestrian crossing\closed\photo_69_2024-12-07_12-51-07.jpg,train
1844,0,pedestrian crossing,closed,960,1280,photo_6_2024-10-29_09-53-08.jpg,dataset_top12\pedestrian crossing\closed\photo_6_2024-10-29_09-53-08.jpg,test
1845,0,pedestrian crossing,closed,960,1280,photo_6_2024-10-29_09-54-21.jpg,dataset_top12\pedestrian crossing\closed\photo_6_2024-10-29_09-54-21.jpg,train
1846,0,pedestrian crossing,closed,960,1280,photo_6_2024-10-29_09-54-37.jpg,dataset_top12\pedestrian crossing\closed\photo_6_2024-10-29_09-54-37.jpg,train
1847,0,pedestrian crossing,closed,960,1280,photo_6_2024-12-06_22-24-57.jpg,dataset_top12\pedestrian crossing\closed\photo_6_2024-12-06_22-24-57.jpg,train
1848,0,pedestrian crossing,closed,960,1280,photo_6_2024-12-06_22-25-52.jpg,dataset_top12\pedestrian crossing\closed\photo_6_2024-12-06_22-25-52.jpg,validation
1849,0,pedestrian crossing,closed,960,1280,photo_6_2024-12-07_12-48-36.jpg,dataset_top12\pedestrian crossing\closed\photo_6_2024-12-07_12-48-36.jpg,train
1850,0,pedestrian crossing,closed,740,752,photo_6_2024-12-07_12-51-07.jpg,dataset_top12\pedestrian crossing\closed\photo_6_2024-12-07_12-51-07.jpg,train
1851,0,pedestrian crossing,closed,960,1280,photo_6_2024-12-09_12-45-24.jpg,dataset_top12\pedestrian crossing\closed\photo_6_2024-12-09_12-45-24.jpg,validation
1852,0,pedestrian crossing,closed,960,1280,photo_6_2024-12-18_02-36-53.jpg,dataset_top12\pedestrian crossing\closed\photo_6_2024-12-18_02-36-53.jpg,train
1853,0,pedestrian crossing,closed,960,1280,photo_70_2024-10-29_09-42-50.jpg,dataset_top12\pedestrian crossing\closed\photo_70_2024-10-29_09-42-50.jpg,train
1854,0,pedestrian crossing,closed,960,1280,photo_70_2024-10-29_09-53-51.jpg,dataset_top12\pedestrian crossing\closed\photo_70_2024-10-29_09-53-51.jpg,validation
1855,0,pedestrian crossing,closed,1280,956,photo_70_2024-12-05_22-23-10.jpg,dataset_top12\pedestrian crossing\closed\photo_70_2024-12-05_22-23-10.jpg,train
1856,0,pedestrian crossing,closed,960,1280,photo_70_2024-12-05_22-23-25.jpg,dataset_top12\pedestrian crossing\closed\photo_70_2024-12-05_22-23-25.jpg,test
1857,0,pedestrian crossing,closed,960,1280,photo_70_2024-12-06_22-25-52.jpg,dataset_top12\pedestrian crossing\closed\photo_70_2024-12-06_22-25-52.jpg,train
1858,0,pedestrian crossing,closed,1280,1220,photo_70_2024-12-07_12-46-04.jpg,dataset_top12\pedestrian crossing\closed\photo_70_2024-12-07_12-46-04.jpg,validation
1859,0,pedestrian crossing,closed,1125,1280,photo_70_2024-12-07_12-46-52.jpg,dataset_top12\pedestrian crossing\closed\photo_70_2024-12-07_12-46-52.jpg,train
1860,0,pedestrian crossing,closed,960,1280,photo_70_2024-12-07_12-48-02.jpg,dataset_top12\pedestrian crossing\closed\photo_70_2024-12-07_12-48-02.jpg,validation
1861,0,pedestrian crossing,closed,960,1280,photo_70_2024-12-07_12-49-18.jpg,dataset_top12\pedestrian crossing\closed\photo_70_2024-12-07_12-49-18.jpg,validation
1862,0,pedestrian crossing,closed,524,520,photo_70_2024-12-09_12-45-24.jpg,dataset_top12\pedestrian crossing\closed\photo_70_2024-12-09_12-45-24.jpg,train
1863,0,pedestrian crossing,closed,960,1280,photo_71_2024-10-29_09-42-50.jpg,dataset_top12\pedestrian crossing\closed\photo_71_2024-10-29_09-42-50.jpg,validation
1864,0,pedestrian crossing,closed,851,1105,photo_71_2024-10-29_09-53-51.jpg,dataset_top12\pedestrian crossing\closed\photo_71_2024-10-29_09-53-51.jpg,train
1865,0,pedestrian crossing,closed,960,1280,photo_71_2024-12-05_22-23-25.jpg,dataset_top12\pedestrian crossing\closed\photo_71_2024-12-05_22-23-25.jpg,test
1866,0,pedestrian crossing,closed,1280,1100,photo_71_2024-12-07_12-46-04.jpg,dataset_top12\pedestrian crossing\closed\photo_71_2024-12-07_12-46-04.jpg,validation
1867,0,pedestrian crossing,closed,798,866,photo_71_2024-12-07_12-48-02.jpg,dataset_top12\pedestrian crossing\closed\photo_71_2024-12-07_12-48-02.jpg,validation
1868,0,pedestrian crossing,closed,960,1280,photo_71_2024-12-07_12-48-37.jpg,dataset_top12\pedestrian crossing\closed\photo_71_2024-12-07_12-48-37.jpg,train
1869,0,pedestrian crossing,closed,960,1280,photo_71_2024-12-07_12-49-18.jpg,dataset_top12\pedestrian crossing\closed\photo_71_2024-12-07_12-49-18.jpg,train
1870,0,pedestrian crossing,closed,847,1126,photo_72_2024-10-29_09-42-50.jpg,dataset_top12\pedestrian crossing\closed\photo_72_2024-10-29_09-42-50.jpg,test
1871,0,pedestrian crossing,closed,960,1280,photo_72_2024-10-29_09-53-08.jpg,dataset_top12\pedestrian crossing\closed\photo_72_2024-10-29_09-53-08.jpg,train
1872,0,pedestrian crossing,closed,852,1105,photo_72_2024-10-29_09-53-51.jpg,dataset_top12\pedestrian crossing\closed\photo_72_2024-10-29_09-53-51.jpg,validation
1873,0,pedestrian crossing,closed,1280,1021,photo_72_2024-12-05_22-23-10.jpg,dataset_top12\pedestrian crossing\closed\photo_72_2024-12-05_22-23-10.jpg,train
1874,0,pedestrian crossing,closed,960,1280,photo_72_2024-12-05_22-23-25.jpg,dataset_top12\pedestrian crossing\closed\photo_72_2024-12-05_22-23-25.jpg,train
1875,0,pedestrian crossing,closed,1280,1269,photo_72_2024-12-07_12-46-04.jpg,dataset_top12\pedestrian crossing\closed\photo_72_2024-12-07_12-46-04.jpg,train
1876,0,pedestrian crossing,closed,1280,1267,photo_72_2024-12-07_12-46-52.jpg,dataset_top12\pedestrian crossing\closed\photo_72_2024-12-07_12-46-52.jpg,validation
1877,0,pedestrian crossing,closed,1280,1181,photo_72_2024-12-07_12-48-02.jpg,dataset_top12\pedestrian crossing\closed\photo_72_2024-12-07_12-48-02.jpg,validation
1878,0,pedestrian crossing,closed,960,1280,photo_72_2024-12-07_12-48-37.jpg,dataset_top12\pedestrian crossing\closed\photo_72_2024-12-07_12-48-37.jpg,train
1879,0,pedestrian crossing,closed,960,1280,photo_72_2024-12-07_12-49-18.jpg,dataset_top12\pedestrian crossing\closed\photo_72_2024-12-07_12-49-18.jpg,validation
1880,0,pedestrian crossing,closed,607,599,photo_72_2024-12-09_12-45-24.jpg,dataset_top12\pedestrian crossing\closed\photo_72_2024-12-09_12-45-24.jpg,validation
1881,0,pedestrian crossing,closed,830,1127,photo_73_2024-10-29_09-42-50.jpg,dataset_top12\pedestrian crossing\closed\photo_73_2024-10-29_09-42-50.jpg,train
1882,0,pedestrian crossing,closed,837,1105,photo_73_2024-10-29_09-53-51.jpg,dataset_top12\pedestrian crossing\closed\photo_73_2024-10-29_09-53-51.jpg,train
1883,0,pedestrian crossing,closed,960,1280,photo_73_2024-10-29_09-54-21.jpg,dataset_top12\pedestrian crossing\closed\photo_73_2024-10-29_09-54-21.jpg,train
1884,0,pedestrian crossing,closed,960,1280,photo_73_2024-12-05_22-23-25.jpg,dataset_top12\pedestrian crossing\closed\photo_73_2024-12-05_22-23-25.jpg,train
1885,0,pedestrian crossing,closed,960,1280,photo_73_2024-12-06_22-25-52.jpg,dataset_top12\pedestrian crossing\closed\photo_73_2024-12-06_22-25-52.jpg,validation
1886,0,pedestrian crossing,closed,1090,1280,photo_73_2024-12-07_12-46-52.jpg,dataset_top12\pedestrian crossing\closed\photo_73_2024-12-07_12-46-52.jpg,train
1887,0,pedestrian crossing,closed,960,1280,photo_73_2024-12-07_12-48-02.jpg,dataset_top12\pedestrian crossing\closed\photo_73_2024-12-07_12-48-02.jpg,train
1888,0,pedestrian crossing,closed,960,1280,photo_73_2024-12-07_12-49-18.jpg,dataset_top12\pedestrian crossing\closed\photo_73_2024-12-07_12-49-18.jpg,train
1889,0,pedestrian crossing,closed,960,1280,photo_73_2024-12-07_12-51-07.jpg,dataset_top12\pedestrian crossing\closed\photo_73_2024-12-07_12-51-07.jpg,train
1890,0,pedestrian crossing,closed,960,1280,photo_74_2024-10-29_09-53-08.jpg,dataset_top12\pedestrian crossing\closed\photo_74_2024-10-29_09-53-08.jpg,train
1891,0,pedestrian crossing,closed,853,1007,photo_74_2024-10-29_09-53-51.jpg,dataset_top12\pedestrian crossing\closed\photo_74_2024-10-29_09-53-51.jpg,test
1892,0,pedestrian crossing,closed,960,1280,photo_74_2024-10-29_09-54-21.jpg,dataset_top12\pedestrian crossing\closed\photo_74_2024-10-29_09-54-21.jpg,test
1893,0,pedestrian crossing,closed,960,1280,photo_74_2024-12-05_22-23-25.jpg,dataset_top12\pedestrian crossing\closed\photo_74_2024-12-05_22-23-25.jpg,test
1894,0,pedestrian crossing,closed,960,1280,photo_74_2024-12-06_22-24-57.jpg,dataset_top12\pedestrian crossing\closed\photo_74_2024-12-06_22-24-57.jpg,train
1895,0,pedestrian crossing,closed,960,1280,photo_74_2024-12-06_22-25-52.jpg,dataset_top12\pedestrian crossing\closed\photo_74_2024-12-06_22-25-52.jpg,validation
1896,0,pedestrian crossing,closed,1280,1102,photo_74_2024-12-07_12-46-04.jpg,dataset_top12\pedestrian crossing\closed\photo_74_2024-12-07_12-46-04.jpg,train
1897,0,pedestrian crossing,closed,1218,1280,photo_74_2024-12-07_12-46-52.jpg,dataset_top12\pedestrian crossing\closed\photo_74_2024-12-07_12-46-52.jpg,test
1898,0,pedestrian crossing,closed,960,1280,photo_74_2024-12-07_12-48-02.jpg,dataset_top12\pedestrian crossing\closed\photo_74_2024-12-07_12-48-02.jpg,validation
1899,0,pedestrian crossing,closed,960,1280,photo_74_2024-12-07_12-48-37.jpg,dataset_top12\pedestrian crossing\closed\photo_74_2024-12-07_12-48-37.jpg,train
1900,0,pedestrian crossing,closed,960,1280,photo_74_2024-12-07_12-49-18.jpg,dataset_top12\pedestrian crossing\closed\photo_74_2024-12-07_12-49-18.jpg,validation
1901,0,pedestrian crossing,closed,355,352,photo_74_2024-12-09_12-46-01_1.jpg,dataset_top12\pedestrian crossing\closed\photo_74_2024-12-09_12-46-01_1.jpg,train
1902,0,pedestrian crossing,closed,960,1280,photo_75_2024-10-29_09-53-08.jpg,dataset_top12\pedestrian crossing\closed\photo_75_2024-10-29_09-53-08.jpg,test
1903,0,pedestrian crossing,closed,830,1107,photo_75_2024-10-29_09-53-51.jpg,dataset_top12\pedestrian crossing\closed\photo_75_2024-10-29_09-53-51.jpg,train
1904,0,pedestrian crossing,closed,960,1280,photo_75_2024-10-29_09-54-21.jpg,dataset_top12\pedestrian crossing\closed\photo_75_2024-10-29_09-54-21.jpg,train
1905,0,pedestrian crossing,closed,960,1280,photo_75_2024-12-05_22-22-53.jpg,dataset_top12\pedestrian crossing\closed\photo_75_2024-12-05_22-22-53.jpg,validation
1906,0,pedestrian crossing,closed,1280,951,photo_75_2024-12-05_22-23-10.jpg,dataset_top12\pedestrian crossing\closed\photo_75_2024-12-05_22-23-10.jpg,test
1907,0,pedestrian crossing,closed,1280,1200,photo_75_2024-12-07_12-46-04.jpg,dataset_top12\pedestrian crossing\closed\photo_75_2024-12-07_12-46-04.jpg,test
1908,0,pedestrian crossing,closed,1173,1280,photo_75_2024-12-07_12-48-02.jpg,dataset_top12\pedestrian crossing\closed\photo_75_2024-12-07_12-48-02.jpg,train
1909,0,pedestrian crossing,closed,960,1280,photo_75_2024-12-07_12-48-37.jpg,dataset_top12\pedestrian crossing\closed\photo_75_2024-12-07_12-48-37.jpg,validation
1910,0,pedestrian crossing,closed,960,1280,photo_75_2024-12-07_12-49-18.jpg,dataset_top12\pedestrian crossing\closed\photo_75_2024-12-07_12-49-18.jpg,train
1911,0,pedestrian crossing,closed,960,1280,photo_75_2024-12-07_12-51-07.jpg,dataset_top12\pedestrian crossing\closed\photo_75_2024-12-07_12-51-07.jpg,validation
1912,0,pedestrian crossing,closed,474,476,photo_75_2024-12-09_12-45-24.jpg,dataset_top12\pedestrian crossing\closed\photo_75_2024-12-09_12-45-24.jpg,train
1913,0,pedestrian crossing,closed,960,1280,photo_76_2024-10-29_09-53-08.jpg,dataset_top12\pedestrian crossing\closed\photo_76_2024-10-29_09-53-08.jpg,train
1914,0,pedestrian crossing,closed,845,1086,photo_76_2024-10-29_09-53-51.jpg,dataset_top12\pedestrian crossing\closed\photo_76_2024-10-29_09-53-51.jpg,test
1915,0,pedestrian crossing,closed,960,1280,photo_76_2024-10-29_09-54-21.jpg,dataset_top12\pedestrian crossing\closed\photo_76_2024-10-29_09-54-21.jpg,train
1916,0,pedestrian crossing,closed,960,1280,photo_76_2024-12-06_22-24-57.jpg,dataset_top12\pedestrian crossing\closed\photo_76_2024-12-06_22-24-57.jpg,train
1917,0,pedestrian crossing,closed,960,1280,photo_76_2024-12-06_22-25-52.jpg,dataset_top12\pedestrian crossing\closed\photo_76_2024-12-06_22-25-52.jpg,validation
1918,0,pedestrian crossing,closed,960,1280,photo_76_2024-12-07_12-48-02.jpg,dataset_top12\pedestrian crossing\closed\photo_76_2024-12-07_12-48-02.jpg,train
1919,0,pedestrian crossing,closed,960,1280,photo_76_2024-12-07_12-49-18.jpg,dataset_top12\pedestrian crossing\closed\photo_76_2024-12-07_12-49-18.jpg,test
1920,0,pedestrian crossing,closed,825,1119,photo_77_2024-10-29_09-42-50.jpg,dataset_top12\pedestrian crossing\closed\photo_77_2024-10-29_09-42-50.jpg,train
1921,0,pedestrian crossing,closed,960,1280,photo_77_2024-10-29_09-53-08.jpg,dataset_top12\pedestrian crossing\closed\photo_77_2024-10-29_09-53-08.jpg,train
1922,0,pedestrian crossing,closed,960,1280,photo_77_2024-12-05_22-23-10.jpg,dataset_top12\pedestrian crossing\closed\photo_77_2024-12-05_22-23-10.jpg,train
1923,0,pedestrian crossing,closed,960,1280,photo_77_2024-12-05_22-23-25.jpg,dataset_top12\pedestrian crossing\closed\photo_77_2024-12-05_22-23-25.jpg,train
1924,0,pedestrian crossing,closed,960,1280,photo_77_2024-12-06_22-25-52.jpg,dataset_top12\pedestrian crossing\closed\photo_77_2024-12-06_22-25-52.jpg,test
1925,0,pedestrian crossing,closed,952,1280,photo_77_2024-12-07_12-46-52.jpg,dataset_top12\pedestrian crossing\closed\photo_77_2024-12-07_12-46-52.jpg,train
1926,0,pedestrian crossing,closed,960,1280,photo_77_2024-12-07_12-48-02.jpg,dataset_top12\pedestrian crossing\closed\photo_77_2024-12-07_12-48-02.jpg,train
1927,0,pedestrian crossing,closed,819,821,photo_77_2024-12-07_12-48-37.jpg,dataset_top12\pedestrian crossing\closed\photo_77_2024-12-07_12-48-37.jpg,train
1928,0,pedestrian crossing,closed,960,1280,photo_77_2024-12-09_12-46-01.jpg,dataset_top12\pedestrian crossing\closed\photo_77_2024-12-09_12-46-01.jpg,test
1929,0,pedestrian crossing,closed,960,1280,photo_77_2024-12-09_12-46-32.jpg,dataset_top12\pedestrian crossing\closed\photo_77_2024-12-09_12-46-32.jpg,test
1930,0,pedestrian crossing,closed,828,1122,photo_78_2024-10-29_09-42-50.jpg,dataset_top12\pedestrian crossing\closed\photo_78_2024-10-29_09-42-50.jpg,train
1931,0,pedestrian crossing,closed,960,1280,photo_78_2024-10-29_09-53-08.jpg,dataset_top12\pedestrian crossing\closed\photo_78_2024-10-29_09-53-08.jpg,train
1932,0,pedestrian crossing,closed,833,1106,photo_78_2024-10-29_09-53-51.jpg,dataset_top12\pedestrian crossing\closed\photo_78_2024-10-29_09-53-51.jpg,train
1933,0,pedestrian crossing,closed,960,1280,photo_78_2024-10-29_09-54-21.jpg,dataset_top12\pedestrian crossing\closed\photo_78_2024-10-29_09-54-21.jpg,validation
1934,0,pedestrian crossing,closed,960,1280,photo_78_2024-12-05_22-23-10.jpg,dataset_top12\pedestrian crossing\closed\photo_78_2024-12-05_22-23-10.jpg,train
1935,0,pedestrian crossing,closed,960,1280,photo_78_2024-12-05_22-23-25.jpg,dataset_top12\pedestrian crossing\closed\photo_78_2024-12-05_22-23-25.jpg,test
1936,0,pedestrian crossing,closed,1177,1280,photo_78_2024-12-07_12-46-52.jpg,dataset_top12\pedestrian crossing\closed\photo_78_2024-12-07_12-46-52.jpg,train
1937,0,pedestrian crossing,closed,960,1280,photo_78_2024-12-07_12-48-02.jpg,dataset_top12\pedestrian crossing\closed\photo_78_2024-12-07_12-48-02.jpg,train
1938,0,pedestrian crossing,closed,960,1280,photo_78_2024-12-07_12-48-37.jpg,dataset_top12\pedestrian crossing\closed\photo_78_2024-12-07_12-48-37.jpg,train
1939,0,pedestrian crossing,closed,960,1280,photo_78_2024-12-07_12-51-07.jpg,dataset_top12\pedestrian crossing\closed\photo_78_2024-12-07_12-51-07.jpg,train
1940,0,pedestrian crossing,closed,825,1127,photo_79_2024-10-29_09-42-50.jpg,dataset_top12\pedestrian crossing\closed\photo_79_2024-10-29_09-42-50.jpg,train
1941,0,pedestrian crossing,closed,960,1280,photo_79_2024-10-29_09-53-08.jpg,dataset_top12\pedestrian crossing\closed\photo_79_2024-10-29_09-53-08.jpg,validation
1942,0,pedestrian crossing,closed,960,1280,photo_79_2024-10-29_09-53-51.jpg,dataset_top12\pedestrian crossing\closed\photo_79_2024-10-29_09-53-51.jpg,validation
1943,0,pedestrian crossing,closed,960,1280,photo_79_2024-12-05_22-23-10.jpg,dataset_top12\pedestrian crossing\closed\photo_79_2024-12-05_22-23-10.jpg,validation
1944,0,pedestrian crossing,closed,501,467,photo_79_2024-12-07_12-47-32_1.jpg,dataset_top12\pedestrian crossing\closed\photo_79_2024-12-07_12-47-32_1.jpg,train
1945,0,pedestrian crossing,closed,960,1280,photo_79_2024-12-07_12-48-02.jpg,dataset_top12\pedestrian crossing\closed\photo_79_2024-12-07_12-48-02.jpg,validation
1946,0,pedestrian crossing,closed,960,1280,photo_79_2024-12-07_12-51-07.jpg,dataset_top12\pedestrian crossing\closed\photo_79_2024-12-07_12-51-07.jpg,train
1947,0,pedestrian crossing,closed,960,1280,photo_7_2024-10-29_09-42-50.jpg,dataset_top12\pedestrian crossing\closed\photo_7_2024-10-29_09-42-50.jpg,test
1948,0,pedestrian crossing,closed,960,1280,photo_7_2024-10-29_09-53-08.jpg,dataset_top12\pedestrian crossing\closed\photo_7_2024-10-29_09-53-08.jpg,train
1949,0,pedestrian crossing,closed,960,1280,photo_7_2024-10-29_09-53-51.jpg,dataset_top12\pedestrian crossing\closed\photo_7_2024-10-29_09-53-51.jpg,test
1950,0,pedestrian crossing,closed,960,1280,photo_7_2024-10-29_09-54-37.jpg,dataset_top12\pedestrian crossing\closed\photo_7_2024-10-29_09-54-37.jpg,train
1951,0,pedestrian crossing,closed,960,1280,photo_7_2024-12-05_22-22-53.jpg,dataset_top12\pedestrian crossing\closed\photo_7_2024-12-05_22-22-53.jpg,train
1952,0,pedestrian crossing,closed,960,1280,photo_7_2024-12-05_22-23-10.jpg,dataset_top12\pedestrian crossing\closed\photo_7_2024-12-05_22-23-10.jpg,validation
1953,0,pedestrian crossing,closed,960,1280,photo_7_2024-12-06_22-23-51.jpg,dataset_top12\pedestrian crossing\closed\photo_7_2024-12-06_22-23-51.jpg,train
1954,0,pedestrian crossing,closed,960,1280,photo_7_2024-12-07_12-48-36.jpg,dataset_top12\pedestrian crossing\closed\photo_7_2024-12-07_12-48-36.jpg,validation
1955,0,pedestrian crossing,closed,960,1280,photo_7_2024-12-07_12-51-07.jpg,dataset_top12\pedestrian crossing\closed\photo_7_2024-12-07_12-51-07.jpg,test
1956,0,pedestrian crossing,closed,960,1280,photo_7_2024-12-09_12-45-24.jpg,dataset_top12\pedestrian crossing\closed\photo_7_2024-12-09_12-45-24.jpg,train
1957,0,pedestrian crossing,closed,960,1280,photo_7_2024-12-18_02-36-53.jpg,dataset_top12\pedestrian crossing\closed\photo_7_2024-12-18_02-36-53.jpg,train
1958,0,pedestrian crossing,closed,960,1280,photo_7_2024-12-19_00-11-08.jpg,dataset_top12\pedestrian crossing\closed\photo_7_2024-12-19_00-11-08.jpg,train
1959,0,pedestrian crossing,closed,848,1112,photo_80_2024-10-29_09-53-51.jpg,dataset_top12\pedestrian crossing\closed\photo_80_2024-10-29_09-53-51.jpg,train
1960,0,pedestrian crossing,closed,960,1280,photo_80_2024-10-29_09-54-21.jpg,dataset_top12\pedestrian crossing\closed\photo_80_2024-10-29_09-54-21.jpg,test
1961,0,pedestrian crossing,closed,960,1280,photo_80_2024-12-05_22-22-53.jpg,dataset_top12\pedestrian crossing\closed\photo_80_2024-12-05_22-22-53.jpg,train
1962,0,pedestrian crossing,closed,960,1280,photo_80_2024-12-05_22-23-10.jpg,dataset_top12\pedestrian crossing\closed\photo_80_2024-12-05_22-23-10.jpg,train
1963,0,pedestrian crossing,closed,960,1280,photo_80_2024-12-06_22-24-22.jpg,dataset_top12\pedestrian crossing\closed\photo_80_2024-12-06_22-24-22.jpg,train
1964,0,pedestrian crossing,closed,1131,1280,photo_80_2024-12-07_12-46-52.jpg,dataset_top12\pedestrian crossing\closed\photo_80_2024-12-07_12-46-52.jpg,train
1965,0,pedestrian crossing,closed,960,1280,photo_80_2024-12-07_12-48-37.jpg,dataset_top12\pedestrian crossing\closed\photo_80_2024-12-07_12-48-37.jpg,validation
1966,0,pedestrian crossing,closed,960,1280,photo_80_2024-12-07_12-49-18.jpg,dataset_top12\pedestrian crossing\closed\photo_80_2024-12-07_12-49-18.jpg,train
1967,0,pedestrian crossing,closed,960,1280,photo_80_2024-12-09_12-46-01.jpg,dataset_top12\pedestrian crossing\closed\photo_80_2024-12-09_12-46-01.jpg,train
1968,0,pedestrian crossing,closed,960,1280,photo_81_2024-10-29_09-53-08.jpg,dataset_top12\pedestrian crossing\closed\photo_81_2024-10-29_09-53-08.jpg,train
1969,0,pedestrian crossing,closed,959,1280,photo_81_2024-10-29_09-53-51.jpg,dataset_top12\pedestrian crossing\closed\photo_81_2024-10-29_09-53-51.jpg,validation
1970,0,pedestrian crossing,closed,960,1280,photo_81_2024-10-29_09-54-21.jpg,dataset_top12\pedestrian crossing\closed\photo_81_2024-10-29_09-54-21.jpg,test
1971,0,pedestrian crossing,closed,960,1280,photo_81_2024-12-05_22-23-10.jpg,dataset_top12\pedestrian crossing\closed\photo_81_2024-12-05_22-23-10.jpg,train
1972,0,pedestrian crossing,closed,960,1280,photo_81_2024-12-06_22-24-22.jpg,dataset_top12\pedestrian crossing\closed\photo_81_2024-12-06_22-24-22.jpg,train
1973,0,pedestrian crossing,closed,960,1280,photo_81_2024-12-06_22-24-57.jpg,dataset_top12\pedestrian crossing\closed\photo_81_2024-12-06_22-24-57.jpg,test
1974,0,pedestrian crossing,closed,960,1280,photo_81_2024-12-06_22-25-52.jpg,dataset_top12\pedestrian crossing\closed\photo_81_2024-12-06_22-25-52.jpg,validation
1975,0,pedestrian crossing,closed,1240,1280,photo_81_2024-12-07_12-46-52.jpg,dataset_top12\pedestrian crossing\closed\photo_81_2024-12-07_12-46-52.jpg,train
1976,0,pedestrian crossing,closed,469,469,photo_81_2024-12-07_12-47-32_1.jpg,dataset_top12\pedestrian crossing\closed\photo_81_2024-12-07_12-47-32_1.jpg,test
1977,0,pedestrian crossing,closed,960,1280,photo_81_2024-12-07_12-49-18.jpg,dataset_top12\pedestrian crossing\closed\photo_81_2024-12-07_12-49-18.jpg,test
1978,0,pedestrian crossing,closed,960,1280,photo_82_2024-10-29_09-53-08.jpg,dataset_top12\pedestrian crossing\closed\photo_82_2024-10-29_09-53-08.jpg,train
1979,0,pedestrian crossing,closed,960,1011,photo_82_2024-10-29_09-53-51.jpg,dataset_top12\pedestrian crossing\closed\photo_82_2024-10-29_09-53-51.jpg,validation
1980,0,pedestrian crossing,closed,960,1280,photo_82_2024-10-29_09-54-21.jpg,dataset_top12\pedestrian crossing\closed\photo_82_2024-10-29_09-54-21.jpg,train
1981,0,pedestrian crossing,closed,960,1280,photo_82_2024-12-06_22-24-22.jpg,dataset_top12\pedestrian crossing\closed\photo_82_2024-12-06_22-24-22.jpg,test
1982,0,pedestrian crossing,closed,960,1280,photo_82_2024-12-06_22-25-52.jpg,dataset_top12\pedestrian crossing\closed\photo_82_2024-12-06_22-25-52.jpg,test
1983,0,pedestrian crossing,closed,1241,1280,photo_82_2024-12-07_12-46-52.jpg,dataset_top12\pedestrian crossing\closed\photo_82_2024-12-07_12-46-52.jpg,train
1984,0,pedestrian crossing,closed,808,808,photo_82_2024-12-07_12-48-02.jpg,dataset_top12\pedestrian crossing\closed\photo_82_2024-12-07_12-48-02.jpg,test
1985,0,pedestrian crossing,closed,960,1280,photo_82_2024-12-07_12-48-37.jpg,dataset_top12\pedestrian crossing\closed\photo_82_2024-12-07_12-48-37.jpg,validation
1986,0,pedestrian crossing,closed,960,1280,photo_82_2024-12-07_12-49-18.jpg,dataset_top12\pedestrian crossing\closed\photo_82_2024-12-07_12-49-18.jpg,train
1987,0,pedestrian crossing,closed,960,1280,photo_82_2024-12-07_12-51-07.jpg,dataset_top12\pedestrian crossing\closed\photo_82_2024-12-07_12-51-07.jpg,train
1988,0,pedestrian crossing,closed,960,1280,photo_83_2024-10-29_09-53-08.jpg,dataset_top12\pedestrian crossing\closed\photo_83_2024-10-29_09-53-08.jpg,validation
1989,0,pedestrian crossing,closed,960,1130,photo_83_2024-10-29_09-53-51.jpg,dataset_top12\pedestrian crossing\closed\photo_83_2024-10-29_09-53-51.jpg,train
1990,0,pedestrian crossing,closed,960,1280,photo_83_2024-10-29_09-54-21.jpg,dataset_top12\pedestrian crossing\closed\photo_83_2024-10-29_09-54-21.jpg,train
1991,0,pedestrian crossing,closed,960,1280,photo_83_2024-12-05_22-23-10.jpg,dataset_top12\pedestrian crossing\closed\photo_83_2024-12-05_22-23-10.jpg,train
1992,0,pedestrian crossing,closed,960,1280,photo_83_2024-12-06_22-24-22.jpg,dataset_top12\pedestrian crossing\closed\photo_83_2024-12-06_22-24-22.jpg,validation
1993,0,pedestrian crossing,closed,960,1280,photo_83_2024-12-06_22-25-52.jpg,dataset_top12\pedestrian crossing\closed\photo_83_2024-12-06_22-25-52.jpg,train
1994,0,pedestrian crossing,closed,1280,1256,photo_83_2024-12-07_12-46-52.jpg,dataset_top12\pedestrian crossing\closed\photo_83_2024-12-07_12-46-52.jpg,train
1995,0,pedestrian crossing,closed,960,1280,photo_83_2024-12-07_12-48-02.jpg,dataset_top12\pedestrian crossing\closed\photo_83_2024-12-07_12-48-02.jpg,train
1996,0,pedestrian crossing,closed,835,1135,photo_84_2024-10-29_09-42-50.jpg,dataset_top12\pedestrian crossing\closed\photo_84_2024-10-29_09-42-50.jpg,train
1997,0,pedestrian crossing,closed,960,1280,photo_84_2024-10-29_09-53-08.jpg,dataset_top12\pedestrian crossing\closed\photo_84_2024-10-29_09-53-08.jpg,train
1998,0,pedestrian crossing,closed,960,1280,photo_84_2024-10-29_09-53-51.jpg,dataset_top12\pedestrian crossing\closed\photo_84_2024-10-29_09-53-51.jpg,train
1999,0,pedestrian crossing,closed,960,1280,photo_84_2024-12-05_22-22-53.jpg,dataset_top12\pedestrian crossing\closed\photo_84_2024-12-05_22-22-53.jpg,train
2000,0,pedestrian crossing,closed,960,1280,photo_84_2024-12-05_22-23-10.jpg,dataset_top12\pedestrian crossing\closed\photo_84_2024-12-05_22-23-10.jpg,test
2001,0,pedestrian crossing,closed,960,1280,photo_84_2024-12-06_22-24-22.jpg,dataset_top12\pedestrian crossing\closed\photo_84_2024-12-06_22-24-22.jpg,train
2002,0,pedestrian crossing,closed,960,1280,photo_84_2024-12-06_22-25-52.jpg,dataset_top12\pedestrian crossing\closed\photo_84_2024-12-06_22-25-52.jpg,train
2003,0,pedestrian crossing,closed,1280,1264,photo_84_2024-12-07_12-46-52.jpg,dataset_top12\pedestrian crossing\closed\photo_84_2024-12-07_12-46-52.jpg,train
2004,0,pedestrian crossing,closed,464,464,photo_84_2024-12-07_12-48-37.jpg,dataset_top12\pedestrian crossing\closed\photo_84_2024-12-07_12-48-37.jpg,train
2005,0,pedestrian crossing,closed,835,1129,photo_85_2024-10-29_09-42-50.jpg,dataset_top12\pedestrian crossing\closed\photo_85_2024-10-29_09-42-50.jpg,test
2006,0,pedestrian crossing,closed,960,1280,photo_85_2024-10-29_09-53-08.jpg,dataset_top12\pedestrian crossing\closed\photo_85_2024-10-29_09-53-08.jpg,train
2007,0,pedestrian crossing,closed,960,1280,photo_85_2024-10-29_09-53-51.jpg,dataset_top12\pedestrian crossing\closed\photo_85_2024-10-29_09-53-51.jpg,train
2008,0,pedestrian crossing,closed,960,1280,photo_85_2024-10-29_09-54-21.jpg,dataset_top12\pedestrian crossing\closed\photo_85_2024-10-29_09-54-21.jpg,train
2009,0,pedestrian crossing,closed,960,1280,photo_85_2024-12-05_22-23-10.jpg,dataset_top12\pedestrian crossing\closed\photo_85_2024-12-05_22-23-10.jpg,train
2010,0,pedestrian crossing,closed,960,1280,photo_85_2024-12-06_22-24-22.jpg,dataset_top12\pedestrian crossing\closed\photo_85_2024-12-06_22-24-22.jpg,train
2011,0,pedestrian crossing,closed,960,1280,photo_85_2024-12-06_22-25-52.jpg,dataset_top12\pedestrian crossing\closed\photo_85_2024-12-06_22-25-52.jpg,train
2012,0,pedestrian crossing,closed,1054,1280,photo_85_2024-12-07_12-46-52.jpg,dataset_top12\pedestrian crossing\closed\photo_85_2024-12-07_12-46-52.jpg,train
2013,0,pedestrian crossing,closed,960,1280,photo_85_2024-12-07_12-51-07.jpg,dataset_top12\pedestrian crossing\closed\photo_85_2024-12-07_12-51-07.jpg,train
2014,0,pedestrian crossing,closed,960,1280,photo_85_2024-12-09_12-46-33.jpg,dataset_top12\pedestrian crossing\closed\photo_85_2024-12-09_12-46-33.jpg,train
2015,0,pedestrian crossing,closed,960,1280,photo_85_2024-12-09_12-49-48.jpg,dataset_top12\pedestrian crossing\closed\photo_85_2024-12-09_12-49-48.jpg,train
2016,0,pedestrian crossing,closed,837,1125,photo_86_2024-10-29_09-42-50.jpg,dataset_top12\pedestrian crossing\closed\photo_86_2024-10-29_09-42-50.jpg,test
2017,0,pedestrian crossing,closed,960,1280,photo_86_2024-10-29_09-53-08.jpg,dataset_top12\pedestrian crossing\closed\photo_86_2024-10-29_09-53-08.jpg,test
2018,0,pedestrian crossing,closed,960,1280,photo_86_2024-10-29_09-53-51.jpg,dataset_top12\pedestrian crossing\closed\photo_86_2024-10-29_09-53-51.jpg,validation
2019,0,pedestrian crossing,closed,960,1280,photo_86_2024-10-29_09-54-21.jpg,dataset_top12\pedestrian crossing\closed\photo_86_2024-10-29_09-54-21.jpg,train
2020,0,pedestrian crossing,closed,960,1280,photo_86_2024-12-05_22-22-53.jpg,dataset_top12\pedestrian crossing\closed\photo_86_2024-12-05_22-22-53.jpg,train
2021,0,pedestrian crossing,closed,960,1280,photo_86_2024-12-05_22-23-10.jpg,dataset_top12\pedestrian crossing\closed\photo_86_2024-12-05_22-23-10.jpg,train
2022,0,pedestrian crossing,closed,960,1280,photo_86_2024-12-06_22-24-57.jpg,dataset_top12\pedestrian crossing\closed\photo_86_2024-12-06_22-24-57.jpg,train
2023,0,pedestrian crossing,closed,1117,1280,photo_86_2024-12-07_12-46-52.jpg,dataset_top12\pedestrian crossing\closed\photo_86_2024-12-07_12-46-52.jpg,train
2024,0,pedestrian crossing,closed,960,1280,photo_86_2024-12-07_12-48-02.jpg,dataset_top12\pedestrian crossing\closed\photo_86_2024-12-07_12-48-02.jpg,validation
2025,0,pedestrian crossing,closed,860,862,photo_86_2024-12-07_12-48-37.jpg,dataset_top12\pedestrian crossing\closed\photo_86_2024-12-07_12-48-37.jpg,test
2026,0,pedestrian crossing,closed,960,1280,photo_86_2024-12-07_12-49-18.jpg,dataset_top12\pedestrian crossing\closed\photo_86_2024-12-07_12-49-18.jpg,train
2027,0,pedestrian crossing,closed,960,1280,photo_86_2024-12-18_02-36-53.jpg,dataset_top12\pedestrian crossing\closed\photo_86_2024-12-18_02-36-53.jpg,train
2028,0,pedestrian crossing,closed,960,1280,photo_87_2024-10-29_09-53-08.jpg,dataset_top12\pedestrian crossing\closed\photo_87_2024-10-29_09-53-08.jpg,train
2029,0,pedestrian crossing,closed,960,1280,photo_87_2024-10-29_09-53-51.jpg,dataset_top12\pedestrian crossing\closed\photo_87_2024-10-29_09-53-51.jpg,train
2030,0,pedestrian crossing,closed,960,1280,photo_87_2024-10-29_09-54-21.jpg,dataset_top12\pedestrian crossing\closed\photo_87_2024-10-29_09-54-21.jpg,train
2031,0,pedestrian crossing,closed,960,1280,photo_87_2024-12-05_22-22-53.jpg,dataset_top12\pedestrian crossing\closed\photo_87_2024-12-05_22-22-53.jpg,train
2032,0,pedestrian crossing,closed,960,1280,photo_87_2024-12-06_22-24-22.jpg,dataset_top12\pedestrian crossing\closed\photo_87_2024-12-06_22-24-22.jpg,test
2033,0,pedestrian crossing,closed,960,1280,photo_87_2024-12-06_22-24-57.jpg,dataset_top12\pedestrian crossing\closed\photo_87_2024-12-06_22-24-57.jpg,test
2034,0,pedestrian crossing,closed,960,1280,photo_87_2024-12-07_12-48-02.jpg,dataset_top12\pedestrian crossing\closed\photo_87_2024-12-07_12-48-02.jpg,train
2035,0,pedestrian crossing,closed,960,1280,photo_87_2024-12-07_12-48-37.jpg,dataset_top12\pedestrian crossing\closed\photo_87_2024-12-07_12-48-37.jpg,validation
2036,0,pedestrian crossing,closed,914,1037,photo_87_2024-12-07_12-49-18.jpg,dataset_top12\pedestrian crossing\closed\photo_87_2024-12-07_12-49-18.jpg,validation
2037,0,pedestrian crossing,closed,960,1280,photo_88_2024-10-29_09-53-08.jpg,dataset_top12\pedestrian crossing\closed\photo_88_2024-10-29_09-53-08.jpg,train
2038,0,pedestrian crossing,closed,960,1280,photo_88_2024-10-29_09-54-21.jpg,dataset_top12\pedestrian crossing\closed\photo_88_2024-10-29_09-54-21.jpg,train
2039,0,pedestrian crossing,closed,1280,1003,photo_88_2024-12-05_22-23-10.jpg,dataset_top12\pedestrian crossing\closed\photo_88_2024-12-05_22-23-10.jpg,train
2040,0,pedestrian crossing,closed,960,1280,photo_88_2024-12-06_22-24-22.jpg,dataset_top12\pedestrian crossing\closed\photo_88_2024-12-06_22-24-22.jpg,test
2041,0,pedestrian crossing,closed,1202,1280,photo_88_2024-12-07_12-46-52.jpg,dataset_top12\pedestrian crossing\closed\photo_88_2024-12-07_12-46-52.jpg,train
2042,0,pedestrian crossing,closed,960,1280,photo_88_2024-12-07_12-48-02.jpg,dataset_top12\pedestrian crossing\closed\photo_88_2024-12-07_12-48-02.jpg,validation
2043,0,pedestrian crossing,closed,960,1280,photo_88_2024-12-07_12-48-37.jpg,dataset_top12\pedestrian crossing\closed\photo_88_2024-12-07_12-48-37.jpg,train
2044,0,pedestrian crossing,closed,916,986,photo_88_2024-12-07_12-49-18.jpg,dataset_top12\pedestrian crossing\closed\photo_88_2024-12-07_12-49-18.jpg,train
2045,0,pedestrian crossing,closed,960,1280,photo_89_2024-10-29_09-53-08.jpg,dataset_top12\pedestrian crossing\closed\photo_89_2024-10-29_09-53-08.jpg,train
2046,0,pedestrian crossing,closed,759,764,photo_89_2024-10-29_09-53-51.jpg,dataset_top12\pedestrian crossing\closed\photo_89_2024-10-29_09-53-51.jpg,train
2047,0,pedestrian crossing,closed,960,1280,photo_89_2024-10-29_09-54-21.jpg,dataset_top12\pedestrian crossing\closed\photo_89_2024-10-29_09-54-21.jpg,test
2048,0,pedestrian crossing,closed,960,1280,photo_89_2024-12-05_22-23-10.jpg,dataset_top12\pedestrian crossing\closed\photo_89_2024-12-05_22-23-10.jpg,validation
2049,0,pedestrian crossing,closed,960,1280,photo_89_2024-12-06_22-24-22.jpg,dataset_top12\pedestrian crossing\closed\photo_89_2024-12-06_22-24-22.jpg,test
2050,0,pedestrian crossing,closed,1280,1252,photo_89_2024-12-07_12-46-52.jpg,dataset_top12\pedestrian crossing\closed\photo_89_2024-12-07_12-46-52.jpg,train
2051,0,pedestrian crossing,closed,1280,1216,photo_89_2024-12-07_12-48-02.jpg,dataset_top12\pedestrian crossing\closed\photo_89_2024-12-07_12-48-02.jpg,validation
2052,0,pedestrian crossing,closed,960,1280,photo_89_2024-12-07_12-49-18.jpg,dataset_top12\pedestrian crossing\closed\photo_89_2024-12-07_12-49-18.jpg,test
2053,0,pedestrian crossing,closed,960,1280,photo_89_2024-12-07_12-51-07.jpg,dataset_top12\pedestrian crossing\closed\photo_89_2024-12-07_12-51-07.jpg,train
2054,0,pedestrian crossing,closed,960,1280,photo_8_2024-10-29_09-42-50.jpg,dataset_top12\pedestrian crossing\closed\photo_8_2024-10-29_09-42-50.jpg,validation
2055,0,pedestrian crossing,closed,960,1280,photo_8_2024-10-29_09-53-08.jpg,dataset_top12\pedestrian crossing\closed\photo_8_2024-10-29_09-53-08.jpg,train
2056,0,pedestrian crossing,closed,960,1280,photo_8_2024-10-29_09-53-51.jpg,dataset_top12\pedestrian crossing\closed\photo_8_2024-10-29_09-53-51.jpg,train
2057,0,pedestrian crossing,closed,960,1280,photo_8_2024-10-29_09-54-21.jpg,dataset_top12\pedestrian crossing\closed\photo_8_2024-10-29_09-54-21.jpg,train
2058,0,pedestrian crossing,closed,960,1280,photo_8_2024-10-29_09-54-37.jpg,dataset_top12\pedestrian crossing\closed\photo_8_2024-10-29_09-54-37.jpg,validation
2059,0,pedestrian crossing,closed,960,1280,photo_8_2024-12-05_22-22-53.jpg,dataset_top12\pedestrian crossing\closed\photo_8_2024-12-05_22-22-53.jpg,validation
2060,0,pedestrian crossing,closed,1280,779,photo_8_2024-12-05_22-23-10.jpg,dataset_top12\pedestrian crossing\closed\photo_8_2024-12-05_22-23-10.jpg,train
2061,0,pedestrian crossing,closed,960,1280,photo_8_2024-12-06_22-23-51.jpg,dataset_top12\pedestrian crossing\closed\photo_8_2024-12-06_22-23-51.jpg,test
2062,0,pedestrian crossing,closed,960,1280,photo_8_2024-12-07_12-48-36.jpg,dataset_top12\pedestrian crossing\closed\photo_8_2024-12-07_12-48-36.jpg,train
2063,0,pedestrian crossing,closed,1280,837,photo_8_2024-12-07_12-49-18.jpg,dataset_top12\pedestrian crossing\closed\photo_8_2024-12-07_12-49-18.jpg,test
2064,0,pedestrian crossing,closed,960,1280,photo_8_2024-12-09_12-45-24.jpg,dataset_top12\pedestrian crossing\closed\photo_8_2024-12-09_12-45-24.jpg,train
2065,0,pedestrian crossing,closed,960,1280,photo_8_2024-12-18_02-36-53.jpg,dataset_top12\pedestrian crossing\closed\photo_8_2024-12-18_02-36-53.jpg,train
2066,0,pedestrian crossing,closed,960,1280,photo_90_2024-10-29_09-53-08.jpg,dataset_top12\pedestrian crossing\closed\photo_90_2024-10-29_09-53-08.jpg,train
2067,0,pedestrian crossing,closed,960,1280,photo_90_2024-10-29_09-53-51.jpg,dataset_top12\pedestrian crossing\closed\photo_90_2024-10-29_09-53-51.jpg,train
2068,0,pedestrian crossing,closed,960,1280,photo_90_2024-10-29_09-54-21.jpg,dataset_top12\pedestrian crossing\closed\photo_90_2024-10-29_09-54-21.jpg,test
2069,0,pedestrian crossing,closed,960,1280,photo_90_2024-12-05_22-22-53.jpg,dataset_top12\pedestrian crossing\closed\photo_90_2024-12-05_22-22-53.jpg,train
2070,0,pedestrian crossing,closed,960,1280,photo_90_2024-12-05_22-23-10.jpg,dataset_top12\pedestrian crossing\closed\photo_90_2024-12-05_22-23-10.jpg,test
2071,0,pedestrian crossing,closed,703,754,photo_90_2024-12-07_12-46-52.jpg,dataset_top12\pedestrian crossing\closed\photo_90_2024-12-07_12-46-52.jpg,train
2072,0,pedestrian crossing,closed,960,1280,photo_90_2024-12-07_12-49-18.jpg,dataset_top12\pedestrian crossing\closed\photo_90_2024-12-07_12-49-18.jpg,train
2073,0,pedestrian crossing,closed,960,1280,photo_91_2024-10-29_09-53-08.jpg,dataset_top12\pedestrian crossing\closed\photo_91_2024-10-29_09-53-08.jpg,train
2074,0,pedestrian crossing,closed,960,1280,photo_91_2024-10-29_09-54-21.jpg,dataset_top12\pedestrian crossing\closed\photo_91_2024-10-29_09-54-21.jpg,train
2075,0,pedestrian crossing,closed,960,1280,photo_91_2024-12-05_22-22-53.jpg,dataset_top12\pedestrian crossing\closed\photo_91_2024-12-05_22-22-53.jpg,test
2076,0,pedestrian crossing,closed,960,1280,photo_91_2024-12-05_22-23-10.jpg,dataset_top12\pedestrian crossing\closed\photo_91_2024-12-05_22-23-10.jpg,train
2077,0,pedestrian crossing,closed,1160,1280,photo_91_2024-12-07_12-46-52.jpg,dataset_top12\pedestrian crossing\closed\photo_91_2024-12-07_12-46-52.jpg,test
2078,0,pedestrian crossing,closed,960,1280,photo_91_2024-12-07_12-48-02.jpg,dataset_top12\pedestrian crossing\closed\photo_91_2024-12-07_12-48-02.jpg,train
2079,0,pedestrian crossing,closed,960,1280,photo_91_2024-12-07_12-48-37.jpg,dataset_top12\pedestrian crossing\closed\photo_91_2024-12-07_12-48-37.jpg,train
2080,0,pedestrian crossing,closed,960,1280,photo_91_2024-12-07_12-51-07.jpg,dataset_top12\pedestrian crossing\closed\photo_91_2024-12-07_12-51-07.jpg,train
2081,0,pedestrian crossing,closed,819,1116,photo_92_2024-10-29_09-42-50.jpg,dataset_top12\pedestrian crossing\closed\photo_92_2024-10-29_09-42-50.jpg,train
2082,0,pedestrian crossing,closed,960,1280,photo_92_2024-10-29_09-53-51.jpg,dataset_top12\pedestrian crossing\closed\photo_92_2024-10-29_09-53-51.jpg,train
2083,0,pedestrian crossing,closed,960,1280,photo_92_2024-10-29_09-54-21.jpg,dataset_top12\pedestrian crossing\closed\photo_92_2024-10-29_09-54-21.jpg,train
2084,0,pedestrian crossing,closed,960,1280,photo_92_2024-12-05_22-22-53.jpg,dataset_top12\pedestrian crossing\closed\photo_92_2024-12-05_22-22-53.jpg,validation
2085,0,pedestrian crossing,closed,960,1280,photo_92_2024-12-05_22-23-10.jpg,dataset_top12\pedestrian crossing\closed\photo_92_2024-12-05_22-23-10.jpg,train
2086,0,pedestrian crossing,closed,960,1280,photo_92_2024-12-07_12-48-02.jpg,dataset_top12\pedestrian crossing\closed\photo_92_2024-12-07_12-48-02.jpg,train
2087,0,pedestrian crossing,closed,960,1280,photo_92_2024-12-07_12-48-37.jpg,dataset_top12\pedestrian crossing\closed\photo_92_2024-12-07_12-48-37.jpg,train
2088,0,pedestrian crossing,closed,960,1280,photo_92_2024-12-07_12-49-18.jpg,dataset_top12\pedestrian crossing\closed\photo_92_2024-12-07_12-49-18.jpg,validation
2089,0,pedestrian crossing,closed,960,1280,photo_92_2024-12-07_12-51-07.jpg,dataset_top12\pedestrian crossing\closed\photo_92_2024-12-07_12-51-07.jpg,validation
2090,0,pedestrian crossing,closed,960,1280,photo_92_2024-12-09_12-46-01.jpg,dataset_top12\pedestrian crossing\closed\photo_92_2024-12-09_12-46-01.jpg,validation
2091,0,pedestrian crossing,closed,960,1280,photo_93_2024-10-29_09-53-08.jpg,dataset_top12\pedestrian crossing\closed\photo_93_2024-10-29_09-53-08.jpg,validation
2092,0,pedestrian crossing,closed,960,1280,photo_93_2024-10-29_09-54-21.jpg,dataset_top12\pedestrian crossing\closed\photo_93_2024-10-29_09-54-21.jpg,train
2093,0,pedestrian crossing,closed,960,1280,photo_93_2024-12-05_22-22-53.jpg,dataset_top12\pedestrian crossing\closed\photo_93_2024-12-05_22-22-53.jpg,train
2094,0,pedestrian crossing,closed,1280,998,photo_93_2024-12-05_22-23-10.jpg,dataset_top12\pedestrian crossing\closed\photo_93_2024-12-05_22-23-10.jpg,train
2095,0,pedestrian crossing,closed,1002,1280,photo_93_2024-12-07_12-46-52.jpg,dataset_top12\pedestrian crossing\closed\photo_93_2024-12-07_12-46-52.jpg,train
2096,0,pedestrian crossing,closed,960,1280,photo_93_2024-12-07_12-48-02.jpg,dataset_top12\pedestrian crossing\closed\photo_93_2024-12-07_12-48-02.jpg,test
2097,0,pedestrian crossing,closed,960,1280,photo_93_2024-12-07_12-49-18.jpg,dataset_top12\pedestrian crossing\closed\photo_93_2024-12-07_12-49-18.jpg,train
2098,0,pedestrian crossing,closed,825,1121,photo_94_2024-10-29_09-42-50.jpg,dataset_top12\pedestrian crossing\closed\photo_94_2024-10-29_09-42-50.jpg,train
2099,0,pedestrian crossing,closed,960,1280,photo_94_2024-10-29_09-53-08.jpg,dataset_top12\pedestrian crossing\closed\photo_94_2024-10-29_09-53-08.jpg,train
2100,0,pedestrian crossing,closed,960,1280,photo_94_2024-10-29_09-54-21.jpg,dataset_top12\pedestrian crossing\closed\photo_94_2024-10-29_09-54-21.jpg,train
2101,0,pedestrian crossing,closed,960,1280,photo_94_2024-12-05_22-22-53.jpg,dataset_top12\pedestrian crossing\closed\photo_94_2024-12-05_22-22-53.jpg,validation
2102,0,pedestrian crossing,closed,960,1280,photo_94_2024-12-07_12-48-37.jpg,dataset_top12\pedestrian crossing\closed\photo_94_2024-12-07_12-48-37.jpg,train
2103,0,pedestrian crossing,closed,456,456,photo_94_2024-12-09_12-45-24.jpg,dataset_top12\pedestrian crossing\closed\photo_94_2024-12-09_12-45-24.jpg,train
2104,0,pedestrian crossing,closed,625,629,photo_94_2024-12-09_12-49-48.jpg,dataset_top12\pedestrian crossing\closed\photo_94_2024-12-09_12-49-48.jpg,train
2105,0,pedestrian crossing,closed,831,1107,photo_95_2024-10-29_09-42-50.jpg,dataset_top12\pedestrian crossing\closed\photo_95_2024-10-29_09-42-50.jpg,train
2106,0,pedestrian crossing,closed,960,1280,photo_95_2024-10-29_09-54-21.jpg,dataset_top12\pedestrian crossing\closed\photo_95_2024-10-29_09-54-21.jpg,test
2107,0,pedestrian crossing,closed,960,1280,photo_95_2024-12-05_22-22-53.jpg,dataset_top12\pedestrian crossing\closed\photo_95_2024-12-05_22-22-53.jpg,train
2108,0,pedestrian crossing,closed,960,1280,photo_95_2024-12-07_12-48-02.jpg,dataset_top12\pedestrian crossing\closed\photo_95_2024-12-07_12-48-02.jpg,train
2109,0,pedestrian crossing,closed,960,1280,photo_96_2024-12-05_22-22-53.jpg,dataset_top12\pedestrian crossing\closed\photo_96_2024-12-05_22-22-53.jpg,validation
2110,0,pedestrian crossing,closed,960,1280,photo_96_2024-12-05_22-23-10.jpg,dataset_top12\pedestrian crossing\closed\photo_96_2024-12-05_22-23-10.jpg,train
2111,0,pedestrian crossing,closed,1275,1280,photo_96_2024-12-07_12-46-52.jpg,dataset_top12\pedestrian crossing\closed\photo_96_2024-12-07_12-46-52.jpg,validation
2112,0,pedestrian crossing,closed,960,1280,photo_96_2024-12-07_12-48-02.jpg,dataset_top12\pedestrian crossing\closed\photo_96_2024-12-07_12-48-02.jpg,train
2113,0,pedestrian crossing,closed,960,1280,photo_96_2024-12-07_12-48-37.jpg,dataset_top12\pedestrian crossing\closed\photo_96_2024-12-07_12-48-37.jpg,train
2114,0,pedestrian crossing,closed,960,1280,photo_96_2024-12-18_02-28-33.jpg,dataset_top12\pedestrian crossing\closed\photo_96_2024-12-18_02-28-33.jpg,train
2115,0,pedestrian crossing,closed,960,1280,photo_97_2024-12-05_22-22-53.jpg,dataset_top12\pedestrian crossing\closed\photo_97_2024-12-05_22-22-53.jpg,validation
2116,0,pedestrian crossing,closed,960,1280,photo_97_2024-12-05_22-23-10.jpg,dataset_top12\pedestrian crossing\closed\photo_97_2024-12-05_22-23-10.jpg,train
2117,0,pedestrian crossing,closed,960,1280,photo_97_2024-12-06_22-24-22.jpg,dataset_top12\pedestrian crossing\closed\photo_97_2024-12-06_22-24-22.jpg,train
2118,0,pedestrian crossing,closed,960,1280,photo_97_2024-12-06_22-25-52.jpg,dataset_top12\pedestrian crossing\closed\photo_97_2024-12-06_22-25-52.jpg,test
2119,0,pedestrian crossing,closed,960,1280,photo_97_2024-12-07_12-48-02.jpg,dataset_top12\pedestrian crossing\closed\photo_97_2024-12-07_12-48-02.jpg,train
2120,0,pedestrian crossing,closed,960,1280,photo_97_2024-12-07_12-48-37.jpg,dataset_top12\pedestrian crossing\closed\photo_97_2024-12-07_12-48-37.jpg,train
2121,0,pedestrian crossing,closed,823,1102,photo_98_2024-10-29_09-42-50.jpg,dataset_top12\pedestrian crossing\closed\photo_98_2024-10-29_09-42-50.jpg,train
2122,0,pedestrian crossing,closed,960,1280,photo_98_2024-12-05_22-22-53.jpg,dataset_top12\pedestrian crossing\closed\photo_98_2024-12-05_22-22-53.jpg,validation
2123,0,pedestrian crossing,closed,960,1280,photo_98_2024-12-05_22-23-10.jpg,dataset_top12\pedestrian crossing\closed\photo_98_2024-12-05_22-23-10.jpg,test
2124,0,pedestrian crossing,closed,1021,1280,photo_98_2024-12-07_12-46-52.jpg,dataset_top12\pedestrian crossing\closed\photo_98_2024-12-07_12-46-52.jpg,train
2125,0,pedestrian crossing,closed,960,1280,photo_99_2024-12-06_22-24-22.jpg,dataset_top12\pedestrian crossing\closed\photo_99_2024-12-06_22-24-22.jpg,validation
2126,0,pedestrian crossing,closed,960,1280,photo_99_2024-12-07_12-48-37.jpg,dataset_top12\pedestrian crossing\closed\photo_99_2024-12-07_12-48-37.jpg,train
2127,0,pedestrian crossing,closed,960,1280,photo_9_2024-10-29_09-42-50.jpg,dataset_top12\pedestrian crossing\closed\photo_9_2024-10-29_09-42-50.jpg,train
2128,0,pedestrian crossing,closed,960,1280,photo_9_2024-10-29_09-53-51.jpg,dataset_top12\pedestrian crossing\closed\photo_9_2024-10-29_09-53-51.jpg,validation
2129,0,pedestrian crossing,closed,960,1280,photo_9_2024-10-29_09-54-21.jpg,dataset_top12\pedestrian crossing\closed\photo_9_2024-10-29_09-54-21.jpg,validation
2130,0,pedestrian crossing,closed,960,1280,photo_9_2024-10-29_09-54-37.jpg,dataset_top12\pedestrian crossing\closed\photo_9_2024-10-29_09-54-37.jpg,train
2131,0,pedestrian crossing,closed,1280,841,photo_9_2024-12-05_22-23-10.jpg,dataset_top12\pedestrian crossing\closed\photo_9_2024-12-05_22-23-10.jpg,test
2132,0,pedestrian crossing,closed,896,869,photo_9_2024-12-07_12-48-02.jpg,dataset_top12\pedestrian crossing\closed\photo_9_2024-12-07_12-48-02.jpg,train
2133,0,pedestrian crossing,closed,960,1280,photo_9_2024-12-07_12-48-36.jpg,dataset_top12\pedestrian crossing\closed\photo_9_2024-12-07_12-48-36.jpg,train
2134,0,pedestrian crossing,closed,960,1280,photo_9_2024-12-18_02-36-53.jpg,dataset_top12\pedestrian crossing\closed\photo_9_2024-12-18_02-36-53.jpg,train
2135,0,pedestrian crossing,closed,960,1280,photo_9_2024-12-18_13-06-32.jpg,dataset_top12\pedestrian crossing\closed\photo_9_2024-12-18_13-06-32.jpg,validation
2136,1,give way,opened,960,1280,photo_100_2024-12-19_02-00-53.jpg,dataset_top12\give way\opened\photo_100_2024-12-19_02-00-53.jpg,train
2137,1,give way,opened,960,1280,photo_10_2024-12-18_13-01-24.jpg,dataset_top12\give way\opened\photo_10_2024-12-18_13-01-24.jpg,train
2138,1,give way,opened,703,655,photo_10_2024-12-19_02-00-53.jpg,dataset_top12\give way\opened\photo_10_2024-12-19_02-00-53.jpg,train
2139,1,give way,opened,759,763,photo_11_2024-12-09_12-50-33.jpg,dataset_top12\give way\opened\photo_11_2024-12-09_12-50-33.jpg,train
2140,1,give way,opened,960,937,photo_11_2024-12-18_02-29-08.jpg,dataset_top12\give way\opened\photo_11_2024-12-18_02-29-08.jpg,train
2141,1,give way,opened,960,1280,photo_11_2024-12-18_13-01-24.jpg,dataset_top12\give way\opened\photo_11_2024-12-18_13-01-24.jpg,train
2142,1,give way,opened,960,1280,photo_11_2024-12-18_13-04-36.jpg,dataset_top12\give way\opened\photo_11_2024-12-18_13-04-36.jpg,train
2143,1,give way,opened,361,341,photo_12_2024-12-18_02-37-13.jpg,dataset_top12\give way\opened\photo_12_2024-12-18_02-37-13.jpg,train
2144,1,give way,opened,960,1280,photo_12_2024-12-18_13-01-24.jpg,dataset_top12\give way\opened\photo_12_2024-12-18_13-01-24.jpg,test
2145,1,give way,opened,960,1280,photo_12_2024-12-18_13-04-36.jpg,dataset_top12\give way\opened\photo_12_2024-12-18_13-04-36.jpg,train
2146,1,give way,opened,973,1280,photo_13_2024-12-07_12-46-04.jpg,dataset_top12\give way\opened\photo_13_2024-12-07_12-46-04.jpg,train
2147,1,give way,opened,368,355,photo_13_2024-12-18_02-37-13.jpg,dataset_top12\give way\opened\photo_13_2024-12-18_02-37-13.jpg,test
2148,1,give way,opened,960,1280,photo_13_2024-12-18_13-01-24.jpg,dataset_top12\give way\opened\photo_13_2024-12-18_13-01-24.jpg,test
2149,1,give way,opened,664,643,photo_13_2024-12-19_02-00-53.jpg,dataset_top12\give way\opened\photo_13_2024-12-19_02-00-53.jpg,train
2150,1,give way,opened,963,1280,photo_14_2024-12-07_12-46-04.jpg,dataset_top12\give way\opened\photo_14_2024-12-07_12-46-04.jpg,train
2151,1,give way,opened,960,1280,photo_14_2024-12-09_12-46-32.jpg,dataset_top12\give way\opened\photo_14_2024-12-09_12-46-32.jpg,train
2152,1,give way,opened,1280,1242,photo_14_2024-12-18_02-27-08.jpg,dataset_top12\give way\opened\photo_14_2024-12-18_02-27-08.jpg,validation
2153,1,give way,opened,960,898,photo_14_2024-12-18_02-29-08.jpg,dataset_top12\give way\opened\photo_14_2024-12-18_02-29-08.jpg,train
2154,1,give way,opened,960,1280,photo_14_2024-12-18_02-33-06.jpg,dataset_top12\give way\opened\photo_14_2024-12-18_02-33-06.jpg,validation
2155,1,give way,opened,637,632,photo_14_2024-12-18_02-36-53.jpg,dataset_top12\give way\opened\photo_14_2024-12-18_02-36-53.jpg,train
2156,1,give way,opened,960,1280,photo_14_2024-12-18_13-01-24.jpg,dataset_top12\give way\opened\photo_14_2024-12-18_13-01-24.jpg,test
2157,1,give way,opened,688,648,photo_14_2024-12-19_02-00-53.jpg,dataset_top12\give way\opened\photo_14_2024-12-19_02-00-53.jpg,train
2158,1,give way,opened,445,447,photo_15_2024-12-09_12-46-01.jpg,dataset_top12\give way\opened\photo_15_2024-12-09_12-46-01.jpg,validation
2159,1,give way,opened,960,1280,photo_15_2024-12-18_02-10-22.jpg,dataset_top12\give way\opened\photo_15_2024-12-18_02-10-22.jpg,train
2160,1,give way,opened,410,416,photo_15_2024-12-18_02-25-50.jpg,dataset_top12\give way\opened\photo_15_2024-12-18_02-25-50.jpg,test
2161,1,give way,opened,960,908,photo_15_2024-12-18_02-29-08.jpg,dataset_top12\give way\opened\photo_15_2024-12-18_02-29-08.jpg,train
2162,1,give way,opened,523,528,photo_15_2024-12-18_02-36-53.jpg,dataset_top12\give way\opened\photo_15_2024-12-18_02-36-53.jpg,train
2163,1,give way,opened,960,1280,photo_15_2024-12-18_13-01-24.jpg,dataset_top12\give way\opened\photo_15_2024-12-18_13-01-24.jpg,test
2164,1,give way,opened,960,1280,photo_16_2024-12-18_13-01-24.jpg,dataset_top12\give way\opened\photo_16_2024-12-18_13-01-24.jpg,train
2165,1,give way,opened,872,760,photo_16_2024-12-18_13-04-36.jpg,dataset_top12\give way\opened\photo_16_2024-12-18_13-04-36.jpg,validation
2166,1,give way,opened,960,1280,photo_17_2024-12-07_12-47-32.jpg,dataset_top12\give way\opened\photo_17_2024-12-07_12-47-32.jpg,train
2167,1,give way,opened,497,495,photo_17_2024-12-09_12-49-48.jpg,dataset_top12\give way\opened\photo_17_2024-12-09_12-49-48.jpg,train
2168,1,give way,opened,363,343,photo_17_2024-12-18_02-37-13.jpg,dataset_top12\give way\opened\photo_17_2024-12-18_02-37-13.jpg,train
2169,1,give way,opened,960,1280,photo_17_2024-12-18_13-01-24.jpg,dataset_top12\give way\opened\photo_17_2024-12-18_13-01-24.jpg,train
2170,1,give way,opened,960,1280,photo_18_2024-12-18_02-10-22.jpg,dataset_top12\give way\opened\photo_18_2024-12-18_02-10-22.jpg,train
2171,1,give way,opened,409,398,photo_18_2024-12-18_02-36-53.jpg,dataset_top12\give way\opened\photo_18_2024-12-18_02-36-53.jpg,validation
2172,1,give way,opened,338,332,photo_18_2024-12-18_02-37-13.jpg,dataset_top12\give way\opened\photo_18_2024-12-18_02-37-13.jpg,test
2173,1,give way,opened,960,1280,photo_18_2024-12-18_13-01-24.jpg,dataset_top12\give way\opened\photo_18_2024-12-18_13-01-24.jpg,train
2174,1,give way,opened,837,793,photo_18_2024-12-18_13-05-57.jpg,dataset_top12\give way\opened\photo_18_2024-12-18_13-05-57.jpg,test
2175,1,give way,opened,1117,1280,photo_19_2024-12-18_02-27-08.jpg,dataset_top12\give way\opened\photo_19_2024-12-18_02-27-08.jpg,train
2176,1,give way,opened,960,1280,photo_19_2024-12-18_02-29-08.jpg,dataset_top12\give way\opened\photo_19_2024-12-18_02-29-08.jpg,train
2177,1,give way,opened,960,1280,photo_19_2024-12-18_12-58-24.jpg,dataset_top12\give way\opened\photo_19_2024-12-18_12-58-24.jpg,test
2178,1,give way,opened,960,1280,photo_19_2024-12-18_13-01-24.jpg,dataset_top12\give way\opened\photo_19_2024-12-18_13-01-24.jpg,train
2179,1,give way,opened,473,467,photo_1_2024-12-09_12-49-47.jpg,dataset_top12\give way\opened\photo_1_2024-12-09_12-49-47.jpg,train
2180,1,give way,opened,760,809,photo_1_2024-12-19_01-59-18.jpg,dataset_top12\give way\opened\photo_1_2024-12-19_01-59-18.jpg,train
2181,1,give way,opened,628,620,photo_1_2024-12-19_02-00-53.jpg,dataset_top12\give way\opened\photo_1_2024-12-19_02-00-53.jpg,train
2182,1,give way,opened,960,1280,photo_20_2024-12-18_02-10-22.jpg,dataset_top12\give way\opened\photo_20_2024-12-18_02-10-22.jpg,train
2183,1,give way,opened,960,1280,photo_20_2024-12-18_02-29-08.jpg,dataset_top12\give way\opened\photo_20_2024-12-18_02-29-08.jpg,train
2184,1,give way,opened,960,1280,photo_20_2024-12-18_13-01-24.jpg,dataset_top12\give way\opened\photo_20_2024-12-18_13-01-24.jpg,train
2185,1,give way,opened,960,994,photo_20_2024-12-18_13-05-57.jpg,dataset_top12\give way\opened\photo_20_2024-12-18_13-05-57.jpg,train
2186,1,give way,opened,960,1280,photo_20_2024-12-18_13-07-03.jpg,dataset_top12\give way\opened\photo_20_2024-12-18_13-07-03.jpg,train
2187,1,give way,opened,960,1280,photo_20_2024-12-19_00-10-31.jpg,dataset_top12\give way\opened\photo_20_2024-12-19_00-10-31.jpg,test
2188,1,give way,opened,960,1280,photo_21_2024-12-18_13-07-03.jpg,dataset_top12\give way\opened\photo_21_2024-12-18_13-07-03.jpg,test
2189,1,give way,opened,807,762,photo_22_2024-12-18_13-05-57.jpg,dataset_top12\give way\opened\photo_22_2024-12-18_13-05-57.jpg,train
2190,1,give way,opened,960,1280,photo_22_2024-12-18_13-07-03.jpg,dataset_top12\give way\opened\photo_22_2024-12-18_13-07-03.jpg,train
2191,1,give way,opened,1271,1280,photo_23_2024-12-07_12-46-04.jpg,dataset_top12\give way\opened\photo_23_2024-12-07_12-46-04.jpg,train
2192,1,give way,opened,960,1280,photo_23_2024-12-18_13-01-24.jpg,dataset_top12\give way\opened\photo_23_2024-12-18_13-01-24.jpg,validation
2193,1,give way,opened,781,755,photo_23_2024-12-18_13-02-03.jpg,dataset_top12\give way\opened\photo_23_2024-12-18_13-02-03.jpg,test
2194,1,give way,opened,960,1280,photo_23_2024-12-19_02-00-53.jpg,dataset_top12\give way\opened\photo_23_2024-12-19_02-00-53.jpg,train
2195,1,give way,opened,960,1280,photo_24_2024-12-18_13-01-24.jpg,dataset_top12\give way\opened\photo_24_2024-12-18_13-01-24.jpg,train
2196,1,give way,opened,736,716,photo_24_2024-12-18_13-02-03.jpg,dataset_top12\give way\opened\photo_24_2024-12-18_13-02-03.jpg,train
2197,1,give way,opened,960,1280,photo_24_2024-12-19_02-00-53.jpg,dataset_top12\give way\opened\photo_24_2024-12-19_02-00-53.jpg,test
2198,1,give way,opened,960,1280,photo_25_2024-12-09_12-46-32.jpg,dataset_top12\give way\opened\photo_25_2024-12-09_12-46-32.jpg,train
2199,1,give way,opened,960,928,photo_25_2024-12-18_02-29-08.jpg,dataset_top12\give way\opened\photo_25_2024-12-18_02-29-08.jpg,train
2200,1,give way,opened,960,1280,photo_25_2024-12-18_13-01-24.jpg,dataset_top12\give way\opened\photo_25_2024-12-18_13-01-24.jpg,train
2201,1,give way,opened,674,673,photo_25_2024-12-18_13-02-03.jpg,dataset_top12\give way\opened\photo_25_2024-12-18_13-02-03.jpg,train
2202,1,give way,opened,960,1280,photo_25_2024-12-19_02-00-53.jpg,dataset_top12\give way\opened\photo_25_2024-12-19_02-00-53.jpg,train
2203,1,give way,opened,642,627,photo_26_2024-12-07_12-46-52.jpg,dataset_top12\give way\opened\photo_26_2024-12-07_12-46-52.jpg,train
2204,1,give way,opened,671,572,photo_26_2024-12-18_02-33-06.jpg,dataset_top12\give way\opened\photo_26_2024-12-18_02-33-06.jpg,test
2205,1,give way,opened,825,742,photo_26_2024-12-18_13-02-03.jpg,dataset_top12\give way\opened\photo_26_2024-12-18_13-02-03.jpg,train
2206,1,give way,opened,960,1030,photo_26_2024-12-18_13-05-57.jpg,dataset_top12\give way\opened\photo_26_2024-12-18_13-05-57.jpg,train
2207,1,give way,opened,960,1280,photo_26_2024-12-19_02-00-53.jpg,dataset_top12\give way\opened\photo_26_2024-12-19_02-00-53.jpg,train
2208,1,give way,opened,960,1280,photo_27_2024-12-09_12-49-48.jpg,dataset_top12\give way\opened\photo_27_2024-12-09_12-49-48.jpg,train
2209,1,give way,opened,960,1280,photo_27_2024-12-18_13-01-24.jpg,dataset_top12\give way\opened\photo_27_2024-12-18_13-01-24.jpg,train
2210,1,give way,opened,960,1280,photo_27_2024-12-19_02-00-53.jpg,dataset_top12\give way\opened\photo_27_2024-12-19_02-00-53.jpg,validation
2211,1,give way,opened,960,1280,photo_28_2024-12-18_02-33-06.jpg,dataset_top12\give way\opened\photo_28_2024-12-18_02-33-06.jpg,test
2212,1,give way,opened,960,1280,photo_28_2024-12-19_02-00-53.jpg,dataset_top12\give way\opened\photo_28_2024-12-19_02-00-53.jpg,train
2213,1,give way,opened,960,1280,photo_29_2024-12-18_13-01-24.jpg,dataset_top12\give way\opened\photo_29_2024-12-18_13-01-24.jpg,train
2214,1,give way,opened,960,1280,photo_2_2024-12-19_01-59-18.jpg,dataset_top12\give way\opened\photo_2_2024-12-19_01-59-18.jpg,train
2215,1,give way,opened,639,620,photo_2_2024-12-19_02-00-53.jpg,dataset_top12\give way\opened\photo_2_2024-12-19_02-00-53.jpg,train
2216,1,give way,opened,960,1280,photo_30_2024-12-09_12-46-01.jpg,dataset_top12\give way\opened\photo_30_2024-12-09_12-46-01.jpg,train
2217,1,give way,opened,475,482,photo_30_2024-12-18_02-36-53.jpg,dataset_top12\give way\opened\photo_30_2024-12-18_02-36-53.jpg,train
2218,1,give way,opened,960,1280,photo_30_2024-12-18_13-01-24.jpg,dataset_top12\give way\opened\photo_30_2024-12-18_13-01-24.jpg,test
2219,1,give way,opened,960,1280,photo_30_2024-12-19_02-00-53.jpg,dataset_top12\give way\opened\photo_30_2024-12-19_02-00-53.jpg,test
2220,1,give way,opened,881,1280,photo_31_2024-12-07_12-46-04.jpg,dataset_top12\give way\opened\photo_31_2024-12-07_12-46-04.jpg,train
2221,1,give way,opened,960,1280,photo_31_2024-12-18_13-01-24.jpg,dataset_top12\give way\opened\photo_31_2024-12-18_13-01-24.jpg,validation
2222,1,give way,opened,800,750,photo_31_2024-12-18_13-05-57.jpg,dataset_top12\give way\opened\photo_31_2024-12-18_13-05-57.jpg,train
2223,1,give way,opened,1084,1280,photo_32_2024-12-07_12-46-04.jpg,dataset_top12\give way\opened\photo_32_2024-12-07_12-46-04.jpg,train
2224,1,give way,opened,960,1280,photo_32_2024-12-18_12-58-24.jpg,dataset_top12\give way\opened\photo_32_2024-12-18_12-58-24.jpg,train
2225,1,give way,opened,960,1280,photo_32_2024-12-18_13-01-24.jpg,dataset_top12\give way\opened\photo_32_2024-12-18_13-01-24.jpg,train
2226,1,give way,opened,960,1280,photo_32_2024-12-19_02-00-53.jpg,dataset_top12\give way\opened\photo_32_2024-12-19_02-00-53.jpg,train
2227,1,give way,opened,960,1280,photo_33_2024-12-09_12-49-48.jpg,dataset_top12\give way\opened\photo_33_2024-12-09_12-49-48.jpg,train
2228,1,give way,opened,960,1280,photo_33_2024-12-18_02-33-06.jpg,dataset_top12\give way\opened\photo_33_2024-12-18_02-33-06.jpg,train
2229,1,give way,opened,834,829,photo_33_2024-12-18_13-05-57.jpg,dataset_top12\give way\opened\photo_33_2024-12-18_13-05-57.jpg,train
2230,1,give way,opened,960,1280,photo_34_2024-12-18_13-01-24.jpg,dataset_top12\give way\opened\photo_34_2024-12-18_13-01-24.jpg,train
2231,1,give way,opened,812,798,photo_34_2024-12-18_13-02-03.jpg,dataset_top12\give way\opened\photo_34_2024-12-18_13-02-03.jpg,test
2232,1,give way,opened,960,1280,photo_34_2024-12-18_13-04-36.jpg,dataset_top12\give way\opened\photo_34_2024-12-18_13-04-36.jpg,train
2233,1,give way,opened,960,1280,photo_35_2024-12-18_12-58-24.jpg,dataset_top12\give way\opened\photo_35_2024-12-18_12-58-24.jpg,train
2234,1,give way,opened,960,1280,photo_35_2024-12-18_13-01-24.jpg,dataset_top12\give way\opened\photo_35_2024-12-18_13-01-24.jpg,test
2235,1,give way,opened,960,1280,photo_36_2024-12-18_13-01-24.jpg,dataset_top12\give way\opened\photo_36_2024-12-18_13-01-24.jpg,validation
2236,1,give way,opened,671,673,photo_37_2024-12-09_12-49-48.jpg,dataset_top12\give way\opened\photo_37_2024-12-09_12-49-48.jpg,validation
2237,1,give way,opened,960,1280,photo_37_2024-12-18_02-10-22.jpg,dataset_top12\give way\opened\photo_37_2024-12-18_02-10-22.jpg,train
2238,1,give way,opened,960,914,photo_37_2024-12-18_02-29-08.jpg,dataset_top12\give way\opened\photo_37_2024-12-18_02-29-08.jpg,train
2239,1,give way,opened,855,824,photo_37_2024-12-18_13-05-57.jpg,dataset_top12\give way\opened\photo_37_2024-12-18_13-05-57.jpg,train
2240,1,give way,opened,498,500,photo_38_2024-12-09_12-46-01.jpg,dataset_top12\give way\opened\photo_38_2024-12-09_12-46-01.jpg,test
2241,1,give way,opened,960,1280,photo_38_2024-12-18_02-10-22.jpg,dataset_top12\give way\opened\photo_38_2024-12-18_02-10-22.jpg,train
2242,1,give way,opened,525,480,photo_38_2024-12-19_02-00-53.jpg,dataset_top12\give way\opened\photo_38_2024-12-19_02-00-53.jpg,train
2243,1,give way,opened,960,1280,photo_39_2024-12-09_12-46-01.jpg,dataset_top12\give way\opened\photo_39_2024-12-09_12-46-01.jpg,train
2244,1,give way,opened,960,1280,photo_3_2024-12-09_12-46-01.jpg,dataset_top12\give way\opened\photo_3_2024-12-09_12-46-01.jpg,validation
2245,1,give way,opened,484,423,photo_3_2024-12-09_12-50-33_1.jpg,dataset_top12\give way\opened\photo_3_2024-12-09_12-50-33_1.jpg,train
2246,1,give way,opened,620,586,photo_3_2024-12-19_02-00-53.jpg,dataset_top12\give way\opened\photo_3_2024-12-19_02-00-53.jpg,validation
2247,1,give way,opened,960,1280,photo_41_2024-12-18_02-10-22.jpg,dataset_top12\give way\opened\photo_41_2024-12-18_02-10-22.jpg,validation
2248,1,give way,opened,433,433,photo_42_2024-12-18_02-36-53.jpg,dataset_top12\give way\opened\photo_42_2024-12-18_02-36-53.jpg,test
2249,1,give way,opened,334,340,photo_43_2024-12-18_02-36-53.jpg,dataset_top12\give way\opened\photo_43_2024-12-18_02-36-53.jpg,test
2250,1,give way,opened,960,1280,photo_43_2024-12-18_12-58-24.jpg,dataset_top12\give way\opened\photo_43_2024-12-18_12-58-24.jpg,train
2251,1,give way,opened,544,542,photo_44_2024-12-09_12-46-01_1.jpg,dataset_top12\give way\opened\photo_44_2024-12-09_12-46-01_1.jpg,train
2252,1,give way,opened,960,1280,photo_44_2024-12-09_12-46-32.jpg,dataset_top12\give way\opened\photo_44_2024-12-09_12-46-32.jpg,validation
2253,1,give way,opened,505,506,photo_44_2024-12-09_12-49-48.jpg,dataset_top12\give way\opened\photo_44_2024-12-09_12-49-48.jpg,train
2254,1,give way,opened,834,824,photo_44_2024-12-18_13-04-36.jpg,dataset_top12\give way\opened\photo_44_2024-12-18_13-04-36.jpg,train
2255,1,give way,opened,960,1280,photo_45_2024-12-09_12-46-32.jpg,dataset_top12\give way\opened\photo_45_2024-12-09_12-46-32.jpg,test
2256,1,give way,opened,960,1280,photo_45_2024-12-18_12-58-24.jpg,dataset_top12\give way\opened\photo_45_2024-12-18_12-58-24.jpg,train
2257,1,give way,opened,805,734,photo_45_2024-12-18_13-05-57.jpg,dataset_top12\give way\opened\photo_45_2024-12-18_13-05-57.jpg,train
2258,1,give way,opened,960,1280,photo_46_2024-12-18_12-58-24.jpg,dataset_top12\give way\opened\photo_46_2024-12-18_12-58-24.jpg,validation
2259,1,give way,opened,806,709,photo_48_2024-12-07_12-46-52.jpg,dataset_top12\give way\opened\photo_48_2024-12-07_12-46-52.jpg,train
2260,1,give way,opened,367,352,photo_48_2024-12-18_02-36-53.jpg,dataset_top12\give way\opened\photo_48_2024-12-18_02-36-53.jpg,train
2261,1,give way,opened,960,1280,photo_4_2024-12-09_12-49-47.jpg,dataset_top12\give way\opened\photo_4_2024-12-09_12-49-47.jpg,train
2262,1,give way,opened,960,1280,photo_4_2024-12-09_12-50-33.jpg,dataset_top12\give way\opened\photo_4_2024-12-09_12-50-33.jpg,train
2263,1,give way,opened,710,885,photo_4_2024-12-18_13-03-52.jpg,dataset_top12\give way\opened\photo_4_2024-12-18_13-03-52.jpg,validation
2264,1,give way,opened,572,546,photo_4_2024-12-19_02-00-53.jpg,dataset_top12\give way\opened\photo_4_2024-12-19_02-00-53.jpg,train
2265,1,give way,opened,484,492,photo_50_2024-12-09_12-46-32.jpg,dataset_top12\give way\opened\photo_50_2024-12-09_12-46-32.jpg,train
2266,1,give way,opened,537,541,photo_50_2024-12-18_02-33-06.jpg,dataset_top12\give way\opened\photo_50_2024-12-18_02-33-06.jpg,train
2267,1,give way,opened,584,517,photo_51_2024-12-19_02-00-53.jpg,dataset_top12\give way\opened\photo_51_2024-12-19_02-00-53.jpg,train
2268,1,give way,opened,700,711,photo_53_2024-12-18_13-05-57.jpg,dataset_top12\give way\opened\photo_53_2024-12-18_13-05-57.jpg,train
2269,1,give way,opened,568,548,photo_53_2024-12-19_02-00-53.jpg,dataset_top12\give way\opened\photo_53_2024-12-19_02-00-53.jpg,train
2270,1,give way,opened,553,528,photo_54_2024-12-09_12-46-01_1.jpg,dataset_top12\give way\opened\photo_54_2024-12-09_12-46-01_1.jpg,validation
2271,1,give way,opened,519,516,photo_54_2024-12-09_12-49-48_1.jpg,dataset_top12\give way\opened\photo_54_2024-12-09_12-49-48_1.jpg,train
2272,1,give way,opened,731,709,photo_54_2024-12-18_13-02-04.jpg,dataset_top12\give way\opened\photo_54_2024-12-18_13-02-04.jpg,train
2273,1,give way,opened,960,872,photo_55_2024-12-18_13-02-04.jpg,dataset_top12\give way\opened\photo_55_2024-12-18_13-02-04.jpg,validation
2274,1,give way,opened,541,548,photo_55_2024-12-19_02-00-53.jpg,dataset_top12\give way\opened\photo_55_2024-12-19_02-00-53.jpg,train
2275,1,give way,opened,960,1280,photo_56_2024-12-18_02-25-50.jpg,dataset_top12\give way\opened\photo_56_2024-12-18_02-25-50.jpg,test
2276,1,give way,opened,960,1280,photo_56_2024-12-18_02-33-06.jpg,dataset_top12\give way\opened\photo_56_2024-12-18_02-33-06.jpg,validation
2277,1,give way,opened,467,449,photo_56_2024-12-18_02-36-53.jpg,dataset_top12\give way\opened\photo_56_2024-12-18_02-36-53.jpg,test
2278,1,give way,opened,548,558,photo_56_2024-12-19_02-00-53.jpg,dataset_top12\give way\opened\photo_56_2024-12-19_02-00-53.jpg,train
2279,1,give way,opened,550,566,photo_57_2024-12-19_02-00-53.jpg,dataset_top12\give way\opened\photo_57_2024-12-19_02-00-53.jpg,validation
2280,1,give way,opened,960,1280,photo_58_2024-12-09_12-46-32.jpg,dataset_top12\give way\opened\photo_58_2024-12-09_12-46-32.jpg,train
2281,1,give way,opened,960,1280,photo_59_2024-12-18_02-25-50.jpg,dataset_top12\give way\opened\photo_59_2024-12-18_02-25-50.jpg,train
2282,1,give way,opened,385,335,photo_59_2024-12-18_02-36-53.jpg,dataset_top12\give way\opened\photo_59_2024-12-18_02-36-53.jpg,validation
2283,1,give way,opened,620,574,photo_5_2024-12-19_02-00-53.jpg,dataset_top12\give way\opened\photo_5_2024-12-19_02-00-53.jpg,train
2284,1,give way,opened,960,1280,photo_60_2024-12-18_13-04-36.jpg,dataset_top12\give way\opened\photo_60_2024-12-18_13-04-36.jpg,train
2285,1,give way,opened,570,566,photo_60_2024-12-19_02-00-53.jpg,dataset_top12\give way\opened\photo_60_2024-12-19_02-00-53.jpg,train
2286,1,give way,opened,559,558,photo_61_2024-12-19_02-00-53.jpg,dataset_top12\give way\opened\photo_61_2024-12-19_02-00-53.jpg,validation
2287,1,give way,opened,960,1280,photo_62_2024-12-09_12-46-01.jpg,dataset_top12\give way\opened\photo_62_2024-12-09_12-46-01.jpg,test
2288,1,give way,opened,960,1280,photo_62_2024-12-09_12-46-32.jpg,dataset_top12\give way\opened\photo_62_2024-12-09_12-46-32.jpg,train
2289,1,give way,opened,960,1280,photo_62_2024-12-18_12-58-24.jpg,dataset_top12\give way\opened\photo_62_2024-12-18_12-58-24.jpg,train
2290,1,give way,opened,549,535,photo_63_2024-12-19_02-00-53.jpg,dataset_top12\give way\opened\photo_63_2024-12-19_02-00-53.jpg,train
2291,1,give way,opened,960,1280,photo_64_2024-12-18_12-58-24.jpg,dataset_top12\give way\opened\photo_64_2024-12-18_12-58-24.jpg,train
2292,1,give way,opened,557,553,photo_64_2024-12-19_02-00-53.jpg,dataset_top12\give way\opened\photo_64_2024-12-19_02-00-53.jpg,validation
2293,1,give way,opened,549,561,photo_65_2024-12-19_02-00-53.jpg,dataset_top12\give way\opened\photo_65_2024-12-19_02-00-53.jpg,train
2294,1,give way,opened,390,399,photo_66_2024-12-18_02-25-50.jpg,dataset_top12\give way\opened\photo_66_2024-12-18_02-25-50.jpg,train
2295,1,give way,opened,960,1280,photo_66_2024-12-18_13-04-36.jpg,dataset_top12\give way\opened\photo_66_2024-12-18_13-04-36.jpg,train
2296,1,give way,opened,539,571,photo_66_2024-12-19_02-00-53.jpg,dataset_top12\give way\opened\photo_66_2024-12-19_02-00-53.jpg,train
2297,1,give way,opened,404,382,photo_67_2024-12-18_02-25-50.jpg,dataset_top12\give way\opened\photo_67_2024-12-18_02-25-50.jpg,train
2298,1,give way,opened,960,1280,photo_67_2024-12-18_02-33-06.jpg,dataset_top12\give way\opened\photo_67_2024-12-18_02-33-06.jpg,train
2299,1,give way,opened,960,1280,photo_68_2024-12-18_02-28-33.jpg,dataset_top12\give way\opened\photo_68_2024-12-18_02-28-33.jpg,validation
2300,1,give way,opened,960,1280,photo_68_2024-12-18_13-04-36.jpg,dataset_top12\give way\opened\photo_68_2024-12-18_13-04-36.jpg,train
2301,1,give way,opened,382,365,photo_69_2024-12-18_02-25-50.jpg,dataset_top12\give way\opened\photo_69_2024-12-18_02-25-50.jpg,train
2302,1,give way,opened,541,525,photo_69_2024-12-19_02-00-53.jpg,dataset_top12\give way\opened\photo_69_2024-12-19_02-00-53.jpg,test
2303,1,give way,opened,488,456,photo_6_2024-12-19_02-00-53.jpg,dataset_top12\give way\opened\photo_6_2024-12-19_02-00-53.jpg,train
2304,1,give way,opened,960,1280,photo_70_2024-12-09_12-46-32.jpg,dataset_top12\give way\opened\photo_70_2024-12-09_12-46-32.jpg,train
2305,1,give way,opened,516,474,photo_70_2024-12-19_00-10-31.jpg,dataset_top12\give way\opened\photo_70_2024-12-19_00-10-31.jpg,train
2306,1,give way,opened,590,569,photo_70_2024-12-19_02-00-53.jpg,dataset_top12\give way\opened\photo_70_2024-12-19_02-00-53.jpg,train
2307,1,give way,opened,311,320,photo_71_2024-12-09_12-46-32_1.jpg,dataset_top12\give way\opened\photo_71_2024-12-09_12-46-32_1.jpg,train
2308,1,give way,opened,960,1280,photo_71_2024-12-18_02-28-33.jpg,dataset_top12\give way\opened\photo_71_2024-12-18_02-28-33.jpg,train
2309,1,give way,opened,960,1280,photo_71_2024-12-18_13-04-36.jpg,dataset_top12\give way\opened\photo_71_2024-12-18_13-04-36.jpg,train
2310,1,give way,opened,399,360,photo_72_2024-12-18_02-25-50.jpg,dataset_top12\give way\opened\photo_72_2024-12-18_02-25-50.jpg,train
2311,1,give way,opened,544,551,photo_72_2024-12-19_02-00-53.jpg,dataset_top12\give way\opened\photo_72_2024-12-19_02-00-53.jpg,train
2312,1,give way,opened,381,371,photo_73_2024-12-18_02-36-53.jpg,dataset_top12\give way\opened\photo_73_2024-12-18_02-36-53.jpg,validation
2313,1,give way,opened,843,1038,photo_73_2024-12-18_13-04-36.jpg,dataset_top12\give way\opened\photo_73_2024-12-18_13-04-36.jpg,train
2314,1,give way,opened,960,1091,photo_73_2024-12-18_13-05-57.jpg,dataset_top12\give way\opened\photo_73_2024-12-18_13-05-57.jpg,train
2315,1,give way,opened,530,528,photo_73_2024-12-19_02-00-53.jpg,dataset_top12\give way\opened\photo_73_2024-12-19_02-00-53.jpg,validation
2316,1,give way,opened,960,1280,photo_74_2024-12-18_02-33-06.jpg,dataset_top12\give way\opened\photo_74_2024-12-18_02-33-06.jpg,train
2317,1,give way,opened,960,1117,photo_74_2024-12-18_13-05-23.jpg,dataset_top12\give way\opened\photo_74_2024-12-18_13-05-23.jpg,train
2318,1,give way,opened,612,589,photo_74_2024-12-19_00-10-31.jpg,dataset_top12\give way\opened\photo_74_2024-12-19_00-10-31.jpg,validation
2319,1,give way,opened,472,525,photo_74_2024-12-19_02-00-53.jpg,dataset_top12\give way\opened\photo_74_2024-12-19_02-00-53.jpg,train
2320,1,give way,opened,537,543,photo_76_2024-12-18_02-33-06.jpg,dataset_top12\give way\opened\photo_76_2024-12-18_02-33-06.jpg,train
2321,1,give way,opened,567,566,photo_77_2024-12-09_12-49-48_1.jpg,dataset_top12\give way\opened\photo_77_2024-12-09_12-49-48_1.jpg,train
2322,1,give way,opened,510,551,photo_77_2024-12-19_02-00-53.jpg,dataset_top12\give way\opened\photo_77_2024-12-19_02-00-53.jpg,validation
2323,1,give way,opened,960,1280,photo_78_2024-12-09_12-46-32.jpg,dataset_top12\give way\opened\photo_78_2024-12-09_12-46-32.jpg,train
2324,1,give way,opened,960,1280,photo_78_2024-12-18_13-04-36.jpg,dataset_top12\give way\opened\photo_78_2024-12-18_13-04-36.jpg,test
2325,1,give way,opened,557,584,photo_78_2024-12-19_02-00-53.jpg,dataset_top12\give way\opened\photo_78_2024-12-19_02-00-53.jpg,validation
2326,1,give way,opened,504,508,photo_79_2024-12-09_12-46-32.jpg,dataset_top12\give way\opened\photo_79_2024-12-09_12-46-32.jpg,train
2327,1,give way,opened,960,1280,photo_79_2024-12-18_02-25-50.jpg,dataset_top12\give way\opened\photo_79_2024-12-18_02-25-50.jpg,validation
2328,1,give way,opened,960,1280,photo_79_2024-12-18_13-05-23.jpg,dataset_top12\give way\opened\photo_79_2024-12-18_13-05-23.jpg,train
2329,1,give way,opened,486,487,photo_79_2024-12-19_00-10-31.jpg,dataset_top12\give way\opened\photo_79_2024-12-19_00-10-31.jpg,train
2330,1,give way,opened,551,551,photo_79_2024-12-19_02-00-53.jpg,dataset_top12\give way\opened\photo_79_2024-12-19_02-00-53.jpg,train
2331,1,give way,opened,960,1280,photo_7_2024-12-18_13-03-52.jpg,dataset_top12\give way\opened\photo_7_2024-12-18_13-03-52.jpg,test
2332,1,give way,opened,583,564,photo_7_2024-12-19_02-00-53.jpg,dataset_top12\give way\opened\photo_7_2024-12-19_02-00-53.jpg,train
2333,1,give way,opened,960,982,photo_80_2024-12-18_13-05-23.jpg,dataset_top12\give way\opened\photo_80_2024-12-18_13-05-23.jpg,train
2334,1,give way,opened,960,936,photo_80_2024-12-18_13-05-57.jpg,dataset_top12\give way\opened\photo_80_2024-12-18_13-05-57.jpg,train
2335,1,give way,opened,517,520,photo_80_2024-12-19_00-10-31.jpg,dataset_top12\give way\opened\photo_80_2024-12-19_00-10-31.jpg,train
2336,1,give way,opened,960,1280,photo_81_2024-12-09_12-46-32.jpg,dataset_top12\give way\opened\photo_81_2024-12-09_12-46-32.jpg,validation
2337,1,give way,opened,515,546,photo_81_2024-12-19_02-00-53.jpg,dataset_top12\give way\opened\photo_81_2024-12-19_02-00-53.jpg,validation
2338,1,give way,opened,464,461,photo_82_2024-12-09_12-46-32_1.jpg,dataset_top12\give way\opened\photo_82_2024-12-09_12-46-32_1.jpg,train
2339,1,give way,opened,960,1280,photo_82_2024-12-18_13-04-36.jpg,dataset_top12\give way\opened\photo_82_2024-12-18_13-04-36.jpg,train
2340,1,give way,opened,533,528,photo_82_2024-12-19_02-00-53.jpg,dataset_top12\give way\opened\photo_82_2024-12-19_02-00-53.jpg,train
2341,1,give way,opened,960,1280,photo_83_2024-12-18_13-05-57.jpg,dataset_top12\give way\opened\photo_83_2024-12-18_13-05-57.jpg,train
2342,1,give way,opened,960,1043,photo_84_2024-12-18_13-05-23.jpg,dataset_top12\give way\opened\photo_84_2024-12-18_13-05-23.jpg,train
2343,1,give way,opened,634,569,photo_84_2024-12-19_02-00-53.jpg,dataset_top12\give way\opened\photo_84_2024-12-19_02-00-53.jpg,train
2344,1,give way,opened,502,530,photo_85_2024-12-19_02-00-53.jpg,dataset_top12\give way\opened\photo_85_2024-12-19_02-00-53.jpg,train
2345,1,give way,opened,726,720,photo_86_2024-12-09_12-46-33.jpg,dataset_top12\give way\opened\photo_86_2024-12-09_12-46-33.jpg,validation
2346,1,give way,opened,960,1200,photo_86_2024-12-18_13-05-23.jpg,dataset_top12\give way\opened\photo_86_2024-12-18_13-05-23.jpg,train
2347,1,give way,opened,960,1280,photo_86_2024-12-18_13-05-57.jpg,dataset_top12\give way\opened\photo_86_2024-12-18_13-05-57.jpg,train
2348,1,give way,opened,542,553,photo_86_2024-12-19_02-00-53.jpg,dataset_top12\give way\opened\photo_86_2024-12-19_02-00-53.jpg,train
2349,1,give way,opened,960,1280,photo_87_2024-12-18_12-58-24.jpg,dataset_top12\give way\opened\photo_87_2024-12-18_12-58-24.jpg,train
2350,1,give way,opened,960,1280,photo_87_2024-12-18_13-04-36.jpg,dataset_top12\give way\opened\photo_87_2024-12-18_13-04-36.jpg,train
2351,1,give way,opened,553,551,photo_87_2024-12-19_02-00-53.jpg,dataset_top12\give way\opened\photo_87_2024-12-19_02-00-53.jpg,validation
2352,1,give way,opened,810,1080,photo_88_2024-12-18_02-27-08.jpg,dataset_top12\give way\opened\photo_88_2024-12-18_02-27-08.jpg,test
2353,1,give way,opened,960,1280,photo_88_2024-12-18_13-04-36.jpg,dataset_top12\give way\opened\photo_88_2024-12-18_13-04-36.jpg,train
2354,1,give way,opened,537,543,photo_88_2024-12-19_02-00-53.jpg,dataset_top12\give way\opened\photo_88_2024-12-19_02-00-53.jpg,train
2355,1,give way,opened,960,1280,photo_89_2024-12-18_12-58-24.jpg,dataset_top12\give way\opened\photo_89_2024-12-18_12-58-24.jpg,validation
2356,1,give way,opened,960,1280,photo_89_2024-12-18_13-05-57.jpg,dataset_top12\give way\opened\photo_89_2024-12-18_13-05-57.jpg,train
2357,1,give way,opened,519,513,photo_89_2024-12-19_02-00-53.jpg,dataset_top12\give way\opened\photo_89_2024-12-19_02-00-53.jpg,train
2358,1,give way,opened,960,1280,photo_8_2024-12-09_12-46-01.jpg,dataset_top12\give way\opened\photo_8_2024-12-09_12-46-01.jpg,train
2359,1,give way,opened,906,882,photo_8_2024-12-18_02-29-08.jpg,dataset_top12\give way\opened\photo_8_2024-12-18_02-29-08.jpg,test
2360,1,give way,opened,594,569,photo_8_2024-12-19_02-00-53.jpg,dataset_top12\give way\opened\photo_8_2024-12-19_02-00-53.jpg,train
2361,1,give way,opened,960,1280,photo_90_2024-12-18_13-05-23.jpg,dataset_top12\give way\opened\photo_90_2024-12-18_13-05-23.jpg,train
2362,1,give way,opened,960,1280,photo_90_2024-12-18_13-05-57.jpg,dataset_top12\give way\opened\photo_90_2024-12-18_13-05-57.jpg,test
2363,1,give way,opened,471,468,photo_91_2024-12-09_12-46-01.jpg,dataset_top12\give way\opened\photo_91_2024-12-09_12-46-01.jpg,train
2364,1,give way,opened,1280,1040,photo_91_2024-12-18_02-27-08.jpg,dataset_top12\give way\opened\photo_91_2024-12-18_02-27-08.jpg,test
2365,1,give way,opened,960,1280,photo_91_2024-12-19_02-00-53.jpg,dataset_top12\give way\opened\photo_91_2024-12-19_02-00-53.jpg,test
2366,1,give way,opened,585,588,photo_92_2024-12-09_12-49-48.jpg,dataset_top12\give way\opened\photo_92_2024-12-09_12-49-48.jpg,train
2367,1,give way,opened,960,1030,photo_93_2024-12-18_13-05-23.jpg,dataset_top12\give way\opened\photo_93_2024-12-18_13-05-23.jpg,validation
2368,1,give way,opened,960,1280,photo_94_2024-12-18_12-58-24.jpg,dataset_top12\give way\opened\photo_94_2024-12-18_12-58-24.jpg,test
2369,1,give way,opened,960,1127,photo_94_2024-12-18_13-05-23.jpg,dataset_top12\give way\opened\photo_94_2024-12-18_13-05-23.jpg,train
2370,1,give way,opened,960,1280,photo_94_2024-12-19_02-00-53.jpg,dataset_top12\give way\opened\photo_94_2024-12-19_02-00-53.jpg,train
2371,1,give way,opened,960,1280,photo_95_2024-12-18_02-33-06.jpg,dataset_top12\give way\opened\photo_95_2024-12-18_02-33-06.jpg,train
2372,1,give way,opened,960,1280,photo_95_2024-12-18_13-04-36.jpg,dataset_top12\give way\opened\photo_95_2024-12-18_13-04-36.jpg,test
2373,1,give way,opened,960,1130,photo_95_2024-12-18_13-05-23.jpg,dataset_top12\give way\opened\photo_95_2024-12-18_13-05-23.jpg,train
2374,1,give way,opened,960,1280,photo_95_2024-12-18_13-05-57.jpg,dataset_top12\give way\opened\photo_95_2024-12-18_13-05-57.jpg,train
2375,1,give way,opened,960,1280,photo_96_2024-12-18_13-04-36.jpg,dataset_top12\give way\opened\photo_96_2024-12-18_13-04-36.jpg,test
2376,1,give way,opened,960,1280,photo_96_2024-12-19_02-00-53.jpg,dataset_top12\give way\opened\photo_96_2024-12-19_02-00-53.jpg,train
2377,1,give way,opened,819,1032,photo_97_2024-12-18_13-05-23.jpg,dataset_top12\give way\opened\photo_97_2024-12-18_13-05-23.jpg,train
2378,1,give way,opened,960,1280,photo_97_2024-12-19_02-00-53.jpg,dataset_top12\give way\opened\photo_97_2024-12-19_02-00-53.jpg,train
2379,1,give way,opened,960,1280,photo_98_2024-12-18_13-05-57.jpg,dataset_top12\give way\opened\photo_98_2024-12-18_13-05-57.jpg,train
2380,1,give way,opened,960,1280,photo_98_2024-12-19_02-00-53.jpg,dataset_top12\give way\opened\photo_98_2024-12-19_02-00-53.jpg,test
2381,1,give way,opened,960,1114,photo_99_2024-12-18_02-33-06.jpg,dataset_top12\give way\opened\photo_99_2024-12-18_02-33-06.jpg,train
2382,1,give way,opened,960,1015,photo_99_2024-12-18_13-05-57.jpg,dataset_top12\give way\opened\photo_99_2024-12-18_13-05-57.jpg,train
2383,1,give way,opened,960,1280,photo_99_2024-12-19_02-00-53.jpg,dataset_top12\give way\opened\photo_99_2024-12-19_02-00-53.jpg,train
2384,1,give way,opened,960,1280,photo_9_2024-12-18_13-01-24.jpg,dataset_top12\give way\opened\photo_9_2024-12-18_13-01-24.jpg,train
2385,1,give way,opened,595,564,photo_9_2024-12-19_02-00-53.jpg,dataset_top12\give way\opened\photo_9_2024-12-19_02-00-53.jpg,validation
2386,1,give way,closed,1660,1822,20241102_111922.jpg,dataset_top12\give way\closed\20241102_111922.jpg,train
2387,1,give way,closed,1907,1925,20241102_115704.jpg,dataset_top12\give way\closed\20241102_115704.jpg,test
2388,1,give way,closed,1779,1888,20241102_115737.jpg,dataset_top12\give way\closed\20241102_115737.jpg,train
2389,1,give way,closed,1737,1704,20241102_121217.jpg,dataset_top12\give way\closed\20241102_121217.jpg,train
2390,1,give way,closed,1307,1253,20241102_121342.jpg,dataset_top12\give way\closed\20241102_121342.jpg,train
2391,1,give way,closed,2311,2441,20241102_121350.jpg,dataset_top12\give way\closed\20241102_121350.jpg,train
2392,1,give way,closed,1856,1861,20241102_121805.jpg,dataset_top12\give way\closed\20241102_121805.jpg,train
2393,1,give way,closed,4624,3468,20241102_123510.jpg,dataset_top12\give way\closed\20241102_123510.jpg,train
2394,1,give way,closed,4640,3472,IMG_20241017_160724.jpg,dataset_top12\give way\closed\IMG_20241017_160724.jpg,validation
2395,1,give way,closed,4640,3472,IMG_20241017_160731.jpg,dataset_top12\give way\closed\IMG_20241017_160731.jpg,train
2396,1,give way,closed,4640,3472,IMG_20241017_160817.jpg,dataset_top12\give way\closed\IMG_20241017_160817.jpg,train
2397,1,give way,closed,4640,3472,IMG_20241017_160832.jpg,dataset_top12\give way\closed\IMG_20241017_160832.jpg,train
2398,1,give way,closed,4640,3472,IMG_20241017_161021.jpg,dataset_top12\give way\closed\IMG_20241017_161021.jpg,train
2399,1,give way,closed,4640,3472,IMG_20241017_161104.jpg,dataset_top12\give way\closed\IMG_20241017_161104.jpg,train
2400,1,give way,closed,4640,3472,IMG_20241017_161106.jpg,dataset_top12\give way\closed\IMG_20241017_161106.jpg,train
2401,1,give way,closed,4640,3472,IMG_20241017_161109.jpg,dataset_top12\give way\closed\IMG_20241017_161109.jpg,train
2402,1,give way,closed,4640,3472,IMG_20241017_161112.jpg,dataset_top12\give way\closed\IMG_20241017_161112.jpg,train
2403,1,give way,closed,4640,3472,IMG_20241017_161115.jpg,dataset_top12\give way\closed\IMG_20241017_161115.jpg,train
2404,1,give way,closed,4640,3472,IMG_20241017_161122.jpg,dataset_top12\give way\closed\IMG_20241017_161122.jpg,train
2405,1,give way,closed,2130,2246,IMG_20241017_163822.jpg,dataset_top12\give way\closed\IMG_20241017_163822.jpg,train
2406,1,give way,closed,1066,970,IMG_20241017_163824.jpg,dataset_top12\give way\closed\IMG_20241017_163824.jpg,train
2407,1,give way,closed,945,1012,IMG_20241017_163825.jpg,dataset_top12\give way\closed\IMG_20241017_163825.jpg,train
2408,1,give way,closed,1718,1816,IMG_20241017_163831.jpg,dataset_top12\give way\closed\IMG_20241017_163831.jpg,train
2409,1,give way,closed,1152,1239,IMG_20241017_183235.jpg,dataset_top12\give way\closed\IMG_20241017_183235.jpg,train
2410,1,give way,closed,1351,1331,IMG_20241017_183237.jpg,dataset_top12\give way\closed\IMG_20241017_183237.jpg,train
2411,1,give way,closed,1333,1340,IMG_20241017_183238.jpg,dataset_top12\give way\closed\IMG_20241017_183238.jpg,train
2412,1,give way,closed,4640,3472,IMG_20241021_175439.jpg,dataset_top12\give way\closed\IMG_20241021_175439.jpg,train
2413,1,give way,closed,4640,3472,IMG_20241021_175445.jpg,dataset_top12\give way\closed\IMG_20241021_175445.jpg,train
2414,1,give way,closed,4640,3472,IMG_20241021_175448.jpg,dataset_top12\give way\closed\IMG_20241021_175448.jpg,train
2415,1,give way,closed,4640,3472,IMG_20241029_173515.jpg,dataset_top12\give way\closed\IMG_20241029_173515.jpg,train
2416,1,give way,closed,4640,3472,IMG_20241029_173534.jpg,dataset_top12\give way\closed\IMG_20241029_173534.jpg,train
2417,1,give way,closed,4640,3472,IMG_20241029_173541.jpg,dataset_top12\give way\closed\IMG_20241029_173541.jpg,train
2418,1,give way,closed,4640,3472,IMG_20241029_173550.jpg,dataset_top12\give way\closed\IMG_20241029_173550.jpg,train
2419,1,give way,closed,1010,1212,IMG_20241029_174023_1.jpg,dataset_top12\give way\closed\IMG_20241029_174023_1.jpg,train
2420,1,give way,closed,2890,3318,IMG_20241029_175138.jpg,dataset_top12\give way\closed\IMG_20241029_175138.jpg,train
2421,1,give way,closed,2615,2625,IMG_20241029_175140.jpg,dataset_top12\give way\closed\IMG_20241029_175140.jpg,train
2422,1,give way,closed,2163,2018,IMG_20241029_175141.jpg,dataset_top12\give way\closed\IMG_20241029_175141.jpg,validation
2423,1,give way,closed,3472,3605,IMG_20241029_175149.jpg,dataset_top12\give way\closed\IMG_20241029_175149.jpg,train
2424,1,give way,closed,3472,3448,IMG_20241029_175150.jpg,dataset_top12\give way\closed\IMG_20241029_175150.jpg,test
2425,1,give way,closed,3472,3577,IMG_20241029_175200.jpg,dataset_top12\give way\closed\IMG_20241029_175200.jpg,train
2426,1,give way,closed,4640,3472,IMG_20241029_175209.jpg,dataset_top12\give way\closed\IMG_20241029_175209.jpg,train
2427,1,give way,closed,4640,3472,IMG_20241029_175724.jpg,dataset_top12\give way\closed\IMG_20241029_175724.jpg,train
2428,1,give way,closed,4640,3472,IMG_20241029_175726.jpg,dataset_top12\give way\closed\IMG_20241029_175726.jpg,train
2429,1,give way,closed,4640,3472,IMG_20241029_175728.jpg,dataset_top12\give way\closed\IMG_20241029_175728.jpg,train
2430,1,give way,closed,4640,3472,IMG_20241029_175732.jpg,dataset_top12\give way\closed\IMG_20241029_175732.jpg,train
2431,1,give way,closed,4640,3472,IMG_20241029_175735.jpg,dataset_top12\give way\closed\IMG_20241029_175735.jpg,train
2432,1,give way,closed,4640,3472,IMG_20241029_175736.jpg,dataset_top12\give way\closed\IMG_20241029_175736.jpg,train
2433,1,give way,closed,4640,3472,IMG_20241029_175738.jpg,dataset_top12\give way\closed\IMG_20241029_175738.jpg,train
2434,1,give way,closed,4640,3472,IMG_20241029_175740.jpg,dataset_top12\give way\closed\IMG_20241029_175740.jpg,train
2435,1,give way,closed,4640,3472,IMG_20241029_175741.jpg,dataset_top12\give way\closed\IMG_20241029_175741.jpg,train
2436,1,give way,closed,1666,1736,IMG_20241029_181802_1.jpg,dataset_top12\give way\closed\IMG_20241029_181802_1.jpg,train
2437,1,give way,closed,2039,1996,IMG_20241029_181806.jpg,dataset_top12\give way\closed\IMG_20241029_181806.jpg,test
2438,1,give way,closed,1914,2033,IMG_20241029_181807.jpg,dataset_top12\give way\closed\IMG_20241029_181807.jpg,validation
2439,1,give way,closed,2102,2163,IMG_20241029_181813.jpg,dataset_top12\give way\closed\IMG_20241029_181813.jpg,validation
2440,1,give way,closed,2113,2209,IMG_20241029_181814.jpg,dataset_top12\give way\closed\IMG_20241029_181814.jpg,train
2441,1,give way,closed,960,1280,photo_100_2024-10-29_09-53-51.jpg,dataset_top12\give way\closed\photo_100_2024-10-29_09-53-51.jpg,train
2442,1,give way,closed,1013,1280,photo_100_2024-12-07_12-47-32.jpg,dataset_top12\give way\closed\photo_100_2024-12-07_12-47-32.jpg,train
2443,1,give way,closed,1280,1223,photo_10_2024-12-06_22-24-22.jpg,dataset_top12\give way\closed\photo_10_2024-12-06_22-24-22.jpg,train
2444,1,give way,closed,897,1280,photo_10_2024-12-07_12-46-04.jpg,dataset_top12\give way\closed\photo_10_2024-12-07_12-46-04.jpg,train
2445,1,give way,closed,960,1280,photo_10_2024-12-07_12-49-18.jpg,dataset_top12\give way\closed\photo_10_2024-12-07_12-49-18.jpg,validation
2446,1,give way,closed,1280,655,photo_11_2024-12-05_22-22-53.jpg,dataset_top12\give way\closed\photo_11_2024-12-05_22-22-53.jpg,train
2447,1,give way,closed,675,1280,photo_11_2024-12-05_22-23-10.jpg,dataset_top12\give way\closed\photo_11_2024-12-05_22-23-10.jpg,train
2448,1,give way,closed,1237,1280,photo_11_2024-12-07_12-46-04.jpg,dataset_top12\give way\closed\photo_11_2024-12-07_12-46-04.jpg,train
2449,1,give way,closed,1226,1280,photo_11_2024-12-07_12-47-32.jpg,dataset_top12\give way\closed\photo_11_2024-12-07_12-47-32.jpg,train
2450,1,give way,closed,960,1280,photo_11_2024-12-07_12-48-36.jpg,dataset_top12\give way\closed\photo_11_2024-12-07_12-48-36.jpg,train
2451,1,give way,closed,960,1280,photo_11_2024-12-07_12-49-18.jpg,dataset_top12\give way\closed\photo_11_2024-12-07_12-49-18.jpg,train
2452,1,give way,closed,1280,874,photo_12_2024-12-05_22-23-10.jpg,dataset_top12\give way\closed\photo_12_2024-12-05_22-23-10.jpg,train
2453,1,give way,closed,1021,1080,photo_12_2024-12-07_12-46-04.jpg,dataset_top12\give way\closed\photo_12_2024-12-07_12-46-04.jpg,train
2454,1,give way,closed,960,1280,photo_12_2024-12-07_12-48-36.jpg,dataset_top12\give way\closed\photo_12_2024-12-07_12-48-36.jpg,train
2455,1,give way,closed,960,1280,photo_13_2024-12-07_12-49-18.jpg,dataset_top12\give way\closed\photo_13_2024-12-07_12-49-18.jpg,train
2456,1,give way,closed,1280,773,photo_14_2024-12-05_22-23-10.jpg,dataset_top12\give way\closed\photo_14_2024-12-05_22-23-10.jpg,train
2457,1,give way,closed,960,1280,photo_14_2024-12-07_12-47-32.jpg,dataset_top12\give way\closed\photo_14_2024-12-07_12-47-32.jpg,train
2458,1,give way,closed,960,1280,photo_14_2024-12-07_12-48-36.jpg,dataset_top12\give way\closed\photo_14_2024-12-07_12-48-36.jpg,train
2459,1,give way,closed,960,1280,photo_14_2024-12-07_12-49-18.jpg,dataset_top12\give way\closed\photo_14_2024-12-07_12-49-18.jpg,train
2460,1,give way,closed,926,1280,photo_15_2024-12-05_22-23-10.jpg,dataset_top12\give way\closed\photo_15_2024-12-05_22-23-10.jpg,test
2461,1,give way,closed,1053,1280,photo_15_2024-12-07_12-46-04.jpg,dataset_top12\give way\closed\photo_15_2024-12-07_12-46-04.jpg,train
2462,1,give way,closed,1152,1280,photo_15_2024-12-07_12-47-32.jpg,dataset_top12\give way\closed\photo_15_2024-12-07_12-47-32.jpg,train
2463,1,give way,closed,1059,1250,photo_16_2024-12-07_12-46-04.jpg,dataset_top12\give way\closed\photo_16_2024-12-07_12-46-04.jpg,train
2464,1,give way,closed,1280,1248,photo_16_2024-12-07_12-47-32.jpg,dataset_top12\give way\closed\photo_16_2024-12-07_12-47-32.jpg,train
2465,1,give way,closed,960,1280,photo_16_2024-12-07_12-48-36.jpg,dataset_top12\give way\closed\photo_16_2024-12-07_12-48-36.jpg,train
2466,1,give way,closed,1280,908,photo_17_2024-12-05_22-23-10.jpg,dataset_top12\give way\closed\photo_17_2024-12-05_22-23-10.jpg,test
2467,1,give way,closed,1096,1280,photo_17_2024-12-07_12-46-04.jpg,dataset_top12\give way\closed\photo_17_2024-12-07_12-46-04.jpg,test
2468,1,give way,closed,1280,629,photo_18_2024-12-05_22-22-53.jpg,dataset_top12\give way\closed\photo_18_2024-12-05_22-22-53.jpg,train
2469,1,give way,closed,1280,928,photo_18_2024-12-05_22-23-10.jpg,dataset_top12\give way\closed\photo_18_2024-12-05_22-23-10.jpg,test
2470,1,give way,closed,1256,1280,photo_18_2024-12-07_12-46-04.jpg,dataset_top12\give way\closed\photo_18_2024-12-07_12-46-04.jpg,train
2471,1,give way,closed,1117,1280,photo_18_2024-12-07_12-47-32.jpg,dataset_top12\give way\closed\photo_18_2024-12-07_12-47-32.jpg,train
2472,1,give way,closed,1092,1280,photo_19_2024-12-07_12-47-32.jpg,dataset_top12\give way\closed\photo_19_2024-12-07_12-47-32.jpg,train
2473,1,give way,closed,960,1280,photo_19_2024-12-07_12-48-36.jpg,dataset_top12\give way\closed\photo_19_2024-12-07_12-48-36.jpg,train
2474,1,give way,closed,960,1280,photo_1_2024-10-29_09-53-51.jpg,dataset_top12\give way\closed\photo_1_2024-10-29_09-53-51.jpg,train
2475,1,give way,closed,669,1280,photo_1_2024-12-05_22-23-10.jpg,dataset_top12\give way\closed\photo_1_2024-12-05_22-23-10.jpg,train
2476,1,give way,closed,864,1012,photo_1_2024-12-07_12-47-32.jpg,dataset_top12\give way\closed\photo_1_2024-12-07_12-47-32.jpg,train
2477,1,give way,closed,960,1280,photo_1_2024-12-07_12-49-18.jpg,dataset_top12\give way\closed\photo_1_2024-12-07_12-49-18.jpg,train
2478,1,give way,closed,424,428,photo_1_2024-12-07_12-51-07.jpg,dataset_top12\give way\closed\photo_1_2024-12-07_12-51-07.jpg,test
2479,1,give way,closed,960,1280,photo_20_2024-10-29_09-53-08.jpg,dataset_top12\give way\closed\photo_20_2024-10-29_09-53-08.jpg,train
2480,1,give way,closed,983,1280,photo_20_2024-12-07_12-46-04.jpg,dataset_top12\give way\closed\photo_20_2024-12-07_12-46-04.jpg,train
2481,1,give way,closed,1007,1280,photo_20_2024-12-07_12-47-32.jpg,dataset_top12\give way\closed\photo_20_2024-12-07_12-47-32.jpg,test
2482,1,give way,closed,959,1280,photo_21_2024-12-07_12-46-04.jpg,dataset_top12\give way\closed\photo_21_2024-12-07_12-46-04.jpg,validation
2483,1,give way,closed,1280,637,photo_21_2024-12-07_12-47-32.jpg,dataset_top12\give way\closed\photo_21_2024-12-07_12-47-32.jpg,validation
2484,1,give way,closed,996,1280,photo_22_2024-12-07_12-46-04.jpg,dataset_top12\give way\closed\photo_22_2024-12-07_12-46-04.jpg,validation
2485,1,give way,closed,960,1280,photo_22_2024-12-07_12-48-36.jpg,dataset_top12\give way\closed\photo_22_2024-12-07_12-48-36.jpg,train
2486,1,give way,closed,960,1280,photo_22_2024-12-09_12-46-32.jpg,dataset_top12\give way\closed\photo_22_2024-12-09_12-46-32.jpg,validation
2487,1,give way,closed,1280,1201,photo_24_2024-12-07_12-46-52.jpg,dataset_top12\give way\closed\photo_24_2024-12-07_12-46-52.jpg,train
2488,1,give way,closed,1096,1280,photo_24_2024-12-07_12-47-32.jpg,dataset_top12\give way\closed\photo_24_2024-12-07_12-47-32.jpg,train
2489,1,give way,closed,1161,1280,photo_24_2024-12-07_12-49-18.jpg,dataset_top12\give way\closed\photo_24_2024-12-07_12-49-18.jpg,test
2490,1,give way,closed,960,1280,photo_24_2024-12-09_12-49-48.jpg,dataset_top12\give way\closed\photo_24_2024-12-09_12-49-48.jpg,train
2491,1,give way,closed,1280,1028,photo_25_2024-12-07_12-46-52.jpg,dataset_top12\give way\closed\photo_25_2024-12-07_12-46-52.jpg,train
2492,1,give way,closed,1094,1280,photo_25_2024-12-07_12-47-32.jpg,dataset_top12\give way\closed\photo_25_2024-12-07_12-47-32.jpg,train
2493,1,give way,closed,960,1280,photo_26_2024-12-07_12-48-36.jpg,dataset_top12\give way\closed\photo_26_2024-12-07_12-48-36.jpg,train
2494,1,give way,closed,1280,756,photo_27_2024-12-07_12-46-52.jpg,dataset_top12\give way\closed\photo_27_2024-12-07_12-46-52.jpg,train
2495,1,give way,closed,1280,1216,photo_27_2024-12-07_12-47-32.jpg,dataset_top12\give way\closed\photo_27_2024-12-07_12-47-32.jpg,validation
2496,1,give way,closed,1280,690,photo_28_2024-12-05_22-22-53.jpg,dataset_top12\give way\closed\photo_28_2024-12-05_22-22-53.jpg,train
2497,1,give way,closed,1227,1280,photo_28_2024-12-07_12-46-04.jpg,dataset_top12\give way\closed\photo_28_2024-12-07_12-46-04.jpg,test
2498,1,give way,closed,1280,991,photo_28_2024-12-07_12-46-52.jpg,dataset_top12\give way\closed\photo_28_2024-12-07_12-46-52.jpg,validation
2499,1,give way,closed,1280,891,photo_29_2024-12-05_22-23-10.jpg,dataset_top12\give way\closed\photo_29_2024-12-05_22-23-10.jpg,train
2500,1,give way,closed,960,1280,photo_29_2024-12-07_12-48-36.jpg,dataset_top12\give way\closed\photo_29_2024-12-07_12-48-36.jpg,train
2501,1,give way,closed,737,596,photo_2_2024-12-07_12-51-07.jpg,dataset_top12\give way\closed\photo_2_2024-12-07_12-51-07.jpg,test
2502,1,give way,closed,1255,1280,photo_30_2024-12-07_12-46-04.jpg,dataset_top12\give way\closed\photo_30_2024-12-07_12-46-04.jpg,train
2503,1,give way,closed,368,342,photo_30_2024-12-07_12-48-02.jpg,dataset_top12\give way\closed\photo_30_2024-12-07_12-48-02.jpg,train
2504,1,give way,closed,960,1280,photo_30_2024-12-07_12-48-36.jpg,dataset_top12\give way\closed\photo_30_2024-12-07_12-48-36.jpg,train
2505,1,give way,closed,1251,1280,photo_31_2024-12-07_12-49-18.jpg,dataset_top12\give way\closed\photo_31_2024-12-07_12-49-18.jpg,test
2506,1,give way,closed,1280,690,photo_32_2024-12-05_22-22-53.jpg,dataset_top12\give way\closed\photo_32_2024-12-05_22-22-53.jpg,train
2507,1,give way,closed,1280,1114,photo_32_2024-12-07_12-46-52.jpg,dataset_top12\give way\closed\photo_32_2024-12-07_12-46-52.jpg,train
2508,1,give way,closed,960,1280,photo_32_2024-12-07_12-47-32.jpg,dataset_top12\give way\closed\photo_32_2024-12-07_12-47-32.jpg,validation
2509,1,give way,closed,960,1280,photo_32_2024-12-07_12-48-36.jpg,dataset_top12\give way\closed\photo_32_2024-12-07_12-48-36.jpg,test
2510,1,give way,closed,1280,736,photo_33_2024-12-05_22-22-53.jpg,dataset_top12\give way\closed\photo_33_2024-12-05_22-22-53.jpg,train
2511,1,give way,closed,1280,1107,photo_33_2024-12-07_12-46-52.jpg,dataset_top12\give way\closed\photo_33_2024-12-07_12-46-52.jpg,test
2512,1,give way,closed,960,946,photo_33_2024-12-07_12-47-32.jpg,dataset_top12\give way\closed\photo_33_2024-12-07_12-47-32.jpg,train
2513,1,give way,closed,918,943,photo_34_2024-12-07_12-47-32.jpg,dataset_top12\give way\closed\photo_34_2024-12-07_12-47-32.jpg,test
2514,1,give way,closed,960,1280,photo_34_2024-12-09_12-46-32.jpg,dataset_top12\give way\closed\photo_34_2024-12-09_12-46-32.jpg,test
2515,1,give way,closed,1209,1132,photo_35_2024-12-07_12-46-52.jpg,dataset_top12\give way\closed\photo_35_2024-12-07_12-46-52.jpg,test
2516,1,give way,closed,1280,707,photo_36_2024-12-05_22-22-53.jpg,dataset_top12\give way\closed\photo_36_2024-12-05_22-22-53.jpg,test
2517,1,give way,closed,960,1280,photo_36_2024-12-07_12-47-32.jpg,dataset_top12\give way\closed\photo_36_2024-12-07_12-47-32.jpg,train
2518,1,give way,closed,960,1280,photo_36_2024-12-07_12-48-36.jpg,dataset_top12\give way\closed\photo_36_2024-12-07_12-48-36.jpg,train
2519,1,give way,closed,1280,706,photo_37_2024-12-05_22-22-53.jpg,dataset_top12\give way\closed\photo_37_2024-12-05_22-22-53.jpg,train
2520,1,give way,closed,960,1280,photo_37_2024-12-06_22-24-22.jpg,dataset_top12\give way\closed\photo_37_2024-12-06_22-24-22.jpg,train
2521,1,give way,closed,960,873,photo_37_2024-12-07_12-47-32.jpg,dataset_top12\give way\closed\photo_37_2024-12-07_12-47-32.jpg,train
2522,1,give way,closed,416,428,photo_37_2024-12-07_12-48-02_1.jpg,dataset_top12\give way\closed\photo_37_2024-12-07_12-48-02_1.jpg,train
2523,1,give way,closed,960,1280,photo_38_2024-12-06_22-24-22.jpg,dataset_top12\give way\closed\photo_38_2024-12-06_22-24-22.jpg,train
2524,1,give way,closed,849,964,photo_38_2024-12-07_12-47-32.jpg,dataset_top12\give way\closed\photo_38_2024-12-07_12-47-32.jpg,train
2525,1,give way,closed,1280,620,photo_39_2024-12-05_22-22-53.jpg,dataset_top12\give way\closed\photo_39_2024-12-05_22-22-53.jpg,validation
2526,1,give way,closed,960,1280,photo_39_2024-12-06_22-24-22.jpg,dataset_top12\give way\closed\photo_39_2024-12-06_22-24-22.jpg,train
2527,1,give way,closed,1280,634,photo_3_2024-12-05_22-22-53.jpg,dataset_top12\give way\closed\photo_3_2024-12-05_22-22-53.jpg,train
2528,1,give way,closed,1280,820,photo_3_2024-12-05_22-23-10.jpg,dataset_top12\give way\closed\photo_3_2024-12-05_22-23-10.jpg,train
2529,1,give way,closed,543,579,photo_3_2024-12-06_22-24-22.jpg,dataset_top12\give way\closed\photo_3_2024-12-06_22-24-22.jpg,validation
2530,1,give way,closed,960,1280,photo_3_2024-12-07_12-49-18.jpg,dataset_top12\give way\closed\photo_3_2024-12-07_12-49-18.jpg,train
2531,1,give way,closed,1170,596,photo_3_2024-12-07_12-51-07.jpg,dataset_top12\give way\closed\photo_3_2024-12-07_12-51-07.jpg,validation
2532,1,give way,closed,960,1280,photo_40_2024-12-06_22-24-22.jpg,dataset_top12\give way\closed\photo_40_2024-12-06_22-24-22.jpg,test
2533,1,give way,closed,960,1280,photo_40_2024-12-07_12-47-32.jpg,dataset_top12\give way\closed\photo_40_2024-12-07_12-47-32.jpg,validation
2534,1,give way,closed,323,317,photo_40_2024-12-07_12-48-02_1.jpg,dataset_top12\give way\closed\photo_40_2024-12-07_12-48-02_1.jpg,train
2535,1,give way,closed,960,1280,photo_41_2024-12-06_22-24-22.jpg,dataset_top12\give way\closed\photo_41_2024-12-06_22-24-22.jpg,train
2536,1,give way,closed,960,1280,photo_42_2024-12-06_22-24-22.jpg,dataset_top12\give way\closed\photo_42_2024-12-06_22-24-22.jpg,test
2537,1,give way,closed,1220,1280,photo_42_2024-12-07_12-46-04.jpg,dataset_top12\give way\closed\photo_42_2024-12-07_12-46-04.jpg,test
2538,1,give way,closed,895,910,photo_42_2024-12-07_12-47-32.jpg,dataset_top12\give way\closed\photo_42_2024-12-07_12-47-32.jpg,validation
2539,1,give way,closed,1280,795,photo_43_2024-12-05_22-22-53.jpg,dataset_top12\give way\closed\photo_43_2024-12-05_22-22-53.jpg,train
2540,1,give way,closed,960,1280,photo_43_2024-12-06_22-24-22.jpg,dataset_top12\give way\closed\photo_43_2024-12-06_22-24-22.jpg,train
2541,1,give way,closed,960,1280,photo_43_2024-12-07_12-47-32.jpg,dataset_top12\give way\closed\photo_43_2024-12-07_12-47-32.jpg,train
2542,1,give way,closed,477,474,photo_43_2024-12-07_12-48-37_1.jpg,dataset_top12\give way\closed\photo_43_2024-12-07_12-48-37_1.jpg,train
2543,1,give way,closed,960,1280,photo_44_2024-12-07_12-49-18.jpg,dataset_top12\give way\closed\photo_44_2024-12-07_12-49-18.jpg,train
2544,1,give way,closed,1280,486,photo_46_2024-12-05_22-22-53.jpg,dataset_top12\give way\closed\photo_46_2024-12-05_22-22-53.jpg,train
2545,1,give way,closed,1280,766,photo_46_2024-12-05_22-23-10.jpg,dataset_top12\give way\closed\photo_46_2024-12-05_22-23-10.jpg,test
2546,1,give way,closed,1093,1280,photo_46_2024-12-07_12-46-04.jpg,dataset_top12\give way\closed\photo_46_2024-12-07_12-46-04.jpg,test
2547,1,give way,closed,1034,1112,photo_46_2024-12-07_12-48-02.jpg,dataset_top12\give way\closed\photo_46_2024-12-07_12-48-02.jpg,train
2548,1,give way,closed,960,1280,photo_46_2024-12-07_12-49-18.jpg,dataset_top12\give way\closed\photo_46_2024-12-07_12-49-18.jpg,train
2549,1,give way,closed,960,1280,photo_46_2024-12-07_12-51-07.jpg,dataset_top12\give way\closed\photo_46_2024-12-07_12-51-07.jpg,test
2550,1,give way,closed,903,1280,photo_47_2024-12-05_22-23-10.jpg,dataset_top12\give way\closed\photo_47_2024-12-05_22-23-10.jpg,train
2551,1,give way,closed,960,1280,photo_48_2024-10-29_09-53-08.jpg,dataset_top12\give way\closed\photo_48_2024-10-29_09-53-08.jpg,test
2552,1,give way,closed,1280,719,photo_49_2024-12-05_22-23-10.jpg,dataset_top12\give way\closed\photo_49_2024-12-05_22-23-10.jpg,train
2553,1,give way,closed,1280,874,photo_49_2024-12-07_12-46-52.jpg,dataset_top12\give way\closed\photo_49_2024-12-07_12-46-52.jpg,train
2554,1,give way,closed,960,1280,photo_49_2024-12-07_12-48-37.jpg,dataset_top12\give way\closed\photo_49_2024-12-07_12-48-37.jpg,train
2555,1,give way,closed,960,1280,photo_49_2024-12-07_12-51-07.jpg,dataset_top12\give way\closed\photo_49_2024-12-07_12-51-07.jpg,train
2556,1,give way,closed,519,497,photo_49_2024-12-09_12-46-01_1.jpg,dataset_top12\give way\closed\photo_49_2024-12-09_12-46-01_1.jpg,train
2557,1,give way,closed,596,592,photo_4_2024-12-06_22-24-22.jpg,dataset_top12\give way\closed\photo_4_2024-12-06_22-24-22.jpg,test
2558,1,give way,closed,411,414,photo_4_2024-12-07_12-51-07.jpg,dataset_top12\give way\closed\photo_4_2024-12-07_12-51-07.jpg,train
2559,1,give way,closed,650,648,photo_50_2024-12-19_00-10-31.jpg,dataset_top12\give way\closed\photo_50_2024-12-19_00-10-31.jpg,train
2560,1,give way,closed,947,1280,photo_51_2024-12-07_12-47-32.jpg,dataset_top12\give way\closed\photo_51_2024-12-07_12-47-32.jpg,train
2561,1,give way,closed,378,389,photo_5278624148517676421_y.jpg,dataset_top12\give way\closed\photo_5278624148517676421_y.jpg,train
2562,1,give way,closed,422,426,photo_5278624148517676423_y.jpg,dataset_top12\give way\closed\photo_5278624148517676423_y.jpg,train
2563,1,give way,closed,720,1280,photo_5278624148517676521_y.jpg,dataset_top12\give way\closed\photo_5278624148517676521_y.jpg,train
2564,1,give way,closed,720,1280,photo_5278624148517676524_y.jpg,dataset_top12\give way\closed\photo_5278624148517676524_y.jpg,train
2565,1,give way,closed,720,1280,photo_5278624148517676527_y.jpg,dataset_top12\give way\closed\photo_5278624148517676527_y.jpg,test
2566,1,give way,closed,720,1280,photo_5278624148517676530_y.jpg,dataset_top12\give way\closed\photo_5278624148517676530_y.jpg,train
2567,1,give way,closed,720,1280,photo_5278624148517676531_y.jpg,dataset_top12\give way\closed\photo_5278624148517676531_y.jpg,train
2568,1,give way,closed,720,1280,photo_5278624148517676532_y.jpg,dataset_top12\give way\closed\photo_5278624148517676532_y.jpg,train
2569,1,give way,closed,720,1280,photo_5278624148517676533_y.jpg,dataset_top12\give way\closed\photo_5278624148517676533_y.jpg,validation
2570,1,give way,closed,720,1280,photo_5278624148517676541_y.jpg,dataset_top12\give way\closed\photo_5278624148517676541_y.jpg,train
2571,1,give way,closed,720,1280,photo_5278624148517676546_y.jpg,dataset_top12\give way\closed\photo_5278624148517676546_y.jpg,train
2572,1,give way,closed,720,1280,photo_5278624148517676547_y.jpg,dataset_top12\give way\closed\photo_5278624148517676547_y.jpg,validation
2573,1,give way,closed,720,1280,photo_5278624148517676550_y.jpg,dataset_top12\give way\closed\photo_5278624148517676550_y.jpg,train
2574,1,give way,closed,720,1280,photo_5278624148517676551_y.jpg,dataset_top12\give way\closed\photo_5278624148517676551_y.jpg,train
2575,1,give way,closed,720,1280,photo_5278624148517676562_y.jpg,dataset_top12\give way\closed\photo_5278624148517676562_y.jpg,train
2576,1,give way,closed,593,631,photo_5278624148517676581_y.jpg,dataset_top12\give way\closed\photo_5278624148517676581_y.jpg,train
2577,1,give way,closed,585,579,photo_5278624148517676584_y.jpg,dataset_top12\give way\closed\photo_5278624148517676584_y.jpg,train
2578,1,give way,closed,960,1280,photo_5278624148517676587_y.jpg,dataset_top12\give way\closed\photo_5278624148517676587_y.jpg,train
2579,1,give way,closed,960,1280,photo_5278624148517676588_y.jpg,dataset_top12\give way\closed\photo_5278624148517676588_y.jpg,validation
2580,1,give way,closed,960,1280,photo_5278624148517676589_y.jpg,dataset_top12\give way\closed\photo_5278624148517676589_y.jpg,train
2581,1,give way,closed,960,1280,photo_5278624148517676590_y.jpg,dataset_top12\give way\closed\photo_5278624148517676590_y.jpg,train
2582,1,give way,closed,960,1280,photo_5278624148517676596_y.jpg,dataset_top12\give way\closed\photo_5278624148517676596_y.jpg,train
2583,1,give way,closed,960,1280,photo_5278624148517676635_y.jpg,dataset_top12\give way\closed\photo_5278624148517676635_y.jpg,test
2584,1,give way,closed,960,1280,photo_5278624148517676646_y.jpg,dataset_top12\give way\closed\photo_5278624148517676646_y.jpg,validation
2585,1,give way,closed,960,1280,photo_5278624148517676651_y.jpg,dataset_top12\give way\closed\photo_5278624148517676651_y.jpg,validation
2586,1,give way,closed,960,1280,photo_5278624148517676653_y.jpg,dataset_top12\give way\closed\photo_5278624148517676653_y.jpg,validation
2587,1,give way,closed,960,1280,photo_5278624148517676654_y.jpg,dataset_top12\give way\closed\photo_5278624148517676654_y.jpg,train
2588,1,give way,closed,594,710,photo_5278624148517676658_y.jpg,dataset_top12\give way\closed\photo_5278624148517676658_y.jpg,test
2589,1,give way,closed,459,491,photo_5278624148517676659_y.jpg,dataset_top12\give way\closed\photo_5278624148517676659_y.jpg,train
2590,1,give way,closed,419,419,photo_5278624148517676660_y.jpg,dataset_top12\give way\closed\photo_5278624148517676660_y.jpg,train
2591,1,give way,closed,327,338,photo_5278624148517676662_y.jpg,dataset_top12\give way\closed\photo_5278624148517676662_y.jpg,train
2592,1,give way,closed,560,624,photo_5278624148517676663_y.jpg,dataset_top12\give way\closed\photo_5278624148517676663_y.jpg,train
2593,1,give way,closed,720,1280,photo_5278624148517676665_y.jpg,dataset_top12\give way\closed\photo_5278624148517676665_y.jpg,test
2594,1,give way,closed,720,1280,photo_5278624148517676667_y.jpg,dataset_top12\give way\closed\photo_5278624148517676667_y.jpg,train
2595,1,give way,closed,720,1280,photo_5278624148517676668_y.jpg,dataset_top12\give way\closed\photo_5278624148517676668_y.jpg,train
2596,1,give way,closed,720,1280,photo_5278624148517676672_y.jpg,dataset_top12\give way\closed\photo_5278624148517676672_y.jpg,train
2597,1,give way,closed,720,1280,photo_5278624148517676676_y (1).jpg,dataset_top12\give way\closed\photo_5278624148517676676_y (1).jpg,train
2598,1,give way,closed,720,1280,photo_5278624148517676676_y.jpg,dataset_top12\give way\closed\photo_5278624148517676676_y.jpg,train
2599,1,give way,closed,606,709,photo_5278624148517676677_y.jpg,dataset_top12\give way\closed\photo_5278624148517676677_y.jpg,train
2600,1,give way,closed,655,738,photo_5278624148517676681_y.jpg,dataset_top12\give way\closed\photo_5278624148517676681_y.jpg,train
2601,1,give way,closed,634,739,photo_5278624148517676683_y.jpg,dataset_top12\give way\closed\photo_5278624148517676683_y.jpg,train
2602,1,give way,closed,587,694,photo_5278624148517676707_y.jpg,dataset_top12\give way\closed\photo_5278624148517676707_y.jpg,validation
2603,1,give way,closed,696,808,photo_5278624148517676708_y.jpg,dataset_top12\give way\closed\photo_5278624148517676708_y.jpg,validation
2604,1,give way,closed,497,587,photo_5278624148517676709_y.jpg,dataset_top12\give way\closed\photo_5278624148517676709_y.jpg,train
2605,1,give way,closed,304,327,photo_5278624148517676714_y.jpg,dataset_top12\give way\closed\photo_5278624148517676714_y.jpg,test
2606,1,give way,closed,296,333,photo_5278624148517676793_y.jpg,dataset_top12\give way\closed\photo_5278624148517676793_y.jpg,train
2607,1,give way,closed,795,882,photo_52_2024-10-29_09-53-08.jpg,dataset_top12\give way\closed\photo_52_2024-10-29_09-53-08.jpg,train
2608,1,give way,closed,925,1280,photo_52_2024-12-07_12-47-32.jpg,dataset_top12\give way\closed\photo_52_2024-12-07_12-47-32.jpg,train
2609,1,give way,closed,960,1280,photo_52_2024-12-07_12-49-18.jpg,dataset_top12\give way\closed\photo_52_2024-12-07_12-49-18.jpg,validation
2610,1,give way,closed,960,1280,photo_52_2024-12-09_12-49-48.jpg,dataset_top12\give way\closed\photo_52_2024-12-09_12-49-48.jpg,validation
2611,1,give way,closed,1137,1280,photo_53_2024-12-06_22-25-23.jpg,dataset_top12\give way\closed\photo_53_2024-12-06_22-25-23.jpg,train
2612,1,give way,closed,759,663,photo_53_2024-12-19_00-10-31.jpg,dataset_top12\give way\closed\photo_53_2024-12-19_00-10-31.jpg,validation
2613,1,give way,closed,960,1280,photo_54_2024-10-29_09-53-08.jpg,dataset_top12\give way\closed\photo_54_2024-10-29_09-53-08.jpg,train
2614,1,give way,closed,960,1280,photo_54_2024-12-07_12-47-32.jpg,dataset_top12\give way\closed\photo_54_2024-12-07_12-47-32.jpg,train
2615,1,give way,closed,960,1280,photo_55_2024-10-29_09-53-08.jpg,dataset_top12\give way\closed\photo_55_2024-10-29_09-53-08.jpg,train
2616,1,give way,closed,901,1280,photo_55_2024-12-07_12-47-32.jpg,dataset_top12\give way\closed\photo_55_2024-12-07_12-47-32.jpg,train
2617,1,give way,closed,960,1280,photo_56_2024-12-06_22-24-57.jpg,dataset_top12\give way\closed\photo_56_2024-12-06_22-24-57.jpg,train
2618,1,give way,closed,1280,1252,photo_56_2024-12-07_12-47-32.jpg,dataset_top12\give way\closed\photo_56_2024-12-07_12-47-32.jpg,validation
2619,1,give way,closed,960,1280,photo_57_2024-12-06_22-24-57.jpg,dataset_top12\give way\closed\photo_57_2024-12-06_22-24-57.jpg,train
2620,1,give way,closed,557,530,photo_57_2024-12-07_12-48-37_1.jpg,dataset_top12\give way\closed\photo_57_2024-12-07_12-48-37_1.jpg,train
2621,1,give way,closed,511,513,photo_57_2024-12-07_12-51-07.jpg,dataset_top12\give way\closed\photo_57_2024-12-07_12-51-07.jpg,train
2622,1,give way,closed,868,1085,photo_58_2024-12-06_22-23-51.jpg,dataset_top12\give way\closed\photo_58_2024-12-06_22-23-51.jpg,train
2623,1,give way,closed,1259,1280,photo_58_2024-12-07_12-47-32.jpg,dataset_top12\give way\closed\photo_58_2024-12-07_12-47-32.jpg,train
2624,1,give way,closed,960,1280,photo_59_2024-10-29_09-53-08.jpg,dataset_top12\give way\closed\photo_59_2024-10-29_09-53-08.jpg,train
2625,1,give way,closed,1248,1280,photo_59_2024-12-07_12-47-32.jpg,dataset_top12\give way\closed\photo_59_2024-12-07_12-47-32.jpg,validation
2626,1,give way,closed,960,1280,photo_5_2024-12-07_12-47-32.jpg,dataset_top12\give way\closed\photo_5_2024-12-07_12-47-32.jpg,train
2627,1,give way,closed,590,540,photo_5_2024-12-07_12-51-07.jpg,dataset_top12\give way\closed\photo_5_2024-12-07_12-51-07.jpg,train
2628,1,give way,closed,807,1108,photo_60_2024-10-29_09-53-51.jpg,dataset_top12\give way\closed\photo_60_2024-10-29_09-53-51.jpg,train
2629,1,give way,closed,960,1280,photo_60_2024-12-06_22-24-57.jpg,dataset_top12\give way\closed\photo_60_2024-12-06_22-24-57.jpg,train
2630,1,give way,closed,960,1280,photo_62_2024-10-29_09-53-08.jpg,dataset_top12\give way\closed\photo_62_2024-10-29_09-53-08.jpg,train
2631,1,give way,closed,626,599,photo_62_2024-12-07_12-51-07.jpg,dataset_top12\give way\closed\photo_62_2024-12-07_12-51-07.jpg,train
2632,1,give way,closed,960,1280,photo_63_2024-12-06_22-24-57.jpg,dataset_top12\give way\closed\photo_63_2024-12-06_22-24-57.jpg,validation
2633,1,give way,closed,1170,1280,photo_63_2024-12-07_12-47-32.jpg,dataset_top12\give way\closed\photo_63_2024-12-07_12-47-32.jpg,train
2634,1,give way,closed,444,418,photo_63_2024-12-07_12-48-37_1.jpg,dataset_top12\give way\closed\photo_63_2024-12-07_12-48-37_1.jpg,train
2635,1,give way,closed,837,1119,photo_64_2024-10-29_09-53-51.jpg,dataset_top12\give way\closed\photo_64_2024-10-29_09-53-51.jpg,train
2636,1,give way,closed,960,1280,photo_64_2024-12-06_22-24-57.jpg,dataset_top12\give way\closed\photo_64_2024-12-06_22-24-57.jpg,train
2637,1,give way,closed,1280,1081,photo_64_2024-12-07_12-46-52.jpg,dataset_top12\give way\closed\photo_64_2024-12-07_12-46-52.jpg,test
2638,1,give way,closed,1237,1280,photo_64_2024-12-07_12-47-32.jpg,dataset_top12\give way\closed\photo_64_2024-12-07_12-47-32.jpg,validation
2639,1,give way,closed,531,484,photo_64_2024-12-19_00-10-31.jpg,dataset_top12\give way\closed\photo_64_2024-12-19_00-10-31.jpg,test
2640,1,give way,closed,960,1280,photo_65_2024-10-29_09-53-08.jpg,dataset_top12\give way\closed\photo_65_2024-10-29_09-53-08.jpg,test
2641,1,give way,closed,960,1280,photo_65_2024-12-06_22-24-57.jpg,dataset_top12\give way\closed\photo_65_2024-12-06_22-24-57.jpg,train
2642,1,give way,closed,700,681,photo_65_2024-12-07_12-46-52.jpg,dataset_top12\give way\closed\photo_65_2024-12-07_12-46-52.jpg,train
2643,1,give way,closed,960,1280,photo_66_2024-12-06_22-24-57.jpg,dataset_top12\give way\closed\photo_66_2024-12-06_22-24-57.jpg,train
2644,1,give way,closed,824,1123,photo_67_2024-10-29_09-53-51.jpg,dataset_top12\give way\closed\photo_67_2024-10-29_09-53-51.jpg,validation
2645,1,give way,closed,960,1280,photo_67_2024-12-06_22-24-57.jpg,dataset_top12\give way\closed\photo_67_2024-12-06_22-24-57.jpg,train
2646,1,give way,closed,960,1280,photo_68_2024-12-06_22-24-57.jpg,dataset_top12\give way\closed\photo_68_2024-12-06_22-24-57.jpg,train
2647,1,give way,closed,464,467,photo_68_2024-12-09_12-46-32.jpg,dataset_top12\give way\closed\photo_68_2024-12-09_12-46-32.jpg,train
2648,1,give way,closed,960,1280,photo_69_2024-12-06_22-24-57.jpg,dataset_top12\give way\closed\photo_69_2024-12-06_22-24-57.jpg,test
2649,1,give way,closed,960,1280,photo_6_2024-10-29_09-53-51.jpg,dataset_top12\give way\closed\photo_6_2024-10-29_09-53-51.jpg,train
2650,1,give way,closed,1280,970,photo_6_2024-12-05_22-23-10.jpg,dataset_top12\give way\closed\photo_6_2024-12-05_22-23-10.jpg,test
2651,1,give way,closed,1158,1280,photo_6_2024-12-07_12-46-04.jpg,dataset_top12\give way\closed\photo_6_2024-12-07_12-46-04.jpg,train
2652,1,give way,closed,960,1280,photo_70_2024-12-06_22-24-57.jpg,dataset_top12\give way\closed\photo_70_2024-12-06_22-24-57.jpg,validation
2653,1,give way,closed,1146,1280,photo_70_2024-12-07_12-47-32.jpg,dataset_top12\give way\closed\photo_70_2024-12-07_12-47-32.jpg,test
2654,1,give way,closed,845,905,photo_71_2024-10-29_09-53-08.jpg,dataset_top12\give way\closed\photo_71_2024-10-29_09-53-08.jpg,train
2655,1,give way,closed,960,1280,photo_71_2024-12-06_22-24-57.jpg,dataset_top12\give way\closed\photo_71_2024-12-06_22-24-57.jpg,train
2656,1,give way,closed,960,1280,photo_73_2024-10-29_09-53-08.jpg,dataset_top12\give way\closed\photo_73_2024-10-29_09-53-08.jpg,train
2657,1,give way,closed,960,1280,photo_73_2024-12-06_22-24-57.jpg,dataset_top12\give way\closed\photo_73_2024-12-06_22-24-57.jpg,validation
2658,1,give way,closed,960,1280,photo_73_2024-12-07_12-48-37.jpg,dataset_top12\give way\closed\photo_73_2024-12-07_12-48-37.jpg,train
2659,1,give way,closed,960,1280,photo_75_2024-12-06_22-24-57.jpg,dataset_top12\give way\closed\photo_75_2024-12-06_22-24-57.jpg,train
2660,1,give way,closed,960,1280,photo_76_2024-12-06_22-24-22.jpg,dataset_top12\give way\closed\photo_76_2024-12-06_22-24-22.jpg,train
2661,1,give way,closed,960,1280,photo_76_2024-12-07_12-48-37.jpg,dataset_top12\give way\closed\photo_76_2024-12-07_12-48-37.jpg,train
2662,1,give way,closed,853,1125,photo_77_2024-10-29_09-53-51.jpg,dataset_top12\give way\closed\photo_77_2024-10-29_09-53-51.jpg,validation
2663,1,give way,closed,960,1280,photo_77_2024-12-06_22-24-22.jpg,dataset_top12\give way\closed\photo_77_2024-12-06_22-24-22.jpg,train
2664,1,give way,closed,960,1280,photo_78_2024-12-06_22-24-22.jpg,dataset_top12\give way\closed\photo_78_2024-12-06_22-24-22.jpg,test
2665,1,give way,closed,883,1280,photo_78_2024-12-06_22-25-23.jpg,dataset_top12\give way\closed\photo_78_2024-12-06_22-25-23.jpg,validation
2666,1,give way,closed,960,1280,photo_79_2024-12-06_22-24-22.jpg,dataset_top12\give way\closed\photo_79_2024-12-06_22-24-22.jpg,validation
2667,1,give way,closed,1267,1280,photo_79_2024-12-06_22-25-23.jpg,dataset_top12\give way\closed\photo_79_2024-12-06_22-25-23.jpg,test
2668,1,give way,closed,1162,1280,photo_80_2024-12-07_12-47-32.jpg,dataset_top12\give way\closed\photo_80_2024-12-07_12-47-32.jpg,test
2669,1,give way,closed,897,900,photo_80_2024-12-07_12-48-02.jpg,dataset_top12\give way\closed\photo_80_2024-12-07_12-48-02.jpg,train
2670,1,give way,closed,883,1068,photo_81_2024-12-06_22-23-51.jpg,dataset_top12\give way\closed\photo_81_2024-12-06_22-23-51.jpg,train
2671,1,give way,closed,960,1280,photo_81_2024-12-07_12-48-02.jpg,dataset_top12\give way\closed\photo_81_2024-12-07_12-48-02.jpg,train
2672,1,give way,closed,960,1280,photo_81_2024-12-07_12-48-37.jpg,dataset_top12\give way\closed\photo_81_2024-12-07_12-48-37.jpg,train
2673,1,give way,closed,1280,670,photo_82_2024-12-05_22-23-25.jpg,dataset_top12\give way\closed\photo_82_2024-12-05_22-23-25.jpg,test
2674,1,give way,closed,404,410,photo_82_2024-12-07_12-48-02_1.jpg,dataset_top12\give way\closed\photo_82_2024-12-07_12-48-02_1.jpg,train
2675,1,give way,closed,1098,1280,photo_83_2024-12-07_12-47-32.jpg,dataset_top12\give way\closed\photo_83_2024-12-07_12-47-32.jpg,train
2676,1,give way,closed,960,1280,photo_83_2024-12-07_12-48-37.jpg,dataset_top12\give way\closed\photo_83_2024-12-07_12-48-37.jpg,train
2677,1,give way,closed,1280,937,photo_84_2024-12-05_22-23-25.jpg,dataset_top12\give way\closed\photo_84_2024-12-05_22-23-25.jpg,test
2678,1,give way,closed,896,890,photo_84_2024-12-07_12-48-02.jpg,dataset_top12\give way\closed\photo_84_2024-12-07_12-48-02.jpg,train
2679,1,give way,closed,422,420,photo_84_2024-12-07_12-48-37_1.jpg,dataset_top12\give way\closed\photo_84_2024-12-07_12-48-37_1.jpg,train
2680,1,give way,closed,1255,1280,photo_85_2024-12-07_12-48-02.jpg,dataset_top12\give way\closed\photo_85_2024-12-07_12-48-02.jpg,validation
2681,1,give way,closed,1280,870,photo_86_2024-12-05_22-23-25.jpg,dataset_top12\give way\closed\photo_86_2024-12-05_22-23-25.jpg,train
2682,1,give way,closed,960,1280,photo_86_2024-12-06_22-24-22.jpg,dataset_top12\give way\closed\photo_86_2024-12-06_22-24-22.jpg,train
2683,1,give way,closed,983,1280,photo_86_2024-12-07_12-47-32.jpg,dataset_top12\give way\closed\photo_86_2024-12-07_12-47-32.jpg,test
2684,1,give way,closed,416,416,photo_86_2024-12-07_12-48-37_1.jpg,dataset_top12\give way\closed\photo_86_2024-12-07_12-48-37_1.jpg,validation
2685,1,give way,closed,1280,1188,photo_87_2024-12-07_12-47-32.jpg,dataset_top12\give way\closed\photo_87_2024-12-07_12-47-32.jpg,train
2686,1,give way,closed,344,339,photo_88_2024-10-29_09-53-51.jpg,dataset_top12\give way\closed\photo_88_2024-10-29_09-53-51.jpg,train
2687,1,give way,closed,960,1280,photo_89_2024-12-07_12-48-37.jpg,dataset_top12\give way\closed\photo_89_2024-12-07_12-48-37.jpg,train
2688,1,give way,closed,1280,621,photo_90_2024-12-05_22-23-25.jpg,dataset_top12\give way\closed\photo_90_2024-12-05_22-23-25.jpg,train
2689,1,give way,closed,960,1280,photo_90_2024-12-06_22-24-22.jpg,dataset_top12\give way\closed\photo_90_2024-12-06_22-24-22.jpg,train
2690,1,give way,closed,960,1280,photo_90_2024-12-07_12-48-37.jpg,dataset_top12\give way\closed\photo_90_2024-12-07_12-48-37.jpg,train
2691,1,give way,closed,960,1280,photo_91_2024-10-29_09-53-51.jpg,dataset_top12\give way\closed\photo_91_2024-10-29_09-53-51.jpg,train
2692,1,give way,closed,1280,829,photo_91_2024-12-05_22-23-25.jpg,dataset_top12\give way\closed\photo_91_2024-12-05_22-23-25.jpg,test
2693,1,give way,closed,960,1280,photo_91_2024-12-06_22-24-22.jpg,dataset_top12\give way\closed\photo_91_2024-12-06_22-24-22.jpg,train
2694,1,give way,closed,1280,880,photo_92_2024-12-05_22-23-25.jpg,dataset_top12\give way\closed\photo_92_2024-12-05_22-23-25.jpg,validation
2695,1,give way,closed,960,1280,photo_92_2024-12-06_22-24-22.jpg,dataset_top12\give way\closed\photo_92_2024-12-06_22-24-22.jpg,validation
2696,1,give way,closed,960,1280,photo_93_2024-12-06_22-24-22.jpg,dataset_top12\give way\closed\photo_93_2024-12-06_22-24-22.jpg,validation
2697,1,give way,closed,1280,799,photo_94_2024-12-05_22-23-25.jpg,dataset_top12\give way\closed\photo_94_2024-12-05_22-23-25.jpg,test
2698,1,give way,closed,891,1081,photo_94_2024-12-06_22-23-51.jpg,dataset_top12\give way\closed\photo_94_2024-12-06_22-23-51.jpg,train
2699,1,give way,closed,960,1280,photo_94_2024-12-06_22-24-22.jpg,dataset_top12\give way\closed\photo_94_2024-12-06_22-24-22.jpg,validation
2700,1,give way,closed,960,1280,photo_95_2024-10-29_09-53-51.jpg,dataset_top12\give way\closed\photo_95_2024-10-29_09-53-51.jpg,test
2701,1,give way,closed,1280,830,photo_95_2024-12-05_22-23-25.jpg,dataset_top12\give way\closed\photo_95_2024-12-05_22-23-25.jpg,validation
2702,1,give way,closed,960,1280,photo_95_2024-12-06_22-24-22.jpg,dataset_top12\give way\closed\photo_95_2024-12-06_22-24-22.jpg,train
2703,1,give way,closed,960,1280,photo_95_2024-12-07_12-48-37.jpg,dataset_top12\give way\closed\photo_95_2024-12-07_12-48-37.jpg,test
2704,1,give way,closed,960,1280,photo_96_2024-12-06_22-24-22.jpg,dataset_top12\give way\closed\photo_96_2024-12-06_22-24-22.jpg,train
2705,1,give way,closed,949,1280,photo_96_2024-12-07_12-47-32.jpg,dataset_top12\give way\closed\photo_96_2024-12-07_12-47-32.jpg,validation
2706,1,give way,closed,694,752,photo_97_2024-10-29_09-53-51.jpg,dataset_top12\give way\closed\photo_97_2024-10-29_09-53-51.jpg,validation
2707,1,give way,closed,960,1280,photo_98_2024-12-06_22-24-22.jpg,dataset_top12\give way\closed\photo_98_2024-12-06_22-24-22.jpg,train
2708,1,give way,closed,960,1280,photo_98_2024-12-07_12-48-02.jpg,dataset_top12\give way\closed\photo_98_2024-12-07_12-48-02.jpg,test
2709,1,give way,closed,960,1280,photo_99_2024-10-29_09-53-51.jpg,dataset_top12\give way\closed\photo_99_2024-10-29_09-53-51.jpg,train
2710,1,give way,closed,960,1280,photo_99_2024-12-07_12-48-02.jpg,dataset_top12\give way\closed\photo_99_2024-12-07_12-48-02.jpg,validation
2711,1,give way,closed,990,1280,photo_9_2024-12-07_12-46-04.jpg,dataset_top12\give way\closed\photo_9_2024-12-07_12-46-04.jpg,train
2712,1,give way,closed,465,446,photo_9_2024-12-07_12-48-02_1.jpg,dataset_top12\give way\closed\photo_9_2024-12-07_12-48-02_1.jpg,validation
2713,1,give way,closed,854,600,photo_9_2024-12-07_12-51-07.jpg,dataset_top12\give way\closed\photo_9_2024-12-07_12-51-07.jpg,test
2714,2,tow truck,opened,884,844,photo_11_2024-12-18_02-33-06.jpg,dataset_top12\tow truck\opened\photo_11_2024-12-18_02-33-06.jpg,train
2715,2,tow truck,opened,525,439,photo_11_2024-12-19_01-58-39.jpg,dataset_top12\tow truck\opened\photo_11_2024-12-19_01-58-39.jpg,train
2716,2,tow truck,opened,390,361,photo_11_2024-12-19_02-00-53.jpg,dataset_top12\tow truck\opened\photo_11_2024-12-19_02-00-53.jpg,train
2717,2,tow truck,opened,816,758,photo_12_2024-12-18_02-25-50.jpg,dataset_top12\tow truck\opened\photo_12_2024-12-18_02-25-50.jpg,test
2718,2,tow truck,opened,572,463,photo_12_2024-12-19_01-58-39.jpg,dataset_top12\tow truck\opened\photo_12_2024-12-19_01-58-39.jpg,train
2719,2,tow truck,opened,356,337,photo_12_2024-12-19_02-00-53.jpg,dataset_top12\tow truck\opened\photo_12_2024-12-19_02-00-53.jpg,train
2720,2,tow truck,opened,483,394,photo_13_2024-12-19_01-58-39.jpg,dataset_top12\tow truck\opened\photo_13_2024-12-19_01-58-39.jpg,train
2721,2,tow truck,opened,492,461,photo_13_2024-12-19_02-00-05.jpg,dataset_top12\tow truck\opened\photo_13_2024-12-19_02-00-05.jpg,train
2722,2,tow truck,opened,725,615,photo_14_2024-12-18_13-04-36.jpg,dataset_top12\tow truck\opened\photo_14_2024-12-18_13-04-36.jpg,test
2723,2,tow truck,opened,705,682,photo_14_2024-12-19_01-58-39.jpg,dataset_top12\tow truck\opened\photo_14_2024-12-19_01-58-39.jpg,test
2724,2,tow truck,opened,447,417,photo_14_2024-12-19_02-00-05.jpg,dataset_top12\tow truck\opened\photo_14_2024-12-19_02-00-05.jpg,validation
2725,2,tow truck,opened,729,635,photo_15_2024-12-18_13-04-36.jpg,dataset_top12\tow truck\opened\photo_15_2024-12-18_13-04-36.jpg,train
2726,2,tow truck,opened,447,409,photo_15_2024-12-19_02-00-53.jpg,dataset_top12\tow truck\opened\photo_15_2024-12-19_02-00-53.jpg,validation
2727,2,tow truck,opened,585,581,photo_16_2024-12-09_12-50-33.jpg,dataset_top12\tow truck\opened\photo_16_2024-12-09_12-50-33.jpg,train
2728,2,tow truck,opened,542,514,photo_16_2024-12-18_02-25-50.jpg,dataset_top12\tow truck\opened\photo_16_2024-12-18_02-25-50.jpg,train
2729,2,tow truck,opened,960,841,photo_16_2024-12-19_01-58-39.jpg,dataset_top12\tow truck\opened\photo_16_2024-12-19_01-58-39.jpg,train
2730,2,tow truck,opened,715,673,photo_16_2024-12-19_02-00-53.jpg,dataset_top12\tow truck\opened\photo_16_2024-12-19_02-00-53.jpg,train
2731,2,tow truck,opened,420,395,photo_16_2024-12-19_02-03-02.jpg,dataset_top12\tow truck\opened\photo_16_2024-12-19_02-03-02.jpg,validation
2732,2,tow truck,opened,496,450,photo_17_2024-12-19_01-58-39.jpg,dataset_top12\tow truck\opened\photo_17_2024-12-19_01-58-39.jpg,train
2733,2,tow truck,opened,694,662,photo_17_2024-12-19_02-00-05.jpg,dataset_top12\tow truck\opened\photo_17_2024-12-19_02-00-05.jpg,train
2734,2,tow truck,opened,715,668,photo_17_2024-12-19_02-00-53.jpg,dataset_top12\tow truck\opened\photo_17_2024-12-19_02-00-53.jpg,train
2735,2,tow truck,opened,449,397,photo_17_2024-12-19_02-03-02.jpg,dataset_top12\tow truck\opened\photo_17_2024-12-19_02-03-02.jpg,validation
2736,2,tow truck,opened,680,668,photo_18_2024-12-19_01-58-39.jpg,dataset_top12\tow truck\opened\photo_18_2024-12-19_01-58-39.jpg,train
2737,2,tow truck,opened,412,412,photo_18_2024-12-19_02-00-53.jpg,dataset_top12\tow truck\opened\photo_18_2024-12-19_02-00-53.jpg,train
2738,2,tow truck,opened,419,401,photo_18_2024-12-19_02-03-02.jpg,dataset_top12\tow truck\opened\photo_18_2024-12-19_02-03-02.jpg,train
2739,2,tow truck,opened,553,550,photo_19_2024-12-19_01-58-39.jpg,dataset_top12\tow truck\opened\photo_19_2024-12-19_01-58-39.jpg,validation
2740,2,tow truck,opened,492,467,photo_19_2024-12-19_02-00-53.jpg,dataset_top12\tow truck\opened\photo_19_2024-12-19_02-00-53.jpg,train
2741,2,tow truck,opened,433,396,photo_19_2024-12-19_02-03-02.jpg,dataset_top12\tow truck\opened\photo_19_2024-12-19_02-03-02.jpg,test
2742,2,tow truck,opened,701,635,photo_1_2024-12-18_13-04-36.jpg,dataset_top12\tow truck\opened\photo_1_2024-12-18_13-04-36.jpg,train
2743,2,tow truck,opened,536,477,photo_1_2024-12-19_01-58-39.jpg,dataset_top12\tow truck\opened\photo_1_2024-12-19_01-58-39.jpg,train
2744,2,tow truck,opened,424,422,photo_20_2024-12-09_12-46-01.jpg,dataset_top12\tow truck\opened\photo_20_2024-12-09_12-46-01.jpg,validation
2745,2,tow truck,opened,804,681,photo_20_2024-12-18_02-33-06.jpg,dataset_top12\tow truck\opened\photo_20_2024-12-18_02-33-06.jpg,train
2746,2,tow truck,opened,529,495,photo_20_2024-12-19_02-00-05.jpg,dataset_top12\tow truck\opened\photo_20_2024-12-19_02-00-05.jpg,train
2747,2,tow truck,opened,743,686,photo_20_2024-12-19_02-00-53.jpg,dataset_top12\tow truck\opened\photo_20_2024-12-19_02-00-53.jpg,train
2748,2,tow truck,opened,412,413,photo_20_2024-12-19_02-03-02.jpg,dataset_top12\tow truck\opened\photo_20_2024-12-19_02-03-02.jpg,train
2749,2,tow truck,opened,563,513,photo_21_2024-12-18_02-27-47.jpg,dataset_top12\tow truck\opened\photo_21_2024-12-18_02-27-47.jpg,test
2750,2,tow truck,opened,649,566,photo_21_2024-12-19_01-58-39.jpg,dataset_top12\tow truck\opened\photo_21_2024-12-19_01-58-39.jpg,train
2751,2,tow truck,opened,718,741,photo_21_2024-12-19_02-00-05.jpg,dataset_top12\tow truck\opened\photo_21_2024-12-19_02-00-05.jpg,train
2752,2,tow truck,opened,836,714,photo_21_2024-12-19_02-00-53.jpg,dataset_top12\tow truck\opened\photo_21_2024-12-19_02-00-53.jpg,test
2753,2,tow truck,opened,493,383,photo_21_2024-12-19_02-03-02.jpg,dataset_top12\tow truck\opened\photo_21_2024-12-19_02-03-02.jpg,test
2754,2,tow truck,opened,628,618,photo_22_2024-12-09_12-49-48.jpg,dataset_top12\tow truck\opened\photo_22_2024-12-09_12-49-48.jpg,train
2755,2,tow truck,opened,960,779,photo_22_2024-12-19_01-58-39.jpg,dataset_top12\tow truck\opened\photo_22_2024-12-19_01-58-39.jpg,train
2756,2,tow truck,opened,738,660,photo_22_2024-12-19_02-00-53.jpg,dataset_top12\tow truck\opened\photo_22_2024-12-19_02-00-53.jpg,train
2757,2,tow truck,opened,410,406,photo_22_2024-12-19_02-03-02.jpg,dataset_top12\tow truck\opened\photo_22_2024-12-19_02-03-02.jpg,train
2758,2,tow truck,opened,819,720,photo_23_2024-12-18_02-17-59.jpg,dataset_top12\tow truck\opened\photo_23_2024-12-18_02-17-59.jpg,train
2759,2,tow truck,opened,471,358,photo_23_2024-12-19_02-03-02.jpg,dataset_top12\tow truck\opened\photo_23_2024-12-19_02-03-02.jpg,test
2760,2,tow truck,opened,960,733,photo_24_2024-12-18_02-17-59.jpg,dataset_top12\tow truck\opened\photo_24_2024-12-18_02-17-59.jpg,train
2761,2,tow truck,opened,960,1280,photo_24_2024-12-18_02-25-50.jpg,dataset_top12\tow truck\opened\photo_24_2024-12-18_02-25-50.jpg,train
2762,2,tow truck,opened,830,799,photo_24_2024-12-18_02-33-06.jpg,dataset_top12\tow truck\opened\photo_24_2024-12-18_02-33-06.jpg,validation
2763,2,tow truck,opened,823,790,photo_24_2024-12-19_01-58-39.jpg,dataset_top12\tow truck\opened\photo_24_2024-12-19_01-58-39.jpg,train
2764,2,tow truck,opened,785,755,photo_24_2024-12-19_02-00-05.jpg,dataset_top12\tow truck\opened\photo_24_2024-12-19_02-00-05.jpg,train
2765,2,tow truck,opened,440,408,photo_24_2024-12-19_02-03-02.jpg,dataset_top12\tow truck\opened\photo_24_2024-12-19_02-03-02.jpg,train
2766,2,tow truck,opened,827,774,photo_25_2024-12-18_02-17-59.jpg,dataset_top12\tow truck\opened\photo_25_2024-12-18_02-17-59.jpg,train
2767,2,tow truck,opened,960,824,photo_25_2024-12-19_01-58-39.jpg,dataset_top12\tow truck\opened\photo_25_2024-12-19_01-58-39.jpg,train
2768,2,tow truck,opened,674,734,photo_25_2024-12-19_02-00-05.jpg,dataset_top12\tow truck\opened\photo_25_2024-12-19_02-00-05.jpg,train
2769,2,tow truck,opened,806,803,photo_26_2024-12-19_01-58-39.jpg,dataset_top12\tow truck\opened\photo_26_2024-12-19_01-58-39.jpg,validation
2770,2,tow truck,opened,417,439,photo_26_2024-12-19_02-00-05.jpg,dataset_top12\tow truck\opened\photo_26_2024-12-19_02-00-05.jpg,test
2771,2,tow truck,opened,733,729,photo_26_2024-12-19_02-03-02.jpg,dataset_top12\tow truck\opened\photo_26_2024-12-19_02-03-02.jpg,train
2772,2,tow truck,opened,662,737,photo_27_2024-12-18_02-17-59.jpg,dataset_top12\tow truck\opened\photo_27_2024-12-18_02-17-59.jpg,train
2773,2,tow truck,opened,690,692,photo_27_2024-12-19_02-00-05.jpg,dataset_top12\tow truck\opened\photo_27_2024-12-19_02-00-05.jpg,test
2774,2,tow truck,opened,775,736,photo_28_2024-12-18_02-17-59.jpg,dataset_top12\tow truck\opened\photo_28_2024-12-18_02-17-59.jpg,train
2775,2,tow truck,opened,960,1280,photo_28_2024-12-18_02-25-50.jpg,dataset_top12\tow truck\opened\photo_28_2024-12-18_02-25-50.jpg,train
2776,2,tow truck,opened,960,857,photo_28_2024-12-19_02-00-05.jpg,dataset_top12\tow truck\opened\photo_28_2024-12-19_02-00-05.jpg,train
2777,2,tow truck,opened,757,739,photo_28_2024-12-19_02-03-02.jpg,dataset_top12\tow truck\opened\photo_28_2024-12-19_02-03-02.jpg,train
2778,2,tow truck,opened,890,852,photo_29_2024-12-19_01-58-39.jpg,dataset_top12\tow truck\opened\photo_29_2024-12-19_01-58-39.jpg,validation
2779,2,tow truck,opened,778,761,photo_29_2024-12-19_02-00-05.jpg,dataset_top12\tow truck\opened\photo_29_2024-12-19_02-00-05.jpg,train
2780,2,tow truck,opened,659,655,photo_29_2024-12-19_02-00-53.jpg,dataset_top12\tow truck\opened\photo_29_2024-12-19_02-00-53.jpg,train
2781,2,tow truck,opened,655,653,photo_29_2024-12-19_02-03-02.jpg,dataset_top12\tow truck\opened\photo_29_2024-12-19_02-03-02.jpg,train
2782,2,tow truck,opened,293,275,photo_2_2024-12-18_02-25-50.jpg,dataset_top12\tow truck\opened\photo_2_2024-12-18_02-25-50.jpg,train
2783,2,tow truck,opened,608,446,photo_2_2024-12-19_01-58-39.jpg,dataset_top12\tow truck\opened\photo_2_2024-12-19_01-58-39.jpg,train
2784,2,tow truck,opened,749,727,photo_30_2024-12-18_02-17-59.jpg,dataset_top12\tow truck\opened\photo_30_2024-12-18_02-17-59.jpg,train
2785,2,tow truck,opened,703,617,photo_30_2024-12-18_13-04-36.jpg,dataset_top12\tow truck\opened\photo_30_2024-12-18_13-04-36.jpg,test
2786,2,tow truck,opened,408,406,photo_30_2024-12-19_02-03-02.jpg,dataset_top12\tow truck\opened\photo_30_2024-12-19_02-03-02.jpg,train
2787,2,tow truck,opened,1206,1280,photo_31_2024-12-18_02-27-08.jpg,dataset_top12\tow truck\opened\photo_31_2024-12-18_02-27-08.jpg,train
2788,2,tow truck,opened,821,711,photo_31_2024-12-18_13-04-36.jpg,dataset_top12\tow truck\opened\photo_31_2024-12-18_13-04-36.jpg,train
2789,2,tow truck,opened,659,656,photo_31_2024-12-19_02-00-05.jpg,dataset_top12\tow truck\opened\photo_31_2024-12-19_02-00-05.jpg,train
2790,2,tow truck,opened,489,512,photo_31_2024-12-19_02-00-53.jpg,dataset_top12\tow truck\opened\photo_31_2024-12-19_02-00-53.jpg,train
2791,2,tow truck,opened,545,552,photo_31_2024-12-19_02-03-02.jpg,dataset_top12\tow truck\opened\photo_31_2024-12-19_02-03-02.jpg,train
2792,2,tow truck,opened,1223,1280,photo_32_2024-12-18_02-27-08.jpg,dataset_top12\tow truck\opened\photo_32_2024-12-18_02-27-08.jpg,train
2793,2,tow truck,opened,960,831,photo_32_2024-12-19_01-58-39.jpg,dataset_top12\tow truck\opened\photo_32_2024-12-19_01-58-39.jpg,train
2794,2,tow truck,opened,819,796,photo_32_2024-12-19_02-00-05.jpg,dataset_top12\tow truck\opened\photo_32_2024-12-19_02-00-05.jpg,train
2795,2,tow truck,opened,398,429,photo_32_2024-12-19_02-03-02.jpg,dataset_top12\tow truck\opened\photo_32_2024-12-19_02-03-02.jpg,test
2796,2,tow truck,opened,477,432,photo_33_2024-12-18_02-25-50.jpg,dataset_top12\tow truck\opened\photo_33_2024-12-18_02-25-50.jpg,train
2797,2,tow truck,opened,801,833,photo_33_2024-12-19_01-58-39.jpg,dataset_top12\tow truck\opened\photo_33_2024-12-19_01-58-39.jpg,train
2798,2,tow truck,opened,776,734,photo_33_2024-12-19_02-00-05.jpg,dataset_top12\tow truck\opened\photo_33_2024-12-19_02-00-05.jpg,train
2799,2,tow truck,opened,664,660,photo_33_2024-12-19_02-00-53.jpg,dataset_top12\tow truck\opened\photo_33_2024-12-19_02-00-53.jpg,validation
2800,2,tow truck,opened,398,401,photo_33_2024-12-19_02-03-02.jpg,dataset_top12\tow truck\opened\photo_33_2024-12-19_02-03-02.jpg,validation
2801,2,tow truck,opened,500,479,photo_34_2024-12-18_02-25-50.jpg,dataset_top12\tow truck\opened\photo_34_2024-12-18_02-25-50.jpg,test
2802,2,tow truck,opened,581,578,photo_34_2024-12-19_02-00-05.jpg,dataset_top12\tow truck\opened\photo_34_2024-12-19_02-00-05.jpg,validation
2803,2,tow truck,opened,627,663,photo_34_2024-12-19_02-00-53.jpg,dataset_top12\tow truck\opened\photo_34_2024-12-19_02-00-53.jpg,train
2804,2,tow truck,opened,412,421,photo_34_2024-12-19_02-03-02.jpg,dataset_top12\tow truck\opened\photo_34_2024-12-19_02-03-02.jpg,train
2805,2,tow truck,opened,1116,1280,photo_35_2024-12-18_02-27-08.jpg,dataset_top12\tow truck\opened\photo_35_2024-12-18_02-27-08.jpg,train
2806,2,tow truck,opened,668,683,photo_35_2024-12-19_02-00-53.jpg,dataset_top12\tow truck\opened\photo_35_2024-12-19_02-00-53.jpg,test
2807,2,tow truck,opened,415,414,photo_35_2024-12-19_02-03-02.jpg,dataset_top12\tow truck\opened\photo_35_2024-12-19_02-03-02.jpg,test
2808,2,tow truck,opened,815,770,photo_36_2024-12-18_02-25-50.jpg,dataset_top12\tow truck\opened\photo_36_2024-12-18_02-25-50.jpg,train
2809,2,tow truck,opened,750,756,photo_36_2024-12-19_02-00-05.jpg,dataset_top12\tow truck\opened\photo_36_2024-12-19_02-00-05.jpg,test
2810,2,tow truck,opened,697,671,photo_36_2024-12-19_02-00-53.jpg,dataset_top12\tow truck\opened\photo_36_2024-12-19_02-00-53.jpg,train
2811,2,tow truck,opened,379,386,photo_36_2024-12-19_02-03-02.jpg,dataset_top12\tow truck\opened\photo_36_2024-12-19_02-03-02.jpg,train
2812,2,tow truck,opened,455,485,photo_37_2024-12-19_02-00-53.jpg,dataset_top12\tow truck\opened\photo_37_2024-12-19_02-00-53.jpg,validation
2813,2,tow truck,opened,440,416,photo_37_2024-12-19_02-03-02.jpg,dataset_top12\tow truck\opened\photo_37_2024-12-19_02-03-02.jpg,train
2814,2,tow truck,opened,673,632,photo_38_2024-12-18_13-04-36.jpg,dataset_top12\tow truck\opened\photo_38_2024-12-18_13-04-36.jpg,test
2815,2,tow truck,opened,769,727,photo_38_2024-12-19_02-00-05.jpg,dataset_top12\tow truck\opened\photo_38_2024-12-19_02-00-05.jpg,train
2816,2,tow truck,opened,754,699,photo_39_2024-12-19_02-00-53.jpg,dataset_top12\tow truck\opened\photo_39_2024-12-19_02-00-53.jpg,train
2817,2,tow truck,opened,643,585,photo_39_2024-12-19_02-03-02.jpg,dataset_top12\tow truck\opened\photo_39_2024-12-19_02-03-02.jpg,validation
2818,2,tow truck,opened,468,415,photo_3_2024-12-19_01-58-39.jpg,dataset_top12\tow truck\opened\photo_3_2024-12-19_01-58-39.jpg,train
2819,2,tow truck,opened,1280,911,photo_40_2024-12-18_02-27-08.jpg,dataset_top12\tow truck\opened\photo_40_2024-12-18_02-27-08.jpg,validation
2820,2,tow truck,opened,676,651,photo_40_2024-12-18_13-04-36.jpg,dataset_top12\tow truck\opened\photo_40_2024-12-18_13-04-36.jpg,train
2821,2,tow truck,opened,570,578,photo_40_2024-12-19_02-00-05.jpg,dataset_top12\tow truck\opened\photo_40_2024-12-19_02-00-05.jpg,train
2822,2,tow truck,opened,695,678,photo_40_2024-12-19_02-00-53.jpg,dataset_top12\tow truck\opened\photo_40_2024-12-19_02-00-53.jpg,train
2823,2,tow truck,opened,708,757,photo_40_2024-12-19_02-03-02.jpg,dataset_top12\tow truck\opened\photo_40_2024-12-19_02-03-02.jpg,validation
2824,2,tow truck,opened,590,495,photo_41_2024-12-18_02-25-50.jpg,dataset_top12\tow truck\opened\photo_41_2024-12-18_02-25-50.jpg,train
2825,2,tow truck,opened,617,579,photo_41_2024-12-18_13-04-36.jpg,dataset_top12\tow truck\opened\photo_41_2024-12-18_13-04-36.jpg,test
2826,2,tow truck,opened,632,688,photo_41_2024-12-19_02-00-05.jpg,dataset_top12\tow truck\opened\photo_41_2024-12-19_02-00-05.jpg,train
2827,2,tow truck,opened,700,720,photo_41_2024-12-19_02-00-53.jpg,dataset_top12\tow truck\opened\photo_41_2024-12-19_02-00-53.jpg,train
2828,2,tow truck,opened,653,651,photo_41_2024-12-19_02-03-02.jpg,dataset_top12\tow truck\opened\photo_41_2024-12-19_02-03-02.jpg,validation
2829,2,tow truck,opened,907,899,photo_42_2024-12-18_02-25-50.jpg,dataset_top12\tow truck\opened\photo_42_2024-12-18_02-25-50.jpg,train
2830,2,tow truck,opened,649,689,photo_42_2024-12-19_02-00-05.jpg,dataset_top12\tow truck\opened\photo_42_2024-12-19_02-00-05.jpg,train
2831,2,tow truck,opened,671,678,photo_42_2024-12-19_02-00-53.jpg,dataset_top12\tow truck\opened\photo_42_2024-12-19_02-00-53.jpg,train
2832,2,tow truck,opened,753,797,photo_42_2024-12-19_02-03-02.jpg,dataset_top12\tow truck\opened\photo_42_2024-12-19_02-03-02.jpg,validation
2833,2,tow truck,opened,662,644,photo_43_2024-12-19_02-00-05.jpg,dataset_top12\tow truck\opened\photo_43_2024-12-19_02-00-05.jpg,test
2834,2,tow truck,opened,749,691,photo_43_2024-12-19_02-00-53.jpg,dataset_top12\tow truck\opened\photo_43_2024-12-19_02-00-53.jpg,train
2835,2,tow truck,opened,655,689,photo_44_2024-12-19_02-00-05.jpg,dataset_top12\tow truck\opened\photo_44_2024-12-19_02-00-05.jpg,train
2836,2,tow truck,opened,548,552,photo_44_2024-12-19_02-00-53.jpg,dataset_top12\tow truck\opened\photo_44_2024-12-19_02-00-53.jpg,train
2837,2,tow truck,opened,621,586,photo_45_2024-12-09_12-49-48.jpg,dataset_top12\tow truck\opened\photo_45_2024-12-09_12-49-48.jpg,train
2838,2,tow truck,opened,489,505,photo_45_2024-12-19_02-00-53.jpg,dataset_top12\tow truck\opened\photo_45_2024-12-19_02-00-53.jpg,test
2839,2,tow truck,opened,601,604,photo_46_2024-12-19_02-00-53.jpg,dataset_top12\tow truck\opened\photo_46_2024-12-19_02-00-53.jpg,test
2840,2,tow truck,opened,848,813,photo_47_2024-12-18_02-25-50.jpg,dataset_top12\tow truck\opened\photo_47_2024-12-18_02-25-50.jpg,validation
2841,2,tow truck,opened,603,537,photo_47_2024-12-18_02-33-06.jpg,dataset_top12\tow truck\opened\photo_47_2024-12-18_02-33-06.jpg,test
2842,2,tow truck,opened,477,511,photo_47_2024-12-19_02-00-53.jpg,dataset_top12\tow truck\opened\photo_47_2024-12-19_02-00-53.jpg,train
2843,2,tow truck,opened,647,644,photo_48_2024-12-09_12-46-01.jpg,dataset_top12\tow truck\opened\photo_48_2024-12-09_12-46-01.jpg,test
2844,2,tow truck,opened,421,424,photo_48_2024-12-09_12-49-48.jpg,dataset_top12\tow truck\opened\photo_48_2024-12-09_12-49-48.jpg,train
2845,2,tow truck,opened,590,600,photo_48_2024-12-19_02-00-53.jpg,dataset_top12\tow truck\opened\photo_48_2024-12-19_02-00-53.jpg,train
2846,2,tow truck,opened,611,645,photo_49_2024-12-19_02-00-53.jpg,dataset_top12\tow truck\opened\photo_49_2024-12-19_02-00-53.jpg,train
2847,2,tow truck,opened,960,1280,photo_4_2024-12-18_02-25-50.jpg,dataset_top12\tow truck\opened\photo_4_2024-12-18_02-25-50.jpg,train
2848,2,tow truck,opened,520,481,photo_4_2024-12-19_01-58-39.jpg,dataset_top12\tow truck\opened\photo_4_2024-12-19_01-58-39.jpg,train
2849,2,tow truck,opened,639,607,photo_50_2024-12-09_12-46-01.jpg,dataset_top12\tow truck\opened\photo_50_2024-12-09_12-46-01.jpg,test
2850,2,tow truck,opened,501,492,photo_50_2024-12-18_02-27-08.jpg,dataset_top12\tow truck\opened\photo_50_2024-12-18_02-27-08.jpg,train
2851,2,tow truck,opened,655,720,photo_51_2024-12-19_02-00-05.jpg,dataset_top12\tow truck\opened\photo_51_2024-12-19_02-00-05.jpg,test
2852,2,tow truck,opened,758,752,photo_52_2024-12-19_02-00-05.jpg,dataset_top12\tow truck\opened\photo_52_2024-12-19_02-00-05.jpg,validation
2853,2,tow truck,opened,588,586,photo_52_2024-12-19_02-03-02.jpg,dataset_top12\tow truck\opened\photo_52_2024-12-19_02-03-02.jpg,train
2854,2,tow truck,opened,742,683,photo_53_2024-12-18_02-17-59.jpg,dataset_top12\tow truck\opened\photo_53_2024-12-18_02-17-59.jpg,validation
2855,2,tow truck,opened,793,734,photo_53_2024-12-18_12-58-24.jpg,dataset_top12\tow truck\opened\photo_53_2024-12-18_12-58-24.jpg,train
2856,2,tow truck,opened,614,652,photo_53_2024-12-19_02-00-05.jpg,dataset_top12\tow truck\opened\photo_53_2024-12-19_02-00-05.jpg,validation
2857,2,tow truck,opened,570,574,photo_53_2024-12-19_02-03-02.jpg,dataset_top12\tow truck\opened\photo_53_2024-12-19_02-03-02.jpg,train
2858,2,tow truck,opened,713,642,photo_54_2024-12-18_02-17-59.jpg,dataset_top12\tow truck\opened\photo_54_2024-12-18_02-17-59.jpg,validation
2859,2,tow truck,opened,460,386,photo_54_2024-12-18_02-27-08.jpg,dataset_top12\tow truck\opened\photo_54_2024-12-18_02-27-08.jpg,train
2860,2,tow truck,opened,699,704,photo_54_2024-12-19_02-00-05.jpg,dataset_top12\tow truck\opened\photo_54_2024-12-19_02-00-05.jpg,train
2861,2,tow truck,opened,670,588,photo_55_2024-12-18_02-17-59.jpg,dataset_top12\tow truck\opened\photo_55_2024-12-18_02-17-59.jpg,train
2862,2,tow truck,opened,672,705,photo_55_2024-12-19_02-00-05.jpg,dataset_top12\tow truck\opened\photo_55_2024-12-19_02-00-05.jpg,train
2863,2,tow truck,opened,579,586,photo_55_2024-12-19_02-03-02.jpg,dataset_top12\tow truck\opened\photo_55_2024-12-19_02-03-02.jpg,train
2864,2,tow truck,opened,580,576,photo_56_2024-12-09_12-46-32.jpg,dataset_top12\tow truck\opened\photo_56_2024-12-09_12-46-32.jpg,validation
2865,2,tow truck,opened,554,570,photo_56_2024-12-19_02-03-02.jpg,dataset_top12\tow truck\opened\photo_56_2024-12-19_02-03-02.jpg,validation
2866,2,tow truck,opened,627,630,photo_57_2024-12-09_12-49-48.jpg,dataset_top12\tow truck\opened\photo_57_2024-12-09_12-49-48.jpg,train
2867,2,tow truck,opened,668,589,photo_57_2024-12-18_02-17-59.jpg,dataset_top12\tow truck\opened\photo_57_2024-12-18_02-17-59.jpg,train
2868,2,tow truck,opened,960,1280,photo_57_2024-12-18_02-27-08.jpg,dataset_top12\tow truck\opened\photo_57_2024-12-18_02-27-08.jpg,train
2869,2,tow truck,opened,573,590,photo_57_2024-12-19_02-03-02.jpg,dataset_top12\tow truck\opened\photo_57_2024-12-19_02-03-02.jpg,train
2870,2,tow truck,opened,429,429,photo_58_2024-12-09_12-46-01.jpg,dataset_top12\tow truck\opened\photo_58_2024-12-09_12-46-01.jpg,train
2871,2,tow truck,opened,804,710,photo_58_2024-12-18_02-17-59.jpg,dataset_top12\tow truck\opened\photo_58_2024-12-18_02-17-59.jpg,train
2872,2,tow truck,opened,570,594,photo_58_2024-12-19_02-03-02.jpg,dataset_top12\tow truck\opened\photo_58_2024-12-19_02-03-02.jpg,train
2873,2,tow truck,opened,725,673,photo_59_2024-12-18_02-17-59.jpg,dataset_top12\tow truck\opened\photo_59_2024-12-18_02-17-59.jpg,train
2874,2,tow truck,opened,474,426,photo_59_2024-12-19_00-10-31.jpg,dataset_top12\tow truck\opened\photo_59_2024-12-19_00-10-31.jpg,train
2875,2,tow truck,opened,557,586,photo_59_2024-12-19_02-03-02.jpg,dataset_top12\tow truck\opened\photo_59_2024-12-19_02-03-02.jpg,train
2876,2,tow truck,opened,476,452,photo_5_2024-12-19_01-58-39.jpg,dataset_top12\tow truck\opened\photo_5_2024-12-19_01-58-39.jpg,train
2877,2,tow truck,opened,647,617,photo_60_2024-12-18_02-17-59.jpg,dataset_top12\tow truck\opened\photo_60_2024-12-18_02-17-59.jpg,test
2878,2,tow truck,opened,294,281,photo_60_2024-12-18_02-27-47.jpg,dataset_top12\tow truck\opened\photo_60_2024-12-18_02-27-47.jpg,train
2879,2,tow truck,opened,557,602,photo_60_2024-12-19_02-03-02.jpg,dataset_top12\tow truck\opened\photo_60_2024-12-19_02-03-02.jpg,validation
2880,2,tow truck,opened,777,665,photo_61_2024-12-18_02-17-59.jpg,dataset_top12\tow truck\opened\photo_61_2024-12-18_02-17-59.jpg,train
2881,2,tow truck,opened,675,608,photo_61_2024-12-18_12-58-24.jpg,dataset_top12\tow truck\opened\photo_61_2024-12-18_12-58-24.jpg,test
2882,2,tow truck,opened,702,613,photo_62_2024-12-18_02-17-59.jpg,dataset_top12\tow truck\opened\photo_62_2024-12-18_02-17-59.jpg,train
2883,2,tow truck,opened,912,847,photo_63_2024-12-18_02-27-08.jpg,dataset_top12\tow truck\opened\photo_63_2024-12-18_02-27-08.jpg,train
2884,2,tow truck,opened,589,586,photo_63_2024-12-19_02-03-02.jpg,dataset_top12\tow truck\opened\photo_63_2024-12-19_02-03-02.jpg,train
2885,2,tow truck,opened,574,574,photo_64_2024-12-09_12-46-32.jpg,dataset_top12\tow truck\opened\photo_64_2024-12-09_12-46-32.jpg,test
2886,2,tow truck,opened,718,724,photo_64_2024-12-18_02-17-59.jpg,dataset_top12\tow truck\opened\photo_64_2024-12-18_02-17-59.jpg,train
2887,2,tow truck,opened,1280,648,photo_64_2024-12-18_02-27-08.jpg,dataset_top12\tow truck\opened\photo_64_2024-12-18_02-27-08.jpg,train
2888,2,tow truck,opened,661,602,photo_64_2024-12-18_13-04-36.jpg,dataset_top12\tow truck\opened\photo_64_2024-12-18_13-04-36.jpg,train
2889,2,tow truck,opened,597,615,photo_64_2024-12-19_02-03-02.jpg,dataset_top12\tow truck\opened\photo_64_2024-12-19_02-03-02.jpg,test
2890,2,tow truck,opened,700,706,photo_65_2024-12-09_12-46-32.jpg,dataset_top12\tow truck\opened\photo_65_2024-12-09_12-46-32.jpg,train
2891,2,tow truck,opened,615,577,photo_65_2024-12-18_02-17-59.jpg,dataset_top12\tow truck\opened\photo_65_2024-12-18_02-17-59.jpg,train
2892,2,tow truck,opened,676,670,photo_66_2024-12-09_12-46-01.jpg,dataset_top12\tow truck\opened\photo_66_2024-12-09_12-46-01.jpg,train
2893,2,tow truck,opened,770,700,photo_66_2024-12-18_02-17-59.jpg,dataset_top12\tow truck\opened\photo_66_2024-12-18_02-17-59.jpg,train
2894,2,tow truck,opened,582,604,photo_66_2024-12-18_02-33-06.jpg,dataset_top12\tow truck\opened\photo_66_2024-12-18_02-33-06.jpg,test
2895,2,tow truck,opened,612,548,photo_66_2024-12-18_13-02-04.jpg,dataset_top12\tow truck\opened\photo_66_2024-12-18_13-02-04.jpg,train
2896,2,tow truck,opened,616,620,photo_66_2024-12-19_02-03-02.jpg,dataset_top12\tow truck\opened\photo_66_2024-12-19_02-03-02.jpg,test
2897,2,tow truck,opened,624,620,photo_68_2024-12-18_02-17-59.jpg,dataset_top12\tow truck\opened\photo_68_2024-12-18_02-17-59.jpg,validation
2898,2,tow truck,opened,772,688,photo_68_2024-12-18_02-33-06.jpg,dataset_top12\tow truck\opened\photo_68_2024-12-18_02-33-06.jpg,train
2899,2,tow truck,opened,533,586,photo_68_2024-12-19_02-03-02.jpg,dataset_top12\tow truck\opened\photo_68_2024-12-19_02-03-02.jpg,train
2900,2,tow truck,opened,696,594,photo_69_2024-12-18_02-17-59.jpg,dataset_top12\tow truck\opened\photo_69_2024-12-18_02-17-59.jpg,validation
2901,2,tow truck,opened,541,541,photo_6_2024-12-09_12-46-32.jpg,dataset_top12\tow truck\opened\photo_6_2024-12-09_12-46-32.jpg,train
2902,2,tow truck,opened,544,544,photo_6_2024-12-09_12-49-48.jpg,dataset_top12\tow truck\opened\photo_6_2024-12-09_12-49-48.jpg,train
2903,2,tow truck,opened,960,1280,photo_6_2024-12-18_02-25-50.jpg,dataset_top12\tow truck\opened\photo_6_2024-12-18_02-25-50.jpg,validation
2904,2,tow truck,opened,688,596,photo_70_2024-12-18_02-17-59.jpg,dataset_top12\tow truck\opened\photo_70_2024-12-18_02-17-59.jpg,validation
2905,2,tow truck,opened,592,556,photo_70_2024-12-18_13-02-04.jpg,dataset_top12\tow truck\opened\photo_70_2024-12-18_13-02-04.jpg,test
2906,2,tow truck,opened,606,589,photo_70_2024-12-19_02-03-02.jpg,dataset_top12\tow truck\opened\photo_70_2024-12-19_02-03-02.jpg,train
2907,2,tow truck,opened,568,567,photo_71_2024-12-19_02-03-02.jpg,dataset_top12\tow truck\opened\photo_71_2024-12-19_02-03-02.jpg,train
2908,2,tow truck,opened,960,688,photo_72_2024-12-18_02-17-59.jpg,dataset_top12\tow truck\opened\photo_72_2024-12-18_02-17-59.jpg,train
2909,2,tow truck,opened,580,600,photo_72_2024-12-19_02-03-02.jpg,dataset_top12\tow truck\opened\photo_72_2024-12-19_02-03-02.jpg,train
2910,2,tow truck,opened,960,690,photo_73_2024-12-18_02-17-59.jpg,dataset_top12\tow truck\opened\photo_73_2024-12-18_02-17-59.jpg,validation
2911,2,tow truck,opened,562,593,photo_73_2024-12-19_02-03-02.jpg,dataset_top12\tow truck\opened\photo_73_2024-12-19_02-03-02.jpg,train
2912,2,tow truck,opened,697,658,photo_74_2024-12-18_02-17-59.jpg,dataset_top12\tow truck\opened\photo_74_2024-12-18_02-17-59.jpg,train
2913,2,tow truck,opened,834,755,photo_74_2024-12-18_02-36-53.jpg,dataset_top12\tow truck\opened\photo_74_2024-12-18_02-36-53.jpg,test
2914,2,tow truck,opened,821,712,photo_75_2024-12-18_02-17-59.jpg,dataset_top12\tow truck\opened\photo_75_2024-12-18_02-17-59.jpg,train
2915,2,tow truck,opened,669,627,photo_75_2024-12-18_02-36-53.jpg,dataset_top12\tow truck\opened\photo_75_2024-12-18_02-36-53.jpg,train
2916,2,tow truck,opened,563,515,photo_75_2024-12-18_13-02-04.jpg,dataset_top12\tow truck\opened\photo_75_2024-12-18_13-02-04.jpg,train
2917,2,tow truck,opened,328,331,photo_76_2024-12-09_12-49-48.jpg,dataset_top12\tow truck\opened\photo_76_2024-12-09_12-49-48.jpg,validation
2918,2,tow truck,opened,686,665,photo_76_2024-12-18_02-36-53.jpg,dataset_top12\tow truck\opened\photo_76_2024-12-18_02-36-53.jpg,train
2919,2,tow truck,opened,546,533,photo_77_2024-12-18_13-02-04.jpg,dataset_top12\tow truck\opened\photo_77_2024-12-18_13-02-04.jpg,train
2920,2,tow truck,opened,649,520,photo_78_2024-12-18_13-02-04.jpg,dataset_top12\tow truck\opened\photo_78_2024-12-18_13-02-04.jpg,train
2921,2,tow truck,opened,573,530,photo_7_2024-12-09_12-49-48.jpg,dataset_top12\tow truck\opened\photo_7_2024-12-09_12-49-48.jpg,train
2922,2,tow truck,opened,431,368,photo_7_2024-12-19_02-03-02.jpg,dataset_top12\tow truck\opened\photo_7_2024-12-19_02-03-02.jpg,train
2923,2,tow truck,opened,1280,1218,photo_80_2024-12-18_02-27-08.jpg,dataset_top12\tow truck\opened\photo_80_2024-12-18_02-27-08.jpg,train
2924,2,tow truck,opened,781,747,photo_81_2024-12-18_12-58-24.jpg,dataset_top12\tow truck\opened\photo_81_2024-12-18_12-58-24.jpg,validation
2925,2,tow truck,opened,618,602,photo_81_2024-12-18_13-02-04.jpg,dataset_top12\tow truck\opened\photo_81_2024-12-18_13-02-04.jpg,train
2926,2,tow truck,opened,597,616,photo_81_2024-12-19_02-03-02.jpg,dataset_top12\tow truck\opened\photo_81_2024-12-19_02-03-02.jpg,train
2927,2,tow truck,opened,349,346,photo_82_2024-12-09_12-46-01.jpg,dataset_top12\tow truck\opened\photo_82_2024-12-09_12-46-01.jpg,train
2928,2,tow truck,opened,851,738,photo_82_2024-12-18_12-58-24.jpg,dataset_top12\tow truck\opened\photo_82_2024-12-18_12-58-24.jpg,validation
2929,2,tow truck,opened,564,569,photo_82_2024-12-19_02-03-02.jpg,dataset_top12\tow truck\opened\photo_82_2024-12-19_02-03-02.jpg,train
2930,2,tow truck,opened,696,650,photo_83_2024-12-19_02-00-53.jpg,dataset_top12\tow truck\opened\photo_83_2024-12-19_02-00-53.jpg,validation
2931,2,tow truck,opened,582,592,photo_83_2024-12-19_02-03-02.jpg,dataset_top12\tow truck\opened\photo_83_2024-12-19_02-03-02.jpg,train
2932,2,tow truck,opened,328,329,photo_84_2024-12-09_12-49-48.jpg,dataset_top12\tow truck\opened\photo_84_2024-12-09_12-49-48.jpg,train
2933,2,tow truck,opened,669,593,photo_84_2024-12-18_02-27-47.jpg,dataset_top12\tow truck\opened\photo_84_2024-12-18_02-27-47.jpg,train
2934,2,tow truck,opened,572,566,photo_84_2024-12-19_02-03-02.jpg,dataset_top12\tow truck\opened\photo_84_2024-12-19_02-03-02.jpg,train
2935,2,tow truck,opened,789,720,photo_85_2024-12-18_12-58-24.jpg,dataset_top12\tow truck\opened\photo_85_2024-12-18_12-58-24.jpg,train
2936,2,tow truck,opened,443,412,photo_86_2024-12-18_02-27-08.jpg,dataset_top12\tow truck\opened\photo_86_2024-12-18_02-27-08.jpg,train
2937,2,tow truck,opened,613,584,photo_86_2024-12-18_13-02-04.jpg,dataset_top12\tow truck\opened\photo_86_2024-12-18_13-02-04.jpg,test
2938,2,tow truck,opened,602,612,photo_86_2024-12-19_02-03-02.jpg,dataset_top12\tow truck\opened\photo_86_2024-12-19_02-03-02.jpg,train
2939,2,tow truck,opened,629,635,photo_87_2024-12-09_12-46-33.jpg,dataset_top12\tow truck\opened\photo_87_2024-12-09_12-46-33.jpg,train
2940,2,tow truck,opened,763,646,photo_87_2024-12-18_02-27-47.jpg,dataset_top12\tow truck\opened\photo_87_2024-12-18_02-27-47.jpg,train
2941,2,tow truck,opened,566,579,photo_87_2024-12-19_02-03-02.jpg,dataset_top12\tow truck\opened\photo_87_2024-12-19_02-03-02.jpg,train
2942,2,tow truck,opened,582,576,photo_88_2024-12-19_02-03-02.jpg,dataset_top12\tow truck\opened\photo_88_2024-12-19_02-03-02.jpg,train
2943,2,tow truck,opened,502,497,photo_89_2024-12-18_13-02-04.jpg,dataset_top12\tow truck\opened\photo_89_2024-12-18_13-02-04.jpg,train
2944,2,tow truck,opened,740,704,photo_89_2024-12-19_00-10-31.jpg,dataset_top12\tow truck\opened\photo_89_2024-12-19_00-10-31.jpg,train
2945,2,tow truck,opened,960,1280,photo_8_2024-12-18_02-25-50.jpg,dataset_top12\tow truck\opened\photo_8_2024-12-18_02-25-50.jpg,validation
2946,2,tow truck,opened,529,487,photo_8_2024-12-19_01-58-39.jpg,dataset_top12\tow truck\opened\photo_8_2024-12-19_01-58-39.jpg,train
2947,2,tow truck,opened,600,493,photo_90_2024-12-18_13-02-04.jpg,dataset_top12\tow truck\opened\photo_90_2024-12-18_13-02-04.jpg,train
2948,2,tow truck,opened,712,625,photo_90_2024-12-18_13-04-36.jpg,dataset_top12\tow truck\opened\photo_90_2024-12-18_13-04-36.jpg,train
2949,2,tow truck,opened,694,583,photo_90_2024-12-19_02-03-02.jpg,dataset_top12\tow truck\opened\photo_90_2024-12-19_02-03-02.jpg,test
2950,2,tow truck,opened,288,280,photo_91_2024-12-09_12-49-48.jpg,dataset_top12\tow truck\opened\photo_91_2024-12-09_12-49-48.jpg,test
2951,2,tow truck,opened,676,617,photo_91_2024-12-18_13-02-04.jpg,dataset_top12\tow truck\opened\photo_91_2024-12-18_13-02-04.jpg,train
2952,2,tow truck,opened,601,622,photo_91_2024-12-19_02-03-02.jpg,dataset_top12\tow truck\opened\photo_91_2024-12-19_02-03-02.jpg,train
2953,2,tow truck,opened,773,727,photo_92_2024-12-18_12-58-24.jpg,dataset_top12\tow truck\opened\photo_92_2024-12-18_12-58-24.jpg,train
2954,2,tow truck,opened,690,518,photo_92_2024-12-18_13-02-04.jpg,dataset_top12\tow truck\opened\photo_92_2024-12-18_13-02-04.jpg,train
2955,2,tow truck,opened,648,620,photo_92_2024-12-19_02-03-02.jpg,dataset_top12\tow truck\opened\photo_92_2024-12-19_02-03-02.jpg,validation
2956,2,tow truck,opened,960,1280,photo_93_2024-12-18_02-27-47.jpg,dataset_top12\tow truck\opened\photo_93_2024-12-18_02-27-47.jpg,train
2957,2,tow truck,opened,561,540,photo_95_2024-12-18_02-27-08.jpg,dataset_top12\tow truck\opened\photo_95_2024-12-18_02-27-08.jpg,train
2958,2,tow truck,opened,764,750,photo_97_2024-12-18_02-27-08.jpg,dataset_top12\tow truck\opened\photo_97_2024-12-18_02-27-08.jpg,train
2959,2,tow truck,opened,960,949,photo_99_2024-12-18_02-27-08.jpg,dataset_top12\tow truck\opened\photo_99_2024-12-18_02-27-08.jpg,test
2960,2,tow truck,opened,566,518,photo_9_2024-12-19_01-58-39.jpg,dataset_top12\tow truck\opened\photo_9_2024-12-19_01-58-39.jpg,train
2961,2,tow truck,closed,946,904,20241102_112958.jpg,dataset_top12\tow truck\closed\20241102_112958.jpg,train
2962,2,tow truck,closed,2331,2238,20241102_113046.jpg,dataset_top12\tow truck\closed\20241102_113046.jpg,train
2963,2,tow truck,closed,1514,1309,20241102_113612.jpg,dataset_top12\tow truck\closed\20241102_113612.jpg,test
2964,2,tow truck,closed,1766,1518,20241102_114306.jpg,dataset_top12\tow truck\closed\20241102_114306.jpg,train
2965,2,tow truck,closed,1114,647,20241102_114824.jpg,dataset_top12\tow truck\closed\20241102_114824.jpg,train
2966,2,tow truck,closed,2312,2230,20241102_114923.jpg,dataset_top12\tow truck\closed\20241102_114923.jpg,train
2967,2,tow truck,closed,1540,1551,20241102_115720.jpg,dataset_top12\tow truck\closed\20241102_115720.jpg,train
2968,2,tow truck,closed,1773,1799,20241102_115820.jpg,dataset_top12\tow truck\closed\20241102_115820.jpg,validation
2969,2,tow truck,closed,2165,2170,20241102_115858.jpg,dataset_top12\tow truck\closed\20241102_115858.jpg,train
2970,2,tow truck,closed,1176,791,20241102_120212.jpg,dataset_top12\tow truck\closed\20241102_120212.jpg,train
2971,2,tow truck,closed,1914,1896,20241102_120353.jpg,dataset_top12\tow truck\closed\20241102_120353.jpg,validation
2972,2,tow truck,closed,2004,1995,20241102_121539.jpg,dataset_top12\tow truck\closed\20241102_121539.jpg,test
2973,2,tow truck,closed,1538,1655,20241102_121843.jpg,dataset_top12\tow truck\closed\20241102_121843.jpg,test
2974,2,tow truck,closed,2175,1991,20241102_122129.jpg,dataset_top12\tow truck\closed\20241102_122129.jpg,train
2975,2,tow truck,closed,2190,2266,20241102_122209.jpg,dataset_top12\tow truck\closed\20241102_122209.jpg,train
2976,2,tow truck,closed,1556,1552,IMG_20241017_160634.jpg,dataset_top12\tow truck\closed\IMG_20241017_160634.jpg,train
2977,2,tow truck,closed,1702,1687,IMG_20241017_160635.jpg,dataset_top12\tow truck\closed\IMG_20241017_160635.jpg,train
2978,2,tow truck,closed,1064,976,IMG_20241017_160701.jpg,dataset_top12\tow truck\closed\IMG_20241017_160701.jpg,train
2979,2,tow truck,closed,1224,1215,IMG_20241017_161233.jpg,dataset_top12\tow truck\closed\IMG_20241017_161233.jpg,train
2980,2,tow truck,closed,1008,994,IMG_20241017_161236.jpg,dataset_top12\tow truck\closed\IMG_20241017_161236.jpg,test
2981,2,tow truck,closed,1340,1276,IMG_20241017_161341.jpg,dataset_top12\tow truck\closed\IMG_20241017_161341.jpg,train
2982,2,tow truck,closed,1119,1187,IMG_20241017_161346.jpg,dataset_top12\tow truck\closed\IMG_20241017_161346.jpg,test
2983,2,tow truck,closed,1422,1418,IMG_20241017_161347.jpg,dataset_top12\tow truck\closed\IMG_20241017_161347.jpg,train
2984,2,tow truck,closed,1231,1188,IMG_20241017_161348.jpg,dataset_top12\tow truck\closed\IMG_20241017_161348.jpg,train
2985,2,tow truck,closed,1377,1387,IMG_20241017_161349.jpg,dataset_top12\tow truck\closed\IMG_20241017_161349.jpg,train
2986,2,tow truck,closed,1487,1457,IMG_20241017_161854.jpg,dataset_top12\tow truck\closed\IMG_20241017_161854.jpg,validation
2987,2,tow truck,closed,1342,1331,IMG_20241017_161856.jpg,dataset_top12\tow truck\closed\IMG_20241017_161856.jpg,train
2988,2,tow truck,closed,2182,2069,IMG_20241017_161901.jpg,dataset_top12\tow truck\closed\IMG_20241017_161901.jpg,test
2989,2,tow truck,closed,1233,1280,photo_10_2024-12-06_22-25-22.jpg,dataset_top12\tow truck\closed\photo_10_2024-12-06_22-25-22.jpg,train
2990,2,tow truck,closed,1280,807,photo_20_2024-12-06_22-25-22.jpg,dataset_top12\tow truck\closed\photo_20_2024-12-06_22-25-22.jpg,train
2991,2,tow truck,closed,1205,866,photo_21_2024-12-06_22-25-22.jpg,dataset_top12\tow truck\closed\photo_21_2024-12-06_22-25-22.jpg,train
2992,2,tow truck,closed,1280,1014,photo_24_2024-12-06_22-25-22.jpg,dataset_top12\tow truck\closed\photo_24_2024-12-06_22-25-22.jpg,train
2993,2,tow truck,closed,799,572,photo_2_2024-12-07_12-46-04.jpg,dataset_top12\tow truck\closed\photo_2_2024-12-07_12-46-04.jpg,validation
2994,2,tow truck,closed,513,518,photo_33_2024-12-06_22-25-22.jpg,dataset_top12\tow truck\closed\photo_33_2024-12-06_22-25-22.jpg,train
2995,2,tow truck,closed,1235,740,photo_33_2024-12-07_12-46-04.jpg,dataset_top12\tow truck\closed\photo_33_2024-12-07_12-46-04.jpg,train
2996,2,tow truck,closed,1280,1031,photo_34_2024-12-06_22-25-22.jpg,dataset_top12\tow truck\closed\photo_34_2024-12-06_22-25-22.jpg,test
2997,2,tow truck,closed,1209,1064,photo_35_2024-12-06_22-25-22.jpg,dataset_top12\tow truck\closed\photo_35_2024-12-06_22-25-22.jpg,test
2998,2,tow truck,closed,1162,828,photo_37_2024-12-06_22-25-22.jpg,dataset_top12\tow truck\closed\photo_37_2024-12-06_22-25-22.jpg,validation
2999,2,tow truck,closed,1280,928,photo_38_2024-12-05_22-23-25.jpg,dataset_top12\tow truck\closed\photo_38_2024-12-05_22-23-25.jpg,train
3000,2,tow truck,closed,665,499,photo_3_2024-12-07_12-46-04.jpg,dataset_top12\tow truck\closed\photo_3_2024-12-07_12-46-04.jpg,test
3001,2,tow truck,closed,1280,664,photo_41_2024-12-07_12-46-04.jpg,dataset_top12\tow truck\closed\photo_41_2024-12-07_12-46-04.jpg,train
3002,2,tow truck,closed,357,268,photo_49_2024-12-07_12-46-04.jpg,dataset_top12\tow truck\closed\photo_49_2024-12-07_12-46-04.jpg,train
3003,2,tow truck,closed,830,596,photo_4_2024-12-07_12-46-04.jpg,dataset_top12\tow truck\closed\photo_4_2024-12-07_12-46-04.jpg,test
3004,2,tow truck,closed,823,607,photo_54_2024-12-07_12-46-04.jpg,dataset_top12\tow truck\closed\photo_54_2024-12-07_12-46-04.jpg,validation
3005,2,tow truck,closed,215,134,photo_58_2024-12-06_22-25-52.jpg,dataset_top12\tow truck\closed\photo_58_2024-12-06_22-25-52.jpg,train
3006,2,tow truck,closed,649,468,photo_5_2024-12-07_12-46-04.jpg,dataset_top12\tow truck\closed\photo_5_2024-12-07_12-46-04.jpg,train
3007,2,tow truck,closed,242,147,photo_62_2024-12-06_22-25-52.jpg,dataset_top12\tow truck\closed\photo_62_2024-12-06_22-25-52.jpg,train
3008,2,tow truck,closed,543,543,photo_62_2024-12-09_12-45-24.jpg,dataset_top12\tow truck\closed\photo_62_2024-12-09_12-45-24.jpg,train
3009,2,tow truck,closed,1280,1015,photo_63_2024-12-05_22-23-25.jpg,dataset_top12\tow truck\closed\photo_63_2024-12-05_22-23-25.jpg,validation
3010,2,tow truck,closed,930,503,photo_68_2024-12-07_12-46-52.jpg,dataset_top12\tow truck\closed\photo_68_2024-12-07_12-46-52.jpg,train
3011,2,tow truck,closed,235,136,photo_72_2024-12-06_22-25-52.jpg,dataset_top12\tow truck\closed\photo_72_2024-12-06_22-25-52.jpg,train
3012,2,tow truck,closed,960,913,photo_72_2024-12-18_02-27-47.jpg,dataset_top12\tow truck\closed\photo_72_2024-12-18_02-27-47.jpg,train
3013,2,tow truck,closed,773,768,photo_73_2024-12-09_12-45-24_1.jpg,dataset_top12\tow truck\closed\photo_73_2024-12-09_12-45-24_1.jpg,train
3014,2,tow truck,closed,811,773,photo_74_2024-12-09_12-46-32.jpg,dataset_top12\tow truck\closed\photo_74_2024-12-09_12-46-32.jpg,validation
3015,2,tow truck,closed,1280,1062,photo_75_2024-12-05_22-23-25.jpg,dataset_top12\tow truck\closed\photo_75_2024-12-05_22-23-25.jpg,train
3016,2,tow truck,closed,1129,702,photo_75_2024-12-07_12-46-52.jpg,dataset_top12\tow truck\closed\photo_75_2024-12-07_12-46-52.jpg,validation
3017,2,tow truck,closed,1280,848,photo_76_2024-12-05_22-23-25.jpg,dataset_top12\tow truck\closed\photo_76_2024-12-05_22-23-25.jpg,train
3018,2,tow truck,closed,984,476,photo_76_2024-12-07_12-46-52.jpg,dataset_top12\tow truck\closed\photo_76_2024-12-07_12-46-52.jpg,train
3019,2,tow truck,closed,508,509,photo_78_2024-12-09_12-46-01.jpg,dataset_top12\tow truck\closed\photo_78_2024-12-09_12-46-01.jpg,test
3020,2,tow truck,closed,1280,940,photo_79_2024-12-05_22-23-25.jpg,dataset_top12\tow truck\closed\photo_79_2024-12-05_22-23-25.jpg,train
3021,2,tow truck,closed,845,737,photo_79_2024-12-07_12-46-52.jpg,dataset_top12\tow truck\closed\photo_79_2024-12-07_12-46-52.jpg,train
3022,2,tow truck,closed,1280,1049,photo_7_2024-12-06_22-25-22.jpg,dataset_top12\tow truck\closed\photo_7_2024-12-06_22-25-22.jpg,train
3023,2,tow truck,closed,1108,700,photo_81_2024-12-07_12-46-04.jpg,dataset_top12\tow truck\closed\photo_81_2024-12-07_12-46-04.jpg,train
3024,2,tow truck,closed,1024,564,photo_83_2024-12-07_12-46-04.jpg,dataset_top12\tow truck\closed\photo_83_2024-12-07_12-46-04.jpg,train
3025,2,tow truck,closed,994,636,photo_84_2024-12-18_02-27-08.jpg,dataset_top12\tow truck\closed\photo_84_2024-12-18_02-27-08.jpg,train
3026,2,tow truck,closed,871,386,photo_85_2024-12-07_12-46-04.jpg,dataset_top12\tow truck\closed\photo_85_2024-12-07_12-46-04.jpg,validation
3027,2,tow truck,closed,1209,601,photo_86_2024-12-07_12-46-04.jpg,dataset_top12\tow truck\closed\photo_86_2024-12-07_12-46-04.jpg,train
3028,2,tow truck,closed,776,773,photo_86_2024-12-09_12-45-24.jpg,dataset_top12\tow truck\closed\photo_86_2024-12-09_12-45-24.jpg,train
3029,2,tow truck,closed,1280,832,photo_87_2024-12-05_22-23-10.jpg,dataset_top12\tow truck\closed\photo_87_2024-12-05_22-23-10.jpg,validation
3030,2,tow truck,closed,1107,532,photo_87_2024-12-07_12-46-52.jpg,dataset_top12\tow truck\closed\photo_87_2024-12-07_12-46-52.jpg,train
3031,2,tow truck,closed,583,581,photo_87_2024-12-09_12-45-24.jpg,dataset_top12\tow truck\closed\photo_87_2024-12-09_12-45-24.jpg,train
3032,2,tow truck,closed,527,528,photo_88_2024-12-09_12-45-24.jpg,dataset_top12\tow truck\closed\photo_88_2024-12-09_12-45-24.jpg,train
3033,2,tow truck,closed,1280,889,photo_89_2024-12-05_22-23-25.jpg,dataset_top12\tow truck\closed\photo_89_2024-12-05_22-23-25.jpg,train
3034,2,tow truck,closed,1264,1014,photo_8_2024-12-06_22-25-22.jpg,dataset_top12\tow truck\closed\photo_8_2024-12-06_22-25-22.jpg,train
3035,2,tow truck,closed,434,395,photo_90_2024-12-09_12-45-24.jpg,dataset_top12\tow truck\closed\photo_90_2024-12-09_12-45-24.jpg,train
3036,2,tow truck,closed,1280,552,photo_92_2024-12-07_12-46-52.jpg,dataset_top12\tow truck\closed\photo_92_2024-12-07_12-46-52.jpg,test
3037,2,tow truck,closed,592,597,photo_92_2024-12-09_12-45-24.jpg,dataset_top12\tow truck\closed\photo_92_2024-12-09_12-45-24.jpg,train
3038,2,tow truck,closed,373,373,photo_93_2024-12-09_12-45-24.jpg,dataset_top12\tow truck\closed\photo_93_2024-12-09_12-45-24.jpg,validation
3039,2,tow truck,closed,805,510,photo_94_2024-12-07_12-46-52.jpg,dataset_top12\tow truck\closed\photo_94_2024-12-07_12-46-52.jpg,train
3040,2,tow truck,closed,785,514,photo_95_2024-12-07_12-46-52.jpg,dataset_top12\tow truck\closed\photo_95_2024-12-07_12-46-52.jpg,train
3041,3,no stopping,opened,2694,2699,20241102_123018_1.jpg,dataset_top12\no stopping\opened\20241102_123018_1.jpg,train
3042,3,no stopping,opened,2347,2357,IMG_20241017_161854_1.jpg,dataset_top12\no stopping\opened\IMG_20241017_161854_1.jpg,train
3043,3,no stopping,opened,2187,2338,IMG_20241017_161856_1.jpg,dataset_top12\no stopping\opened\IMG_20241017_161856_1.jpg,validation
3044,3,no stopping,opened,960,1280,photo_100_2024-12-18_02-19-24.jpg,dataset_top12\no stopping\opened\photo_100_2024-12-18_02-19-24.jpg,train
3045,3,no stopping,opened,960,1280,photo_10_2024-12-18_02-19-40.jpg,dataset_top12\no stopping\opened\photo_10_2024-12-18_02-19-40.jpg,test
3046,3,no stopping,opened,960,1280,photo_10_2024-12-18_13-00-25.jpg,dataset_top12\no stopping\opened\photo_10_2024-12-18_13-00-25.jpg,validation
3047,3,no stopping,opened,581,546,photo_10_2024-12-19_01-58-39.jpg,dataset_top12\no stopping\opened\photo_10_2024-12-19_01-58-39.jpg,train
3048,3,no stopping,opened,960,1280,photo_11_2024-12-18_02-19-40.jpg,dataset_top12\no stopping\opened\photo_11_2024-12-18_02-19-40.jpg,train
3049,3,no stopping,opened,960,1280,photo_11_2024-12-18_13-00-25.jpg,dataset_top12\no stopping\opened\photo_11_2024-12-18_13-00-25.jpg,test
3050,3,no stopping,opened,960,1280,photo_11_2024-12-18_13-03-52.jpg,dataset_top12\no stopping\opened\photo_11_2024-12-18_13-03-52.jpg,train
3051,3,no stopping,opened,474,470,photo_11_2024-12-19_02-00-05.jpg,dataset_top12\no stopping\opened\photo_11_2024-12-19_02-00-05.jpg,validation
3052,3,no stopping,opened,960,1280,photo_12_2024-12-18_02-19-40.jpg,dataset_top12\no stopping\opened\photo_12_2024-12-18_02-19-40.jpg,train
3053,3,no stopping,opened,810,451,photo_12_2024-12-18_02-27-08.jpg,dataset_top12\no stopping\opened\photo_12_2024-12-18_02-27-08.jpg,test
3054,3,no stopping,opened,585,515,photo_12_2024-12-19_02-00-05.jpg,dataset_top12\no stopping\opened\photo_12_2024-12-19_02-00-05.jpg,train
3055,3,no stopping,opened,960,1280,photo_13_2024-12-18_02-19-40.jpg,dataset_top12\no stopping\opened\photo_13_2024-12-18_02-19-40.jpg,train
3056,3,no stopping,opened,960,1280,photo_13_2024-12-18_02-36-53.jpg,dataset_top12\no stopping\opened\photo_13_2024-12-18_02-36-53.jpg,train
3057,3,no stopping,opened,960,1280,photo_14_2024-12-18_02-19-40.jpg,dataset_top12\no stopping\opened\photo_14_2024-12-18_02-19-40.jpg,train
3058,3,no stopping,opened,960,1280,photo_15_2024-12-18_02-19-24.jpg,dataset_top12\no stopping\opened\photo_15_2024-12-18_02-19-24.jpg,train
3059,3,no stopping,opened,960,1280,photo_15_2024-12-18_02-19-40.jpg,dataset_top12\no stopping\opened\photo_15_2024-12-18_02-19-40.jpg,train
3060,3,no stopping,opened,524,502,photo_15_2024-12-19_01-58-39.jpg,dataset_top12\no stopping\opened\photo_15_2024-12-19_01-58-39.jpg,train
3061,3,no stopping,opened,715,714,photo_16_2024-12-09_12-50-33_1.jpg,dataset_top12\no stopping\opened\photo_16_2024-12-09_12-50-33_1.jpg,train
3062,3,no stopping,opened,960,1280,photo_16_2024-12-18_02-19-40.jpg,dataset_top12\no stopping\opened\photo_16_2024-12-18_02-19-40.jpg,train
3063,3,no stopping,opened,960,1280,photo_16_2024-12-18_02-37-13.jpg,dataset_top12\no stopping\opened\photo_16_2024-12-18_02-37-13.jpg,train
3064,3,no stopping,opened,960,1280,photo_16_2024-12-18_13-00-25.jpg,dataset_top12\no stopping\opened\photo_16_2024-12-18_13-00-25.jpg,train
3065,3,no stopping,opened,960,1280,photo_17_2024-12-18_13-00-25.jpg,dataset_top12\no stopping\opened\photo_17_2024-12-18_13-00-25.jpg,validation
3066,3,no stopping,opened,774,768,photo_18_2024-12-18_02-27-08.jpg,dataset_top12\no stopping\opened\photo_18_2024-12-18_02-27-08.jpg,train
3067,3,no stopping,opened,960,1280,photo_18_2024-12-18_13-00-25.jpg,dataset_top12\no stopping\opened\photo_18_2024-12-18_13-00-25.jpg,train
3068,3,no stopping,opened,747,714,photo_19_2024-12-18_02-37-13.jpg,dataset_top12\no stopping\opened\photo_19_2024-12-18_02-37-13.jpg,validation
3069,3,no stopping,opened,960,1280,photo_19_2024-12-18_13-00-25.jpg,dataset_top12\no stopping\opened\photo_19_2024-12-18_13-00-25.jpg,test
3070,3,no stopping,opened,960,1280,photo_1_2024-12-18_02-19-40.jpg,dataset_top12\no stopping\opened\photo_1_2024-12-18_02-19-40.jpg,train
3071,3,no stopping,opened,475,455,photo_1_2024-12-18_02-25-50.jpg,dataset_top12\no stopping\opened\photo_1_2024-12-18_02-25-50.jpg,train
3072,3,no stopping,opened,472,471,photo_20_2024-12-09_12-46-01_1.jpg,dataset_top12\no stopping\opened\photo_20_2024-12-09_12-46-01_1.jpg,train
3073,3,no stopping,opened,960,1280,photo_20_2024-12-18_13-00-25.jpg,dataset_top12\no stopping\opened\photo_20_2024-12-18_13-00-25.jpg,validation
3074,3,no stopping,opened,960,1280,photo_21_2024-12-18_13-00-25.jpg,dataset_top12\no stopping\opened\photo_21_2024-12-18_13-00-25.jpg,train
3075,3,no stopping,opened,679,676,photo_22_2024-12-09_12-49-48_1.jpg,dataset_top12\no stopping\opened\photo_22_2024-12-09_12-49-48_1.jpg,train
3076,3,no stopping,opened,883,839,photo_22_2024-12-18_02-36-53.jpg,dataset_top12\no stopping\opened\photo_22_2024-12-18_02-36-53.jpg,train
3077,3,no stopping,opened,755,716,photo_23_2024-12-18_02-36-53.jpg,dataset_top12\no stopping\opened\photo_23_2024-12-18_02-36-53.jpg,test
3078,3,no stopping,opened,658,548,photo_23_2024-12-19_01-58-39.jpg,dataset_top12\no stopping\opened\photo_23_2024-12-19_01-58-39.jpg,test
3079,3,no stopping,opened,917,910,photo_25_2024-12-18_02-36-53.jpg,dataset_top12\no stopping\opened\photo_25_2024-12-18_02-36-53.jpg,train
3080,3,no stopping,opened,960,1280,photo_25_2024-12-18_13-00-25.jpg,dataset_top12\no stopping\opened\photo_25_2024-12-18_13-00-25.jpg,test
3081,3,no stopping,opened,591,637,photo_26_2024-12-18_13-00-25.jpg,dataset_top12\no stopping\opened\photo_26_2024-12-18_13-00-25.jpg,train
3082,3,no stopping,opened,960,1280,photo_27_2024-12-18_13-00-25.jpg,dataset_top12\no stopping\opened\photo_27_2024-12-18_13-00-25.jpg,train
3083,3,no stopping,opened,622,581,photo_27_2024-12-19_02-03-02.jpg,dataset_top12\no stopping\opened\photo_27_2024-12-19_02-03-02.jpg,train
3084,3,no stopping,opened,960,1280,photo_29_2024-12-18_13-00-25.jpg,dataset_top12\no stopping\opened\photo_29_2024-12-18_13-00-25.jpg,train
3085,3,no stopping,opened,960,1280,photo_29_2024-12-18_13-03-52.jpg,dataset_top12\no stopping\opened\photo_29_2024-12-18_13-03-52.jpg,test
3086,3,no stopping,opened,960,1280,photo_2_2024-12-18_02-19-40.jpg,dataset_top12\no stopping\opened\photo_2_2024-12-18_02-19-40.jpg,train
3087,3,no stopping,opened,960,1280,photo_2_2024-12-18_13-02-03.jpg,dataset_top12\no stopping\opened\photo_2_2024-12-18_13-02-03.jpg,train
3088,3,no stopping,opened,960,1280,photo_2_2024-12-18_13-03-52.jpg,dataset_top12\no stopping\opened\photo_2_2024-12-18_13-03-52.jpg,train
3089,3,no stopping,opened,960,1280,photo_30_2024-12-18_13-03-52.jpg,dataset_top12\no stopping\opened\photo_30_2024-12-18_13-03-52.jpg,train
3090,3,no stopping,opened,960,1280,photo_31_2024-12-18_02-29-08.jpg,dataset_top12\no stopping\opened\photo_31_2024-12-18_02-29-08.jpg,train
3091,3,no stopping,opened,960,1280,photo_31_2024-12-18_13-00-25.jpg,dataset_top12\no stopping\opened\photo_31_2024-12-18_13-00-25.jpg,train
3092,3,no stopping,opened,734,739,photo_32_2024-12-09_12-46-32.jpg,dataset_top12\no stopping\opened\photo_32_2024-12-09_12-46-32.jpg,train
3093,3,no stopping,opened,960,1280,photo_32_2024-12-18_13-00-25.jpg,dataset_top12\no stopping\opened\photo_32_2024-12-18_13-00-25.jpg,train
3094,3,no stopping,opened,960,1280,photo_33_2024-12-18_13-00-25.jpg,dataset_top12\no stopping\opened\photo_33_2024-12-18_13-00-25.jpg,train
3095,3,no stopping,opened,1100,1280,photo_34_2024-12-18_02-27-08.jpg,dataset_top12\no stopping\opened\photo_34_2024-12-18_02-27-08.jpg,train
3096,3,no stopping,opened,960,1280,photo_34_2024-12-18_13-00-25.jpg,dataset_top12\no stopping\opened\photo_34_2024-12-18_13-00-25.jpg,validation
3097,3,no stopping,opened,596,564,photo_38_2024-12-19_02-03-02.jpg,dataset_top12\no stopping\opened\photo_38_2024-12-19_02-03-02.jpg,train
3098,3,no stopping,opened,960,1280,photo_3_2024-12-18_02-19-40.jpg,dataset_top12\no stopping\opened\photo_3_2024-12-18_02-19-40.jpg,train
3099,3,no stopping,opened,687,663,photo_3_2024-12-18_02-25-50.jpg,dataset_top12\no stopping\opened\photo_3_2024-12-18_02-25-50.jpg,train
3100,3,no stopping,opened,960,1280,photo_3_2024-12-18_13-02-03.jpg,dataset_top12\no stopping\opened\photo_3_2024-12-18_13-02-03.jpg,test
3101,3,no stopping,opened,960,1280,photo_41_2024-12-18_13-00-25.jpg,dataset_top12\no stopping\opened\photo_41_2024-12-18_13-00-25.jpg,train
3102,3,no stopping,opened,960,943,photo_42_2024-12-18_02-27-47.jpg,dataset_top12\no stopping\opened\photo_42_2024-12-18_02-27-47.jpg,test
3103,3,no stopping,opened,960,1280,photo_42_2024-12-18_02-33-06.jpg,dataset_top12\no stopping\opened\photo_42_2024-12-18_02-33-06.jpg,train
3104,3,no stopping,opened,960,1280,photo_42_2024-12-18_13-00-25.jpg,dataset_top12\no stopping\opened\photo_42_2024-12-18_13-00-25.jpg,train
3105,3,no stopping,opened,960,1280,photo_43_2024-12-18_02-33-06.jpg,dataset_top12\no stopping\opened\photo_43_2024-12-18_02-33-06.jpg,train
3106,3,no stopping,opened,960,1280,photo_43_2024-12-18_13-03-52.jpg,dataset_top12\no stopping\opened\photo_43_2024-12-18_13-03-52.jpg,train
3107,3,no stopping,opened,960,1280,photo_44_2024-12-18_13-03-52.jpg,dataset_top12\no stopping\opened\photo_44_2024-12-18_13-03-52.jpg,validation
3108,3,no stopping,opened,630,630,photo_45_2024-12-09_12-49-48_1.jpg,dataset_top12\no stopping\opened\photo_45_2024-12-09_12-49-48_1.jpg,test
3109,3,no stopping,opened,960,1280,photo_45_2024-12-18_02-25-50.jpg,dataset_top12\no stopping\opened\photo_45_2024-12-18_02-25-50.jpg,train
3110,3,no stopping,opened,960,1280,photo_45_2024-12-18_13-03-52.jpg,dataset_top12\no stopping\opened\photo_45_2024-12-18_13-03-52.jpg,train
3111,3,no stopping,opened,960,1280,photo_46_2024-12-18_13-03-52.jpg,dataset_top12\no stopping\opened\photo_46_2024-12-18_13-03-52.jpg,train
3112,3,no stopping,opened,1280,912,photo_47_2024-12-18_02-27-08.jpg,dataset_top12\no stopping\opened\photo_47_2024-12-18_02-27-08.jpg,validation
3113,3,no stopping,opened,538,541,photo_48_2024-12-09_12-49-48_1.jpg,dataset_top12\no stopping\opened\photo_48_2024-12-09_12-49-48_1.jpg,test
3114,3,no stopping,opened,960,1280,photo_48_2024-12-18_02-25-50.jpg,dataset_top12\no stopping\opened\photo_48_2024-12-18_02-25-50.jpg,train
3115,3,no stopping,opened,960,1280,photo_4_2024-12-18_02-19-40.jpg,dataset_top12\no stopping\opened\photo_4_2024-12-18_02-19-40.jpg,train
3116,3,no stopping,opened,960,1280,photo_51_2024-12-18_13-00-25.jpg,dataset_top12\no stopping\opened\photo_51_2024-12-18_13-00-25.jpg,test
3117,3,no stopping,opened,706,747,photo_54_2024-12-19_02-03-02.jpg,dataset_top12\no stopping\opened\photo_54_2024-12-19_02-03-02.jpg,validation
3118,3,no stopping,opened,960,1280,photo_55_2024-12-18_12-58-24.jpg,dataset_top12\no stopping\opened\photo_55_2024-12-18_12-58-24.jpg,train
3119,3,no stopping,opened,907,895,photo_55_2024-12-18_13-00-25.jpg,dataset_top12\no stopping\opened\photo_55_2024-12-18_13-00-25.jpg,train
3120,3,no stopping,opened,468,469,photo_56_2024-12-09_12-46-32_1.jpg,dataset_top12\no stopping\opened\photo_56_2024-12-09_12-46-32_1.jpg,train
3121,3,no stopping,opened,960,1280,photo_56_2024-12-18_13-03-52.jpg,dataset_top12\no stopping\opened\photo_56_2024-12-18_13-03-52.jpg,validation
3122,3,no stopping,opened,526,501,photo_57_2024-12-09_12-49-48_1.jpg,dataset_top12\no stopping\opened\photo_57_2024-12-09_12-49-48_1.jpg,test
3123,3,no stopping,opened,792,727,photo_57_2024-12-18_12-58-24.jpg,dataset_top12\no stopping\opened\photo_57_2024-12-18_12-58-24.jpg,train
3124,3,no stopping,opened,457,462,photo_58_2024-12-09_12-46-01_1.jpg,dataset_top12\no stopping\opened\photo_58_2024-12-09_12-46-01_1.jpg,train
3125,3,no stopping,opened,1280,1266,photo_58_2024-12-18_02-27-08.jpg,dataset_top12\no stopping\opened\photo_58_2024-12-18_02-27-08.jpg,train
3126,3,no stopping,opened,960,1280,photo_59_2024-12-18_13-00-25.jpg,dataset_top12\no stopping\opened\photo_59_2024-12-18_13-00-25.jpg,train
3127,3,no stopping,opened,960,1280,photo_5_2024-12-18_02-19-40.jpg,dataset_top12\no stopping\opened\photo_5_2024-12-18_02-19-40.jpg,train
3128,3,no stopping,opened,960,1280,photo_5_2024-12-18_13-02-03.jpg,dataset_top12\no stopping\opened\photo_5_2024-12-18_13-02-03.jpg,train
3129,3,no stopping,opened,810,451,photo_60_2024-12-18_02-28-33.jpg,dataset_top12\no stopping\opened\photo_60_2024-12-18_02-28-33.jpg,validation
3130,3,no stopping,opened,960,1280,photo_60_2024-12-18_13-00-25.jpg,dataset_top12\no stopping\opened\photo_60_2024-12-18_13-00-25.jpg,validation
3131,3,no stopping,opened,960,1280,photo_63_2024-12-18_12-58-24.jpg,dataset_top12\no stopping\opened\photo_63_2024-12-18_12-58-24.jpg,test
3132,3,no stopping,opened,865,826,photo_63_2024-12-19_00-10-31.jpg,dataset_top12\no stopping\opened\photo_63_2024-12-19_00-10-31.jpg,train
3133,3,no stopping,opened,549,553,photo_64_2024-12-09_12-46-32_1.jpg,dataset_top12\no stopping\opened\photo_64_2024-12-09_12-46-32_1.jpg,validation
3134,3,no stopping,opened,587,584,photo_65_2024-12-09_12-46-32_1.jpg,dataset_top12\no stopping\opened\photo_65_2024-12-09_12-46-32_1.jpg,train
3135,3,no stopping,opened,720,729,photo_65_2024-12-19_02-03-02.jpg,dataset_top12\no stopping\opened\photo_65_2024-12-19_02-03-02.jpg,train
3136,3,no stopping,opened,480,479,photo_66_2024-12-09_12-46-01_1.jpg,dataset_top12\no stopping\opened\photo_66_2024-12-09_12-46-01_1.jpg,train
3137,3,no stopping,opened,960,1280,photo_66_2024-12-18_12-58-24.jpg,dataset_top12\no stopping\opened\photo_66_2024-12-18_12-58-24.jpg,train
3138,3,no stopping,opened,960,1280,photo_67_2024-12-18_02-28-33.jpg,dataset_top12\no stopping\opened\photo_67_2024-12-18_02-28-33.jpg,validation
3139,3,no stopping,opened,960,1280,photo_67_2024-12-18_12-58-24.jpg,dataset_top12\no stopping\opened\photo_67_2024-12-18_12-58-24.jpg,train
3140,3,no stopping,opened,960,1280,photo_68_2024-12-18_02-19-24.jpg,dataset_top12\no stopping\opened\photo_68_2024-12-18_02-19-24.jpg,train
3141,3,no stopping,opened,960,1280,photo_69_2024-12-18_02-19-24.jpg,dataset_top12\no stopping\opened\photo_69_2024-12-18_02-19-24.jpg,validation
3142,3,no stopping,opened,662,706,photo_69_2024-12-19_02-03-02.jpg,dataset_top12\no stopping\opened\photo_69_2024-12-19_02-03-02.jpg,train
3143,3,no stopping,opened,558,566,photo_6_2024-12-09_12-46-32_1.jpg,dataset_top12\no stopping\opened\photo_6_2024-12-09_12-46-32_1.jpg,train
3144,3,no stopping,opened,652,647,photo_6_2024-12-09_12-49-48_1.jpg,dataset_top12\no stopping\opened\photo_6_2024-12-09_12-49-48_1.jpg,train
3145,3,no stopping,opened,960,1280,photo_6_2024-12-18_02-19-40.jpg,dataset_top12\no stopping\opened\photo_6_2024-12-18_02-19-40.jpg,test
3146,3,no stopping,opened,1044,1280,photo_6_2024-12-18_02-27-08.jpg,dataset_top12\no stopping\opened\photo_6_2024-12-18_02-27-08.jpg,train
3147,3,no stopping,opened,572,553,photo_6_2024-12-19_01-58-39.jpg,dataset_top12\no stopping\opened\photo_6_2024-12-19_01-58-39.jpg,train
3148,3,no stopping,opened,960,1280,photo_70_2024-12-18_02-19-24.jpg,dataset_top12\no stopping\opened\photo_70_2024-12-18_02-19-24.jpg,train
3149,3,no stopping,opened,748,737,photo_70_2024-12-18_02-28-33.jpg,dataset_top12\no stopping\opened\photo_70_2024-12-18_02-28-33.jpg,test
3150,3,no stopping,opened,960,980,photo_70_2024-12-18_02-33-06.jpg,dataset_top12\no stopping\opened\photo_70_2024-12-18_02-33-06.jpg,train
3151,3,no stopping,opened,960,1280,photo_71_2024-12-18_02-19-24.jpg,dataset_top12\no stopping\opened\photo_71_2024-12-18_02-19-24.jpg,train
3152,3,no stopping,opened,960,1280,photo_72_2024-12-18_02-19-24.jpg,dataset_top12\no stopping\opened\photo_72_2024-12-18_02-19-24.jpg,train
3153,3,no stopping,opened,841,796,photo_72_2024-12-18_13-02-04.jpg,dataset_top12\no stopping\opened\photo_72_2024-12-18_13-02-04.jpg,train
3154,3,no stopping,opened,526,524,photo_73_2024-12-09_12-45-24.jpg,dataset_top12\no stopping\opened\photo_73_2024-12-09_12-45-24.jpg,test
3155,3,no stopping,opened,960,1280,photo_73_2024-12-18_02-19-24.jpg,dataset_top12\no stopping\opened\photo_73_2024-12-18_02-19-24.jpg,validation
3156,3,no stopping,opened,960,1280,photo_73_2024-12-18_12-58-24.jpg,dataset_top12\no stopping\opened\photo_73_2024-12-18_12-58-24.jpg,train
3157,3,no stopping,opened,960,1280,photo_74_2024-12-18_02-19-24.jpg,dataset_top12\no stopping\opened\photo_74_2024-12-18_02-19-24.jpg,train
3158,3,no stopping,opened,960,1280,photo_75_2024-12-18_02-19-24.jpg,dataset_top12\no stopping\opened\photo_75_2024-12-18_02-19-24.jpg,train
3159,3,no stopping,opened,960,895,photo_75_2024-12-18_12-58-24.jpg,dataset_top12\no stopping\opened\photo_75_2024-12-18_12-58-24.jpg,train
3160,3,no stopping,opened,540,544,photo_76_2024-12-09_12-49-48_1.jpg,dataset_top12\no stopping\opened\photo_76_2024-12-09_12-49-48_1.jpg,validation
3161,3,no stopping,opened,960,1280,photo_76_2024-12-18_02-19-24.jpg,dataset_top12\no stopping\opened\photo_76_2024-12-18_02-19-24.jpg,train
3162,3,no stopping,opened,960,1280,photo_77_2024-12-18_02-19-24.jpg,dataset_top12\no stopping\opened\photo_77_2024-12-18_02-19-24.jpg,train
3163,3,no stopping,opened,390,391,photo_78_2024-12-09_12-46-01_1.jpg,dataset_top12\no stopping\opened\photo_78_2024-12-09_12-46-01_1.jpg,validation
3164,3,no stopping,opened,960,1280,photo_78_2024-12-18_02-19-24.jpg,dataset_top12\no stopping\opened\photo_78_2024-12-18_02-19-24.jpg,validation
3165,3,no stopping,opened,1200,1280,photo_78_2024-12-18_02-27-08.jpg,dataset_top12\no stopping\opened\photo_78_2024-12-18_02-27-08.jpg,test
3166,3,no stopping,opened,960,1280,photo_79_2024-12-18_02-19-24.jpg,dataset_top12\no stopping\opened\photo_79_2024-12-18_02-19-24.jpg,train
3167,3,no stopping,opened,607,611,photo_7_2024-12-09_12-49-48_1.jpg,dataset_top12\no stopping\opened\photo_7_2024-12-09_12-49-48_1.jpg,validation
3168,3,no stopping,opened,960,1280,photo_7_2024-12-18_02-19-40.jpg,dataset_top12\no stopping\opened\photo_7_2024-12-18_02-19-40.jpg,train
3169,3,no stopping,opened,578,541,photo_7_2024-12-19_01-58-39.jpg,dataset_top12\no stopping\opened\photo_7_2024-12-19_01-58-39.jpg,train
3170,3,no stopping,opened,960,1280,photo_80_2024-12-18_02-19-24.jpg,dataset_top12\no stopping\opened\photo_80_2024-12-18_02-19-24.jpg,train
3171,3,no stopping,opened,960,1280,photo_81_2024-12-18_02-19-24.jpg,dataset_top12\no stopping\opened\photo_81_2024-12-18_02-19-24.jpg,train
3172,3,no stopping,opened,432,430,photo_82_2024-12-09_12-46-01_1.jpg,dataset_top12\no stopping\opened\photo_82_2024-12-09_12-46-01_1.jpg,train
3173,3,no stopping,opened,960,1280,photo_82_2024-12-18_02-19-24.jpg,dataset_top12\no stopping\opened\photo_82_2024-12-18_02-19-24.jpg,test
3174,3,no stopping,opened,960,1280,photo_82_2024-12-18_02-28-33.jpg,dataset_top12\no stopping\opened\photo_82_2024-12-18_02-28-33.jpg,validation
3175,3,no stopping,opened,872,847,photo_82_2024-12-18_02-33-06.jpg,dataset_top12\no stopping\opened\photo_82_2024-12-18_02-33-06.jpg,train
3176,3,no stopping,opened,960,1280,photo_83_2024-12-18_02-19-24.jpg,dataset_top12\no stopping\opened\photo_83_2024-12-18_02-19-24.jpg,train
3177,3,no stopping,opened,323,324,photo_84_2024-12-09_12-49-48_1.jpg,dataset_top12\no stopping\opened\photo_84_2024-12-09_12-49-48_1.jpg,validation
3178,3,no stopping,opened,960,1280,photo_84_2024-12-18_02-19-24.jpg,dataset_top12\no stopping\opened\photo_84_2024-12-18_02-19-24.jpg,train
3179,3,no stopping,opened,960,1280,photo_85_2024-12-18_02-19-24.jpg,dataset_top12\no stopping\opened\photo_85_2024-12-18_02-19-24.jpg,validation
3180,3,no stopping,opened,960,1280,photo_86_2024-12-18_02-19-24.jpg,dataset_top12\no stopping\opened\photo_86_2024-12-18_02-19-24.jpg,train
3181,3,no stopping,opened,960,1280,photo_86_2024-12-18_02-28-33.jpg,dataset_top12\no stopping\opened\photo_86_2024-12-18_02-28-33.jpg,train
3182,3,no stopping,opened,659,653,photo_87_2024-12-09_12-46-33_1.jpg,dataset_top12\no stopping\opened\photo_87_2024-12-09_12-46-33_1.jpg,test
3183,3,no stopping,opened,960,1280,photo_87_2024-12-18_02-19-24.jpg,dataset_top12\no stopping\opened\photo_87_2024-12-18_02-19-24.jpg,train
3184,3,no stopping,opened,960,1280,photo_88_2024-12-18_02-19-24.jpg,dataset_top12\no stopping\opened\photo_88_2024-12-18_02-19-24.jpg,train
3185,3,no stopping,opened,960,1280,photo_88_2024-12-18_02-25-50.jpg,dataset_top12\no stopping\opened\photo_88_2024-12-18_02-25-50.jpg,test
3186,3,no stopping,opened,960,1280,photo_88_2024-12-18_02-28-33.jpg,dataset_top12\no stopping\opened\photo_88_2024-12-18_02-28-33.jpg,train
3187,3,no stopping,opened,960,1280,photo_89_2024-12-18_02-19-24.jpg,dataset_top12\no stopping\opened\photo_89_2024-12-18_02-19-24.jpg,train
3188,3,no stopping,opened,960,1280,photo_8_2024-12-18_02-19-40.jpg,dataset_top12\no stopping\opened\photo_8_2024-12-18_02-19-40.jpg,test
3189,3,no stopping,opened,960,1280,photo_8_2024-12-18_13-00-25.jpg,dataset_top12\no stopping\opened\photo_8_2024-12-18_13-00-25.jpg,train
3190,3,no stopping,opened,960,1280,photo_90_2024-12-18_02-19-24.jpg,dataset_top12\no stopping\opened\photo_90_2024-12-18_02-19-24.jpg,train
3191,3,no stopping,opened,960,1280,photo_90_2024-12-18_02-25-50.jpg,dataset_top12\no stopping\opened\photo_90_2024-12-18_02-25-50.jpg,train
3192,3,no stopping,opened,563,575,photo_91_2024-12-09_12-49-48_1.jpg,dataset_top12\no stopping\opened\photo_91_2024-12-09_12-49-48_1.jpg,train
3193,3,no stopping,opened,960,1280,photo_91_2024-12-18_02-19-24.jpg,dataset_top12\no stopping\opened\photo_91_2024-12-18_02-19-24.jpg,train
3194,3,no stopping,opened,960,1280,photo_91_2024-12-18_02-25-50.jpg,dataset_top12\no stopping\opened\photo_91_2024-12-18_02-25-50.jpg,test
3195,3,no stopping,opened,960,1280,photo_91_2024-12-18_02-33-06.jpg,dataset_top12\no stopping\opened\photo_91_2024-12-18_02-33-06.jpg,train
3196,3,no stopping,opened,960,1280,photo_91_2024-12-18_12-58-24.jpg,dataset_top12\no stopping\opened\photo_91_2024-12-18_12-58-24.jpg,train
3197,3,no stopping,opened,960,1280,photo_92_2024-12-18_02-19-24.jpg,dataset_top12\no stopping\opened\photo_92_2024-12-18_02-19-24.jpg,test
3198,3,no stopping,opened,556,553,photo_93_2024-12-09_12-45-24_1.jpg,dataset_top12\no stopping\opened\photo_93_2024-12-09_12-45-24_1.jpg,train
3199,3,no stopping,opened,960,1280,photo_93_2024-12-18_02-19-24.jpg,dataset_top12\no stopping\opened\photo_93_2024-12-18_02-19-24.jpg,train
3200,3,no stopping,opened,960,1280,photo_94_2024-12-18_02-19-24.jpg,dataset_top12\no stopping\opened\photo_94_2024-12-18_02-19-24.jpg,validation
3201,3,no stopping,opened,960,943,photo_94_2024-12-18_02-27-08.jpg,dataset_top12\no stopping\opened\photo_94_2024-12-18_02-27-08.jpg,train
3202,3,no stopping,opened,960,1280,photo_95_2024-12-09_12-49-48.jpg,dataset_top12\no stopping\opened\photo_95_2024-12-09_12-49-48.jpg,train
3203,3,no stopping,opened,960,1280,photo_95_2024-12-18_02-19-24.jpg,dataset_top12\no stopping\opened\photo_95_2024-12-18_02-19-24.jpg,train
3204,3,no stopping,opened,960,1280,photo_96_2024-12-18_02-19-24.jpg,dataset_top12\no stopping\opened\photo_96_2024-12-18_02-19-24.jpg,train
3205,3,no stopping,opened,960,1280,photo_97_2024-12-18_02-19-24.jpg,dataset_top12\no stopping\opened\photo_97_2024-12-18_02-19-24.jpg,train
3206,3,no stopping,opened,960,1280,photo_98_2024-12-18_02-19-24.jpg,dataset_top12\no stopping\opened\photo_98_2024-12-18_02-19-24.jpg,train
3207,3,no stopping,opened,960,1280,photo_99_2024-12-18_02-19-24.jpg,dataset_top12\no stopping\opened\photo_99_2024-12-18_02-19-24.jpg,train
3208,3,no stopping,opened,960,941,photo_99_2024-12-18_02-25-50.jpg,dataset_top12\no stopping\opened\photo_99_2024-12-18_02-25-50.jpg,train
3209,3,no stopping,opened,960,1280,photo_9_2024-12-18_02-19-40.jpg,dataset_top12\no stopping\opened\photo_9_2024-12-18_02-19-40.jpg,validation
3210,3,no stopping,opened,960,1280,photo_9_2024-12-18_13-00-25.jpg,dataset_top12\no stopping\opened\photo_9_2024-12-18_13-00-25.jpg,train
3211,3,no stopping,closed,2034,2082,20241102_112629.jpg,dataset_top12\no stopping\closed\20241102_112629.jpg,train
3212,3,no stopping,closed,1346,1389,20241102_112958_1.jpg,dataset_top12\no stopping\closed\20241102_112958_1.jpg,train
3213,3,no stopping,closed,2253,2349,20241102_113046_1.jpg,dataset_top12\no stopping\closed\20241102_113046_1.jpg,validation
3214,3,no stopping,closed,1857,1953,20241102_113329.jpg,dataset_top12\no stopping\closed\20241102_113329.jpg,train
3215,3,no stopping,closed,1295,1280,20241102_113612_1.jpg,dataset_top12\no stopping\closed\20241102_113612_1.jpg,train
3216,3,no stopping,closed,1399,1253,20241102_113612_2.jpg,dataset_top12\no stopping\closed\20241102_113612_2.jpg,train
3217,3,no stopping,closed,1594,1603,20241102_114250.jpg,dataset_top12\no stopping\closed\20241102_114250.jpg,test
3218,3,no stopping,closed,1962,2054,20241102_114306_1.jpg,dataset_top12\no stopping\closed\20241102_114306_1.jpg,train
3219,3,no stopping,closed,4624,3468,20241102_114559.jpg,dataset_top12\no stopping\closed\20241102_114559.jpg,train
3220,3,no stopping,closed,1692,1630,20241102_114559_1.jpg,dataset_top12\no stopping\closed\20241102_114559_1.jpg,validation
3221,3,no stopping,closed,2023,2082,20241102_114923_1.jpg,dataset_top12\no stopping\closed\20241102_114923_1.jpg,train
3222,3,no stopping,closed,2654,2671,20241102_115036.jpg,dataset_top12\no stopping\closed\20241102_115036.jpg,validation
3223,3,no stopping,closed,2141,2345,20241102_115720_1.jpg,dataset_top12\no stopping\closed\20241102_115720_1.jpg,train
3224,3,no stopping,closed,1509,1667,20241102_115820_1.jpg,dataset_top12\no stopping\closed\20241102_115820_1.jpg,test
3225,3,no stopping,closed,2253,2349,20241102_115858_1.jpg,dataset_top12\no stopping\closed\20241102_115858_1.jpg,train
3226,3,no stopping,closed,2411,2551,20241102_120059.jpg,dataset_top12\no stopping\closed\20241102_120059.jpg,validation
3227,3,no stopping,closed,1422,1650,20241102_120142.jpg,dataset_top12\no stopping\closed\20241102_120142.jpg,test
3228,3,no stopping,closed,2864,3030,20241102_120212_1.jpg,dataset_top12\no stopping\closed\20241102_120212_1.jpg,test
3229,3,no stopping,closed,1778,1805,20241102_120353_1.jpg,dataset_top12\no stopping\closed\20241102_120353_1.jpg,train
3230,3,no stopping,closed,2630,2883,20241102_120442.jpg,dataset_top12\no stopping\closed\20241102_120442.jpg,train
3231,3,no stopping,closed,1773,1851,20241102_120809.jpg,dataset_top12\no stopping\closed\20241102_120809.jpg,train
3232,3,no stopping,closed,1910,1990,20241102_120917.jpg,dataset_top12\no stopping\closed\20241102_120917.jpg,train
3233,3,no stopping,closed,2086,2174,20241102_121539_1.jpg,dataset_top12\no stopping\closed\20241102_121539_1.jpg,train
3234,3,no stopping,closed,1727,2054,20241102_121843_1.jpg,dataset_top12\no stopping\closed\20241102_121843_1.jpg,validation
3235,3,no stopping,closed,2547,2486,20241102_122129_1.jpg,dataset_top12\no stopping\closed\20241102_122129_1.jpg,validation
3236,3,no stopping,closed,2400,2409,20241102_122209_1.jpg,dataset_top12\no stopping\closed\20241102_122209_1.jpg,validation
3237,3,no stopping,closed,1698,1756,IMG_20241017_160634_0.jpg,dataset_top12\no stopping\closed\IMG_20241017_160634_0.jpg,train
3238,3,no stopping,closed,1869,1793,IMG_20241017_160634_1.jpg,dataset_top12\no stopping\closed\IMG_20241017_160634_1.jpg,train
3239,3,no stopping,closed,1351,1388,IMG_20241017_160701_1.jpg,dataset_top12\no stopping\closed\IMG_20241017_160701_1.jpg,train
3240,3,no stopping,closed,2382,2329,IMG_20241017_161901_1.jpg,dataset_top12\no stopping\closed\IMG_20241017_161901_1.jpg,train
3241,3,no stopping,closed,470,484,photo_10_2024-10-29_09-53-51.jpg,dataset_top12\no stopping\closed\photo_10_2024-10-29_09-53-51.jpg,validation
3242,3,no stopping,closed,1174,1280,photo_10_2024-12-07_12-46-52.jpg,dataset_top12\no stopping\closed\photo_10_2024-12-07_12-46-52.jpg,validation
3243,3,no stopping,closed,1168,1280,photo_11_2024-12-06_22-23-51.jpg,dataset_top12\no stopping\closed\photo_11_2024-12-06_22-23-51.jpg,train
3244,3,no stopping,closed,1151,1280,photo_11_2024-12-07_12-46-52.jpg,dataset_top12\no stopping\closed\photo_11_2024-12-07_12-46-52.jpg,train
3245,3,no stopping,closed,960,1280,photo_12_2024-12-06_22-25-22.jpg,dataset_top12\no stopping\closed\photo_12_2024-12-06_22-25-22.jpg,train
3246,3,no stopping,closed,960,1280,photo_13_2024-12-06_22-25-22.jpg,dataset_top12\no stopping\closed\photo_13_2024-12-06_22-25-22.jpg,train
3247,3,no stopping,closed,1204,1280,photo_13_2024-12-07_12-46-52.jpg,dataset_top12\no stopping\closed\photo_13_2024-12-07_12-46-52.jpg,train
3248,3,no stopping,closed,960,1280,photo_14_2024-12-06_22-25-22.jpg,dataset_top12\no stopping\closed\photo_14_2024-12-06_22-25-22.jpg,train
3249,3,no stopping,closed,1263,1280,photo_15_2024-12-06_22-25-22.jpg,dataset_top12\no stopping\closed\photo_15_2024-12-06_22-25-22.jpg,test
3250,3,no stopping,closed,1280,1214,photo_15_2024-12-07_12-49-18.jpg,dataset_top12\no stopping\closed\photo_15_2024-12-07_12-49-18.jpg,train
3251,3,no stopping,closed,960,1280,photo_16_2024-12-06_22-25-22.jpg,dataset_top12\no stopping\closed\photo_16_2024-12-06_22-25-22.jpg,train
3252,3,no stopping,closed,1280,1151,photo_16_2024-12-07_12-49-18.jpg,dataset_top12\no stopping\closed\photo_16_2024-12-07_12-49-18.jpg,train
3253,3,no stopping,closed,1280,1267,photo_17_2024-12-06_22-25-22.jpg,dataset_top12\no stopping\closed\photo_17_2024-12-06_22-25-22.jpg,train
3254,3,no stopping,closed,1280,1031,photo_17_2024-12-07_12-49-18.jpg,dataset_top12\no stopping\closed\photo_17_2024-12-07_12-49-18.jpg,train
3255,3,no stopping,closed,1280,1147,photo_18_2024-12-06_22-25-22.jpg,dataset_top12\no stopping\closed\photo_18_2024-12-06_22-25-22.jpg,validation
3256,3,no stopping,closed,960,1280,photo_19_2024-12-06_22-25-22.jpg,dataset_top12\no stopping\closed\photo_19_2024-12-06_22-25-22.jpg,train
3257,3,no stopping,closed,1215,1280,photo_19_2024-12-07_12-49-18.jpg,dataset_top12\no stopping\closed\photo_19_2024-12-07_12-49-18.jpg,validation
3258,3,no stopping,closed,1223,1012,photo_1_2024-12-06_22-25-22.jpg,dataset_top12\no stopping\closed\photo_1_2024-12-06_22-25-22.jpg,test
3259,3,no stopping,closed,1280,955,photo_20_2024-12-07_12-49-18.jpg,dataset_top12\no stopping\closed\photo_20_2024-12-07_12-49-18.jpg,train
3260,3,no stopping,closed,960,1280,photo_22_2024-12-06_22-25-22.jpg,dataset_top12\no stopping\closed\photo_22_2024-12-06_22-25-22.jpg,train
3261,3,no stopping,closed,960,1280,photo_23_2024-12-06_22-25-22.jpg,dataset_top12\no stopping\closed\photo_23_2024-12-06_22-25-22.jpg,train
3262,3,no stopping,closed,1163,1280,photo_25_2024-12-06_22-25-22.jpg,dataset_top12\no stopping\closed\photo_25_2024-12-06_22-25-22.jpg,train
3263,3,no stopping,closed,960,1280,photo_26_2024-12-06_22-25-22.jpg,dataset_top12\no stopping\closed\photo_26_2024-12-06_22-25-22.jpg,train
3264,3,no stopping,closed,960,1280,photo_27_2024-12-06_22-25-22.jpg,dataset_top12\no stopping\closed\photo_27_2024-12-06_22-25-22.jpg,train
3265,3,no stopping,closed,960,1007,photo_28_2024-12-06_22-25-22.jpg,dataset_top12\no stopping\closed\photo_28_2024-12-06_22-25-22.jpg,train
3266,3,no stopping,closed,960,1280,photo_29_2024-12-06_22-25-22.jpg,dataset_top12\no stopping\closed\photo_29_2024-12-06_22-25-22.jpg,train
3267,3,no stopping,closed,1129,1280,photo_2_2024-12-06_22-23-51.jpg,dataset_top12\no stopping\closed\photo_2_2024-12-06_22-23-51.jpg,train
3268,3,no stopping,closed,960,1280,photo_30_2024-12-06_22-25-22.jpg,dataset_top12\no stopping\closed\photo_30_2024-12-06_22-25-22.jpg,train
3269,3,no stopping,closed,1004,1280,photo_31_2024-12-06_22-25-22.jpg,dataset_top12\no stopping\closed\photo_31_2024-12-06_22-25-22.jpg,test
3270,3,no stopping,closed,1280,1055,photo_31_2024-12-07_12-47-32.jpg,dataset_top12\no stopping\closed\photo_31_2024-12-07_12-47-32.jpg,test
3271,3,no stopping,closed,960,1280,photo_32_2024-12-06_22-25-22.jpg,dataset_top12\no stopping\closed\photo_32_2024-12-06_22-25-22.jpg,train
3272,3,no stopping,closed,765,791,photo_33_2024-12-06_22-25-22_1.jpg,dataset_top12\no stopping\closed\photo_33_2024-12-06_22-25-22_1.jpg,train
3273,3,no stopping,closed,960,1280,photo_36_2024-12-06_22-25-22.jpg,dataset_top12\no stopping\closed\photo_36_2024-12-06_22-25-22.jpg,train
3274,3,no stopping,closed,919,1007,photo_37_2024-12-07_12-46-04.jpg,dataset_top12\no stopping\closed\photo_37_2024-12-07_12-46-04.jpg,train
3275,3,no stopping,closed,1265,1280,photo_38_2024-12-06_22-25-22.jpg,dataset_top12\no stopping\closed\photo_38_2024-12-06_22-25-22.jpg,train
3276,3,no stopping,closed,924,620,photo_38_2024-12-07_12-46-04.jpg,dataset_top12\no stopping\closed\photo_38_2024-12-07_12-46-04.jpg,train
3277,3,no stopping,closed,1280,1213,photo_39_2024-12-06_22-25-22.jpg,dataset_top12\no stopping\closed\photo_39_2024-12-06_22-25-22.jpg,train
3278,3,no stopping,closed,909,879,photo_39_2024-12-18_02-27-08.jpg,dataset_top12\no stopping\closed\photo_39_2024-12-18_02-27-08.jpg,train
3279,3,no stopping,closed,960,1280,photo_3_2024-12-06_22-23-51.jpg,dataset_top12\no stopping\closed\photo_3_2024-12-06_22-23-51.jpg,train
3280,3,no stopping,closed,960,1280,photo_43_2024-12-09_12-46-01.jpg,dataset_top12\no stopping\closed\photo_43_2024-12-09_12-46-01.jpg,train
3281,3,no stopping,closed,799,824,photo_49_2024-12-07_12-46-04_1.jpg,dataset_top12\no stopping\closed\photo_49_2024-12-07_12-46-04_1.jpg,train
3282,3,no stopping,closed,960,931,photo_49_2024-12-18_02-27-08.jpg,dataset_top12\no stopping\closed\photo_49_2024-12-18_02-27-08.jpg,test
3283,3,no stopping,closed,960,1280,photo_4_2024-12-06_22-23-51.jpg,dataset_top12\no stopping\closed\photo_4_2024-12-06_22-23-51.jpg,train
3284,3,no stopping,closed,1077,874,photo_50_2024-12-07_12-46-04.jpg,dataset_top12\no stopping\closed\photo_50_2024-12-07_12-46-04.jpg,train
3285,3,no stopping,closed,778,834,photo_52_2024-12-07_12-46-04.jpg,dataset_top12\no stopping\closed\photo_52_2024-12-07_12-46-04.jpg,train
3286,3,no stopping,closed,1041,1024,photo_55_2024-12-07_12-46-04.jpg,dataset_top12\no stopping\closed\photo_55_2024-12-07_12-46-04.jpg,train
3287,3,no stopping,closed,1186,1280,photo_56_2024-12-07_12-46-04.jpg,dataset_top12\no stopping\closed\photo_56_2024-12-07_12-46-04.jpg,train
3288,3,no stopping,closed,1280,1073,photo_57_2024-12-07_12-47-32.jpg,dataset_top12\no stopping\closed\photo_57_2024-12-07_12-47-32.jpg,train
3289,3,no stopping,closed,711,714,photo_58_2024-12-06_22-25-52_1.jpg,dataset_top12\no stopping\closed\photo_58_2024-12-06_22-25-52_1.jpg,test
3290,3,no stopping,closed,989,794,photo_58_2024-12-07_12-46-04.jpg,dataset_top12\no stopping\closed\photo_58_2024-12-07_12-46-04.jpg,train
3291,3,no stopping,closed,990,899,photo_59_2024-12-07_12-46-04.jpg,dataset_top12\no stopping\closed\photo_59_2024-12-07_12-46-04.jpg,validation
3292,3,no stopping,closed,960,1280,photo_5_2024-12-06_22-23-51.jpg,dataset_top12\no stopping\closed\photo_5_2024-12-06_22-23-51.jpg,test
3293,3,no stopping,closed,1263,1149,photo_60_2024-12-07_12-46-04.jpg,dataset_top12\no stopping\closed\photo_60_2024-12-07_12-46-04.jpg,train
3294,3,no stopping,closed,960,880,photo_61_2024-12-18_02-28-33.jpg,dataset_top12\no stopping\closed\photo_61_2024-12-18_02-28-33.jpg,train
3295,3,no stopping,closed,497,527,photo_62_2024-12-06_22-25-52_1.jpg,dataset_top12\no stopping\closed\photo_62_2024-12-06_22-25-52_1.jpg,train
3296,3,no stopping,closed,1174,1005,photo_62_2024-12-07_12-46-04.jpg,dataset_top12\no stopping\closed\photo_62_2024-12-07_12-46-04.jpg,validation
3297,3,no stopping,closed,779,770,photo_62_2024-12-09_12-45-24_1.jpg,dataset_top12\no stopping\closed\photo_62_2024-12-09_12-45-24_1.jpg,test
3298,3,no stopping,closed,964,669,photo_63_2024-12-07_12-46-04.jpg,dataset_top12\no stopping\closed\photo_63_2024-12-07_12-46-04.jpg,train
3299,3,no stopping,closed,653,553,photo_64_2024-12-06_22-25-23.jpg,dataset_top12\no stopping\closed\photo_64_2024-12-06_22-25-23.jpg,test
3300,3,no stopping,closed,1121,831,photo_64_2024-12-07_12-46-04.jpg,dataset_top12\no stopping\closed\photo_64_2024-12-07_12-46-04.jpg,train
3301,3,no stopping,closed,876,726,photo_65_2024-12-07_12-46-04.jpg,dataset_top12\no stopping\closed\photo_65_2024-12-07_12-46-04.jpg,train
3302,3,no stopping,closed,1108,1034,photo_66_2024-12-07_12-46-04.jpg,dataset_top12\no stopping\closed\photo_66_2024-12-07_12-46-04.jpg,train
3303,3,no stopping,closed,1123,830,photo_67_2024-12-07_12-46-04.jpg,dataset_top12\no stopping\closed\photo_67_2024-12-07_12-46-04.jpg,validation
3304,3,no stopping,closed,960,1280,photo_67_2024-12-09_12-45-24.jpg,dataset_top12\no stopping\closed\photo_67_2024-12-09_12-45-24.jpg,validation
3305,3,no stopping,closed,1280,1005,photo_68_2024-12-07_12-46-04.jpg,dataset_top12\no stopping\closed\photo_68_2024-12-07_12-46-04.jpg,validation
3306,3,no stopping,closed,1280,1093,photo_69_2024-12-07_12-46-04.jpg,dataset_top12\no stopping\closed\photo_69_2024-12-07_12-46-04.jpg,train
3307,3,no stopping,closed,960,1280,photo_6_2024-12-06_22-23-51.jpg,dataset_top12\no stopping\closed\photo_6_2024-12-06_22-23-51.jpg,train
3308,3,no stopping,closed,960,1280,photo_6_2024-12-06_22-25-22.jpg,dataset_top12\no stopping\closed\photo_6_2024-12-06_22-25-22.jpg,test
3309,3,no stopping,closed,1280,868,photo_71_2024-12-07_12-47-32.jpg,dataset_top12\no stopping\closed\photo_71_2024-12-07_12-47-32.jpg,validation
3310,3,no stopping,closed,568,545,photo_71_2024-12-18_02-27-08.jpg,dataset_top12\no stopping\closed\photo_71_2024-12-18_02-27-08.jpg,train
3311,3,no stopping,closed,710,748,photo_72_2024-12-06_22-25-52_1.jpg,dataset_top12\no stopping\closed\photo_72_2024-12-06_22-25-52_1.jpg,train
3312,3,no stopping,closed,998,994,photo_73_2024-12-07_12-46-04.jpg,dataset_top12\no stopping\closed\photo_73_2024-12-07_12-46-04.jpg,train
3313,3,no stopping,closed,1280,1236,photo_73_2024-12-07_12-47-32.jpg,dataset_top12\no stopping\closed\photo_73_2024-12-07_12-47-32.jpg,test
3314,3,no stopping,closed,1280,1092,photo_74_2024-12-07_12-47-32.jpg,dataset_top12\no stopping\closed\photo_74_2024-12-07_12-47-32.jpg,train
3315,3,no stopping,closed,508,513,photo_74_2024-12-09_12-46-32_1.jpg,dataset_top12\no stopping\closed\photo_74_2024-12-09_12-46-32_1.jpg,train
3316,3,no stopping,closed,1280,1007,photo_75_2024-12-07_12-47-32.jpg,dataset_top12\no stopping\closed\photo_75_2024-12-07_12-47-32.jpg,validation
3317,3,no stopping,closed,593,594,photo_75_2024-12-09_12-46-01.jpg,dataset_top12\no stopping\closed\photo_75_2024-12-09_12-46-01.jpg,train
3318,3,no stopping,closed,593,594,photo_75_2024-12-18_02-27-47.jpg,dataset_top12\no stopping\closed\photo_75_2024-12-18_02-27-47.jpg,train
3319,3,no stopping,closed,714,599,photo_76_2024-12-07_12-46-04.jpg,dataset_top12\no stopping\closed\photo_76_2024-12-07_12-46-04.jpg,test
3320,3,no stopping,closed,524,520,photo_76_2024-12-09_12-45-24_1.jpg,dataset_top12\no stopping\closed\photo_76_2024-12-09_12-45-24_1.jpg,train
3321,3,no stopping,closed,363,394,photo_77_2024-12-07_12-46-04.jpg,dataset_top12\no stopping\closed\photo_77_2024-12-07_12-46-04.jpg,train
3322,3,no stopping,closed,402,502,photo_78_2024-12-07_12-46-04.jpg,dataset_top12\no stopping\closed\photo_78_2024-12-07_12-46-04.jpg,train
3323,3,no stopping,closed,1269,1280,photo_78_2024-12-07_12-47-32.jpg,dataset_top12\no stopping\closed\photo_78_2024-12-07_12-47-32.jpg,train
3324,3,no stopping,closed,576,554,photo_79_2024-12-07_12-46-04.jpg,dataset_top12\no stopping\closed\photo_79_2024-12-07_12-46-04.jpg,test
3325,3,no stopping,closed,1032,950,photo_7_2024-12-07_12-46-04.jpg,dataset_top12\no stopping\closed\photo_7_2024-12-07_12-46-04.jpg,test
3326,3,no stopping,closed,474,896,photo_80_2024-12-07_12-46-04.jpg,dataset_top12\no stopping\closed\photo_80_2024-12-07_12-46-04.jpg,test
3327,3,no stopping,closed,1280,905,photo_82_2024-12-05_22-23-10.jpg,dataset_top12\no stopping\closed\photo_82_2024-12-05_22-23-10.jpg,validation
3328,3,no stopping,closed,528,522,photo_82_2024-12-07_12-46-04.jpg,dataset_top12\no stopping\closed\photo_82_2024-12-07_12-46-04.jpg,validation
3329,3,no stopping,closed,1280,1096,photo_84_2024-12-07_12-47-32.jpg,dataset_top12\no stopping\closed\photo_84_2024-12-07_12-47-32.jpg,train
3330,3,no stopping,closed,1280,1167,photo_85_2024-12-07_12-47-32.jpg,dataset_top12\no stopping\closed\photo_85_2024-12-07_12-47-32.jpg,train
3331,3,no stopping,closed,1280,877,photo_85_2024-12-18_02-27-47.jpg,dataset_top12\no stopping\closed\photo_85_2024-12-18_02-27-47.jpg,train
3332,3,no stopping,closed,533,531,photo_86_2024-12-09_12-45-24_1.jpg,dataset_top12\no stopping\closed\photo_86_2024-12-09_12-45-24_1.jpg,train
3333,3,no stopping,closed,424,442,photo_87_2024-12-07_12-46-04.jpg,dataset_top12\no stopping\closed\photo_87_2024-12-07_12-46-04.jpg,train
3334,3,no stopping,closed,679,724,photo_87_2024-12-09_12-45-24_1.jpg,dataset_top12\no stopping\closed\photo_87_2024-12-09_12-45-24_1.jpg,train
3335,3,no stopping,closed,891,742,photo_88_2024-12-06_22-24-57.jpg,dataset_top12\no stopping\closed\photo_88_2024-12-06_22-24-57.jpg,test
3336,3,no stopping,closed,555,830,photo_88_2024-12-07_12-46-04.jpg,dataset_top12\no stopping\closed\photo_88_2024-12-07_12-46-04.jpg,train
3337,3,no stopping,closed,782,765,photo_88_2024-12-09_12-45-24_1.jpg,dataset_top12\no stopping\closed\photo_88_2024-12-09_12-45-24_1.jpg,train
3338,3,no stopping,closed,1105,763,photo_89_2024-12-06_22-24-57.jpg,dataset_top12\no stopping\closed\photo_89_2024-12-06_22-24-57.jpg,train
3339,3,no stopping,closed,1215,1280,photo_89_2024-12-06_22-25-23.jpg,dataset_top12\no stopping\closed\photo_89_2024-12-06_22-25-23.jpg,train
3340,3,no stopping,closed,880,852,photo_89_2024-12-09_12-45-24.jpg,dataset_top12\no stopping\closed\photo_89_2024-12-09_12-45-24.jpg,train
3341,3,no stopping,closed,1280,877,photo_89_2024-12-18_02-27-47.jpg,dataset_top12\no stopping\closed\photo_89_2024-12-18_02-27-47.jpg,test
3342,3,no stopping,closed,861,696,photo_8_2024-12-07_12-46-04.jpg,dataset_top12\no stopping\closed\photo_8_2024-12-07_12-46-04.jpg,train
3343,3,no stopping,closed,1280,1187,photo_8_2024-12-07_12-46-52.jpg,dataset_top12\no stopping\closed\photo_8_2024-12-07_12-46-52.jpg,validation
3344,3,no stopping,closed,378,397,photo_90_2024-12-07_12-46-04.jpg,dataset_top12\no stopping\closed\photo_90_2024-12-07_12-46-04.jpg,train
3345,3,no stopping,closed,544,548,photo_90_2024-12-09_12-45-24_1.jpg,dataset_top12\no stopping\closed\photo_90_2024-12-09_12-45-24_1.jpg,train
3346,3,no stopping,closed,786,610,photo_91_2024-12-07_12-46-04.jpg,dataset_top12\no stopping\closed\photo_91_2024-12-07_12-46-04.jpg,train
3347,3,no stopping,closed,1115,1280,photo_92_2024-12-06_22-25-23.jpg,dataset_top12\no stopping\closed\photo_92_2024-12-06_22-25-23.jpg,train
3348,3,no stopping,closed,568,561,photo_92_2024-12-09_12-45-24_1.jpg,dataset_top12\no stopping\closed\photo_92_2024-12-09_12-45-24_1.jpg,train
3349,3,no stopping,closed,1280,852,photo_94_2024-12-05_22-23-10.jpg,dataset_top12\no stopping\closed\photo_94_2024-12-05_22-23-10.jpg,train
3350,3,no stopping,closed,784,569,photo_94_2024-12-06_22-24-57.jpg,dataset_top12\no stopping\closed\photo_94_2024-12-06_22-24-57.jpg,test
3351,3,no stopping,closed,1280,613,photo_95_2024-12-05_22-23-10.jpg,dataset_top12\no stopping\closed\photo_95_2024-12-05_22-23-10.jpg,train
3352,3,no stopping,closed,1280,594,photo_96_2024-12-05_22-23-25.jpg,dataset_top12\no stopping\closed\photo_96_2024-12-05_22-23-25.jpg,validation
3353,3,no stopping,closed,574,576,photo_96_2024-12-09_12-45-24.jpg,dataset_top12\no stopping\closed\photo_96_2024-12-09_12-45-24.jpg,train
3354,3,no stopping,closed,1280,560,photo_97_2024-12-05_22-23-25.jpg,dataset_top12\no stopping\closed\photo_97_2024-12-05_22-23-25.jpg,train
3355,3,no stopping,closed,610,611,photo_97_2024-12-09_12-45-24_1.jpg,dataset_top12\no stopping\closed\photo_97_2024-12-09_12-45-24_1.jpg,train
3356,3,no stopping,closed,1280,812,photo_98_2024-12-05_22-23-25.jpg,dataset_top12\no stopping\closed\photo_98_2024-12-05_22-23-25.jpg,train
3357,3,no stopping,closed,960,1280,photo_9_2024-12-07_12-46-52.jpg,dataset_top12\no stopping\closed\photo_9_2024-12-07_12-46-52.jpg,train
3358,4,parking place,opened,960,1280,photo_100_2024-12-19_01-59-18.jpg,dataset_top12\parking place\opened\photo_100_2024-12-19_01-59-18.jpg,train
3359,4,parking place,opened,960,1280,photo_10_2024-12-18_02-17-32.jpg,dataset_top12\parking place\opened\photo_10_2024-12-18_02-17-32.jpg,validation
3360,4,parking place,opened,960,1280,photo_10_2024-12-18_13-05-57.jpg,dataset_top12\parking place\opened\photo_10_2024-12-18_13-05-57.jpg,train
3361,4,parking place,opened,960,1280,photo_10_2024-12-18_13-07-03.jpg,dataset_top12\parking place\opened\photo_10_2024-12-18_13-07-03.jpg,train
3362,4,parking place,opened,575,559,photo_10_2024-12-19_01-56-44.jpg,dataset_top12\parking place\opened\photo_10_2024-12-19_01-56-44.jpg,train
3363,4,parking place,opened,960,1280,photo_10_2024-12-19_02-00-05.jpg,dataset_top12\parking place\opened\photo_10_2024-12-19_02-00-05.jpg,test
3364,4,parking place,opened,960,1280,photo_11_2024-12-18_02-17-32.jpg,dataset_top12\parking place\opened\photo_11_2024-12-18_02-17-32.jpg,train
3365,4,parking place,opened,827,727,photo_11_2024-12-19_01-56-44.jpg,dataset_top12\parking place\opened\photo_11_2024-12-19_01-56-44.jpg,train
3366,4,parking place,opened,960,1280,photo_12_2024-12-18_02-17-32.jpg,dataset_top12\parking place\opened\photo_12_2024-12-18_02-17-32.jpg,test
3367,4,parking place,opened,782,734,photo_12_2024-12-19_01-56-44.jpg,dataset_top12\parking place\opened\photo_12_2024-12-19_01-56-44.jpg,train
3368,4,parking place,opened,960,1280,photo_13_2024-12-18_02-17-32.jpg,dataset_top12\parking place\opened\photo_13_2024-12-18_02-17-32.jpg,test
3369,4,parking place,opened,776,757,photo_13_2024-12-19_01-56-44.jpg,dataset_top12\parking place\opened\photo_13_2024-12-19_01-56-44.jpg,train
3370,4,parking place,opened,960,1280,photo_14_2024-12-18_02-17-32.jpg,dataset_top12\parking place\opened\photo_14_2024-12-18_02-17-32.jpg,train
3371,4,parking place,opened,960,1280,photo_14_2024-12-18_13-05-57.jpg,dataset_top12\parking place\opened\photo_14_2024-12-18_13-05-57.jpg,train
3372,4,parking place,opened,907,854,photo_14_2024-12-19_01-56-44.jpg,dataset_top12\parking place\opened\photo_14_2024-12-19_01-56-44.jpg,test
3373,4,parking place,opened,960,1280,photo_15_2024-12-18_02-17-32.jpg,dataset_top12\parking place\opened\photo_15_2024-12-18_02-17-32.jpg,train
3374,4,parking place,opened,960,1280,photo_15_2024-12-18_02-33-06.jpg,dataset_top12\parking place\opened\photo_15_2024-12-18_02-33-06.jpg,train
3375,4,parking place,opened,960,1280,photo_15_2024-12-18_13-05-57.jpg,dataset_top12\parking place\opened\photo_15_2024-12-18_13-05-57.jpg,train
3376,4,parking place,opened,768,757,photo_15_2024-12-19_01-56-44.jpg,dataset_top12\parking place\opened\photo_15_2024-12-19_01-56-44.jpg,train
3377,4,parking place,opened,960,1280,photo_15_2024-12-19_02-00-05.jpg,dataset_top12\parking place\opened\photo_15_2024-12-19_02-00-05.jpg,train
3378,4,parking place,opened,960,1280,photo_16_2024-12-18_02-17-32.jpg,dataset_top12\parking place\opened\photo_16_2024-12-18_02-17-32.jpg,train
3379,4,parking place,opened,960,1280,photo_16_2024-12-18_13-07-03.jpg,dataset_top12\parking place\opened\photo_16_2024-12-18_13-07-03.jpg,train
3380,4,parking place,opened,758,741,photo_16_2024-12-19_01-56-44.jpg,dataset_top12\parking place\opened\photo_16_2024-12-19_01-56-44.jpg,train
3381,4,parking place,opened,960,1280,photo_16_2024-12-19_02-00-05.jpg,dataset_top12\parking place\opened\photo_16_2024-12-19_02-00-05.jpg,validation
3382,4,parking place,opened,960,1280,photo_17_2024-12-18_02-17-32.jpg,dataset_top12\parking place\opened\photo_17_2024-12-18_02-17-32.jpg,train
3383,4,parking place,opened,960,1280,photo_17_2024-12-18_13-05-57.jpg,dataset_top12\parking place\opened\photo_17_2024-12-18_13-05-57.jpg,train
3384,4,parking place,opened,960,827,photo_17_2024-12-19_01-56-44.jpg,dataset_top12\parking place\opened\photo_17_2024-12-19_01-56-44.jpg,train
3385,4,parking place,opened,960,1280,photo_17_2024-12-19_01-59-18.jpg,dataset_top12\parking place\opened\photo_17_2024-12-19_01-59-18.jpg,train
3386,4,parking place,opened,960,1280,photo_18_2024-12-18_02-17-32.jpg,dataset_top12\parking place\opened\photo_18_2024-12-18_02-17-32.jpg,train
3387,4,parking place,opened,822,780,photo_18_2024-12-19_01-56-44.jpg,dataset_top12\parking place\opened\photo_18_2024-12-19_01-56-44.jpg,train
3388,4,parking place,opened,960,1280,photo_18_2024-12-19_01-59-18.jpg,dataset_top12\parking place\opened\photo_18_2024-12-19_01-59-18.jpg,train
3389,4,parking place,opened,960,1280,photo_18_2024-12-19_02-00-05.jpg,dataset_top12\parking place\opened\photo_18_2024-12-19_02-00-05.jpg,validation
3390,4,parking place,opened,960,1280,photo_19_2024-12-09_12-50-33.jpg,dataset_top12\parking place\opened\photo_19_2024-12-09_12-50-33.jpg,validation
3391,4,parking place,opened,960,1280,photo_19_2024-12-18_02-17-32.jpg,dataset_top12\parking place\opened\photo_19_2024-12-18_02-17-32.jpg,train
3392,4,parking place,opened,960,1280,photo_19_2024-12-18_13-07-03.jpg,dataset_top12\parking place\opened\photo_19_2024-12-18_13-07-03.jpg,train
3393,4,parking place,opened,744,739,photo_19_2024-12-19_01-56-44.jpg,dataset_top12\parking place\opened\photo_19_2024-12-19_01-56-44.jpg,train
3394,4,parking place,opened,960,1280,photo_19_2024-12-19_02-00-05.jpg,dataset_top12\parking place\opened\photo_19_2024-12-19_02-00-05.jpg,train
3395,4,parking place,opened,960,1280,photo_1_2024-12-18_02-17-32.jpg,dataset_top12\parking place\opened\photo_1_2024-12-18_02-17-32.jpg,train
3396,4,parking place,opened,744,742,photo_1_2024-12-19_01-56-44.jpg,dataset_top12\parking place\opened\photo_1_2024-12-19_01-56-44.jpg,train
3397,4,parking place,opened,960,1280,photo_1_2024-12-19_02-00-05.jpg,dataset_top12\parking place\opened\photo_1_2024-12-19_02-00-05.jpg,train
3398,4,parking place,opened,960,1280,photo_20_2024-12-18_02-17-32.jpg,dataset_top12\parking place\opened\photo_20_2024-12-18_02-17-32.jpg,test
3399,4,parking place,opened,1149,1280,photo_20_2024-12-18_02-27-08.jpg,dataset_top12\parking place\opened\photo_20_2024-12-18_02-27-08.jpg,train
3400,4,parking place,opened,960,1280,photo_20_2024-12-18_02-27-47.jpg,dataset_top12\parking place\opened\photo_20_2024-12-18_02-27-47.jpg,train
3401,4,parking place,opened,763,727,photo_20_2024-12-19_01-56-44.jpg,dataset_top12\parking place\opened\photo_20_2024-12-19_01-56-44.jpg,train
3402,4,parking place,opened,960,1280,photo_21_2024-12-18_02-17-32.jpg,dataset_top12\parking place\opened\photo_21_2024-12-18_02-17-32.jpg,test
3403,4,parking place,opened,960,1280,photo_21_2024-12-18_02-33-06.jpg,dataset_top12\parking place\opened\photo_21_2024-12-18_02-33-06.jpg,test
3404,4,parking place,opened,960,1280,photo_21_2024-12-18_13-05-57.jpg,dataset_top12\parking place\opened\photo_21_2024-12-18_13-05-57.jpg,train
3405,4,parking place,opened,733,716,photo_21_2024-12-19_01-56-44.jpg,dataset_top12\parking place\opened\photo_21_2024-12-19_01-56-44.jpg,train
3406,4,parking place,opened,960,1280,photo_21_2024-12-19_01-59-18.jpg,dataset_top12\parking place\opened\photo_21_2024-12-19_01-59-18.jpg,test
3407,4,parking place,opened,960,1280,photo_22_2024-12-18_02-17-32.jpg,dataset_top12\parking place\opened\photo_22_2024-12-18_02-17-32.jpg,train
3408,4,parking place,opened,960,834,photo_22_2024-12-19_01-56-44.jpg,dataset_top12\parking place\opened\photo_22_2024-12-19_01-56-44.jpg,train
3409,4,parking place,opened,960,1280,photo_22_2024-12-19_01-59-18.jpg,dataset_top12\parking place\opened\photo_22_2024-12-19_01-59-18.jpg,train
3410,4,parking place,opened,960,1280,photo_22_2024-12-19_02-00-05.jpg,dataset_top12\parking place\opened\photo_22_2024-12-19_02-00-05.jpg,train
3411,4,parking place,opened,960,1280,photo_23_2024-12-18_02-17-32.jpg,dataset_top12\parking place\opened\photo_23_2024-12-18_02-17-32.jpg,test
3412,4,parking place,opened,960,1280,photo_23_2024-12-18_02-27-47.jpg,dataset_top12\parking place\opened\photo_23_2024-12-18_02-27-47.jpg,train
3413,4,parking place,opened,960,1280,photo_23_2024-12-18_13-07-03.jpg,dataset_top12\parking place\opened\photo_23_2024-12-18_13-07-03.jpg,train
3414,4,parking place,opened,802,770,photo_23_2024-12-19_01-56-44.jpg,dataset_top12\parking place\opened\photo_23_2024-12-19_01-56-44.jpg,train
3415,4,parking place,opened,960,1280,photo_23_2024-12-19_01-59-18.jpg,dataset_top12\parking place\opened\photo_23_2024-12-19_01-59-18.jpg,train
3416,4,parking place,opened,960,1280,photo_23_2024-12-19_02-00-05.jpg,dataset_top12\parking place\opened\photo_23_2024-12-19_02-00-05.jpg,train
3417,4,parking place,opened,960,1280,photo_24_2024-12-18_02-17-32.jpg,dataset_top12\parking place\opened\photo_24_2024-12-18_02-17-32.jpg,train
3418,4,parking place,opened,960,1280,photo_24_2024-12-18_12-58-24.jpg,dataset_top12\parking place\opened\photo_24_2024-12-18_12-58-24.jpg,validation
3419,4,parking place,opened,822,788,photo_24_2024-12-19_01-56-44.jpg,dataset_top12\parking place\opened\photo_24_2024-12-19_01-56-44.jpg,train
3420,4,parking place,opened,960,1280,photo_24_2024-12-19_01-59-18.jpg,dataset_top12\parking place\opened\photo_24_2024-12-19_01-59-18.jpg,train
3421,4,parking place,opened,960,1280,photo_25_2024-12-18_02-17-32.jpg,dataset_top12\parking place\opened\photo_25_2024-12-18_02-17-32.jpg,test
3422,4,parking place,opened,756,716,photo_25_2024-12-18_02-27-08.jpg,dataset_top12\parking place\opened\photo_25_2024-12-18_02-27-08.jpg,train
3423,4,parking place,opened,960,1280,photo_25_2024-12-18_13-05-57.jpg,dataset_top12\parking place\opened\photo_25_2024-12-18_13-05-57.jpg,train
3424,4,parking place,opened,728,788,photo_25_2024-12-19_01-56-44.jpg,dataset_top12\parking place\opened\photo_25_2024-12-19_01-56-44.jpg,train
3425,4,parking place,opened,960,1280,photo_26_2024-12-18_02-17-32.jpg,dataset_top12\parking place\opened\photo_26_2024-12-18_02-17-32.jpg,train
3426,4,parking place,opened,889,831,photo_26_2024-12-19_01-56-44.jpg,dataset_top12\parking place\opened\photo_26_2024-12-19_01-56-44.jpg,train
3427,4,parking place,opened,960,1280,photo_27_2024-12-18_02-17-32.jpg,dataset_top12\parking place\opened\photo_27_2024-12-18_02-17-32.jpg,train
3428,4,parking place,opened,749,813,photo_27_2024-12-19_01-56-44.jpg,dataset_top12\parking place\opened\photo_27_2024-12-19_01-56-44.jpg,train
3429,4,parking place,opened,960,1280,photo_27_2024-12-19_01-59-18.jpg,dataset_top12\parking place\opened\photo_27_2024-12-19_01-59-18.jpg,test
3430,4,parking place,opened,960,1280,photo_28_2024-12-18_02-17-32.jpg,dataset_top12\parking place\opened\photo_28_2024-12-18_02-17-32.jpg,test
3431,4,parking place,opened,852,775,photo_28_2024-12-19_01-56-44.jpg,dataset_top12\parking place\opened\photo_28_2024-12-19_01-56-44.jpg,train
3432,4,parking place,opened,960,1280,photo_29_2024-12-09_12-46-01.jpg,dataset_top12\parking place\opened\photo_29_2024-12-09_12-46-01.jpg,train
3433,4,parking place,opened,960,1280,photo_29_2024-12-18_02-17-32.jpg,dataset_top12\parking place\opened\photo_29_2024-12-18_02-17-32.jpg,test
3434,4,parking place,opened,960,1280,photo_29_2024-12-18_12-58-24.jpg,dataset_top12\parking place\opened\photo_29_2024-12-18_12-58-24.jpg,validation
3435,4,parking place,opened,960,1280,photo_2_2024-12-18_02-17-32.jpg,dataset_top12\parking place\opened\photo_2_2024-12-18_02-17-32.jpg,train
3436,4,parking place,opened,960,1280,photo_2_2024-12-18_13-06-32.jpg,dataset_top12\parking place\opened\photo_2_2024-12-18_13-06-32.jpg,train
3437,4,parking place,opened,792,760,photo_2_2024-12-19_01-56-44.jpg,dataset_top12\parking place\opened\photo_2_2024-12-19_01-56-44.jpg,validation
3438,4,parking place,opened,960,1280,photo_2_2024-12-19_02-00-05.jpg,dataset_top12\parking place\opened\photo_2_2024-12-19_02-00-05.jpg,train
3439,4,parking place,opened,960,1280,photo_30_2024-12-18_02-17-32.jpg,dataset_top12\parking place\opened\photo_30_2024-12-18_02-17-32.jpg,train
3440,4,parking place,opened,960,1280,photo_30_2024-12-18_13-05-57.jpg,dataset_top12\parking place\opened\photo_30_2024-12-18_13-05-57.jpg,train
3441,4,parking place,opened,960,1280,photo_30_2024-12-18_13-06-32.jpg,dataset_top12\parking place\opened\photo_30_2024-12-18_13-06-32.jpg,train
3442,4,parking place,opened,960,1280,photo_30_2024-12-19_02-00-05.jpg,dataset_top12\parking place\opened\photo_30_2024-12-19_02-00-05.jpg,train
3443,4,parking place,opened,960,1280,photo_31_2024-12-09_12-46-32.jpg,dataset_top12\parking place\opened\photo_31_2024-12-09_12-46-32.jpg,validation
3444,4,parking place,opened,960,1280,photo_31_2024-12-18_02-17-32.jpg,dataset_top12\parking place\opened\photo_31_2024-12-18_02-17-32.jpg,train
3445,4,parking place,opened,960,1280,photo_31_2024-12-18_13-06-32.jpg,dataset_top12\parking place\opened\photo_31_2024-12-18_13-06-32.jpg,validation
3446,4,parking place,opened,960,1280,photo_32_2024-12-18_02-17-32.jpg,dataset_top12\parking place\opened\photo_32_2024-12-18_02-17-32.jpg,train
3447,4,parking place,opened,960,1280,photo_32_2024-12-18_13-05-57.jpg,dataset_top12\parking place\opened\photo_32_2024-12-18_13-05-57.jpg,validation
3448,4,parking place,opened,960,1280,photo_33_2024-12-18_02-17-32.jpg,dataset_top12\parking place\opened\photo_33_2024-12-18_02-17-32.jpg,train
3449,4,parking place,opened,960,1280,photo_33_2024-12-18_02-27-47.jpg,dataset_top12\parking place\opened\photo_33_2024-12-18_02-27-47.jpg,validation
3450,4,parking place,opened,960,1280,photo_35_2024-12-18_02-17-32.jpg,dataset_top12\parking place\opened\photo_35_2024-12-18_02-17-32.jpg,train
3451,4,parking place,opened,960,1280,photo_35_2024-12-18_13-05-57.jpg,dataset_top12\parking place\opened\photo_35_2024-12-18_13-05-57.jpg,train
3452,4,parking place,opened,960,1280,photo_35_2024-12-19_02-00-05.jpg,dataset_top12\parking place\opened\photo_35_2024-12-19_02-00-05.jpg,test
3453,4,parking place,opened,960,1280,photo_36_2024-12-19_01-59-18.jpg,dataset_top12\parking place\opened\photo_36_2024-12-19_01-59-18.jpg,train
3454,4,parking place,opened,810,317,photo_37_2024-12-18_02-27-08.jpg,dataset_top12\parking place\opened\photo_37_2024-12-18_02-27-08.jpg,validation
3455,4,parking place,opened,960,1280,photo_37_2024-12-18_13-01-24.jpg,dataset_top12\parking place\opened\photo_37_2024-12-18_13-01-24.jpg,train
3456,4,parking place,opened,960,1280,photo_37_2024-12-18_13-06-32.jpg,dataset_top12\parking place\opened\photo_37_2024-12-18_13-06-32.jpg,train
3457,4,parking place,opened,960,1280,photo_37_2024-12-19_02-00-05.jpg,dataset_top12\parking place\opened\photo_37_2024-12-19_02-00-05.jpg,train
3458,4,parking place,opened,960,1280,photo_38_2024-12-18_02-33-06.jpg,dataset_top12\parking place\opened\photo_38_2024-12-18_02-33-06.jpg,train
3459,4,parking place,opened,960,1280,photo_39_2024-12-09_12-46-32.jpg,dataset_top12\parking place\opened\photo_39_2024-12-09_12-46-32.jpg,validation
3460,4,parking place,opened,960,1280,photo_39_2024-12-18_13-01-24.jpg,dataset_top12\parking place\opened\photo_39_2024-12-18_13-01-24.jpg,test
3461,4,parking place,opened,960,1280,photo_39_2024-12-18_13-05-57.jpg,dataset_top12\parking place\opened\photo_39_2024-12-18_13-05-57.jpg,validation
3462,4,parking place,opened,960,1280,photo_3_2024-12-18_02-17-32.jpg,dataset_top12\parking place\opened\photo_3_2024-12-18_02-17-32.jpg,train
3463,4,parking place,opened,774,720,photo_3_2024-12-19_01-56-44.jpg,dataset_top12\parking place\opened\photo_3_2024-12-19_01-56-44.jpg,test
3464,4,parking place,opened,960,1280,photo_3_2024-12-19_02-00-05.jpg,dataset_top12\parking place\opened\photo_3_2024-12-19_02-00-05.jpg,train
3465,4,parking place,opened,960,1280,photo_40_2024-12-18_02-25-50.jpg,dataset_top12\parking place\opened\photo_40_2024-12-18_02-25-50.jpg,train
3466,4,parking place,opened,960,1280,photo_40_2024-12-18_13-05-57.jpg,dataset_top12\parking place\opened\photo_40_2024-12-18_13-05-57.jpg,train
3467,4,parking place,opened,960,1280,photo_41_2024-12-18_13-01-24.jpg,dataset_top12\parking place\opened\photo_41_2024-12-18_13-01-24.jpg,train
3468,4,parking place,opened,960,1280,photo_41_2024-12-18_13-05-57.jpg,dataset_top12\parking place\opened\photo_41_2024-12-18_13-05-57.jpg,train
3469,4,parking place,opened,960,1280,photo_42_2024-12-18_13-05-57.jpg,dataset_top12\parking place\opened\photo_42_2024-12-18_13-05-57.jpg,train
3470,4,parking place,opened,960,1280,photo_42_2024-12-18_13-06-32.jpg,dataset_top12\parking place\opened\photo_42_2024-12-18_13-06-32.jpg,train
3471,4,parking place,opened,960,1280,photo_42_2024-12-18_13-07-03.jpg,dataset_top12\parking place\opened\photo_42_2024-12-18_13-07-03.jpg,train
3472,4,parking place,opened,960,1280,photo_43_2024-12-18_02-17-32.jpg,dataset_top12\parking place\opened\photo_43_2024-12-18_02-17-32.jpg,train
3473,4,parking place,opened,960,1280,photo_43_2024-12-18_02-25-50.jpg,dataset_top12\parking place\opened\photo_43_2024-12-18_02-25-50.jpg,test
3474,4,parking place,opened,960,1280,photo_43_2024-12-18_13-06-32.jpg,dataset_top12\parking place\opened\photo_43_2024-12-18_13-06-32.jpg,test
3475,4,parking place,opened,960,1280,photo_43_2024-12-19_01-59-18.jpg,dataset_top12\parking place\opened\photo_43_2024-12-19_01-59-18.jpg,train
3476,4,parking place,opened,960,1280,photo_44_2024-12-18_12-58-24.jpg,dataset_top12\parking place\opened\photo_44_2024-12-18_12-58-24.jpg,validation
3477,4,parking place,opened,960,1280,photo_44_2024-12-18_13-05-57.jpg,dataset_top12\parking place\opened\photo_44_2024-12-18_13-05-57.jpg,train
3478,4,parking place,opened,960,1280,photo_44_2024-12-19_01-59-18.jpg,dataset_top12\parking place\opened\photo_44_2024-12-19_01-59-18.jpg,test
3479,4,parking place,opened,1280,1046,photo_45_2024-12-18_02-27-08.jpg,dataset_top12\parking place\opened\photo_45_2024-12-18_02-27-08.jpg,test
3480,4,parking place,opened,960,1280,photo_45_2024-12-19_02-00-05.jpg,dataset_top12\parking place\opened\photo_45_2024-12-19_02-00-05.jpg,validation
3481,4,parking place,opened,960,1280,photo_46_2024-12-19_02-00-05.jpg,dataset_top12\parking place\opened\photo_46_2024-12-19_02-00-05.jpg,train
3482,4,parking place,opened,960,1280,photo_47_2024-12-18_02-17-32.jpg,dataset_top12\parking place\opened\photo_47_2024-12-18_02-17-32.jpg,train
3483,4,parking place,opened,960,1280,photo_47_2024-12-18_13-05-57.jpg,dataset_top12\parking place\opened\photo_47_2024-12-18_13-05-57.jpg,train
3484,4,parking place,opened,960,1280,photo_47_2024-12-19_02-00-05.jpg,dataset_top12\parking place\opened\photo_47_2024-12-19_02-00-05.jpg,train
3485,4,parking place,opened,960,1280,photo_48_2024-12-18_02-17-32.jpg,dataset_top12\parking place\opened\photo_48_2024-12-18_02-17-32.jpg,train
3486,4,parking place,opened,1280,1236,photo_48_2024-12-18_02-27-08.jpg,dataset_top12\parking place\opened\photo_48_2024-12-18_02-27-08.jpg,train
3487,4,parking place,opened,960,1280,photo_48_2024-12-19_02-00-05.jpg,dataset_top12\parking place\opened\photo_48_2024-12-19_02-00-05.jpg,train
3488,4,parking place,opened,960,1280,photo_49_2024-12-18_13-05-57.jpg,dataset_top12\parking place\opened\photo_49_2024-12-18_13-05-57.jpg,train
3489,4,parking place,opened,960,1280,photo_49_2024-12-19_02-00-05.jpg,dataset_top12\parking place\opened\photo_49_2024-12-19_02-00-05.jpg,train
3490,4,parking place,opened,960,1280,photo_4_2024-12-18_02-17-32.jpg,dataset_top12\parking place\opened\photo_4_2024-12-18_02-17-32.jpg,train
3491,4,parking place,opened,933,836,photo_4_2024-12-19_01-56-44.jpg,dataset_top12\parking place\opened\photo_4_2024-12-19_01-56-44.jpg,validation
3492,4,parking place,opened,960,1280,photo_4_2024-12-19_02-00-05.jpg,dataset_top12\parking place\opened\photo_4_2024-12-19_02-00-05.jpg,train
3493,4,parking place,opened,960,1280,photo_50_2024-12-18_02-17-32.jpg,dataset_top12\parking place\opened\photo_50_2024-12-18_02-17-32.jpg,test
3494,4,parking place,opened,960,1280,photo_50_2024-12-19_02-00-05.jpg,dataset_top12\parking place\opened\photo_50_2024-12-19_02-00-05.jpg,train
3495,4,parking place,opened,960,1280,photo_51_2024-12-18_13-01-24.jpg,dataset_top12\parking place\opened\photo_51_2024-12-18_13-01-24.jpg,train
3496,4,parking place,opened,960,1280,photo_51_2024-12-18_13-05-57.jpg,dataset_top12\parking place\opened\photo_51_2024-12-18_13-05-57.jpg,train
3497,4,parking place,opened,960,1280,photo_51_2024-12-18_13-06-32.jpg,dataset_top12\parking place\opened\photo_51_2024-12-18_13-06-32.jpg,train
3498,4,parking place,opened,960,1280,photo_52_2024-12-18_12-58-24.jpg,dataset_top12\parking place\opened\photo_52_2024-12-18_12-58-24.jpg,train
3499,4,parking place,opened,960,1280,photo_52_2024-12-18_13-00-25.jpg,dataset_top12\parking place\opened\photo_52_2024-12-18_13-00-25.jpg,train
3500,4,parking place,opened,960,1280,photo_52_2024-12-18_13-05-57.jpg,dataset_top12\parking place\opened\photo_52_2024-12-18_13-05-57.jpg,test
3501,4,parking place,opened,960,1280,photo_52_2024-12-18_13-06-32.jpg,dataset_top12\parking place\opened\photo_52_2024-12-18_13-06-32.jpg,train
3502,4,parking place,opened,960,1280,photo_53_2024-12-09_12-46-01.jpg,dataset_top12\parking place\opened\photo_53_2024-12-09_12-46-01.jpg,test
3503,4,parking place,opened,1280,917,photo_53_2024-12-18_02-27-08.jpg,dataset_top12\parking place\opened\photo_53_2024-12-18_02-27-08.jpg,train
3504,4,parking place,opened,960,1280,photo_53_2024-12-18_13-00-25.jpg,dataset_top12\parking place\opened\photo_53_2024-12-18_13-00-25.jpg,train
3505,4,parking place,opened,960,1280,photo_53_2024-12-18_13-06-32.jpg,dataset_top12\parking place\opened\photo_53_2024-12-18_13-06-32.jpg,test
3506,4,parking place,opened,960,1280,photo_54_2024-12-18_13-00-25.jpg,dataset_top12\parking place\opened\photo_54_2024-12-18_13-00-25.jpg,train
3507,4,parking place,opened,960,1280,photo_56_2024-12-18_02-27-47.jpg,dataset_top12\parking place\opened\photo_56_2024-12-18_02-27-47.jpg,test
3508,4,parking place,opened,960,1280,photo_56_2024-12-18_13-00-25.jpg,dataset_top12\parking place\opened\photo_56_2024-12-18_13-00-25.jpg,train
3509,4,parking place,opened,960,1280,photo_56_2024-12-19_01-59-18.jpg,dataset_top12\parking place\opened\photo_56_2024-12-19_01-59-18.jpg,train
3510,4,parking place,opened,960,1280,photo_56_2024-12-19_02-00-05.jpg,dataset_top12\parking place\opened\photo_56_2024-12-19_02-00-05.jpg,validation
3511,4,parking place,opened,960,1280,photo_57_2024-12-09_12-46-32.jpg,dataset_top12\parking place\opened\photo_57_2024-12-09_12-46-32.jpg,validation
3512,4,parking place,opened,960,1280,photo_57_2024-12-18_02-17-32.jpg,dataset_top12\parking place\opened\photo_57_2024-12-18_02-17-32.jpg,train
3513,4,parking place,opened,546,447,photo_57_2024-12-18_02-28-33.jpg,dataset_top12\parking place\opened\photo_57_2024-12-18_02-28-33.jpg,train
3514,4,parking place,opened,960,1280,photo_57_2024-12-18_13-00-25.jpg,dataset_top12\parking place\opened\photo_57_2024-12-18_13-00-25.jpg,train
3515,4,parking place,opened,960,1280,photo_57_2024-12-18_13-01-24.jpg,dataset_top12\parking place\opened\photo_57_2024-12-18_13-01-24.jpg,validation
3516,4,parking place,opened,960,1280,photo_57_2024-12-19_01-59-18.jpg,dataset_top12\parking place\opened\photo_57_2024-12-19_01-59-18.jpg,train
3517,4,parking place,opened,960,1280,photo_57_2024-12-19_02-00-05.jpg,dataset_top12\parking place\opened\photo_57_2024-12-19_02-00-05.jpg,validation
3518,4,parking place,opened,960,1280,photo_58_2024-12-18_13-00-25.jpg,dataset_top12\parking place\opened\photo_58_2024-12-18_13-00-25.jpg,test
3519,4,parking place,opened,960,1280,photo_58_2024-12-18_13-05-57.jpg,dataset_top12\parking place\opened\photo_58_2024-12-18_13-05-57.jpg,train
3520,4,parking place,opened,960,1280,photo_58_2024-12-19_01-59-18.jpg,dataset_top12\parking place\opened\photo_58_2024-12-19_01-59-18.jpg,train
3521,4,parking place,opened,960,1280,photo_58_2024-12-19_02-00-05.jpg,dataset_top12\parking place\opened\photo_58_2024-12-19_02-00-05.jpg,train
3522,4,parking place,opened,960,1280,photo_59_2024-12-18_02-17-32.jpg,dataset_top12\parking place\opened\photo_59_2024-12-18_02-17-32.jpg,train
3523,4,parking place,opened,960,1280,photo_59_2024-12-18_12-58-24.jpg,dataset_top12\parking place\opened\photo_59_2024-12-18_12-58-24.jpg,test
3524,4,parking place,opened,960,1280,photo_59_2024-12-19_01-59-18.jpg,dataset_top12\parking place\opened\photo_59_2024-12-19_01-59-18.jpg,train
3525,4,parking place,opened,960,1280,photo_5_2024-12-09_12-46-01.jpg,dataset_top12\parking place\opened\photo_5_2024-12-09_12-46-01.jpg,test
3526,4,parking place,opened,960,1280,photo_5_2024-12-18_02-17-32.jpg,dataset_top12\parking place\opened\photo_5_2024-12-18_02-17-32.jpg,validation
3527,4,parking place,opened,960,1280,photo_5_2024-12-18_13-06-32.jpg,dataset_top12\parking place\opened\photo_5_2024-12-18_13-06-32.jpg,train
3528,4,parking place,opened,774,729,photo_5_2024-12-19_01-56-44.jpg,dataset_top12\parking place\opened\photo_5_2024-12-19_01-56-44.jpg,train
3529,4,parking place,opened,960,1280,photo_5_2024-12-19_02-00-05.jpg,dataset_top12\parking place\opened\photo_5_2024-12-19_02-00-05.jpg,validation
3530,4,parking place,opened,960,1280,photo_60_2024-12-18_02-17-32.jpg,dataset_top12\parking place\opened\photo_60_2024-12-18_02-17-32.jpg,train
3531,4,parking place,opened,960,1280,photo_60_2024-12-18_13-01-24.jpg,dataset_top12\parking place\opened\photo_60_2024-12-18_13-01-24.jpg,validation
3532,4,parking place,opened,960,1280,photo_60_2024-12-19_01-59-18.jpg,dataset_top12\parking place\opened\photo_60_2024-12-19_01-59-18.jpg,train
3533,4,parking place,opened,960,1280,photo_61_2024-12-18_02-17-32.jpg,dataset_top12\parking place\opened\photo_61_2024-12-18_02-17-32.jpg,train
3534,4,parking place,opened,960,1280,photo_61_2024-12-18_13-00-25.jpg,dataset_top12\parking place\opened\photo_61_2024-12-18_13-00-25.jpg,train
3535,4,parking place,opened,960,1280,photo_61_2024-12-19_01-59-18.jpg,dataset_top12\parking place\opened\photo_61_2024-12-19_01-59-18.jpg,train
3536,4,parking place,opened,960,1280,photo_62_2024-12-18_13-06-32.jpg,dataset_top12\parking place\opened\photo_62_2024-12-18_13-06-32.jpg,test
3537,4,parking place,opened,960,1280,photo_62_2024-12-19_01-59-18.jpg,dataset_top12\parking place\opened\photo_62_2024-12-19_01-59-18.jpg,train
3538,4,parking place,opened,960,1280,photo_63_2024-12-18_13-01-24.jpg,dataset_top12\parking place\opened\photo_63_2024-12-18_13-01-24.jpg,validation
3539,4,parking place,opened,960,1280,photo_63_2024-12-18_13-06-32.jpg,dataset_top12\parking place\opened\photo_63_2024-12-18_13-06-32.jpg,train
3540,4,parking place,opened,960,1280,photo_63_2024-12-19_01-59-18.jpg,dataset_top12\parking place\opened\photo_63_2024-12-19_01-59-18.jpg,train
3541,4,parking place,opened,960,1280,photo_64_2024-12-18_13-01-24.jpg,dataset_top12\parking place\opened\photo_64_2024-12-18_13-01-24.jpg,train
3542,4,parking place,opened,960,1280,photo_64_2024-12-19_01-59-18.jpg,dataset_top12\parking place\opened\photo_64_2024-12-19_01-59-18.jpg,train
3543,4,parking place,opened,960,1280,photo_65_2024-12-19_01-59-18.jpg,dataset_top12\parking place\opened\photo_65_2024-12-19_01-59-18.jpg,train
3544,4,parking place,opened,960,1280,photo_66_2024-12-18_13-01-24.jpg,dataset_top12\parking place\opened\photo_66_2024-12-18_13-01-24.jpg,train
3545,4,parking place,opened,960,1280,photo_66_2024-12-18_13-06-32.jpg,dataset_top12\parking place\opened\photo_66_2024-12-18_13-06-32.jpg,train
3546,4,parking place,opened,960,1280,photo_66_2024-12-19_01-59-18.jpg,dataset_top12\parking place\opened\photo_66_2024-12-19_01-59-18.jpg,train
3547,4,parking place,opened,960,1280,photo_67_2024-12-19_01-59-18.jpg,dataset_top12\parking place\opened\photo_67_2024-12-19_01-59-18.jpg,train
3548,4,parking place,opened,960,1280,photo_68_2024-12-09_12-49-48.jpg,dataset_top12\parking place\opened\photo_68_2024-12-09_12-49-48.jpg,train
3549,4,parking place,opened,960,1280,photo_68_2024-12-18_02-17-32.jpg,dataset_top12\parking place\opened\photo_68_2024-12-18_02-17-32.jpg,train
3550,4,parking place,opened,960,1280,photo_68_2024-12-18_13-01-24.jpg,dataset_top12\parking place\opened\photo_68_2024-12-18_13-01-24.jpg,train
3551,4,parking place,opened,960,1280,photo_68_2024-12-19_01-59-18.jpg,dataset_top12\parking place\opened\photo_68_2024-12-19_01-59-18.jpg,test
3552,4,parking place,opened,960,1280,photo_68_2024-12-19_02-00-05.jpg,dataset_top12\parking place\opened\photo_68_2024-12-19_02-00-05.jpg,validation
3553,4,parking place,opened,960,1280,photo_69_2024-12-18_13-03-52.jpg,dataset_top12\parking place\opened\photo_69_2024-12-18_13-03-52.jpg,train
3554,4,parking place,opened,960,1280,photo_69_2024-12-19_01-59-18.jpg,dataset_top12\parking place\opened\photo_69_2024-12-19_01-59-18.jpg,train
3555,4,parking place,opened,960,1280,photo_6_2024-12-18_02-17-32.jpg,dataset_top12\parking place\opened\photo_6_2024-12-18_02-17-32.jpg,train
3556,4,parking place,opened,960,1280,photo_6_2024-12-18_02-33-06.jpg,dataset_top12\parking place\opened\photo_6_2024-12-18_02-33-06.jpg,train
3557,4,parking place,opened,960,1280,photo_6_2024-12-18_13-07-03.jpg,dataset_top12\parking place\opened\photo_6_2024-12-18_13-07-03.jpg,train
3558,4,parking place,opened,755,724,photo_6_2024-12-19_01-56-44.jpg,dataset_top12\parking place\opened\photo_6_2024-12-19_01-56-44.jpg,train
3559,4,parking place,opened,960,1280,photo_6_2024-12-19_02-00-05.jpg,dataset_top12\parking place\opened\photo_6_2024-12-19_02-00-05.jpg,test
3560,4,parking place,opened,960,1280,photo_70_2024-12-18_13-03-52.jpg,dataset_top12\parking place\opened\photo_70_2024-12-18_13-03-52.jpg,validation
3561,4,parking place,opened,960,1280,photo_70_2024-12-19_01-59-18.jpg,dataset_top12\parking place\opened\photo_70_2024-12-19_01-59-18.jpg,train
3562,4,parking place,opened,960,1280,photo_70_2024-12-19_02-00-05.jpg,dataset_top12\parking place\opened\photo_70_2024-12-19_02-00-05.jpg,validation
3563,4,parking place,opened,960,1280,photo_71_2024-12-18_02-33-06.jpg,dataset_top12\parking place\opened\photo_71_2024-12-18_02-33-06.jpg,validation
3564,4,parking place,opened,960,1280,photo_71_2024-12-18_13-01-24.jpg,dataset_top12\parking place\opened\photo_71_2024-12-18_13-01-24.jpg,test
3565,4,parking place,opened,960,1280,photo_71_2024-12-18_13-03-52.jpg,dataset_top12\parking place\opened\photo_71_2024-12-18_13-03-52.jpg,train
3566,4,parking place,opened,960,1280,photo_71_2024-12-19_01-59-18.jpg,dataset_top12\parking place\opened\photo_71_2024-12-19_01-59-18.jpg,test
3567,4,parking place,opened,960,1280,photo_71_2024-12-19_02-00-05.jpg,dataset_top12\parking place\opened\photo_71_2024-12-19_02-00-05.jpg,train
3568,4,parking place,opened,960,1280,photo_72_2024-12-19_01-59-18.jpg,dataset_top12\parking place\opened\photo_72_2024-12-19_01-59-18.jpg,train
3569,4,parking place,opened,960,1280,photo_73_2024-12-18_13-01-24.jpg,dataset_top12\parking place\opened\photo_73_2024-12-18_13-01-24.jpg,train
3570,4,parking place,opened,960,1280,photo_73_2024-12-19_01-59-18.jpg,dataset_top12\parking place\opened\photo_73_2024-12-19_01-59-18.jpg,train
3571,4,parking place,opened,960,1280,photo_73_2024-12-19_02-00-05.jpg,dataset_top12\parking place\opened\photo_73_2024-12-19_02-00-05.jpg,test
3572,4,parking place,opened,960,1280,photo_74_2024-12-19_01-59-18.jpg,dataset_top12\parking place\opened\photo_74_2024-12-19_01-59-18.jpg,validation
3573,4,parking place,opened,960,1280,photo_74_2024-12-19_02-00-05.jpg,dataset_top12\parking place\opened\photo_74_2024-12-19_02-00-05.jpg,train
3574,4,parking place,opened,960,1280,photo_75_2024-12-19_01-59-18.jpg,dataset_top12\parking place\opened\photo_75_2024-12-19_01-59-18.jpg,test
3575,4,parking place,opened,960,1280,photo_75_2024-12-19_02-00-05.jpg,dataset_top12\parking place\opened\photo_75_2024-12-19_02-00-05.jpg,test
3576,4,parking place,opened,1078,1280,photo_76_2024-12-18_02-27-08.jpg,dataset_top12\parking place\opened\photo_76_2024-12-18_02-27-08.jpg,train
3577,4,parking place,opened,960,1280,photo_76_2024-12-19_01-59-18.jpg,dataset_top12\parking place\opened\photo_76_2024-12-19_01-59-18.jpg,train
3578,4,parking place,opened,960,1280,photo_76_2024-12-19_02-00-05.jpg,dataset_top12\parking place\opened\photo_76_2024-12-19_02-00-05.jpg,train
3579,4,parking place,opened,960,1280,photo_77_2024-12-18_02-17-32.jpg,dataset_top12\parking place\opened\photo_77_2024-12-18_02-17-32.jpg,test
3580,4,parking place,opened,960,1280,photo_77_2024-12-18_13-01-24.jpg,dataset_top12\parking place\opened\photo_77_2024-12-18_13-01-24.jpg,train
3581,4,parking place,opened,960,1280,photo_77_2024-12-19_01-59-18.jpg,dataset_top12\parking place\opened\photo_77_2024-12-19_01-59-18.jpg,train
3582,4,parking place,opened,960,1280,photo_78_2024-12-19_01-59-18.jpg,dataset_top12\parking place\opened\photo_78_2024-12-19_01-59-18.jpg,validation
3583,4,parking place,opened,960,1280,photo_79_2024-12-19_01-59-18.jpg,dataset_top12\parking place\opened\photo_79_2024-12-19_01-59-18.jpg,train
3584,4,parking place,opened,960,1280,photo_7_2024-12-18_02-17-32.jpg,dataset_top12\parking place\opened\photo_7_2024-12-18_02-17-32.jpg,train
3585,4,parking place,opened,762,724,photo_7_2024-12-19_01-56-44.jpg,dataset_top12\parking place\opened\photo_7_2024-12-19_01-56-44.jpg,validation
3586,4,parking place,opened,960,1280,photo_7_2024-12-19_02-00-05.jpg,dataset_top12\parking place\opened\photo_7_2024-12-19_02-00-05.jpg,train
3587,4,parking place,opened,960,1280,photo_80_2024-12-19_01-59-18.jpg,dataset_top12\parking place\opened\photo_80_2024-12-19_01-59-18.jpg,test
3588,4,parking place,opened,1061,1280,photo_81_2024-12-18_02-27-08.jpg,dataset_top12\parking place\opened\photo_81_2024-12-18_02-27-08.jpg,train
3589,4,parking place,opened,960,1280,photo_81_2024-12-19_01-59-18.jpg,dataset_top12\parking place\opened\photo_81_2024-12-19_01-59-18.jpg,train
3590,4,parking place,opened,960,1280,photo_82_2024-12-19_01-59-18.jpg,dataset_top12\parking place\opened\photo_82_2024-12-19_01-59-18.jpg,validation
3591,4,parking place,opened,960,1280,photo_83_2024-12-19_01-59-18.jpg,dataset_top12\parking place\opened\photo_83_2024-12-19_01-59-18.jpg,train
3592,4,parking place,opened,960,1280,photo_83_2024-12-19_02-00-05.jpg,dataset_top12\parking place\opened\photo_83_2024-12-19_02-00-05.jpg,train
3593,4,parking place,opened,960,1280,photo_84_2024-12-18_02-33-06.jpg,dataset_top12\parking place\opened\photo_84_2024-12-18_02-33-06.jpg,validation
3594,4,parking place,opened,960,1280,photo_85_2024-12-18_02-33-06.jpg,dataset_top12\parking place\opened\photo_85_2024-12-18_02-33-06.jpg,train
3595,4,parking place,opened,960,1280,photo_85_2024-12-19_01-59-18.jpg,dataset_top12\parking place\opened\photo_85_2024-12-19_01-59-18.jpg,train
3596,4,parking place,opened,960,1280,photo_86_2024-12-18_12-58-24.jpg,dataset_top12\parking place\opened\photo_86_2024-12-18_12-58-24.jpg,train
3597,4,parking place,opened,960,1280,photo_86_2024-12-18_13-01-24.jpg,dataset_top12\parking place\opened\photo_86_2024-12-18_13-01-24.jpg,validation
3598,4,parking place,opened,960,1280,photo_86_2024-12-19_01-59-18.jpg,dataset_top12\parking place\opened\photo_86_2024-12-19_01-59-18.jpg,train
3599,4,parking place,opened,960,1280,photo_86_2024-12-19_02-00-05.jpg,dataset_top12\parking place\opened\photo_86_2024-12-19_02-00-05.jpg,train
3600,4,parking place,opened,960,1280,photo_87_2024-12-09_12-46-01.jpg,dataset_top12\parking place\opened\photo_87_2024-12-09_12-46-01.jpg,train
3601,4,parking place,opened,960,1280,photo_87_2024-12-18_02-33-06.jpg,dataset_top12\parking place\opened\photo_87_2024-12-18_02-33-06.jpg,train
3602,4,parking place,opened,960,1280,photo_87_2024-12-19_01-59-18.jpg,dataset_top12\parking place\opened\photo_87_2024-12-19_01-59-18.jpg,train
3603,4,parking place,opened,960,1280,photo_88_2024-12-18_12-58-24.jpg,dataset_top12\parking place\opened\photo_88_2024-12-18_12-58-24.jpg,train
3604,4,parking place,opened,960,1280,photo_88_2024-12-19_01-59-18.jpg,dataset_top12\parking place\opened\photo_88_2024-12-19_01-59-18.jpg,train
3605,4,parking place,opened,960,1280,photo_89_2024-12-19_01-59-18.jpg,dataset_top12\parking place\opened\photo_89_2024-12-19_01-59-18.jpg,train
3606,4,parking place,opened,960,1280,photo_89_2024-12-19_02-00-05.jpg,dataset_top12\parking place\opened\photo_89_2024-12-19_02-00-05.jpg,train
3607,4,parking place,opened,960,1280,photo_8_2024-12-18_02-17-32.jpg,dataset_top12\parking place\opened\photo_8_2024-12-18_02-17-32.jpg,train
3608,4,parking place,opened,960,1280,photo_8_2024-12-18_13-06-32.jpg,dataset_top12\parking place\opened\photo_8_2024-12-18_13-06-32.jpg,train
3609,4,parking place,opened,891,841,photo_8_2024-12-19_01-56-44.jpg,dataset_top12\parking place\opened\photo_8_2024-12-19_01-56-44.jpg,test
3610,4,parking place,opened,960,1280,photo_8_2024-12-19_02-00-05.jpg,dataset_top12\parking place\opened\photo_8_2024-12-19_02-00-05.jpg,train
3611,4,parking place,opened,532,414,photo_90_2024-12-18_02-27-47.jpg,dataset_top12\parking place\opened\photo_90_2024-12-18_02-27-47.jpg,validation
3612,4,parking place,opened,960,1280,photo_90_2024-12-19_01-59-18.jpg,dataset_top12\parking place\opened\photo_90_2024-12-19_01-59-18.jpg,train
3613,4,parking place,opened,960,1280,photo_90_2024-12-19_02-00-05.jpg,dataset_top12\parking place\opened\photo_90_2024-12-19_02-00-05.jpg,train
3614,4,parking place,opened,960,1280,photo_91_2024-12-19_01-59-18.jpg,dataset_top12\parking place\opened\photo_91_2024-12-19_01-59-18.jpg,validation
3615,4,parking place,opened,960,1280,photo_91_2024-12-19_02-00-05.jpg,dataset_top12\parking place\opened\photo_91_2024-12-19_02-00-05.jpg,train
3616,4,parking place,opened,960,1280,photo_92_2024-12-19_01-59-18.jpg,dataset_top12\parking place\opened\photo_92_2024-12-19_01-59-18.jpg,validation
3617,4,parking place,opened,960,1280,photo_93_2024-12-18_12-58-24.jpg,dataset_top12\parking place\opened\photo_93_2024-12-18_12-58-24.jpg,train
3618,4,parking place,opened,960,1280,photo_93_2024-12-19_01-59-18.jpg,dataset_top12\parking place\opened\photo_93_2024-12-19_01-59-18.jpg,train
3619,4,parking place,opened,960,1280,photo_94_2024-12-19_01-59-18.jpg,dataset_top12\parking place\opened\photo_94_2024-12-19_01-59-18.jpg,train
3620,4,parking place,opened,960,1280,photo_94_2024-12-19_02-00-05.jpg,dataset_top12\parking place\opened\photo_94_2024-12-19_02-00-05.jpg,test
3621,4,parking place,opened,960,1280,photo_95_2024-12-19_01-59-18.jpg,dataset_top12\parking place\opened\photo_95_2024-12-19_01-59-18.jpg,train
3622,4,parking place,opened,960,1280,photo_95_2024-12-19_02-00-05.jpg,dataset_top12\parking place\opened\photo_95_2024-12-19_02-00-05.jpg,validation
3623,4,parking place,opened,960,1280,photo_96_2024-12-18_12-58-24.jpg,dataset_top12\parking place\opened\photo_96_2024-12-18_12-58-24.jpg,train
3624,4,parking place,opened,960,1280,photo_96_2024-12-19_01-59-18.jpg,dataset_top12\parking place\opened\photo_96_2024-12-19_01-59-18.jpg,test
3625,4,parking place,opened,960,1280,photo_96_2024-12-19_02-00-05.jpg,dataset_top12\parking place\opened\photo_96_2024-12-19_02-00-05.jpg,validation
3626,4,parking place,opened,960,1280,photo_97_2024-12-18_12-58-24.jpg,dataset_top12\parking place\opened\photo_97_2024-12-18_12-58-24.jpg,validation
3627,4,parking place,opened,960,1280,photo_97_2024-12-19_01-59-18.jpg,dataset_top12\parking place\opened\photo_97_2024-12-19_01-59-18.jpg,train
3628,4,parking place,opened,960,1280,photo_98_2024-12-18_02-25-50.jpg,dataset_top12\parking place\opened\photo_98_2024-12-18_02-25-50.jpg,train
3629,4,parking place,opened,801,745,photo_98_2024-12-18_02-33-06.jpg,dataset_top12\parking place\opened\photo_98_2024-12-18_02-33-06.jpg,train
3630,4,parking place,opened,960,1280,photo_98_2024-12-19_01-59-18.jpg,dataset_top12\parking place\opened\photo_98_2024-12-19_01-59-18.jpg,train
3631,4,parking place,opened,960,1280,photo_99_2024-12-18_02-27-47.jpg,dataset_top12\parking place\opened\photo_99_2024-12-18_02-27-47.jpg,train
3632,4,parking place,opened,960,1280,photo_99_2024-12-19_01-59-18.jpg,dataset_top12\parking place\opened\photo_99_2024-12-19_01-59-18.jpg,train
3633,4,parking place,opened,960,1280,photo_9_2024-12-18_02-17-32.jpg,dataset_top12\parking place\opened\photo_9_2024-12-18_02-17-32.jpg,test
3634,4,parking place,opened,960,1280,photo_9_2024-12-18_13-05-57.jpg,dataset_top12\parking place\opened\photo_9_2024-12-18_13-05-57.jpg,train
3635,4,parking place,opened,729,636,photo_9_2024-12-19_01-56-44.jpg,dataset_top12\parking place\opened\photo_9_2024-12-19_01-56-44.jpg,train
3636,4,parking place,closed,4624,3468,20241102_123354.jpg,dataset_top12\parking place\closed\20241102_123354.jpg,test
3637,4,parking place,closed,4624,3468,20241102_123550.jpg,dataset_top12\parking place\closed\20241102_123550.jpg,test
3638,4,parking place,closed,960,1280,photo_12_2024-12-09_12-46-01.jpg,dataset_top12\parking place\closed\photo_12_2024-12-09_12-46-01.jpg,validation
3639,4,parking place,closed,960,1280,photo_16_2024-12-09_12-46-32.jpg,dataset_top12\parking place\closed\photo_16_2024-12-09_12-46-32.jpg,train
3640,4,parking place,closed,578,583,photo_37_2024-12-09_12-45-24.jpg,dataset_top12\parking place\closed\photo_37_2024-12-09_12-45-24.jpg,validation
3641,4,parking place,closed,960,1280,photo_40_2024-12-05_22-23-10.jpg,dataset_top12\parking place\closed\photo_40_2024-12-05_22-23-10.jpg,test
3642,4,parking place,closed,960,1280,photo_41_2024-12-05_22-23-10.jpg,dataset_top12\parking place\closed\photo_41_2024-12-05_22-23-10.jpg,train
3643,4,parking place,closed,720,1280,photo_5278624148517676513_y.jpg,dataset_top12\parking place\closed\photo_5278624148517676513_y.jpg,train
3644,4,parking place,closed,720,1280,photo_5278624148517676514_y.jpg,dataset_top12\parking place\closed\photo_5278624148517676514_y.jpg,train
3645,4,parking place,closed,720,1280,photo_5278624148517676515_y.jpg,dataset_top12\parking place\closed\photo_5278624148517676515_y.jpg,train
3646,4,parking place,closed,720,1280,photo_5278624148517676540_y.jpg,dataset_top12\parking place\closed\photo_5278624148517676540_y.jpg,train
3647,4,parking place,closed,720,1280,photo_5278624148517676543_y.jpg,dataset_top12\parking place\closed\photo_5278624148517676543_y.jpg,train
3648,4,parking place,closed,720,1280,photo_5278624148517676549_y.jpg,dataset_top12\parking place\closed\photo_5278624148517676549_y.jpg,train
3649,4,parking place,closed,720,1280,photo_5278624148517676560_y.jpg,dataset_top12\parking place\closed\photo_5278624148517676560_y.jpg,train
3650,4,parking place,closed,720,1280,photo_5278624148517676564_y.jpg,dataset_top12\parking place\closed\photo_5278624148517676564_y.jpg,test
3651,4,parking place,closed,960,1280,photo_5278624148517676630_y.jpg,dataset_top12\parking place\closed\photo_5278624148517676630_y.jpg,train
3652,4,parking place,closed,960,1280,photo_5278624148517676631_y.jpg,dataset_top12\parking place\closed\photo_5278624148517676631_y.jpg,validation
3653,4,parking place,closed,960,1280,photo_5278624148517676632_y.jpg,dataset_top12\parking place\closed\photo_5278624148517676632_y.jpg,train
3654,4,parking place,closed,960,1280,photo_5278624148517676640_y.jpg,dataset_top12\parking place\closed\photo_5278624148517676640_y.jpg,train
3655,4,parking place,closed,635,640,photo_55_2024-12-09_12-45-24.jpg,dataset_top12\parking place\closed\photo_55_2024-12-09_12-45-24.jpg,train
3656,4,parking place,closed,960,1280,photo_69_2024-12-05_22-23-10.jpg,dataset_top12\parking place\closed\photo_69_2024-12-05_22-23-10.jpg,train
3657,4,parking place,closed,631,629,photo_77_2024-12-09_12-45-24.jpg,dataset_top12\parking place\closed\photo_77_2024-12-09_12-45-24.jpg,train
3658,4,parking place,closed,680,674,photo_78_2024-12-09_12-45-24.jpg,dataset_top12\parking place\closed\photo_78_2024-12-09_12-45-24.jpg,train
3659,4,parking place,closed,960,1280,photo_81_2024-12-09_12-46-01.jpg,dataset_top12\parking place\closed\photo_81_2024-12-09_12-46-01.jpg,train
3660,4,parking place,closed,799,386,photo_83_2024-12-18_02-27-47.jpg,dataset_top12\parking place\closed\photo_83_2024-12-18_02-27-47.jpg,train
3661,4,parking place,closed,1280,975,photo_85_2024-12-18_02-27-08.jpg,dataset_top12\parking place\closed\photo_85_2024-12-18_02-27-08.jpg,validation
3662,4,parking place,closed,960,1280,photo_9_2024-12-19_02-00-05.jpg,dataset_top12\parking place\closed\photo_9_2024-12-19_02-00-05.jpg,train
3663,5,maximum speed limit_40,opened,2496,2496,IMG_20241029_175454.jpg,dataset_top12\maximum speed limit_40\opened\IMG_20241029_175454.jpg,train
3664,5,maximum speed limit_40,opened,620,646,photo_100_2024-12-19_02-03-02.jpg,dataset_top12\maximum speed limit_40\opened\photo_100_2024-12-19_02-03-02.jpg,train
3665,5,maximum speed limit_40,opened,526,490,photo_10_2024-10-29_09-53-08.jpg,dataset_top12\maximum speed limit_40\opened\photo_10_2024-10-29_09-53-08.jpg,train
3666,5,maximum speed limit_40,opened,536,523,photo_10_2024-12-18_02-13-44.jpg,dataset_top12\maximum speed limit_40\opened\photo_10_2024-12-18_02-13-44.jpg,train
3667,5,maximum speed limit_40,opened,571,609,photo_10_2024-12-18_02-22-39.jpg,dataset_top12\maximum speed limit_40\opened\photo_10_2024-12-18_02-22-39.jpg,validation
3668,5,maximum speed limit_40,opened,609,592,photo_10_2024-12-19_02-03-02.jpg,dataset_top12\maximum speed limit_40\opened\photo_10_2024-12-19_02-03-02.jpg,train
3669,5,maximum speed limit_40,opened,582,587,photo_11_2024-12-18_02-13-44.jpg,dataset_top12\maximum speed limit_40\opened\photo_11_2024-12-18_02-13-44.jpg,train
3670,5,maximum speed limit_40,opened,1256,1280,photo_11_2024-12-18_02-27-08.jpg,dataset_top12\maximum speed limit_40\opened\photo_11_2024-12-18_02-27-08.jpg,train
3671,5,maximum speed limit_40,opened,960,1280,photo_11_2024-12-18_02-27-47.jpg,dataset_top12\maximum speed limit_40\opened\photo_11_2024-12-18_02-27-47.jpg,train
3672,5,maximum speed limit_40,opened,574,526,photo_11_2024-12-19_02-03-02.jpg,dataset_top12\maximum speed limit_40\opened\photo_11_2024-12-19_02-03-02.jpg,test
3673,5,maximum speed limit_40,opened,567,541,photo_12_2024-10-29_09-53-08.jpg,dataset_top12\maximum speed limit_40\opened\photo_12_2024-10-29_09-53-08.jpg,validation
3674,5,maximum speed limit_40,opened,801,859,photo_12_2024-12-18_02-10-22.jpg,dataset_top12\maximum speed limit_40\opened\photo_12_2024-12-18_02-10-22.jpg,train
3675,5,maximum speed limit_40,opened,560,516,photo_12_2024-12-19_02-03-02.jpg,dataset_top12\maximum speed limit_40\opened\photo_12_2024-12-19_02-03-02.jpg,train
3676,5,maximum speed limit_40,opened,620,589,photo_13_2024-10-29_09-53-08.jpg,dataset_top12\maximum speed limit_40\opened\photo_13_2024-10-29_09-53-08.jpg,train
3677,5,maximum speed limit_40,opened,960,910,photo_13_2024-12-18_02-10-22.jpg,dataset_top12\maximum speed limit_40\opened\photo_13_2024-12-18_02-10-22.jpg,validation
3678,5,maximum speed limit_40,opened,537,574,photo_13_2024-12-18_02-22-39.jpg,dataset_top12\maximum speed limit_40\opened\photo_13_2024-12-18_02-22-39.jpg,train
3679,5,maximum speed limit_40,opened,960,1280,photo_13_2024-12-18_02-28-33.jpg,dataset_top12\maximum speed limit_40\opened\photo_13_2024-12-18_02-28-33.jpg,train
3680,5,maximum speed limit_40,opened,609,582,photo_13_2024-12-19_02-03-02.jpg,dataset_top12\maximum speed limit_40\opened\photo_13_2024-12-19_02-03-02.jpg,train
3681,5,maximum speed limit_40,opened,515,559,photo_14_2024-12-18_02-22-39.jpg,dataset_top12\maximum speed limit_40\opened\photo_14_2024-12-18_02-22-39.jpg,train
3682,5,maximum speed limit_40,opened,960,1280,photo_14_2024-12-18_02-27-47.jpg,dataset_top12\maximum speed limit_40\opened\photo_14_2024-12-18_02-27-47.jpg,train
3683,5,maximum speed limit_40,opened,538,544,photo_14_2024-12-19_02-03-02.jpg,dataset_top12\maximum speed limit_40\opened\photo_14_2024-12-19_02-03-02.jpg,train
3684,5,maximum speed limit_40,opened,567,541,photo_15_2024-12-19_02-03-02.jpg,dataset_top12\maximum speed limit_40\opened\photo_15_2024-12-19_02-03-02.jpg,train
3685,5,maximum speed limit_40,opened,1230,1280,photo_16_2024-12-18_02-27-08.jpg,dataset_top12\maximum speed limit_40\opened\photo_16_2024-12-18_02-27-08.jpg,validation
3686,5,maximum speed limit_40,opened,647,627,photo_17_2024-12-18_02-22-06.jpg,dataset_top12\maximum speed limit_40\opened\photo_17_2024-12-18_02-22-06.jpg,train
3687,5,maximum speed limit_40,opened,817,757,photo_17_2024-12-18_02-25-50.jpg,dataset_top12\maximum speed limit_40\opened\photo_17_2024-12-18_02-25-50.jpg,train
3688,5,maximum speed limit_40,opened,960,1280,photo_17_2024-12-18_02-28-33.jpg,dataset_top12\maximum speed limit_40\opened\photo_17_2024-12-18_02-28-33.jpg,test
3689,5,maximum speed limit_40,opened,596,622,photo_19_2024-10-29_09-53-08.jpg,dataset_top12\maximum speed limit_40\opened\photo_19_2024-10-29_09-53-08.jpg,test
3690,5,maximum speed limit_40,opened,600,625,photo_19_2024-12-18_02-22-06.jpg,dataset_top12\maximum speed limit_40\opened\photo_19_2024-12-18_02-22-06.jpg,train
3691,5,maximum speed limit_40,opened,960,945,photo_19_2024-12-18_02-28-33.jpg,dataset_top12\maximum speed limit_40\opened\photo_19_2024-12-18_02-28-33.jpg,train
3692,5,maximum speed limit_40,opened,543,558,photo_1_2024-12-18_02-22-39.jpg,dataset_top12\maximum speed limit_40\opened\photo_1_2024-12-18_02-22-39.jpg,train
3693,5,maximum speed limit_40,opened,358,350,photo_1_2024-12-19_02-03-02.jpg,dataset_top12\maximum speed limit_40\opened\photo_1_2024-12-19_02-03-02.jpg,train
3694,5,maximum speed limit_40,opened,679,614,photo_20_2024-12-19_01-58-39.jpg,dataset_top12\maximum speed limit_40\opened\photo_20_2024-12-19_01-58-39.jpg,train
3695,5,maximum speed limit_40,opened,607,607,photo_22_2024-12-18_02-22-06.jpg,dataset_top12\maximum speed limit_40\opened\photo_22_2024-12-18_02-22-06.jpg,validation
3696,5,maximum speed limit_40,opened,863,903,photo_25_2024-12-18_02-10-22.jpg,dataset_top12\maximum speed limit_40\opened\photo_25_2024-12-18_02-10-22.jpg,train
3697,5,maximum speed limit_40,opened,447,427,photo_25_2024-12-18_02-13-44.jpg,dataset_top12\maximum speed limit_40\opened\photo_25_2024-12-18_02-13-44.jpg,train
3698,5,maximum speed limit_40,opened,574,623,photo_25_2024-12-18_02-22-06.jpg,dataset_top12\maximum speed limit_40\opened\photo_25_2024-12-18_02-22-06.jpg,validation
3699,5,maximum speed limit_40,opened,581,617,photo_26_2024-12-18_02-22-06.jpg,dataset_top12\maximum speed limit_40\opened\photo_26_2024-12-18_02-22-06.jpg,test
3700,5,maximum speed limit_40,opened,461,471,photo_27_2024-12-18_02-13-44.jpg,dataset_top12\maximum speed limit_40\opened\photo_27_2024-12-18_02-13-44.jpg,validation
3701,5,maximum speed limit_40,opened,597,574,photo_27_2024-12-19_01-58-39.jpg,dataset_top12\maximum speed limit_40\opened\photo_27_2024-12-19_01-58-39.jpg,train
3702,5,maximum speed limit_40,opened,836,913,photo_28_2024-12-18_02-10-22.jpg,dataset_top12\maximum speed limit_40\opened\photo_28_2024-12-18_02-10-22.jpg,train
3703,5,maximum speed limit_40,opened,580,640,photo_28_2024-12-18_02-22-06.jpg,dataset_top12\maximum speed limit_40\opened\photo_28_2024-12-18_02-22-06.jpg,train
3704,5,maximum speed limit_40,opened,386,350,photo_28_2024-12-18_02-29-08.jpg,dataset_top12\maximum speed limit_40\opened\photo_28_2024-12-18_02-29-08.jpg,train
3705,5,maximum speed limit_40,opened,574,617,photo_29_2024-12-18_02-22-06.jpg,dataset_top12\maximum speed limit_40\opened\photo_29_2024-12-18_02-22-06.jpg,test
3706,5,maximum speed limit_40,opened,536,488,photo_2_2024-12-19_02-03-02.jpg,dataset_top12\maximum speed limit_40\opened\photo_2_2024-12-19_02-03-02.jpg,train
3707,5,maximum speed limit_40,opened,408,400,photo_30_2024-12-18_02-13-44.jpg,dataset_top12\maximum speed limit_40\opened\photo_30_2024-12-18_02-13-44.jpg,train
3708,5,maximum speed limit_40,opened,595,548,photo_30_2024-12-18_02-25-50.jpg,dataset_top12\maximum speed limit_40\opened\photo_30_2024-12-18_02-25-50.jpg,validation
3709,5,maximum speed limit_40,opened,631,607,photo_30_2024-12-19_01-58-39.jpg,dataset_top12\maximum speed limit_40\opened\photo_30_2024-12-19_01-58-39.jpg,validation
3710,5,maximum speed limit_40,opened,626,613,photo_31_2024-12-18_02-13-44.jpg,dataset_top12\maximum speed limit_40\opened\photo_31_2024-12-18_02-13-44.jpg,train
3711,5,maximum speed limit_40,opened,741,791,photo_31_2024-12-19_01-58-39.jpg,dataset_top12\maximum speed limit_40\opened\photo_31_2024-12-19_01-58-39.jpg,train
3712,5,maximum speed limit_40,opened,487,504,photo_32_2024-12-18_02-13-44.jpg,dataset_top12\maximum speed limit_40\opened\photo_32_2024-12-18_02-13-44.jpg,train
3713,5,maximum speed limit_40,opened,786,761,photo_34_2024-12-19_01-58-39.jpg,dataset_top12\maximum speed limit_40\opened\photo_34_2024-12-19_01-58-39.jpg,train
3714,5,maximum speed limit_40,opened,764,694,photo_35_2024-12-19_00-10-31.jpg,dataset_top12\maximum speed limit_40\opened\photo_35_2024-12-19_00-10-31.jpg,train
3715,5,maximum speed limit_40,opened,779,783,photo_35_2024-12-19_01-58-39.jpg,dataset_top12\maximum speed limit_40\opened\photo_35_2024-12-19_01-58-39.jpg,train
3716,5,maximum speed limit_40,opened,754,783,photo_36_2024-12-19_01-58-39.jpg,dataset_top12\maximum speed limit_40\opened\photo_36_2024-12-19_01-58-39.jpg,train
3717,5,maximum speed limit_40,opened,416,416,photo_37_2024-12-18_02-13-44.jpg,dataset_top12\maximum speed limit_40\opened\photo_37_2024-12-18_02-13-44.jpg,train
3718,5,maximum speed limit_40,opened,690,672,photo_37_2024-12-19_01-58-39.jpg,dataset_top12\maximum speed limit_40\opened\photo_37_2024-12-19_01-58-39.jpg,train
3719,5,maximum speed limit_40,opened,672,607,photo_38_2024-12-18_02-22-06.jpg,dataset_top12\maximum speed limit_40\opened\photo_38_2024-12-18_02-22-06.jpg,train
3720,5,maximum speed limit_40,opened,741,701,photo_38_2024-12-19_00-10-31.jpg,dataset_top12\maximum speed limit_40\opened\photo_38_2024-12-19_00-10-31.jpg,train
3721,5,maximum speed limit_40,opened,762,757,photo_38_2024-12-19_01-58-39.jpg,dataset_top12\maximum speed limit_40\opened\photo_38_2024-12-19_01-58-39.jpg,train
3722,5,maximum speed limit_40,opened,601,622,photo_39_2024-12-18_02-22-06.jpg,dataset_top12\maximum speed limit_40\opened\photo_39_2024-12-18_02-22-06.jpg,test
3723,5,maximum speed limit_40,opened,764,746,photo_39_2024-12-19_01-58-39.jpg,dataset_top12\maximum speed limit_40\opened\photo_39_2024-12-19_01-58-39.jpg,train
3724,5,maximum speed limit_40,opened,310,277,photo_3_2024-12-19_02-03-02.jpg,dataset_top12\maximum speed limit_40\opened\photo_3_2024-12-19_02-03-02.jpg,train
3725,5,maximum speed limit_40,opened,629,657,photo_40_2024-12-18_02-22-06.jpg,dataset_top12\maximum speed limit_40\opened\photo_40_2024-12-18_02-22-06.jpg,train
3726,5,maximum speed limit_40,opened,731,704,photo_40_2024-12-18_13-01-24.jpg,dataset_top12\maximum speed limit_40\opened\photo_40_2024-12-18_13-01-24.jpg,train
3727,5,maximum speed limit_40,opened,773,752,photo_40_2024-12-19_01-58-39.jpg,dataset_top12\maximum speed limit_40\opened\photo_40_2024-12-19_01-58-39.jpg,train
3728,5,maximum speed limit_40,opened,652,623,photo_41_2024-12-18_02-22-06.jpg,dataset_top12\maximum speed limit_40\opened\photo_41_2024-12-18_02-22-06.jpg,test
3729,5,maximum speed limit_40,opened,825,752,photo_41_2024-12-19_01-58-39.jpg,dataset_top12\maximum speed limit_40\opened\photo_41_2024-12-19_01-58-39.jpg,train
3730,5,maximum speed limit_40,opened,601,612,photo_42_2024-12-18_02-22-06.jpg,dataset_top12\maximum speed limit_40\opened\photo_42_2024-12-18_02-22-06.jpg,validation
3731,5,maximum speed limit_40,opened,769,711,photo_42_2024-12-18_13-01-24.jpg,dataset_top12\maximum speed limit_40\opened\photo_42_2024-12-18_13-01-24.jpg,validation
3732,5,maximum speed limit_40,opened,750,745,photo_42_2024-12-19_01-58-39.jpg,dataset_top12\maximum speed limit_40\opened\photo_42_2024-12-19_01-58-39.jpg,train
3733,5,maximum speed limit_40,opened,610,627,photo_43_2024-12-18_02-22-06.jpg,dataset_top12\maximum speed limit_40\opened\photo_43_2024-12-18_02-22-06.jpg,train
3734,5,maximum speed limit_40,opened,430,419,photo_43_2024-12-19_00-10-31.jpg,dataset_top12\maximum speed limit_40\opened\photo_43_2024-12-19_00-10-31.jpg,test
3735,5,maximum speed limit_40,opened,727,713,photo_43_2024-12-19_01-58-39.jpg,dataset_top12\maximum speed limit_40\opened\photo_43_2024-12-19_01-58-39.jpg,train
3736,5,maximum speed limit_40,opened,614,622,photo_44_2024-12-18_02-22-06.jpg,dataset_top12\maximum speed limit_40\opened\photo_44_2024-12-18_02-22-06.jpg,validation
3737,5,maximum speed limit_40,opened,741,739,photo_44_2024-12-19_01-58-39.jpg,dataset_top12\maximum speed limit_40\opened\photo_44_2024-12-19_01-58-39.jpg,train
3738,5,maximum speed limit_40,opened,660,627,photo_45_2024-12-18_02-22-06.jpg,dataset_top12\maximum speed limit_40\opened\photo_45_2024-12-18_02-22-06.jpg,test
3739,5,maximum speed limit_40,opened,740,755,photo_45_2024-12-19_01-58-39.jpg,dataset_top12\maximum speed limit_40\opened\photo_45_2024-12-19_01-58-39.jpg,train
3740,5,maximum speed limit_40,opened,707,666,photo_46_2024-12-18_02-29-08.jpg,dataset_top12\maximum speed limit_40\opened\photo_46_2024-12-18_02-29-08.jpg,train
3741,5,maximum speed limit_40,opened,688,729,photo_46_2024-12-19_01-58-39.jpg,dataset_top12\maximum speed limit_40\opened\photo_46_2024-12-19_01-58-39.jpg,train
3742,5,maximum speed limit_40,opened,576,611,photo_46_2024-12-19_02-03-02.jpg,dataset_top12\maximum speed limit_40\opened\photo_46_2024-12-19_02-03-02.jpg,train
3743,5,maximum speed limit_40,opened,960,1280,photo_47_2024-12-09_12-46-01.jpg,dataset_top12\maximum speed limit_40\opened\photo_47_2024-12-09_12-46-01.jpg,train
3744,5,maximum speed limit_40,opened,777,803,photo_47_2024-12-19_01-58-39.jpg,dataset_top12\maximum speed limit_40\opened\photo_47_2024-12-19_01-58-39.jpg,train
3745,5,maximum speed limit_40,opened,610,598,photo_47_2024-12-19_02-03-02.jpg,dataset_top12\maximum speed limit_40\opened\photo_47_2024-12-19_02-03-02.jpg,train
3746,5,maximum speed limit_40,opened,600,625,photo_48_2024-12-18_02-22-06.jpg,dataset_top12\maximum speed limit_40\opened\photo_48_2024-12-18_02-22-06.jpg,train
3747,5,maximum speed limit_40,opened,720,748,photo_48_2024-12-19_01-58-39.jpg,dataset_top12\maximum speed limit_40\opened\photo_48_2024-12-19_01-58-39.jpg,train
3748,5,maximum speed limit_40,opened,578,549,photo_48_2024-12-19_02-03-02.jpg,dataset_top12\maximum speed limit_40\opened\photo_48_2024-12-19_02-03-02.jpg,test
3749,5,maximum speed limit_40,opened,647,622,photo_49_2024-12-18_02-22-06.jpg,dataset_top12\maximum speed limit_40\opened\photo_49_2024-12-18_02-22-06.jpg,train
3750,5,maximum speed limit_40,opened,647,636,photo_49_2024-12-19_01-58-39.jpg,dataset_top12\maximum speed limit_40\opened\photo_49_2024-12-19_01-58-39.jpg,train
3751,5,maximum speed limit_40,opened,533,588,photo_49_2024-12-19_02-03-02.jpg,dataset_top12\maximum speed limit_40\opened\photo_49_2024-12-19_02-03-02.jpg,train
3752,5,maximum speed limit_40,opened,894,892,photo_4_2024-12-18_02-10-22.jpg,dataset_top12\maximum speed limit_40\opened\photo_4_2024-12-18_02-10-22.jpg,validation
3753,5,maximum speed limit_40,opened,474,541,photo_4_2024-12-18_02-13-44.jpg,dataset_top12\maximum speed limit_40\opened\photo_4_2024-12-18_02-13-44.jpg,train
3754,5,maximum speed limit_40,opened,350,326,photo_4_2024-12-19_02-03-02.jpg,dataset_top12\maximum speed limit_40\opened\photo_4_2024-12-19_02-03-02.jpg,train
3755,5,maximum speed limit_40,opened,631,623,photo_50_2024-12-18_02-22-06.jpg,dataset_top12\maximum speed limit_40\opened\photo_50_2024-12-18_02-22-06.jpg,train
3756,5,maximum speed limit_40,opened,960,1280,photo_50_2024-12-18_02-29-08.jpg,dataset_top12\maximum speed limit_40\opened\photo_50_2024-12-18_02-29-08.jpg,train
3757,5,maximum speed limit_40,opened,635,672,photo_50_2024-12-19_01-58-39.jpg,dataset_top12\maximum speed limit_40\opened\photo_50_2024-12-19_01-58-39.jpg,test
3758,5,maximum speed limit_40,opened,860,877,photo_50_2024-12-19_02-00-53.jpg,dataset_top12\maximum speed limit_40\opened\photo_50_2024-12-19_02-00-53.jpg,train
3759,5,maximum speed limit_40,opened,540,508,photo_50_2024-12-19_02-03-02.jpg,dataset_top12\maximum speed limit_40\opened\photo_50_2024-12-19_02-03-02.jpg,validation
3760,5,maximum speed limit_40,opened,787,748,photo_51_2024-12-19_01-58-39.jpg,dataset_top12\maximum speed limit_40\opened\photo_51_2024-12-19_01-58-39.jpg,train
3761,5,maximum speed limit_40,opened,692,605,photo_51_2024-12-19_02-03-02.jpg,dataset_top12\maximum speed limit_40\opened\photo_51_2024-12-19_02-03-02.jpg,train
3762,5,maximum speed limit_40,opened,464,508,photo_5278624148517676528_y.jpg,dataset_top12\maximum speed limit_40\opened\photo_5278624148517676528_y.jpg,validation
3763,5,maximum speed limit_40,opened,400,433,photo_5278624148517676691_y.jpg,dataset_top12\maximum speed limit_40\opened\photo_5278624148517676691_y.jpg,train
3764,5,maximum speed limit_40,opened,554,563,photo_5278624148517676694_y.jpg,dataset_top12\maximum speed limit_40\opened\photo_5278624148517676694_y.jpg,train
3765,5,maximum speed limit_40,opened,586,615,photo_5278624148517676699_y.jpg,dataset_top12\maximum speed limit_40\opened\photo_5278624148517676699_y.jpg,train
3766,5,maximum speed limit_40,opened,600,584,photo_52_2024-12-18_02-22-06.jpg,dataset_top12\maximum speed limit_40\opened\photo_52_2024-12-18_02-22-06.jpg,validation
3767,5,maximum speed limit_40,opened,718,773,photo_52_2024-12-19_01-58-39.jpg,dataset_top12\maximum speed limit_40\opened\photo_52_2024-12-19_01-58-39.jpg,train
3768,5,maximum speed limit_40,opened,880,877,photo_52_2024-12-19_02-00-53.jpg,dataset_top12\maximum speed limit_40\opened\photo_52_2024-12-19_02-00-53.jpg,train
3769,5,maximum speed limit_40,opened,620,598,photo_53_2024-12-18_02-22-06.jpg,dataset_top12\maximum speed limit_40\opened\photo_53_2024-12-18_02-22-06.jpg,validation
3770,5,maximum speed limit_40,opened,825,803,photo_53_2024-12-19_01-58-39.jpg,dataset_top12\maximum speed limit_40\opened\photo_53_2024-12-19_01-58-39.jpg,train
3771,5,maximum speed limit_40,opened,644,624,photo_54_2024-12-19_02-00-53.jpg,dataset_top12\maximum speed limit_40\opened\photo_54_2024-12-19_02-00-53.jpg,test
3772,5,maximum speed limit_40,opened,683,660,photo_55_2024-12-19_00-10-31.jpg,dataset_top12\maximum speed limit_40\opened\photo_55_2024-12-19_00-10-31.jpg,train
3773,5,maximum speed limit_40,opened,715,745,photo_55_2024-12-19_01-58-39.jpg,dataset_top12\maximum speed limit_40\opened\photo_55_2024-12-19_01-58-39.jpg,test
3774,5,maximum speed limit_40,opened,745,742,photo_56_2024-12-19_01-58-39.jpg,dataset_top12\maximum speed limit_40\opened\photo_56_2024-12-19_01-58-39.jpg,train
3775,5,maximum speed limit_40,opened,558,564,photo_57_2024-12-18_02-22-06.jpg,dataset_top12\maximum speed limit_40\opened\photo_57_2024-12-18_02-22-06.jpg,train
3776,5,maximum speed limit_40,opened,710,712,photo_57_2024-12-19_01-58-39.jpg,dataset_top12\maximum speed limit_40\opened\photo_57_2024-12-19_01-58-39.jpg,train
3777,5,maximum speed limit_40,opened,702,714,photo_58_2024-12-19_01-58-39.jpg,dataset_top12\maximum speed limit_40\opened\photo_58_2024-12-19_01-58-39.jpg,validation
3778,5,maximum speed limit_40,opened,546,581,photo_58_2024-12-19_02-00-53.jpg,dataset_top12\maximum speed limit_40\opened\photo_58_2024-12-19_02-00-53.jpg,train
3779,5,maximum speed limit_40,opened,626,648,photo_59_2024-12-18_13-02-04.jpg,dataset_top12\maximum speed limit_40\opened\photo_59_2024-12-18_13-02-04.jpg,train
3780,5,maximum speed limit_40,opened,764,775,photo_5_2024-10-29_09-53-08.jpg,dataset_top12\maximum speed limit_40\opened\photo_5_2024-10-29_09-53-08.jpg,test
3781,5,maximum speed limit_40,opened,299,268,photo_5_2024-12-18_02-13-44.jpg,dataset_top12\maximum speed limit_40\opened\photo_5_2024-12-18_02-13-44.jpg,train
3782,5,maximum speed limit_40,opened,322,301,photo_5_2024-12-19_02-03-02.jpg,dataset_top12\maximum speed limit_40\opened\photo_5_2024-12-19_02-03-02.jpg,test
3783,5,maximum speed limit_40,opened,593,589,photo_61_2024-12-09_12-46-01.jpg,dataset_top12\maximum speed limit_40\opened\photo_61_2024-12-09_12-46-01.jpg,train
3784,5,maximum speed limit_40,opened,564,574,photo_61_2024-12-19_02-03-02.jpg,dataset_top12\maximum speed limit_40\opened\photo_61_2024-12-19_02-03-02.jpg,train
3785,5,maximum speed limit_40,opened,607,649,photo_62_2024-12-19_02-00-53.jpg,dataset_top12\maximum speed limit_40\opened\photo_62_2024-12-19_02-00-53.jpg,test
3786,5,maximum speed limit_40,opened,569,583,photo_62_2024-12-19_02-03-02.jpg,dataset_top12\maximum speed limit_40\opened\photo_62_2024-12-19_02-03-02.jpg,train
3787,5,maximum speed limit_40,opened,1280,1116,photo_65_2024-12-18_02-27-08.jpg,dataset_top12\maximum speed limit_40\opened\photo_65_2024-12-18_02-27-08.jpg,train
3788,5,maximum speed limit_40,opened,566,554,photo_65_2024-12-18_13-02-04.jpg,dataset_top12\maximum speed limit_40\opened\photo_65_2024-12-18_13-02-04.jpg,train
3789,5,maximum speed limit_40,opened,529,505,photo_65_2024-12-19_00-10-31.jpg,dataset_top12\maximum speed limit_40\opened\photo_65_2024-12-19_00-10-31.jpg,test
3790,5,maximum speed limit_40,opened,541,541,photo_67_2024-12-18_13-02-04.jpg,dataset_top12\maximum speed limit_40\opened\photo_67_2024-12-18_13-02-04.jpg,train
3791,5,maximum speed limit_40,opened,624,628,photo_67_2024-12-19_02-00-53.jpg,dataset_top12\maximum speed limit_40\opened\photo_67_2024-12-19_02-00-53.jpg,train
3792,5,maximum speed limit_40,opened,605,642,photo_67_2024-12-19_02-03-02.jpg,dataset_top12\maximum speed limit_40\opened\photo_67_2024-12-19_02-03-02.jpg,test
3793,5,maximum speed limit_40,opened,659,675,photo_68_2024-12-19_02-00-53.jpg,dataset_top12\maximum speed limit_40\opened\photo_68_2024-12-19_02-00-53.jpg,train
3794,5,maximum speed limit_40,opened,713,683,photo_69_2024-12-18_13-02-04.jpg,dataset_top12\maximum speed limit_40\opened\photo_69_2024-12-18_13-02-04.jpg,train
3795,5,maximum speed limit_40,opened,252,258,photo_6_2024-12-18_02-13-44.jpg,dataset_top12\maximum speed limit_40\opened\photo_6_2024-12-18_02-13-44.jpg,test
3796,5,maximum speed limit_40,opened,277,272,photo_6_2024-12-19_02-03-02.jpg,dataset_top12\maximum speed limit_40\opened\photo_6_2024-12-19_02-03-02.jpg,test
3797,5,maximum speed limit_40,opened,960,1280,photo_71_2024-12-18_02-27-47.jpg,dataset_top12\maximum speed limit_40\opened\photo_71_2024-12-18_02-27-47.jpg,train
3798,5,maximum speed limit_40,opened,636,586,photo_73_2024-12-18_13-02-04.jpg,dataset_top12\maximum speed limit_40\opened\photo_73_2024-12-18_13-02-04.jpg,validation
3799,5,maximum speed limit_40,opened,776,739,photo_73_2024-12-19_00-10-31.jpg,dataset_top12\maximum speed limit_40\opened\photo_73_2024-12-19_00-10-31.jpg,train
3800,5,maximum speed limit_40,opened,1216,1280,photo_74_2024-12-18_02-27-08.jpg,dataset_top12\maximum speed limit_40\opened\photo_74_2024-12-18_02-27-08.jpg,train
3801,5,maximum speed limit_40,opened,715,723,photo_74_2024-12-18_02-27-47.jpg,dataset_top12\maximum speed limit_40\opened\photo_74_2024-12-18_02-27-47.jpg,train
3802,5,maximum speed limit_40,opened,671,743,photo_74_2024-12-19_02-03-02.jpg,dataset_top12\maximum speed limit_40\opened\photo_74_2024-12-19_02-03-02.jpg,validation
3803,5,maximum speed limit_40,opened,810,742,photo_75_2024-12-18_02-27-08.jpg,dataset_top12\maximum speed limit_40\opened\photo_75_2024-12-18_02-27-08.jpg,validation
3804,5,maximum speed limit_40,opened,649,608,photo_75_2024-12-19_02-00-53.jpg,dataset_top12\maximum speed limit_40\opened\photo_75_2024-12-19_02-00-53.jpg,train
3805,5,maximum speed limit_40,opened,738,769,photo_75_2024-12-19_02-03-02.jpg,dataset_top12\maximum speed limit_40\opened\photo_75_2024-12-19_02-03-02.jpg,train
3806,5,maximum speed limit_40,opened,550,592,photo_76_2024-12-19_02-00-53.jpg,dataset_top12\maximum speed limit_40\opened\photo_76_2024-12-19_02-00-53.jpg,train
3807,5,maximum speed limit_40,opened,604,649,photo_76_2024-12-19_02-03-02.jpg,dataset_top12\maximum speed limit_40\opened\photo_76_2024-12-19_02-03-02.jpg,validation
3808,5,maximum speed limit_40,opened,684,635,photo_77_2024-12-19_00-10-31.jpg,dataset_top12\maximum speed limit_40\opened\photo_77_2024-12-19_00-10-31.jpg,train
3809,5,maximum speed limit_40,opened,703,761,photo_77_2024-12-19_02-03-02.jpg,dataset_top12\maximum speed limit_40\opened\photo_77_2024-12-19_02-03-02.jpg,train
3810,5,maximum speed limit_40,opened,783,777,photo_78_2024-12-19_00-10-31.jpg,dataset_top12\maximum speed limit_40\opened\photo_78_2024-12-19_00-10-31.jpg,test
3811,5,maximum speed limit_40,opened,559,556,photo_78_2024-12-19_02-03-02.jpg,dataset_top12\maximum speed limit_40\opened\photo_78_2024-12-19_02-03-02.jpg,train
3812,5,maximum speed limit_40,opened,739,722,photo_79_2024-12-18_02-27-08.jpg,dataset_top12\maximum speed limit_40\opened\photo_79_2024-12-18_02-27-08.jpg,train
3813,5,maximum speed limit_40,opened,667,629,photo_79_2024-12-18_13-02-04.jpg,dataset_top12\maximum speed limit_40\opened\photo_79_2024-12-18_13-02-04.jpg,train
3814,5,maximum speed limit_40,opened,780,794,photo_79_2024-12-19_02-03-02.jpg,dataset_top12\maximum speed limit_40\opened\photo_79_2024-12-19_02-03-02.jpg,train
3815,5,maximum speed limit_40,opened,557,561,photo_7_2024-12-09_12-46-01.jpg,dataset_top12\maximum speed limit_40\opened\photo_7_2024-12-09_12-46-01.jpg,train
3816,5,maximum speed limit_40,opened,258,251,photo_7_2024-12-18_02-13-44.jpg,dataset_top12\maximum speed limit_40\opened\photo_7_2024-12-18_02-13-44.jpg,train
3817,5,maximum speed limit_40,opened,615,682,photo_80_2024-12-19_02-00-53.jpg,dataset_top12\maximum speed limit_40\opened\photo_80_2024-12-19_02-00-53.jpg,test
3818,5,maximum speed limit_40,opened,617,628,photo_80_2024-12-19_02-03-02.jpg,dataset_top12\maximum speed limit_40\opened\photo_80_2024-12-19_02-03-02.jpg,train
3819,5,maximum speed limit_40,opened,526,499,photo_82_2024-12-19_00-10-31.jpg,dataset_top12\maximum speed limit_40\opened\photo_82_2024-12-19_00-10-31.jpg,test
3820,5,maximum speed limit_40,opened,516,514,photo_83_2024-12-09_12-49-48.jpg,dataset_top12\maximum speed limit_40\opened\photo_83_2024-12-09_12-49-48.jpg,train
3821,5,maximum speed limit_40,opened,652,614,photo_85_2024-12-19_00-10-31.jpg,dataset_top12\maximum speed limit_40\opened\photo_85_2024-12-19_00-10-31.jpg,test
3822,5,maximum speed limit_40,opened,573,603,photo_85_2024-12-19_02-03-02.jpg,dataset_top12\maximum speed limit_40\opened\photo_85_2024-12-19_02-03-02.jpg,train
3823,5,maximum speed limit_40,opened,671,645,photo_86_2024-12-19_00-10-31.jpg,dataset_top12\maximum speed limit_40\opened\photo_86_2024-12-19_00-10-31.jpg,train
3824,5,maximum speed limit_40,opened,720,569,photo_87_2024-12-18_13-02-04.jpg,dataset_top12\maximum speed limit_40\opened\photo_87_2024-12-18_13-02-04.jpg,train
3825,5,maximum speed limit_40,opened,550,530,photo_89_2024-12-18_02-36-53.jpg,dataset_top12\maximum speed limit_40\opened\photo_89_2024-12-18_02-36-53.jpg,train
3826,5,maximum speed limit_40,opened,960,826,photo_89_2024-12-18_13-01-24.jpg,dataset_top12\maximum speed limit_40\opened\photo_89_2024-12-18_13-01-24.jpg,train
3827,5,maximum speed limit_40,opened,352,336,photo_8_2024-12-18_02-13-44.jpg,dataset_top12\maximum speed limit_40\opened\photo_8_2024-12-18_02-13-44.jpg,train
3828,5,maximum speed limit_40,opened,553,574,photo_8_2024-12-18_02-22-39.jpg,dataset_top12\maximum speed limit_40\opened\photo_8_2024-12-18_02-22-39.jpg,validation
3829,5,maximum speed limit_40,opened,544,510,photo_8_2024-12-19_02-03-02.jpg,dataset_top12\maximum speed limit_40\opened\photo_8_2024-12-19_02-03-02.jpg,train
3830,5,maximum speed limit_40,opened,654,665,photo_90_2024-12-19_02-00-53.jpg,dataset_top12\maximum speed limit_40\opened\photo_90_2024-12-19_02-00-53.jpg,train
3831,5,maximum speed limit_40,opened,774,753,photo_91_2024-12-18_02-36-53.jpg,dataset_top12\maximum speed limit_40\opened\photo_91_2024-12-18_02-36-53.jpg,validation
3832,5,maximum speed limit_40,opened,960,780,photo_91_2024-12-18_13-01-24.jpg,dataset_top12\maximum speed limit_40\opened\photo_91_2024-12-18_13-01-24.jpg,validation
3833,5,maximum speed limit_40,opened,515,527,photo_92_2024-10-29_09-53-08.jpg,dataset_top12\maximum speed limit_40\opened\photo_92_2024-10-29_09-53-08.jpg,train
3834,5,maximum speed limit_40,opened,880,808,photo_92_2024-12-18_02-36-53.jpg,dataset_top12\maximum speed limit_40\opened\photo_92_2024-12-18_02-36-53.jpg,train
3835,5,maximum speed limit_40,opened,773,745,photo_92_2024-12-19_00-10-31.jpg,dataset_top12\maximum speed limit_40\opened\photo_92_2024-12-19_00-10-31.jpg,train
3836,5,maximum speed limit_40,opened,748,667,photo_93_2024-12-18_13-01-24.jpg,dataset_top12\maximum speed limit_40\opened\photo_93_2024-12-18_13-01-24.jpg,test
3837,5,maximum speed limit_40,opened,782,556,photo_93_2024-12-18_13-02-04.jpg,dataset_top12\maximum speed limit_40\opened\photo_93_2024-12-18_13-02-04.jpg,train
3838,5,maximum speed limit_40,opened,688,687,photo_93_2024-12-19_02-03-02.jpg,dataset_top12\maximum speed limit_40\opened\photo_93_2024-12-19_02-03-02.jpg,train
3839,5,maximum speed limit_40,opened,960,847,photo_94_2024-12-18_13-01-24.jpg,dataset_top12\maximum speed limit_40\opened\photo_94_2024-12-18_13-01-24.jpg,validation
3840,5,maximum speed limit_40,opened,810,790,photo_94_2024-12-19_00-10-31.jpg,dataset_top12\maximum speed limit_40\opened\photo_94_2024-12-19_00-10-31.jpg,train
3841,5,maximum speed limit_40,opened,878,872,photo_94_2024-12-19_02-03-02.jpg,dataset_top12\maximum speed limit_40\opened\photo_94_2024-12-19_02-03-02.jpg,test
3842,5,maximum speed limit_40,opened,960,904,photo_95_2024-12-19_02-03-02.jpg,dataset_top12\maximum speed limit_40\opened\photo_95_2024-12-19_02-03-02.jpg,test
3843,5,maximum speed limit_40,opened,866,847,photo_96_2024-12-19_00-10-31.jpg,dataset_top12\maximum speed limit_40\opened\photo_96_2024-12-19_00-10-31.jpg,train
3844,5,maximum speed limit_40,opened,621,606,photo_96_2024-12-19_02-03-02.jpg,dataset_top12\maximum speed limit_40\opened\photo_96_2024-12-19_02-03-02.jpg,train
3845,5,maximum speed limit_40,opened,806,793,photo_97_2024-12-19_00-10-31.jpg,dataset_top12\maximum speed limit_40\opened\photo_97_2024-12-19_00-10-31.jpg,test
3846,5,maximum speed limit_40,opened,556,581,photo_97_2024-12-19_02-03-02.jpg,dataset_top12\maximum speed limit_40\opened\photo_97_2024-12-19_02-03-02.jpg,train
3847,5,maximum speed limit_40,opened,721,702,photo_98_2024-12-19_00-10-31.jpg,dataset_top12\maximum speed limit_40\opened\photo_98_2024-12-19_00-10-31.jpg,test
3848,5,maximum speed limit_40,opened,692,641,photo_98_2024-12-19_02-03-02.jpg,dataset_top12\maximum speed limit_40\opened\photo_98_2024-12-19_02-03-02.jpg,train
3849,5,maximum speed limit_40,opened,648,659,photo_99_2024-12-18_13-01-24.jpg,dataset_top12\maximum speed limit_40\opened\photo_99_2024-12-18_13-01-24.jpg,train
3850,5,maximum speed limit_40,opened,662,648,photo_99_2024-12-19_02-03-02.jpg,dataset_top12\maximum speed limit_40\opened\photo_99_2024-12-19_02-03-02.jpg,train
3851,5,maximum speed limit_40,opened,565,607,photo_9_2024-12-18_02-13-44.jpg,dataset_top12\maximum speed limit_40\opened\photo_9_2024-12-18_02-13-44.jpg,train
3852,5,maximum speed limit_40,opened,558,561,photo_9_2024-12-18_02-22-39.jpg,dataset_top12\maximum speed limit_40\opened\photo_9_2024-12-18_02-22-39.jpg,validation
3853,5,maximum speed limit_40,opened,621,576,photo_9_2024-12-19_02-03-02.jpg,dataset_top12\maximum speed limit_40\opened\photo_9_2024-12-19_02-03-02.jpg,validation
3854,5,maximum speed limit_40,closed,1574,1386,IMG_20241017_181521.jpg,dataset_top12\maximum speed limit_40\closed\IMG_20241017_181521.jpg,validation
3855,5,maximum speed limit_40,closed,396,376,IMG_20241017_181533.jpg,dataset_top12\maximum speed limit_40\closed\IMG_20241017_181533.jpg,train
3856,5,maximum speed limit_40,closed,416,409,IMG_20241017_181534.jpg,dataset_top12\maximum speed limit_40\closed\IMG_20241017_181534.jpg,train
3857,5,maximum speed limit_40,closed,923,860,IMG_20241017_181542.jpg,dataset_top12\maximum speed limit_40\closed\IMG_20241017_181542.jpg,train
3858,5,maximum speed limit_40,closed,695,744,photo_11_2024-10-29_09-53-08.jpg,dataset_top12\maximum speed limit_40\closed\photo_11_2024-10-29_09-53-08.jpg,train
3859,5,maximum speed limit_40,closed,1280,952,photo_11_2024-12-05_22-23-25.jpg,dataset_top12\maximum speed limit_40\closed\photo_11_2024-12-05_22-23-25.jpg,train
3860,5,maximum speed limit_40,closed,1280,789,photo_12_2024-12-07_12-46-52.jpg,dataset_top12\maximum speed limit_40\closed\photo_12_2024-12-07_12-46-52.jpg,train
3861,5,maximum speed limit_40,closed,1280,1000,photo_13_2024-12-05_22-23-25.jpg,dataset_top12\maximum speed limit_40\closed\photo_13_2024-12-05_22-23-25.jpg,test
3862,5,maximum speed limit_40,closed,1135,1280,photo_13_2024-12-07_12-48-36.jpg,dataset_top12\maximum speed limit_40\closed\photo_13_2024-12-07_12-48-36.jpg,validation
3863,5,maximum speed limit_40,closed,1280,1221,photo_15_2024-12-07_12-48-36.jpg,dataset_top12\maximum speed limit_40\closed\photo_15_2024-12-07_12-48-36.jpg,train
3864,5,maximum speed limit_40,closed,1280,982,photo_19_2024-12-05_22-23-25.jpg,dataset_top12\maximum speed limit_40\closed\photo_19_2024-12-05_22-23-25.jpg,test
3865,5,maximum speed limit_40,closed,575,586,photo_1_2024-10-29_09-53-08.jpg,dataset_top12\maximum speed limit_40\closed\photo_1_2024-10-29_09-53-08.jpg,train
3866,5,maximum speed limit_40,closed,1280,590,photo_1_2024-12-05_22-22-53.jpg,dataset_top12\maximum speed limit_40\closed\photo_1_2024-12-05_22-22-53.jpg,train
3867,5,maximum speed limit_40,closed,1280,680,photo_20_2024-12-05_22-22-53.jpg,dataset_top12\maximum speed limit_40\closed\photo_20_2024-12-05_22-22-53.jpg,validation
3868,5,maximum speed limit_40,closed,1280,1152,photo_21_2024-12-05_22-23-25.jpg,dataset_top12\maximum speed limit_40\closed\photo_21_2024-12-05_22-23-25.jpg,train
3869,5,maximum speed limit_40,closed,1280,943,photo_22_2024-12-05_22-23-25.jpg,dataset_top12\maximum speed limit_40\closed\photo_22_2024-12-05_22-23-25.jpg,train
3870,5,maximum speed limit_40,closed,774,461,photo_23_2024-12-07_12-51-07.jpg,dataset_top12\maximum speed limit_40\closed\photo_23_2024-12-07_12-51-07.jpg,train
3871,5,maximum speed limit_40,closed,1280,863,photo_24_2024-12-05_22-23-25.jpg,dataset_top12\maximum speed limit_40\closed\photo_24_2024-12-05_22-23-25.jpg,train
3872,5,maximum speed limit_40,closed,1280,689,photo_27_2024-12-05_22-22-53.jpg,dataset_top12\maximum speed limit_40\closed\photo_27_2024-12-05_22-22-53.jpg,train
3873,5,maximum speed limit_40,closed,1280,960,photo_27_2024-12-05_22-23-25.jpg,dataset_top12\maximum speed limit_40\closed\photo_27_2024-12-05_22-23-25.jpg,train
3874,5,maximum speed limit_40,closed,1280,1024,photo_28_2024-12-05_22-23-25.jpg,dataset_top12\maximum speed limit_40\closed\photo_28_2024-12-05_22-23-25.jpg,test
3875,5,maximum speed limit_40,closed,1280,970,photo_2_2024-12-05_22-23-25.jpg,dataset_top12\maximum speed limit_40\closed\photo_2_2024-12-05_22-23-25.jpg,test
3876,5,maximum speed limit_40,closed,1280,1236,photo_34_2024-12-07_12-48-36.jpg,dataset_top12\maximum speed limit_40\closed\photo_34_2024-12-07_12-48-36.jpg,train
3877,5,maximum speed limit_40,closed,1013,1280,photo_37_2024-12-07_12-48-36.jpg,dataset_top12\maximum speed limit_40\closed\photo_37_2024-12-07_12-48-36.jpg,train
3878,5,maximum speed limit_40,closed,1280,1020,photo_3_2024-12-05_22-23-25.jpg,dataset_top12\maximum speed limit_40\closed\photo_3_2024-12-05_22-23-25.jpg,train
3879,5,maximum speed limit_40,closed,1220,623,photo_42_2024-12-07_12-46-52.jpg,dataset_top12\maximum speed limit_40\closed\photo_42_2024-12-07_12-46-52.jpg,train
3880,5,maximum speed limit_40,closed,1280,890,photo_43_2024-12-07_12-46-52.jpg,dataset_top12\maximum speed limit_40\closed\photo_43_2024-12-07_12-46-52.jpg,train
3881,5,maximum speed limit_40,closed,960,1280,photo_45_2024-12-18_02-29-08.jpg,dataset_top12\maximum speed limit_40\closed\photo_45_2024-12-18_02-29-08.jpg,train
3882,5,maximum speed limit_40,closed,1280,953,photo_4_2024-12-05_22-23-25.jpg,dataset_top12\maximum speed limit_40\closed\photo_4_2024-12-05_22-23-25.jpg,validation
3883,5,maximum speed limit_40,closed,1280,542,photo_51_2024-12-05_22-22-53.jpg,dataset_top12\maximum speed limit_40\closed\photo_51_2024-12-05_22-22-53.jpg,test
3884,5,maximum speed limit_40,closed,1280,1154,photo_51_2024-12-05_22-23-10.jpg,dataset_top12\maximum speed limit_40\closed\photo_51_2024-12-05_22-23-10.jpg,train
3885,5,maximum speed limit_40,closed,314,355,photo_5278624148517676490_y.jpg,dataset_top12\maximum speed limit_40\closed\photo_5278624148517676490_y.jpg,train
3886,5,maximum speed limit_40,closed,720,1280,photo_5278624148517676790_y.jpg,dataset_top12\maximum speed limit_40\closed\photo_5278624148517676790_y.jpg,train
3887,5,maximum speed limit_40,closed,393,360,photo_5278624148517676792_y_1.jpg,dataset_top12\maximum speed limit_40\closed\photo_5278624148517676792_y_1.jpg,validation
3888,5,maximum speed limit_40,closed,720,1280,photo_5278624148517676798_y.jpg,dataset_top12\maximum speed limit_40\closed\photo_5278624148517676798_y.jpg,validation
3889,5,maximum speed limit_40,closed,960,1280,photo_52_2024-12-09_12-46-01.jpg,dataset_top12\maximum speed limit_40\closed\photo_52_2024-12-09_12-46-01.jpg,train
3890,5,maximum speed limit_40,closed,1280,512,photo_54_2024-12-05_22-22-53.jpg,dataset_top12\maximum speed limit_40\closed\photo_54_2024-12-05_22-22-53.jpg,validation
3891,5,maximum speed limit_40,closed,1280,1126,photo_54_2024-12-05_22-23-10.jpg,dataset_top12\maximum speed limit_40\closed\photo_54_2024-12-05_22-23-10.jpg,train
3892,5,maximum speed limit_40,closed,1141,1280,photo_54_2024-12-07_12-48-37.jpg,dataset_top12\maximum speed limit_40\closed\photo_54_2024-12-07_12-48-37.jpg,train
3893,5,maximum speed limit_40,closed,475,442,photo_56_2024-12-05_22-22-53.jpg,dataset_top12\maximum speed limit_40\closed\photo_56_2024-12-05_22-22-53.jpg,test
3894,5,maximum speed limit_40,closed,1280,543,photo_57_2024-12-05_22-22-53.jpg,dataset_top12\maximum speed limit_40\closed\photo_57_2024-12-05_22-22-53.jpg,validation
3895,5,maximum speed limit_40,closed,1280,789,photo_57_2024-12-07_12-46-52.jpg,dataset_top12\maximum speed limit_40\closed\photo_57_2024-12-07_12-46-52.jpg,train
3896,5,maximum speed limit_40,closed,654,600,photo_58_2024-12-07_12-46-52.jpg,dataset_top12\maximum speed limit_40\closed\photo_58_2024-12-07_12-46-52.jpg,train
3897,5,maximum speed limit_40,closed,1280,602,photo_59_2024-12-05_22-22-53.jpg,dataset_top12\maximum speed limit_40\closed\photo_59_2024-12-05_22-22-53.jpg,train
3898,5,maximum speed limit_40,closed,929,857,photo_59_2024-12-07_12-46-52.jpg,dataset_top12\maximum speed limit_40\closed\photo_59_2024-12-07_12-46-52.jpg,train
3899,5,maximum speed limit_40,closed,1280,952,photo_5_2024-12-05_22-23-25.jpg,dataset_top12\maximum speed limit_40\closed\photo_5_2024-12-05_22-23-25.jpg,train
3900,5,maximum speed limit_40,closed,1280,1114,photo_60_2024-12-05_22-23-10.jpg,dataset_top12\maximum speed limit_40\closed\photo_60_2024-12-05_22-23-10.jpg,train
3901,5,maximum speed limit_40,closed,688,600,photo_60_2024-12-07_12-46-52.jpg,dataset_top12\maximum speed limit_40\closed\photo_60_2024-12-07_12-46-52.jpg,train
3902,5,maximum speed limit_40,closed,1280,865,photo_61_2024-12-07_12-46-52.jpg,dataset_top12\maximum speed limit_40\closed\photo_61_2024-12-07_12-46-52.jpg,train
3903,5,maximum speed limit_40,closed,1265,1280,photo_61_2024-12-07_12-48-37.jpg,dataset_top12\maximum speed limit_40\closed\photo_61_2024-12-07_12-48-37.jpg,validation
3904,5,maximum speed limit_40,closed,1280,433,photo_62_2024-12-05_22-22-53.jpg,dataset_top12\maximum speed limit_40\closed\photo_62_2024-12-05_22-22-53.jpg,train
3905,5,maximum speed limit_40,closed,1280,920,photo_63_2024-12-07_12-46-52.jpg,dataset_top12\maximum speed limit_40\closed\photo_63_2024-12-07_12-46-52.jpg,train
3906,5,maximum speed limit_40,closed,1280,542,photo_65_2024-12-05_22-22-53.jpg,dataset_top12\maximum speed limit_40\closed\photo_65_2024-12-05_22-22-53.jpg,train
3907,5,maximum speed limit_40,closed,1280,1094,photo_65_2024-12-05_22-23-10.jpg,dataset_top12\maximum speed limit_40\closed\photo_65_2024-12-05_22-23-10.jpg,train
3908,5,maximum speed limit_40,closed,1280,647,photo_66_2024-12-05_22-22-53.jpg,dataset_top12\maximum speed limit_40\closed\photo_66_2024-12-05_22-22-53.jpg,train
3909,5,maximum speed limit_40,closed,1280,832,photo_66_2024-12-05_22-23-50.jpg,dataset_top12\maximum speed limit_40\closed\photo_66_2024-12-05_22-23-50.jpg,train
3910,5,maximum speed limit_40,closed,1280,1091,photo_67_2024-12-05_22-23-10.jpg,dataset_top12\maximum speed limit_40\closed\photo_67_2024-12-05_22-23-10.jpg,validation
3911,5,maximum speed limit_40,closed,695,655,photo_67_2024-12-07_12-46-52.jpg,dataset_top12\maximum speed limit_40\closed\photo_67_2024-12-07_12-46-52.jpg,train
3912,5,maximum speed limit_40,closed,1280,914,photo_68_2024-12-05_22-22-53.jpg,dataset_top12\maximum speed limit_40\closed\photo_68_2024-12-05_22-22-53.jpg,train
3913,5,maximum speed limit_40,closed,1280,1085,photo_70_2024-12-05_22-22-53.jpg,dataset_top12\maximum speed limit_40\closed\photo_70_2024-12-05_22-22-53.jpg,test
3914,5,maximum speed limit_40,closed,1280,559,photo_71_2024-12-05_22-22-53.jpg,dataset_top12\maximum speed limit_40\closed\photo_71_2024-12-05_22-22-53.jpg,train
3915,5,maximum speed limit_40,closed,1280,956,photo_76_2024-12-05_22-22-53.jpg,dataset_top12\maximum speed limit_40\closed\photo_76_2024-12-05_22-22-53.jpg,validation
3916,5,maximum speed limit_40,closed,1280,850,photo_76_2024-12-05_22-23-50.jpg,dataset_top12\maximum speed limit_40\closed\photo_76_2024-12-05_22-23-50.jpg,train
3917,5,maximum speed limit_40,closed,1280,1064,photo_79_2024-12-05_22-22-53.jpg,dataset_top12\maximum speed limit_40\closed\photo_79_2024-12-05_22-22-53.jpg,test
3918,5,maximum speed limit_40,closed,1026,1280,photo_79_2024-12-07_12-48-37.jpg,dataset_top12\maximum speed limit_40\closed\photo_79_2024-12-07_12-48-37.jpg,train
3919,5,maximum speed limit_40,closed,1280,954,photo_7_2024-12-05_22-23-25.jpg,dataset_top12\maximum speed limit_40\closed\photo_7_2024-12-05_22-23-25.jpg,train
3920,5,maximum speed limit_40,closed,970,729,photo_94_2024-12-07_12-47-32.jpg,dataset_top12\maximum speed limit_40\closed\photo_94_2024-12-07_12-47-32.jpg,test
3921,5,maximum speed limit_40,closed,1280,1104,photo_97_2024-12-07_12-47-32.jpg,dataset_top12\maximum speed limit_40\closed\photo_97_2024-12-07_12-47-32.jpg,train
3922,5,maximum speed limit_40,closed,1280,831,photo_98_2024-12-07_12-47-32.jpg,dataset_top12\maximum speed limit_40\closed\photo_98_2024-12-07_12-47-32.jpg,test
3923,5,maximum speed limit_40,closed,1280,1114,photo_99_2024-12-05_22-22-53.jpg,dataset_top12\maximum speed limit_40\closed\photo_99_2024-12-05_22-22-53.jpg,train
3924,5,maximum speed limit_40,closed,1072,752,photo_99_2024-12-07_12-47-32.jpg,dataset_top12\maximum speed limit_40\closed\photo_99_2024-12-07_12-47-32.jpg,test
3925,5,maximum speed limit_40,closed,652,587,photo_9_2024-10-29_09-53-08.jpg,dataset_top12\maximum speed limit_40\closed\photo_9_2024-10-29_09-53-08.jpg,train
3926,5,maximum speed limit_40,closed,631,633,photo_9_2024-12-05_22-23-25.jpg,dataset_top12\maximum speed limit_40\closed\photo_9_2024-12-05_22-23-25.jpg,train
3927,6,left,opened,1056,1100,20241102_115413_99.jpg,dataset_top12\left\opened\20241102_115413_99.jpg,test
3928,6,left,opened,533,685,IMG_0760.JPG,dataset_top12\left\opened\IMG_0760.JPG,train
3929,6,left,opened,668,663,IMG_0760_1.JPG,dataset_top12\left\opened\IMG_0760_1.JPG,train
3930,6,left,opened,562,655,IMG_0761.JPG,dataset_top12\left\opened\IMG_0761.JPG,train
3931,6,left,opened,569,580,IMG_0761_6.JPG,dataset_top12\left\opened\IMG_0761_6.JPG,test
3932,6,left,opened,498,603,IMG_0761_9.JPG,dataset_top12\left\opened\IMG_0761_9.JPG,validation
3933,6,left,opened,452,536,IMG_0762.JPG,dataset_top12\left\opened\IMG_0762.JPG,train
3934,6,left,opened,473,552,IMG_0762_6.JPG,dataset_top12\left\opened\IMG_0762_6.JPG,validation
3935,6,left,opened,388,482,IMG_0763.JPG,dataset_top12\left\opened\IMG_0763.JPG,train
3936,6,left,opened,254,250,IMG_0763_8.JPG,dataset_top12\left\opened\IMG_0763_8.JPG,train
3937,6,left,opened,292,255,IMG_0763_8_8.JPG,dataset_top12\left\opened\IMG_0763_8_8.JPG,train
3938,6,left,opened,306,311,IMG_0763_8_9.JPG,dataset_top12\left\opened\IMG_0763_8_9.JPG,test
3939,6,left,opened,858,983,IMG_0769.JPG,dataset_top12\left\opened\IMG_0769.JPG,train
3940,6,left,opened,534,858,IMG_0769_1.JPG,dataset_top12\left\opened\IMG_0769_1.JPG,train
3941,6,left,opened,743,852,IMG_0769_6.JPG,dataset_top12\left\opened\IMG_0769_6.JPG,train
3942,6,left,opened,373,677,IMG_0770.JPG,dataset_top12\left\opened\IMG_0770.JPG,train
3943,6,left,opened,228,339,IMG_0771.JPG,dataset_top12\left\opened\IMG_0771.JPG,test
3944,6,left,opened,345,481,IMG_0772.JPG,dataset_top12\left\opened\IMG_0772.JPG,train
3945,6,left,opened,390,523,IMG_0773.JPG,dataset_top12\left\opened\IMG_0773.JPG,train
3946,6,left,opened,405,660,IMG_0774.JPG,dataset_top12\left\opened\IMG_0774.JPG,train
3947,6,left,opened,404,568,IMG_0775.JPG,dataset_top12\left\opened\IMG_0775.JPG,test
3948,6,left,opened,781,1152,IMG_0776.JPG,dataset_top12\left\opened\IMG_0776.JPG,test
3949,6,left,opened,763,1006,IMG_0777.JPG,dataset_top12\left\opened\IMG_0777.JPG,train
3950,6,left,opened,762,965,IMG_0778.JPG,dataset_top12\left\opened\IMG_0778.JPG,train
3951,6,left,opened,1025,1388,IMG_0779.JPG,dataset_top12\left\opened\IMG_0779.JPG,validation
3952,6,left,opened,1217,1340,IMG_0780.JPG,dataset_top12\left\opened\IMG_0780.JPG,validation
3953,6,left,opened,1159,1421,IMG_0781.JPG,dataset_top12\left\opened\IMG_0781.JPG,train
3954,6,left,opened,1054,1203,IMG_0782.JPG,dataset_top12\left\opened\IMG_0782.JPG,train
3955,6,left,opened,1062,1258,IMG_0783.JPG,dataset_top12\left\opened\IMG_0783.JPG,validation
3956,6,left,opened,385,660,IMG_0789.JPG,dataset_top12\left\opened\IMG_0789.JPG,validation
3957,6,left,opened,822,524,IMG_0790.JPG,dataset_top12\left\opened\IMG_0790.JPG,train
3958,6,left,opened,686,680,IMG_0790_5.JPG,dataset_top12\left\opened\IMG_0790_5.JPG,train
3959,6,left,opened,793,700,IMG_0790_8.JPG,dataset_top12\left\opened\IMG_0790_8.JPG,train
3960,6,left,opened,509,850,IMG_0791.JPG,dataset_top12\left\opened\IMG_0791.JPG,test
3961,6,left,opened,419,522,IMG_0791_6.JPG,dataset_top12\left\opened\IMG_0791_6.JPG,train
3962,6,left,opened,307,402,IMG_0791_9.JPG,dataset_top12\left\opened\IMG_0791_9.JPG,train
3963,6,left,opened,488,602,IMG_0792.JPG,dataset_top12\left\opened\IMG_0792.JPG,train
3964,6,left,opened,816,693,IMG_0792_4.JPG,dataset_top12\left\opened\IMG_0792_4.JPG,train
3965,6,left,opened,650,587,IMG_0792_5.JPG,dataset_top12\left\opened\IMG_0792_5.JPG,train
3966,6,left,opened,533,746,IMG_0793.JPG,dataset_top12\left\opened\IMG_0793.JPG,train
3967,6,left,opened,735,840,IMG_0793_7.JPG,dataset_top12\left\opened\IMG_0793_7.JPG,train
3968,6,left,opened,869,766,IMG_0795.JPG,dataset_top12\left\opened\IMG_0795.JPG,train
3969,6,left,opened,746,839,IMG_0796.JPG,dataset_top12\left\opened\IMG_0796.JPG,test
3970,6,left,opened,611,884,IMG_0796_8.JPG,dataset_top12\left\opened\IMG_0796_8.JPG,train
3971,6,left,opened,427,684,IMG_0824.JPG,dataset_top12\left\opened\IMG_0824.JPG,validation
3972,6,left,opened,524,510,IMG_0824_9.JPG,dataset_top12\left\opened\IMG_0824_9.JPG,test
3973,6,left,opened,437,517,IMG_0825.JPG,dataset_top12\left\opened\IMG_0825.JPG,test
3974,6,left,opened,424,504,IMG_0826.JPG,dataset_top12\left\opened\IMG_0826.JPG,train
3975,6,left,opened,381,406,IMG_0827.JPG,dataset_top12\left\opened\IMG_0827.JPG,train
3976,6,left,opened,455,688,IMG_0830.JPG,dataset_top12\left\opened\IMG_0830.JPG,train
3977,6,left,opened,477,516,IMG_0831.JPG,dataset_top12\left\opened\IMG_0831.JPG,validation
3978,6,left,opened,748,683,IMG_0833.JPG,dataset_top12\left\opened\IMG_0833.JPG,train
3979,6,left,opened,440,655,IMG_0834.JPG,dataset_top12\left\opened\IMG_0834.JPG,validation
3980,6,left,opened,537,642,IMG_0835.JPG,dataset_top12\left\opened\IMG_0835.JPG,train
3981,6,left,opened,683,771,IMG_0838.JPG,dataset_top12\left\opened\IMG_0838.JPG,train
3982,6,left,opened,704,1000,IMG_20241017_183705_99.jpg,dataset_top12\left\opened\IMG_20241017_183705_99.jpg,validation
3983,6,left,opened,448,478,photo_100_2024-12-06_22-25-52.jpg,dataset_top12\left\opened\photo_100_2024-12-06_22-25-52.jpg,train
3984,6,left,opened,393,387,photo_10_2024-11-28_18-31-49.jpg,dataset_top12\left\opened\photo_10_2024-11-28_18-31-49.jpg,train
3985,6,left,opened,260,267,photo_11_2024-04-25_12-20-30.jpg,dataset_top12\left\opened\photo_11_2024-04-25_12-20-30.jpg,train
3986,6,left,opened,159,201,photo_11_2024-04-25_12-20-30_1.jpg,dataset_top12\left\opened\photo_11_2024-04-25_12-20-30_1.jpg,train
3987,6,left,opened,131,184,photo_11_2024-04-25_12-20-30_4.jpg,dataset_top12\left\opened\photo_11_2024-04-25_12-20-30_4.jpg,validation
3988,6,left,opened,197,234,photo_11_2024-04-25_12-20-30_8.jpg,dataset_top12\left\opened\photo_11_2024-04-25_12-20-30_8.jpg,train
3989,6,left,opened,213,242,photo_11_2024-04-25_12-20-30_9.jpg,dataset_top12\left\opened\photo_11_2024-04-25_12-20-30_9.jpg,train
3990,6,left,opened,145,143,photo_11_2024-04-25_12-43-13.jpg,dataset_top12\left\opened\photo_11_2024-04-25_12-43-13.jpg,train
3991,6,left,opened,65,85,photo_11_2024-04-25_12-43-13_5.jpg,dataset_top12\left\opened\photo_11_2024-04-25_12-43-13_5.jpg,train
3992,6,left,opened,87,117,photo_11_2024-04-25_12-43-13_8.jpg,dataset_top12\left\opened\photo_11_2024-04-25_12-43-13_8.jpg,train
3993,6,left,opened,309,343,photo_12_2024-04-25_12-20-30.jpg,dataset_top12\left\opened\photo_12_2024-04-25_12-20-30.jpg,train
3994,6,left,opened,302,348,photo_12_2024-04-25_12-43-13.jpg,dataset_top12\left\opened\photo_12_2024-04-25_12-43-13.jpg,train
3995,6,left,opened,322,343,photo_12_2024-11-28_18-39-35_1.jpg,dataset_top12\left\opened\photo_12_2024-11-28_18-39-35_1.jpg,validation
3996,6,left,opened,313,322,photo_13_2024-04-25_12-20-30.jpg,dataset_top12\left\opened\photo_13_2024-04-25_12-20-30.jpg,test
3997,6,left,opened,155,155,photo_13_2024-04-25_12-20-30_7.jpg,dataset_top12\left\opened\photo_13_2024-04-25_12-20-30_7.jpg,train
3998,6,left,opened,178,177,photo_13_2024-04-25_12-41-12.jpg,dataset_top12\left\opened\photo_13_2024-04-25_12-41-12.jpg,train
3999,6,left,opened,405,409,photo_13_2024-11-28_18-39-35.jpg,dataset_top12\left\opened\photo_13_2024-11-28_18-39-35.jpg,validation
4000,6,left,opened,480,493,photo_13_2024-12-19_02-04-54.jpg,dataset_top12\left\opened\photo_13_2024-12-19_02-04-54.jpg,validation
4001,6,left,opened,101,101,photo_14_2024-04-25_12-41-12.jpg,dataset_top12\left\opened\photo_14_2024-04-25_12-41-12.jpg,train
4002,6,left,opened,154,150,photo_15_2024-04-25_12-20-30.jpg,dataset_top12\left\opened\photo_15_2024-04-25_12-20-30.jpg,train
4003,6,left,opened,82,85,photo_15_2024-04-25_12-20-30_0.jpg,dataset_top12\left\opened\photo_15_2024-04-25_12-20-30_0.jpg,train
4004,6,left,opened,78,75,photo_15_2024-04-25_12-20-30_9.jpg,dataset_top12\left\opened\photo_15_2024-04-25_12-20-30_9.jpg,test
4005,6,left,opened,342,367,photo_15_2024-04-25_12-41-12.jpg,dataset_top12\left\opened\photo_15_2024-04-25_12-41-12.jpg,test
4006,6,left,opened,362,335,photo_16_2024-04-25_12-20-30.jpg,dataset_top12\left\opened\photo_16_2024-04-25_12-20-30.jpg,validation
4007,6,left,opened,270,267,photo_17_2024-04-25_12-20-30.jpg,dataset_top12\left\opened\photo_17_2024-04-25_12-20-30.jpg,test
4008,6,left,opened,99,107,photo_17_2024-04-25_12-20-30_0.jpg,dataset_top12\left\opened\photo_17_2024-04-25_12-20-30_0.jpg,train
4009,6,left,opened,327,374,photo_18_2024-04-25_12-20-30.jpg,dataset_top12\left\opened\photo_18_2024-04-25_12-20-30.jpg,train
4010,6,left,opened,184,177,photo_18_2024-04-25_12-41-12.jpg,dataset_top12\left\opened\photo_18_2024-04-25_12-41-12.jpg,test
4011,6,left,opened,89,95,photo_18_2024-04-25_12-41-12_8.jpg,dataset_top12\left\opened\photo_18_2024-04-25_12-41-12_8.jpg,train
4012,6,left,opened,74,88,photo_18_2024-04-25_12-41-12_9.jpg,dataset_top12\left\opened\photo_18_2024-04-25_12-41-12_9.jpg,train
4013,6,left,opened,523,531,photo_18_2024-12-19_02-04-54.jpg,dataset_top12\left\opened\photo_18_2024-12-19_02-04-54.jpg,train
4014,6,left,opened,536,530,photo_19_2024-12-19_02-04-54.jpg,dataset_top12\left\opened\photo_19_2024-12-19_02-04-54.jpg,train
4015,6,left,opened,168,167,photo_1_2024-04-25_12-43-13_8.jpg,dataset_top12\left\opened\photo_1_2024-04-25_12-43-13_8.jpg,train
4016,6,left,opened,532,534,photo_1_2024-12-19_02-04-54.jpg,dataset_top12\left\opened\photo_1_2024-12-19_02-04-54.jpg,validation
4017,6,left,opened,174,163,photo_20_2024-04-25_12-43-13.jpg,dataset_top12\left\opened\photo_20_2024-04-25_12-43-13.jpg,train
4018,6,left,opened,64,80,photo_20_2024-04-25_12-43-13_0.jpg,dataset_top12\left\opened\photo_20_2024-04-25_12-43-13_0.jpg,validation
4019,6,left,opened,70,84,photo_20_2024-04-25_12-43-13_7.jpg,dataset_top12\left\opened\photo_20_2024-04-25_12-43-13_7.jpg,validation
4020,6,left,opened,85,99,photo_20_2024-04-25_12-43-13_9.jpg,dataset_top12\left\opened\photo_20_2024-04-25_12-43-13_9.jpg,test
4021,6,left,opened,411,397,photo_20_2024-11-28_18-39-35.jpg,dataset_top12\left\opened\photo_20_2024-11-28_18-39-35.jpg,test
4022,6,left,opened,254,254,photo_21_2024-04-25_12-41-12.jpg,dataset_top12\left\opened\photo_21_2024-04-25_12-41-12.jpg,validation
4023,6,left,opened,168,192,photo_21_2024-04-25_12-41-12_2.jpg,dataset_top12\left\opened\photo_21_2024-04-25_12-41-12_2.jpg,train
4024,6,left,opened,110,111,photo_21_2024-04-25_12-43-13.jpg,dataset_top12\left\opened\photo_21_2024-04-25_12-43-13.jpg,train
4025,6,left,opened,84,89,photo_21_2024-04-25_12-43-13_7.jpg,dataset_top12\left\opened\photo_21_2024-04-25_12-43-13_7.jpg,train
4026,6,left,opened,364,374,photo_21_2024-11-28_18-39-35.jpg,dataset_top12\left\opened\photo_21_2024-11-28_18-39-35.jpg,train
4027,6,left,opened,331,324,photo_22_2024-04-25_12-20-30.jpg,dataset_top12\left\opened\photo_22_2024-04-25_12-20-30.jpg,train
4028,6,left,opened,201,200,photo_23_2024-04-25_12-20-30.jpg,dataset_top12\left\opened\photo_23_2024-04-25_12-20-30.jpg,train
4029,6,left,opened,104,125,photo_23_2024-04-25_12-20-30_3.jpg,dataset_top12\left\opened\photo_23_2024-04-25_12-20-30_3.jpg,train
4030,6,left,opened,131,206,photo_23_2024-04-25_12-20-30_4.jpg,dataset_top12\left\opened\photo_23_2024-04-25_12-20-30_4.jpg,test
4031,6,left,opened,129,129,photo_24_2024-04-25_12-43-13.jpg,dataset_top12\left\opened\photo_24_2024-04-25_12-43-13.jpg,train
4032,6,left,opened,376,448,photo_25_2024-04-25_12-20-30.jpg,dataset_top12\left\opened\photo_25_2024-04-25_12-20-30.jpg,validation
4033,6,left,opened,340,347,photo_25_2024-04-25_12-41-12.jpg,dataset_top12\left\opened\photo_25_2024-04-25_12-41-12.jpg,train
4034,6,left,opened,107,106,photo_25_2024-04-25_12-43-13.jpg,dataset_top12\left\opened\photo_25_2024-04-25_12-43-13.jpg,train
4035,6,left,opened,599,600,photo_25_2024-12-09_12-49-48_1.jpg,dataset_top12\left\opened\photo_25_2024-12-09_12-49-48_1.jpg,train
4036,6,left,opened,152,152,photo_26_2024-04-25_12-20-30.jpg,dataset_top12\left\opened\photo_26_2024-04-25_12-20-30.jpg,train
4037,6,left,opened,156,162,photo_27_2024-04-25_12-41-12.jpg,dataset_top12\left\opened\photo_27_2024-04-25_12-41-12.jpg,validation
4038,6,left,opened,92,91,photo_27_2024-04-25_12-41-12_0.jpg,dataset_top12\left\opened\photo_27_2024-04-25_12-41-12_0.jpg,train
4039,6,left,opened,198,191,photo_27_2024-04-25_12-41-12_5.jpg,dataset_top12\left\opened\photo_27_2024-04-25_12-41-12_5.jpg,train
4040,6,left,opened,280,351,photo_28_2024-04-25_12-20-30.jpg,dataset_top12\left\opened\photo_28_2024-04-25_12-20-30.jpg,train
4041,6,left,opened,490,439,photo_28_2024-11-28_18-39-35.jpg,dataset_top12\left\opened\photo_28_2024-11-28_18-39-35.jpg,test
4042,6,left,opened,180,186,photo_2_2024-04-25_12-41-12_copy.jpg,dataset_top12\left\opened\photo_2_2024-04-25_12-41-12_copy.jpg,train
4043,6,left,opened,173,186,photo_2_2024-04-25_12-41-12_copy_1.jpg,dataset_top12\left\opened\photo_2_2024-04-25_12-41-12_copy_1.jpg,train
4044,6,left,opened,105,136,photo_2_2024-04-25_12-41-12_copy_9.jpg,dataset_top12\left\opened\photo_2_2024-04-25_12-41-12_copy_9.jpg,validation
4045,6,left,opened,123,127,photo_2_2024-04-25_12-43-13_left.jpg,dataset_top12\left\opened\photo_2_2024-04-25_12-43-13_left.jpg,train
4046,6,left,opened,86,83,photo_2_2024-04-25_12-43-13_left_9.jpg,dataset_top12\left\opened\photo_2_2024-04-25_12-43-13_left_9.jpg,train
4047,6,left,opened,376,435,photo_30_2024-04-25_12-41-12.jpg,dataset_top12\left\opened\photo_30_2024-04-25_12-41-12.jpg,test
4048,6,left,opened,215,257,photo_31_2024-04-25_12-41-12.jpg,dataset_top12\left\opened\photo_31_2024-04-25_12-41-12.jpg,test
4049,6,left,opened,184,182,photo_32_2024-04-25_12-20-30.jpg,dataset_top12\left\opened\photo_32_2024-04-25_12-20-30.jpg,train
4050,6,left,opened,120,142,photo_33_2024-04-25_12-20-30.jpg,dataset_top12\left\opened\photo_33_2024-04-25_12-20-30.jpg,train
4051,6,left,opened,403,404,photo_33_2024-11-28_18-39-35.jpg,dataset_top12\left\opened\photo_33_2024-11-28_18-39-35.jpg,train
4052,6,left,opened,471,536,photo_33_2024-12-19_02-04-55.jpg,dataset_top12\left\opened\photo_33_2024-12-19_02-04-55.jpg,test
4053,6,left,opened,164,162,photo_34_2024-04-25_12-41-12.jpg,dataset_top12\left\opened\photo_34_2024-04-25_12-41-12.jpg,train
4054,6,left,opened,128,131,photo_34_2024-04-25_12-41-12_0.jpg,dataset_top12\left\opened\photo_34_2024-04-25_12-41-12_0.jpg,train
4055,6,left,opened,113,124,photo_34_2024-04-25_12-41-12_8.jpg,dataset_top12\left\opened\photo_34_2024-04-25_12-41-12_8.jpg,train
4056,6,left,opened,321,336,photo_35_2024-04-25_12-41-12.jpg,dataset_top12\left\opened\photo_35_2024-04-25_12-41-12.jpg,train
4057,6,left,opened,104,113,photo_35_2024-04-25_12-41-12_3.jpg,dataset_top12\left\opened\photo_35_2024-04-25_12-41-12_3.jpg,train
4058,6,left,opened,108,124,photo_35_2024-04-25_12-41-12_7.jpg,dataset_top12\left\opened\photo_35_2024-04-25_12-41-12_7.jpg,test
4059,6,left,opened,410,429,photo_37_2024-04-25_12-43-13.jpg,dataset_top12\left\opened\photo_37_2024-04-25_12-43-13.jpg,validation
4060,6,left,opened,159,162,photo_38_2024-04-25_12-20-30.jpg,dataset_top12\left\opened\photo_38_2024-04-25_12-20-30.jpg,train
4061,6,left,opened,98,115,photo_38_2024-04-25_12-20-30_5.jpg,dataset_top12\left\opened\photo_38_2024-04-25_12-20-30_5.jpg,train
4062,6,left,opened,190,188,photo_38_2024-04-25_12-41-12.jpg,dataset_top12\left\opened\photo_38_2024-04-25_12-41-12.jpg,train
4063,6,left,opened,110,132,photo_38_2024-04-25_12-41-12_9.jpg,dataset_top12\left\opened\photo_38_2024-04-25_12-41-12_9.jpg,train
4064,6,left,opened,339,382,photo_38_2024-04-25_12-43-13.jpg,dataset_top12\left\opened\photo_38_2024-04-25_12-43-13.jpg,validation
4065,6,left,opened,124,154,photo_38_2024-04-25_12-43-13_0.jpg,dataset_top12\left\opened\photo_38_2024-04-25_12-43-13_0.jpg,train
4066,6,left,opened,473,594,photo_38_2024-12-19_02-04-55.jpg,dataset_top12\left\opened\photo_38_2024-12-19_02-04-55.jpg,train
4067,6,left,opened,161,162,photo_39_2024-04-25_12-20-30.jpg,dataset_top12\left\opened\photo_39_2024-04-25_12-20-30.jpg,train
4068,6,left,opened,137,127,photo_3_2024-04-25_12-41-12_straight.jpg,dataset_top12\left\opened\photo_3_2024-04-25_12-41-12_straight.jpg,train
4069,6,left,opened,135,128,photo_3_2024-04-25_12-43-13_l.jpg,dataset_top12\left\opened\photo_3_2024-04-25_12-43-13_l.jpg,train
4070,6,left,opened,74,75,photo_3_2024-04-25_12-43-13_l_6.jpg,dataset_top12\left\opened\photo_3_2024-04-25_12-43-13_l_6.jpg,test
4071,6,left,opened,420,405,photo_3_2024-12-19_02-04-54.jpg,dataset_top12\left\opened\photo_3_2024-12-19_02-04-54.jpg,validation
4072,6,left,opened,168,168,photo_40_2024-04-25_12-41-12.jpg,dataset_top12\left\opened\photo_40_2024-04-25_12-41-12.jpg,train
4073,6,left,opened,188,190,photo_41_2024-04-25_12-20-30.jpg,dataset_top12\left\opened\photo_41_2024-04-25_12-20-30.jpg,validation
4074,6,left,opened,143,145,photo_42_2024-04-25_12-41-12.jpg,dataset_top12\left\opened\photo_42_2024-04-25_12-41-12.jpg,train
4075,6,left,opened,69,71,photo_42_2024-04-25_12-41-12_0.jpg,dataset_top12\left\opened\photo_42_2024-04-25_12-41-12_0.jpg,validation
4076,6,left,opened,202,200,photo_43_2024-04-25_12-41-12.jpg,dataset_top12\left\opened\photo_43_2024-04-25_12-41-12.jpg,train
4077,6,left,opened,224,231,photo_43_2024-04-25_12-43-13.jpg,dataset_top12\left\opened\photo_43_2024-04-25_12-43-13.jpg,validation
4078,6,left,opened,463,512,photo_43_2024-12-19_02-03-02.jpg,dataset_top12\left\opened\photo_43_2024-12-19_02-03-02.jpg,train
4079,6,left,opened,127,132,photo_44_2024-04-25_12-41-12.jpg,dataset_top12\left\opened\photo_44_2024-04-25_12-41-12.jpg,train
4080,6,left,opened,479,542,photo_44_2024-12-19_02-04-55.jpg,dataset_top12\left\opened\photo_44_2024-12-19_02-04-55.jpg,train
4081,6,left,opened,470,540,photo_45_2024-12-19_02-03-02.jpg,dataset_top12\left\opened\photo_45_2024-12-19_02-03-02.jpg,test
4082,6,left,opened,403,413,photo_46_2024-12-19_02-04-55.jpg,dataset_top12\left\opened\photo_46_2024-12-19_02-04-55.jpg,train
4083,6,left,opened,250,245,photo_47_2024-04-25_12-41-12.jpg,dataset_top12\left\opened\photo_47_2024-04-25_12-41-12.jpg,train
4084,6,left,opened,149,154,photo_47_2024-04-25_12-41-12_0.jpg,dataset_top12\left\opened\photo_47_2024-04-25_12-41-12_0.jpg,train
4085,6,left,opened,615,595,photo_47_2024-12-09_12-49-48_1.jpg,dataset_top12\left\opened\photo_47_2024-12-09_12-49-48_1.jpg,train
4086,6,left,opened,175,180,photo_48_2024-04-25_12-41-12.jpg,dataset_top12\left\opened\photo_48_2024-04-25_12-41-12.jpg,validation
4087,6,left,opened,67,93,photo_48_2024-04-25_12-41-12_7.jpg,dataset_top12\left\opened\photo_48_2024-04-25_12-41-12_7.jpg,train
4088,6,left,opened,73,83,photo_48_2024-04-25_12-41-12_8.jpg,dataset_top12\left\opened\photo_48_2024-04-25_12-41-12_8.jpg,train
4089,6,left,opened,65,103,photo_48_2024-04-25_12-41-12_9.jpg,dataset_top12\left\opened\photo_48_2024-04-25_12-41-12_9.jpg,train
4090,6,left,opened,298,285,photo_49_2024-11-28_18-39-35.jpg,dataset_top12\left\opened\photo_49_2024-11-28_18-39-35.jpg,train
4091,6,left,opened,132,132,photo_4_2024-04-25_12-43-13_l.jpg,dataset_top12\left\opened\photo_4_2024-04-25_12-43-13_l.jpg,train
4092,6,left,opened,92,104,photo_4_2024-04-25_12-43-13_l_6.jpg,dataset_top12\left\opened\photo_4_2024-04-25_12-43-13_l_6.jpg,train
4093,6,left,opened,81,121,photo_4_2024-04-25_12-43-13_l_7.jpg,dataset_top12\left\opened\photo_4_2024-04-25_12-43-13_l_7.jpg,train
4094,6,left,opened,142,143,photo_50_2024-04-25_12-41-12.jpg,dataset_top12\left\opened\photo_50_2024-04-25_12-41-12.jpg,train
4095,6,left,opened,335,336,photo_52_2024-12-01_22-45-02.jpg,dataset_top12\left\opened\photo_52_2024-12-01_22-45-02.jpg,train
4096,6,left,opened,151,152,photo_53_2024-04-25_12-41-12.jpg,dataset_top12\left\opened\photo_53_2024-04-25_12-41-12.jpg,train
4097,6,left,opened,64,107,photo_53_2024-04-25_12-41-12_6.jpg,dataset_top12\left\opened\photo_53_2024-04-25_12-41-12_6.jpg,train
4098,6,left,opened,113,118,photo_53_2024-04-25_12-41-12_8.jpg,dataset_top12\left\opened\photo_53_2024-04-25_12-41-12_8.jpg,train
4099,6,left,opened,63,108,photo_53_2024-04-25_12-41-12_9.jpg,dataset_top12\left\opened\photo_53_2024-04-25_12-41-12_9.jpg,train
4100,6,left,opened,124,124,photo_58_2024-04-25_12-41-12.jpg,dataset_top12\left\opened\photo_58_2024-04-25_12-41-12.jpg,train
4101,6,left,opened,75,89,photo_58_2024-04-25_12-41-12_0.jpg,dataset_top12\left\opened\photo_58_2024-04-25_12-41-12_0.jpg,test
4102,6,left,opened,429,583,photo_59_2024-12-19_02-00-05.jpg,dataset_top12\left\opened\photo_59_2024-12-19_02-00-05.jpg,train
4103,6,left,opened,505,517,photo_5_2024-04-25_12-20-30_l.jpg,dataset_top12\left\opened\photo_5_2024-04-25_12-20-30_l.jpg,train
4104,6,left,opened,960,1280,photo_5_2024-12-18_02-27-08.jpg,dataset_top12\left\opened\photo_5_2024-12-18_02-27-08.jpg,test
4105,6,left,opened,441,454,photo_5_2024-12-19_02-04-54.jpg,dataset_top12\left\opened\photo_5_2024-12-19_02-04-54.jpg,train
4106,6,left,opened,404,489,photo_60_2024-12-19_02-04-55.jpg,dataset_top12\left\opened\photo_60_2024-12-19_02-04-55.jpg,train
4107,6,left,opened,218,213,photo_61_2024-04-25_12-41-12.jpg,dataset_top12\left\opened\photo_61_2024-04-25_12-41-12.jpg,train
4108,6,left,opened,462,533,photo_63_2024-12-19_02-00-05.jpg,dataset_top12\left\opened\photo_63_2024-12-19_02-00-05.jpg,train
4109,6,left,opened,438,501,photo_64_2024-12-19_02-00-05.jpg,dataset_top12\left\opened\photo_64_2024-12-19_02-00-05.jpg,test
4110,6,left,opened,195,194,photo_66_2024-04-25_12-41-12.jpg,dataset_top12\left\opened\photo_66_2024-04-25_12-41-12.jpg,validation
4111,6,left,opened,503,595,photo_66_2024-12-19_02-04-55.jpg,dataset_top12\left\opened\photo_66_2024-12-19_02-04-55.jpg,train
4112,6,left,opened,617,619,photo_6_2024-04-25_12-20-30_l.jpg,dataset_top12\left\opened\photo_6_2024-04-25_12-20-30_l.jpg,train
4113,6,left,opened,437,437,photo_6_2024-12-19_02-04-54.jpg,dataset_top12\left\opened\photo_6_2024-12-19_02-04-54.jpg,train
4114,6,left,opened,226,224,photo_75_2024-04-25_12-41-12.jpg,dataset_top12\left\opened\photo_75_2024-04-25_12-41-12.jpg,train
4115,6,left,opened,399,491,photo_78_2024-12-19_02-00-05.jpg,dataset_top12\left\opened\photo_78_2024-12-19_02-00-05.jpg,test
4116,6,left,opened,402,495,photo_79_2024-12-19_02-00-05.jpg,dataset_top12\left\opened\photo_79_2024-12-19_02-00-05.jpg,train
4117,6,left,opened,450,448,photo_7_2024-12-19_02-04-54.jpg,dataset_top12\left\opened\photo_7_2024-12-19_02-04-54.jpg,train
4118,6,left,opened,206,205,photo_81_2024-04-25_12-41-13.jpg,dataset_top12\left\opened\photo_81_2024-04-25_12-41-13.jpg,train
4119,6,left,opened,447,521,photo_81_2024-12-19_02-00-05.jpg,dataset_top12\left\opened\photo_81_2024-12-19_02-00-05.jpg,train
4120,6,left,opened,510,574,photo_82_2024-12-19_02-00-05.jpg,dataset_top12\left\opened\photo_82_2024-12-19_02-00-05.jpg,test
4121,6,left,opened,474,535,photo_84_2024-12-19_02-00-05.jpg,dataset_top12\left\opened\photo_84_2024-12-19_02-00-05.jpg,train
4122,6,left,opened,632,690,photo_86_2024-12-06_22-25-52.jpg,dataset_top12\left\opened\photo_86_2024-12-06_22-25-52.jpg,train
4123,6,left,opened,436,508,photo_87_2024-12-19_02-00-05.jpg,dataset_top12\left\opened\photo_87_2024-12-19_02-00-05.jpg,train
4124,6,left,opened,200,198,photo_88_2024-04-25_12-41-13.jpg,dataset_top12\left\opened\photo_88_2024-04-25_12-41-13.jpg,validation
4125,6,left,opened,100,124,photo_88_2024-04-25_12-41-13_0.jpg,dataset_top12\left\opened\photo_88_2024-04-25_12-41-13_0.jpg,train
4126,6,left,opened,100,116,photo_88_2024-04-25_12-41-13_3.jpg,dataset_top12\left\opened\photo_88_2024-04-25_12-41-13_3.jpg,train
4127,6,left,opened,569,566,photo_88_2024-12-06_22-25-52_1.jpg,dataset_top12\left\opened\photo_88_2024-12-06_22-25-52_1.jpg,train
4128,6,left,opened,447,495,photo_88_2024-12-19_02-00-05.jpg,dataset_top12\left\opened\photo_88_2024-12-19_02-00-05.jpg,train
4129,6,left,opened,420,530,photo_89_2024-12-06_22-25-52.jpg,dataset_top12\left\opened\photo_89_2024-12-06_22-25-52.jpg,train
4130,6,left,opened,288,290,photo_8_2024-04-25_12-20-30.jpg,dataset_top12\left\opened\photo_8_2024-04-25_12-20-30.jpg,train
4131,6,left,opened,229,333,photo_8_2024-04-25_12-20-30_0.jpg,dataset_top12\left\opened\photo_8_2024-04-25_12-20-30_0.jpg,train
4132,6,left,opened,155,215,photo_8_2024-04-25_12-20-30_3.jpg,dataset_top12\left\opened\photo_8_2024-04-25_12-20-30_3.jpg,validation
4133,6,left,opened,145,234,photo_8_2024-04-25_12-20-30_7.jpg,dataset_top12\left\opened\photo_8_2024-04-25_12-20-30_7.jpg,train
4134,6,left,opened,221,222,photo_8_2024-04-25_12-41-12_1.jpg,dataset_top12\left\opened\photo_8_2024-04-25_12-41-12_1.jpg,test
4135,6,left,opened,117,165,photo_8_2024-04-25_12-41-12_1_7.jpg,dataset_top12\left\opened\photo_8_2024-04-25_12-41-12_1_7.jpg,train
4136,6,left,opened,446,465,photo_92_2024-12-19_02-00-53.jpg,dataset_top12\left\opened\photo_92_2024-12-19_02-00-53.jpg,test
4137,6,left,opened,531,602,photo_94_2024-12-06_22-25-52.jpg,dataset_top12\left\opened\photo_94_2024-12-06_22-25-52.jpg,train
4138,6,left,opened,441,555,photo_98_2024-12-19_02-00-05.jpg,dataset_top12\left\opened\photo_98_2024-12-19_02-00-05.jpg,train
4139,6,left,opened,512,507,photo_99_2024-12-06_22-25-52.jpg,dataset_top12\left\opened\photo_99_2024-12-06_22-25-52.jpg,train
4140,6,left,closed,1281,1496,20241102_113833_7.jpg,dataset_top12\left\closed\20241102_113833_7.jpg,validation
4141,6,left,closed,1244,1372,IMG_20241017_183715_88.jpg,dataset_top12\left\closed\IMG_20241017_183715_88.jpg,train
4142,6,left,closed,343,344,photo_11_2024-11-28_18-31-49.jpg,dataset_top12\left\closed\photo_11_2024-11-28_18-31-49.jpg,validation
4143,6,left,closed,960,1280,photo_11_2024-12-06_22-24-22.jpg,dataset_top12\left\closed\photo_11_2024-12-06_22-24-22.jpg,train
4144,6,left,closed,328,352,photo_12_2024-11-28_18-31-49.jpg,dataset_top12\left\closed\photo_12_2024-11-28_18-31-49.jpg,test
4145,6,left,closed,338,356,photo_13_2024-11-28_18-31-49.jpg,dataset_top12\left\closed\photo_13_2024-11-28_18-31-49.jpg,train
4146,6,left,closed,960,1280,photo_13_2024-12-06_22-24-22.jpg,dataset_top12\left\closed\photo_13_2024-12-06_22-24-22.jpg,train
4147,6,left,closed,396,403,photo_18_2024-11-28_18-31-49.jpg,dataset_top12\left\closed\photo_18_2024-11-28_18-31-49.jpg,train
4148,6,left,closed,960,1280,photo_18_2024-12-06_22-24-22.jpg,dataset_top12\left\closed\photo_18_2024-12-06_22-24-22.jpg,train
4149,6,left,closed,397,398,photo_19_2024-11-28_18-31-49.jpg,dataset_top12\left\closed\photo_19_2024-11-28_18-31-49.jpg,train
4150,6,left,closed,960,1280,photo_19_2024-12-06_22-24-22.jpg,dataset_top12\left\closed\photo_19_2024-12-06_22-24-22.jpg,train
4151,6,left,closed,103,132,photo_1_2024-04-25_12-43-13.jpg,dataset_top12\left\closed\photo_1_2024-04-25_12-43-13.jpg,test
4152,6,left,closed,403,392,photo_1_2024-11-28_18-31-49.jpg,dataset_top12\left\closed\photo_1_2024-11-28_18-31-49.jpg,train
4153,6,left,closed,960,1280,photo_21_2024-12-06_22-24-22.jpg,dataset_top12\left\closed\photo_21_2024-12-06_22-24-22.jpg,train
4154,6,left,closed,358,350,photo_22_2024-11-28_18-31-49.jpg,dataset_top12\left\closed\photo_22_2024-11-28_18-31-49.jpg,train
4155,6,left,closed,960,1280,photo_22_2024-12-06_22-24-22.jpg,dataset_top12\left\closed\photo_22_2024-12-06_22-24-22.jpg,validation
4156,6,left,closed,368,367,photo_24_2024-11-28_18-31-49.jpg,dataset_top12\left\closed\photo_24_2024-11-28_18-31-49.jpg,validation
4157,6,left,closed,960,1280,photo_24_2024-12-06_22-24-22.jpg,dataset_top12\left\closed\photo_24_2024-12-06_22-24-22.jpg,train
4158,6,left,closed,375,359,photo_25_2024-11-28_18-31-49.jpg,dataset_top12\left\closed\photo_25_2024-11-28_18-31-49.jpg,train
4159,6,left,closed,211,299,photo_41_2024-10-29_09-54-21.jpg,dataset_top12\left\closed\photo_41_2024-10-29_09-54-21.jpg,train
4160,6,left,closed,960,1280,photo_47_2024-12-06_22-25-52.jpg,dataset_top12\left\closed\photo_47_2024-12-06_22-25-52.jpg,train
4161,6,left,closed,300,301,photo_54_2024-11-28_18-39-35.jpg,dataset_top12\left\closed\photo_54_2024-11-28_18-39-35.jpg,validation
4162,6,left,closed,960,1280,photo_54_2024-12-06_22-25-52.jpg,dataset_top12\left\closed\photo_54_2024-12-06_22-25-52.jpg,train
4163,6,left,closed,294,276,photo_58_2024-11-28_18-39-35.jpg,dataset_top12\left\closed\photo_58_2024-11-28_18-39-35.jpg,train
4164,6,left,closed,960,1280,photo_68_2024-12-06_22-25-52.jpg,dataset_top12\left\closed\photo_68_2024-12-06_22-25-52.jpg,test
4165,6,left,closed,960,1280,photo_7_2024-12-06_22-24-22.jpg,dataset_top12\left\closed\photo_7_2024-12-06_22-24-22.jpg,train
4166,6,left,closed,509,537,photo_80_2024-12-06_22-25-52.jpg,dataset_top12\left\closed\photo_80_2024-12-06_22-25-52.jpg,test
4167,6,left,closed,641,695,photo_82_2024-12-05_22-22-53_1.jpg,dataset_top12\left\closed\photo_82_2024-12-05_22-22-53_1.jpg,train
4168,6,left,closed,293,313,photo_83_2024-12-05_22-22-53_2.jpg,dataset_top12\left\closed\photo_83_2024-12-05_22-22-53_2.jpg,train
4169,6,left,closed,603,645,photo_88_2024-12-05_22-22-53_1.jpg,dataset_top12\left\closed\photo_88_2024-12-05_22-22-53_1.jpg,train
4170,6,left,closed,510,510,photo_89_2024-12-05_22-22-53_1.jpg,dataset_top12\left\closed\photo_89_2024-12-05_22-22-53_1.jpg,train
4171,6,left,closed,960,1280,photo_8_2024-12-06_22-24-22.jpg,dataset_top12\left\closed\photo_8_2024-12-06_22-24-22.jpg,train
4172,6,left,closed,287,382,photo_90_2024-12-06_22-24-57.jpg,dataset_top12\left\closed\photo_90_2024-12-06_22-24-57.jpg,test
4173,6,left,closed,960,1280,photo_9_2024-12-06_22-24-22.jpg,dataset_top12\left\closed\photo_9_2024-12-06_22-24-22.jpg,train
4174,7,stop line,opened,699,696,photo_100_2024-12-18_02-36-53.jpg,dataset_top12\stop line\opened\photo_100_2024-12-18_02-36-53.jpg,validation
4175,7,stop line,opened,730,671,photo_10_2024-12-18_02-10-22.jpg,dataset_top12\stop line\opened\photo_10_2024-12-18_02-10-22.jpg,train
4176,7,stop line,opened,751,767,photo_10_2024-12-18_02-11-31.jpg,dataset_top12\stop line\opened\photo_10_2024-12-18_02-11-31.jpg,train
4177,7,stop line,opened,700,747,photo_11_2024-12-18_02-11-31.jpg,dataset_top12\stop line\opened\photo_11_2024-12-18_02-11-31.jpg,train
4178,7,stop line,opened,719,732,photo_11_2024-12-18_02-25-50.jpg,dataset_top12\stop line\opened\photo_11_2024-12-18_02-25-50.jpg,train
4179,7,stop line,opened,525,520,photo_11_2024-12-18_02-28-33.jpg,dataset_top12\stop line\opened\photo_11_2024-12-18_02-28-33.jpg,train
4180,7,stop line,opened,960,1280,photo_12_2024-12-18_02-11-31.jpg,dataset_top12\stop line\opened\photo_12_2024-12-18_02-11-31.jpg,train
4181,7,stop line,opened,659,650,photo_12_2024-12-18_02-28-33.jpg,dataset_top12\stop line\opened\photo_12_2024-12-18_02-28-33.jpg,train
4182,7,stop line,opened,524,495,photo_12_2024-12-18_02-29-08.jpg,dataset_top12\stop line\opened\photo_12_2024-12-18_02-29-08.jpg,test
4183,7,stop line,opened,833,1153,photo_13_2024-12-18_02-11-31.jpg,dataset_top12\stop line\opened\photo_13_2024-12-18_02-11-31.jpg,train
4184,7,stop line,opened,744,713,photo_13_2024-12-18_02-29-08.jpg,dataset_top12\stop line\opened\photo_13_2024-12-18_02-29-08.jpg,validation
4185,7,stop line,opened,735,740,photo_15_2024-12-09_12-46-01_1.jpg,dataset_top12\stop line\opened\photo_15_2024-12-09_12-46-01_1.jpg,train
4186,7,stop line,opened,884,824,photo_15_2024-12-18_02-11-31.jpg,dataset_top12\stop line\opened\photo_15_2024-12-18_02-11-31.jpg,test
4187,7,stop line,opened,810,829,photo_16_2024-12-18_02-11-31.jpg,dataset_top12\stop line\opened\photo_16_2024-12-18_02-11-31.jpg,train
4188,7,stop line,opened,718,872,photo_18_2024-12-18_02-11-31.jpg,dataset_top12\stop line\opened\photo_18_2024-12-18_02-11-31.jpg,train
4189,7,stop line,opened,703,861,photo_19_2024-12-18_02-10-22.jpg,dataset_top12\stop line\opened\photo_19_2024-12-18_02-10-22.jpg,train
4190,7,stop line,opened,767,796,photo_19_2024-12-18_13-02-03.jpg,dataset_top12\stop line\opened\photo_19_2024-12-18_13-02-03.jpg,train
4191,7,stop line,opened,960,1280,photo_1_2024-12-18_02-10-22.jpg,dataset_top12\stop line\opened\photo_1_2024-12-18_02-10-22.jpg,test
4192,7,stop line,opened,799,831,photo_1_2024-12-18_02-11-31.jpg,dataset_top12\stop line\opened\photo_1_2024-12-18_02-11-31.jpg,validation
4193,7,stop line,opened,586,548,photo_2024-12-18_02-09-28.jpg,dataset_top12\stop line\opened\photo_2024-12-18_02-09-28.jpg,train
4194,7,stop line,opened,711,690,photo_2024-12-18_02-09-30.jpg,dataset_top12\stop line\opened\photo_2024-12-18_02-09-30.jpg,train
4195,7,stop line,opened,616,604,photo_2024-12-18_02-09-32.jpg,dataset_top12\stop line\opened\photo_2024-12-18_02-09-32.jpg,train
4196,7,stop line,opened,830,831,photo_20_2024-12-18_13-02-03.jpg,dataset_top12\stop line\opened\photo_20_2024-12-18_13-02-03.jpg,train
4197,7,stop line,opened,760,755,photo_21_2024-12-18_02-28-33.jpg,dataset_top12\stop line\opened\photo_21_2024-12-18_02-28-33.jpg,train
4198,7,stop line,opened,659,678,photo_21_2024-12-18_13-01-24.jpg,dataset_top12\stop line\opened\photo_21_2024-12-18_13-01-24.jpg,train
4199,7,stop line,opened,797,745,photo_22_2024-12-18_02-11-31.jpg,dataset_top12\stop line\opened\photo_22_2024-12-18_02-11-31.jpg,train
4200,7,stop line,opened,699,673,photo_22_2024-12-18_02-28-33.jpg,dataset_top12\stop line\opened\photo_22_2024-12-18_02-28-33.jpg,train
4201,7,stop line,opened,749,755,photo_22_2024-12-18_13-01-24.jpg,dataset_top12\stop line\opened\photo_22_2024-12-18_13-01-24.jpg,validation
4202,7,stop line,opened,960,1280,photo_23_2024-12-18_02-25-50.jpg,dataset_top12\stop line\opened\photo_23_2024-12-18_02-25-50.jpg,validation
4203,7,stop line,opened,687,683,photo_23_2024-12-18_02-29-08.jpg,dataset_top12\stop line\opened\photo_23_2024-12-18_02-29-08.jpg,train
4204,7,stop line,opened,750,795,photo_24_2024-12-18_02-11-31.jpg,dataset_top12\stop line\opened\photo_24_2024-12-18_02-11-31.jpg,train
4205,7,stop line,opened,720,834,photo_25_2024-12-18_02-11-31.jpg,dataset_top12\stop line\opened\photo_25_2024-12-18_02-11-31.jpg,train
4206,7,stop line,opened,741,854,photo_26_2024-12-18_02-11-31.jpg,dataset_top12\stop line\opened\photo_26_2024-12-18_02-11-31.jpg,validation
4207,7,stop line,opened,663,604,photo_26_2024-12-18_02-29-08.jpg,dataset_top12\stop line\opened\photo_26_2024-12-18_02-29-08.jpg,test
4208,7,stop line,opened,487,483,photo_27_2024-12-09_12-46-01.jpg,dataset_top12\stop line\opened\photo_27_2024-12-09_12-46-01.jpg,train
4209,7,stop line,opened,662,709,photo_27_2024-12-18_02-10-22.jpg,dataset_top12\stop line\opened\photo_27_2024-12-18_02-10-22.jpg,train
4210,7,stop line,opened,839,920,photo_27_2024-12-18_02-11-31.jpg,dataset_top12\stop line\opened\photo_27_2024-12-18_02-11-31.jpg,train
4211,7,stop line,opened,764,758,photo_27_2024-12-18_02-29-08.jpg,dataset_top12\stop line\opened\photo_27_2024-12-18_02-29-08.jpg,train
4212,7,stop line,opened,636,664,photo_28_2024-12-06_22-24-57.jpg,dataset_top12\stop line\opened\photo_28_2024-12-06_22-24-57.jpg,train
4213,7,stop line,opened,826,706,photo_28_2024-12-18_13-01-24.jpg,dataset_top12\stop line\opened\photo_28_2024-12-18_13-01-24.jpg,test
4214,7,stop line,opened,776,762,photo_28_2024-12-18_13-04-36.jpg,dataset_top12\stop line\opened\photo_28_2024-12-18_13-04-36.jpg,train
4215,7,stop line,opened,641,637,photo_29_2024-12-09_12-49-48.jpg,dataset_top12\stop line\opened\photo_29_2024-12-09_12-49-48.jpg,train
4216,7,stop line,opened,960,892,photo_29_2024-12-18_02-11-31.jpg,dataset_top12\stop line\opened\photo_29_2024-12-18_02-11-31.jpg,train
4217,7,stop line,opened,960,933,photo_29_2024-12-18_13-06-32.jpg,dataset_top12\stop line\opened\photo_29_2024-12-18_13-06-32.jpg,train
4218,7,stop line,opened,759,755,photo_29_2024-12-19_00-10-31.jpg,dataset_top12\stop line\opened\photo_29_2024-12-19_00-10-31.jpg,validation
4219,7,stop line,opened,670,733,photo_2_2024-12-18_02-10-22.jpg,dataset_top12\stop line\opened\photo_2_2024-12-18_02-10-22.jpg,test
4220,7,stop line,opened,960,1280,photo_2_2024-12-18_13-07-03.jpg,dataset_top12\stop line\opened\photo_2_2024-12-18_13-07-03.jpg,test
4221,7,stop line,opened,469,528,photo_30_2024-12-07_12-51-07.jpg,dataset_top12\stop line\opened\photo_30_2024-12-07_12-51-07.jpg,train
4222,7,stop line,opened,960,844,photo_30_2024-12-18_02-11-31.jpg,dataset_top12\stop line\opened\photo_30_2024-12-18_02-11-31.jpg,train
4223,7,stop line,opened,748,650,photo_31_2024-12-18_02-10-22.jpg,dataset_top12\stop line\opened\photo_31_2024-12-18_02-10-22.jpg,test
4224,7,stop line,opened,881,969,photo_31_2024-12-18_02-11-31.jpg,dataset_top12\stop line\opened\photo_31_2024-12-18_02-11-31.jpg,train
4225,7,stop line,opened,923,1136,photo_31_2024-12-18_13-02-03.jpg,dataset_top12\stop line\opened\photo_31_2024-12-18_13-02-03.jpg,train
4226,7,stop line,opened,630,742,photo_32_2024-12-07_12-51-07.jpg,dataset_top12\stop line\opened\photo_32_2024-12-07_12-51-07.jpg,train
4227,7,stop line,opened,771,839,photo_32_2024-12-18_02-11-31.jpg,dataset_top12\stop line\opened\photo_32_2024-12-18_02-11-31.jpg,train
4228,7,stop line,opened,619,665,photo_33_2024-12-18_02-10-22.jpg,dataset_top12\stop line\opened\photo_33_2024-12-18_02-10-22.jpg,train
4229,7,stop line,opened,733,761,photo_33_2024-12-18_02-11-31.jpg,dataset_top12\stop line\opened\photo_33_2024-12-18_02-11-31.jpg,train
4230,7,stop line,opened,846,829,photo_33_2024-12-18_13-01-24.jpg,dataset_top12\stop line\opened\photo_33_2024-12-18_13-01-24.jpg,validation
4231,7,stop line,opened,960,1280,photo_35_2024-12-18_13-02-03.jpg,dataset_top12\stop line\opened\photo_35_2024-12-18_13-02-03.jpg,train
4232,7,stop line,opened,960,826,photo_35_2024-12-18_13-05-23.jpg,dataset_top12\stop line\opened\photo_35_2024-12-18_13-05-23.jpg,train
4233,7,stop line,opened,477,500,photo_36_2024-12-07_12-51-07.jpg,dataset_top12\stop line\opened\photo_36_2024-12-07_12-51-07.jpg,train
4234,7,stop line,opened,731,737,photo_38_2024-12-18_02-28-33.jpg,dataset_top12\stop line\opened\photo_38_2024-12-18_02-28-33.jpg,train
4235,7,stop line,opened,960,1015,photo_38_2024-12-18_13-06-32.jpg,dataset_top12\stop line\opened\photo_38_2024-12-18_13-06-32.jpg,test
4236,7,stop line,opened,835,824,photo_39_2024-12-18_02-25-50.jpg,dataset_top12\stop line\opened\photo_39_2024-12-18_02-25-50.jpg,train
4237,7,stop line,opened,724,625,photo_3_2024-12-18_02-10-22.jpg,dataset_top12\stop line\opened\photo_3_2024-12-18_02-10-22.jpg,train
4238,7,stop line,opened,960,908,photo_3_2024-12-18_02-11-31.jpg,dataset_top12\stop line\opened\photo_3_2024-12-18_02-11-31.jpg,test
4239,7,stop line,opened,960,903,photo_3_2024-12-18_13-05-57.jpg,dataset_top12\stop line\opened\photo_3_2024-12-18_13-05-57.jpg,train
4240,7,stop line,opened,711,596,photo_3_2024-12-18_13-06-32.jpg,dataset_top12\stop line\opened\photo_3_2024-12-18_13-06-32.jpg,test
4241,7,stop line,opened,432,429,photo_41_2024-12-09_12-45-24_2.jpg,dataset_top12\stop line\opened\photo_41_2024-12-09_12-45-24_2.jpg,train
4242,7,stop line,opened,603,594,photo_41_2024-12-18_02-28-33.jpg,dataset_top12\stop line\opened\photo_41_2024-12-18_02-28-33.jpg,train
4243,7,stop line,opened,644,648,photo_42_2024-12-09_12-49-48.jpg,dataset_top12\stop line\opened\photo_42_2024-12-09_12-49-48.jpg,train
4244,7,stop line,opened,687,676,photo_42_2024-12-18_02-10-22.jpg,dataset_top12\stop line\opened\photo_42_2024-12-18_02-10-22.jpg,train
4245,7,stop line,opened,676,694,photo_43_2024-12-18_02-10-22.jpg,dataset_top12\stop line\opened\photo_43_2024-12-18_02-10-22.jpg,validation
4246,7,stop line,opened,960,1280,photo_43_2024-12-18_02-28-33.jpg,dataset_top12\stop line\opened\photo_43_2024-12-18_02-28-33.jpg,train
4247,7,stop line,opened,960,1280,photo_43_2024-12-18_13-00-25.jpg,dataset_top12\stop line\opened\photo_43_2024-12-18_13-00-25.jpg,validation
4248,7,stop line,opened,960,1280,photo_43_2024-12-18_13-02-04.jpg,dataset_top12\stop line\opened\photo_43_2024-12-18_13-02-04.jpg,train
4249,7,stop line,opened,729,676,photo_44_2024-12-18_13-00-25.jpg,dataset_top12\stop line\opened\photo_44_2024-12-18_13-00-25.jpg,train
4250,7,stop line,opened,857,691,photo_44_2024-12-18_13-01-24.jpg,dataset_top12\stop line\opened\photo_44_2024-12-18_13-01-24.jpg,train
4251,7,stop line,opened,960,882,photo_44_2024-12-18_13-05-23.jpg,dataset_top12\stop line\opened\photo_44_2024-12-18_13-05-23.jpg,train
4252,7,stop line,opened,504,493,photo_45_2024-12-18_02-27-47.jpg,dataset_top12\stop line\opened\photo_45_2024-12-18_02-27-47.jpg,train
4253,7,stop line,opened,960,1280,photo_45_2024-12-18_13-00-25.jpg,dataset_top12\stop line\opened\photo_45_2024-12-18_13-00-25.jpg,train
4254,7,stop line,opened,910,892,photo_45_2024-12-18_13-04-36.jpg,dataset_top12\stop line\opened\photo_45_2024-12-18_13-04-36.jpg,train
4255,7,stop line,opened,960,1280,photo_46_2024-12-09_12-49-48.jpg,dataset_top12\stop line\opened\photo_46_2024-12-09_12-49-48.jpg,train
4256,7,stop line,opened,848,829,photo_46_2024-12-18_02-27-08.jpg,dataset_top12\stop line\opened\photo_46_2024-12-18_02-27-08.jpg,train
4257,7,stop line,opened,766,701,photo_46_2024-12-18_13-00-25.jpg,dataset_top12\stop line\opened\photo_46_2024-12-18_13-00-25.jpg,train
4258,7,stop line,opened,715,648,photo_47_2024-12-18_13-00-25.jpg,dataset_top12\stop line\opened\photo_47_2024-12-18_13-00-25.jpg,test
4259,7,stop line,opened,848,711,photo_47_2024-12-18_13-01-24.jpg,dataset_top12\stop line\opened\photo_47_2024-12-18_13-01-24.jpg,train
4260,7,stop line,opened,700,613,photo_48_2024-12-18_13-00-25.jpg,dataset_top12\stop line\opened\photo_48_2024-12-18_13-00-25.jpg,validation
4261,7,stop line,opened,818,747,photo_48_2024-12-18_13-06-32.jpg,dataset_top12\stop line\opened\photo_48_2024-12-18_13-06-32.jpg,train
4262,7,stop line,opened,656,654,photo_49_2024-12-18_02-27-47.jpg,dataset_top12\stop line\opened\photo_49_2024-12-18_02-27-47.jpg,train
4263,7,stop line,opened,867,658,photo_49_2024-12-18_12-58-24.jpg,dataset_top12\stop line\opened\photo_49_2024-12-18_12-58-24.jpg,train
4264,7,stop line,opened,734,709,photo_49_2024-12-18_13-00-25.jpg,dataset_top12\stop line\opened\photo_49_2024-12-18_13-00-25.jpg,train
4265,7,stop line,opened,753,760,photo_4_2024-12-18_02-11-31.jpg,dataset_top12\stop line\opened\photo_4_2024-12-18_02-11-31.jpg,train
4266,7,stop line,opened,747,757,photo_4_2024-12-18_13-05-57.jpg,dataset_top12\stop line\opened\photo_4_2024-12-18_13-05-57.jpg,train
4267,7,stop line,opened,777,742,photo_50_2024-12-18_12-58-24.jpg,dataset_top12\stop line\opened\photo_50_2024-12-18_12-58-24.jpg,validation
4268,7,stop line,opened,817,783,photo_50_2024-12-18_13-00-25.jpg,dataset_top12\stop line\opened\photo_50_2024-12-18_13-00-25.jpg,train
4269,7,stop line,opened,279,268,photo_51_2024-12-09_12-45-24.jpg,dataset_top12\stop line\opened\photo_51_2024-12-09_12-45-24.jpg,train
4270,7,stop line,opened,770,729,photo_51_2024-12-18_12-58-24.jpg,dataset_top12\stop line\opened\photo_51_2024-12-18_12-58-24.jpg,test
4271,7,stop line,opened,960,1015,photo_51_2024-12-18_13-04-36.jpg,dataset_top12\stop line\opened\photo_51_2024-12-18_13-04-36.jpg,test
4272,7,stop line,opened,720,1280,photo_5278624148517676544_y.jpg,dataset_top12\stop line\opened\photo_5278624148517676544_y.jpg,train
4273,7,stop line,opened,720,1280,photo_5278624148517676552_y.jpg,dataset_top12\stop line\opened\photo_5278624148517676552_y.jpg,train
4274,7,stop line,opened,415,420,photo_52_2024-12-07_12-51-07.jpg,dataset_top12\stop line\opened\photo_52_2024-12-07_12-51-07.jpg,train
4275,7,stop line,opened,649,652,photo_52_2024-12-09_12-46-32.jpg,dataset_top12\stop line\opened\photo_52_2024-12-09_12-46-32.jpg,train
4276,7,stop line,opened,845,732,photo_52_2024-12-18_13-04-36.jpg,dataset_top12\stop line\opened\photo_52_2024-12-18_13-04-36.jpg,train
4277,7,stop line,opened,960,1000,photo_53_2024-12-18_13-02-04.jpg,dataset_top12\stop line\opened\photo_53_2024-12-18_13-02-04.jpg,validation
4278,7,stop line,opened,960,1280,photo_54_2024-12-09_12-46-32.jpg,dataset_top12\stop line\opened\photo_54_2024-12-09_12-46-32.jpg,train
4279,7,stop line,opened,808,699,photo_54_2024-12-18_13-01-24.jpg,dataset_top12\stop line\opened\photo_54_2024-12-18_13-01-24.jpg,validation
4280,7,stop line,opened,816,938,photo_54_2024-12-18_13-06-32.jpg,dataset_top12\stop line\opened\photo_54_2024-12-18_13-06-32.jpg,test
4281,7,stop line,opened,960,1280,photo_55_2024-12-09_12-49-48.jpg,dataset_top12\stop line\opened\photo_55_2024-12-09_12-49-48.jpg,validation
4282,7,stop line,opened,960,1280,photo_55_2024-12-18_02-27-47.jpg,dataset_top12\stop line\opened\photo_55_2024-12-18_02-27-47.jpg,train
4283,7,stop line,opened,862,890,photo_55_2024-12-18_13-04-36.jpg,dataset_top12\stop line\opened\photo_55_2024-12-18_13-04-36.jpg,train
4284,7,stop line,opened,829,807,photo_56_2024-12-18_02-27-08.jpg,dataset_top12\stop line\opened\photo_56_2024-12-18_02-27-08.jpg,train
4285,7,stop line,opened,803,797,photo_57_2024-12-19_00-10-31.jpg,dataset_top12\stop line\opened\photo_57_2024-12-19_00-10-31.jpg,validation
4286,7,stop line,opened,738,844,photo_59_2024-12-18_13-06-32.jpg,dataset_top12\stop line\opened\photo_59_2024-12-18_13-06-32.jpg,train
4287,7,stop line,opened,960,1280,photo_5_2024-12-18_12-58-24.jpg,dataset_top12\stop line\opened\photo_5_2024-12-18_12-58-24.jpg,train
4288,7,stop line,opened,927,933,photo_5_2024-12-18_13-05-57.jpg,dataset_top12\stop line\opened\photo_5_2024-12-18_13-05-57.jpg,validation
4289,7,stop line,opened,336,337,photo_60_2024-12-09_12-45-24.jpg,dataset_top12\stop line\opened\photo_60_2024-12-09_12-45-24.jpg,validation
4290,7,stop line,opened,794,796,photo_60_2024-12-18_13-06-32.jpg,dataset_top12\stop line\opened\photo_60_2024-12-18_13-06-32.jpg,train
4291,7,stop line,opened,481,484,photo_61_2024-12-09_12-45-24.jpg,dataset_top12\stop line\opened\photo_61_2024-12-09_12-45-24.jpg,test
4292,7,stop line,opened,314,312,photo_64_2024-12-09_12-45-24_1.jpg,dataset_top12\stop line\opened\photo_64_2024-12-09_12-45-24_1.jpg,train
4293,7,stop line,opened,845,770,photo_64_2024-12-18_02-36-53.jpg,dataset_top12\stop line\opened\photo_64_2024-12-18_02-36-53.jpg,train
4294,7,stop line,opened,864,871,photo_65_2024-12-18_02-27-47.jpg,dataset_top12\stop line\opened\photo_65_2024-12-18_02-27-47.jpg,train
4295,7,stop line,opened,1280,685,photo_65_2024-12-18_13-01-24.jpg,dataset_top12\stop line\opened\photo_65_2024-12-18_13-01-24.jpg,validation
4296,7,stop line,opened,704,663,photo_67_2024-12-18_13-01-24.jpg,dataset_top12\stop line\opened\photo_67_2024-12-18_13-01-24.jpg,train
4297,7,stop line,opened,495,497,photo_69_2024-12-09_12-45-24.jpg,dataset_top12\stop line\opened\photo_69_2024-12-09_12-45-24.jpg,train
4298,7,stop line,opened,960,869,photo_69_2024-12-18_02-28-33.jpg,dataset_top12\stop line\opened\photo_69_2024-12-18_02-28-33.jpg,test
4299,7,stop line,opened,831,625,photo_69_2024-12-18_13-01-24.jpg,dataset_top12\stop line\opened\photo_69_2024-12-18_13-01-24.jpg,test
4300,7,stop line,opened,778,872,photo_6_2024-12-18_13-05-23.jpg,dataset_top12\stop line\opened\photo_6_2024-12-18_13-05-23.jpg,validation
4301,7,stop line,opened,810,966,photo_6_2024-12-18_13-05-57.jpg,dataset_top12\stop line\opened\photo_6_2024-12-18_13-05-57.jpg,train
4302,7,stop line,opened,960,1007,photo_70_2024-12-18_13-06-32.jpg,dataset_top12\stop line\opened\photo_70_2024-12-18_13-06-32.jpg,train
4303,7,stop line,opened,708,753,photo_72_2024-12-18_02-27-08.jpg,dataset_top12\stop line\opened\photo_72_2024-12-18_02-27-08.jpg,train
4304,7,stop line,opened,863,770,photo_72_2024-12-18_02-28-33.jpg,dataset_top12\stop line\opened\photo_72_2024-12-18_02-28-33.jpg,test
4305,7,stop line,opened,806,772,photo_72_2024-12-19_00-10-31.jpg,dataset_top12\stop line\opened\photo_72_2024-12-19_00-10-31.jpg,train
4306,7,stop line,opened,960,755,photo_75_2024-12-18_13-01-24.jpg,dataset_top12\stop line\opened\photo_75_2024-12-18_13-01-24.jpg,train
4307,7,stop line,opened,520,521,photo_77_2024-12-09_12-49-48.jpg,dataset_top12\stop line\opened\photo_77_2024-12-09_12-49-48.jpg,validation
4308,7,stop line,opened,810,1080,photo_78_2024-12-09_12-49-48.jpg,dataset_top12\stop line\opened\photo_78_2024-12-09_12-49-48.jpg,train
4309,7,stop line,opened,490,483,photo_79_2024-12-09_12-46-01.jpg,dataset_top12\stop line\opened\photo_79_2024-12-09_12-46-01.jpg,train
4310,7,stop line,opened,794,858,photo_7_2024-12-18_02-10-22.jpg,dataset_top12\stop line\opened\photo_7_2024-12-18_02-10-22.jpg,train
4311,7,stop line,opened,766,774,photo_7_2024-12-18_02-25-50.jpg,dataset_top12\stop line\opened\photo_7_2024-12-18_02-25-50.jpg,train
4312,7,stop line,opened,724,775,photo_7_2024-12-18_12-58-24.jpg,dataset_top12\stop line\opened\photo_7_2024-12-18_12-58-24.jpg,test
4313,7,stop line,opened,845,1124,photo_7_2024-12-18_13-06-32.jpg,dataset_top12\stop line\opened\photo_7_2024-12-18_13-06-32.jpg,test
4314,7,stop line,opened,960,706,photo_80_2024-12-18_13-01-24.jpg,dataset_top12\stop line\opened\photo_80_2024-12-18_13-01-24.jpg,validation
4315,7,stop line,opened,960,992,photo_82_2024-12-18_13-00-25.jpg,dataset_top12\stop line\opened\photo_82_2024-12-18_13-00-25.jpg,train
4316,7,stop line,opened,960,1280,photo_87_2024-12-18_02-25-50.jpg,dataset_top12\stop line\opened\photo_87_2024-12-18_02-25-50.jpg,train
4317,7,stop line,opened,507,521,photo_88_2024-12-09_12-49-48.jpg,dataset_top12\stop line\opened\photo_88_2024-12-09_12-49-48.jpg,test
4318,7,stop line,opened,556,567,photo_89_2024-12-18_02-28-33.jpg,dataset_top12\stop line\opened\photo_89_2024-12-18_02-28-33.jpg,validation
4319,7,stop line,opened,960,1280,photo_8_2024-12-09_12-49-48.jpg,dataset_top12\stop line\opened\photo_8_2024-12-09_12-49-48.jpg,train
4320,7,stop line,opened,799,847,photo_8_2024-12-18_02-11-31.jpg,dataset_top12\stop line\opened\photo_8_2024-12-18_02-11-31.jpg,train
4321,7,stop line,opened,741,734,photo_8_2024-12-18_02-28-33.jpg,dataset_top12\stop line\opened\photo_8_2024-12-18_02-28-33.jpg,train
4322,7,stop line,opened,960,1280,photo_92_2024-12-18_02-25-50.jpg,dataset_top12\stop line\opened\photo_92_2024-12-18_02-25-50.jpg,train
4323,7,stop line,opened,836,830,photo_93_2024-12-18_02-27-08.jpg,dataset_top12\stop line\opened\photo_93_2024-12-18_02-27-08.jpg,train
4324,7,stop line,opened,838,785,photo_93_2024-12-18_02-33-06.jpg,dataset_top12\stop line\opened\photo_93_2024-12-18_02-33-06.jpg,train
4325,7,stop line,opened,784,800,photo_96_2024-12-18_02-25-50.jpg,dataset_top12\stop line\opened\photo_96_2024-12-18_02-25-50.jpg,train
4326,7,stop line,opened,637,627,photo_99_2024-12-18_02-28-33.jpg,dataset_top12\stop line\opened\photo_99_2024-12-18_02-28-33.jpg,train
4327,7,stop line,opened,783,590,photo_99_2024-12-18_02-36-53.jpg,dataset_top12\stop line\opened\photo_99_2024-12-18_02-36-53.jpg,test
4328,7,stop line,opened,739,1000,photo_9_2024-12-18_02-11-31.jpg,dataset_top12\stop line\opened\photo_9_2024-12-18_02-11-31.jpg,validation
4329,7,stop line,opened,960,1280,photo_9_2024-12-18_13-07-03.jpg,dataset_top12\stop line\opened\photo_9_2024-12-18_13-07-03.jpg,train
4330,7,stop line,closed,4624,3468,20241102_112216.jpg,dataset_top12\stop line\closed\20241102_112216.jpg,validation
4331,7,stop line,closed,2248,2200,20241102_113927.jpg,dataset_top12\stop line\closed\20241102_113927.jpg,train
4332,7,stop line,closed,1165,1104,20241102_114835.jpg,dataset_top12\stop line\closed\20241102_114835.jpg,validation
4333,7,stop line,closed,1811,1851,20241102_115413.jpg,dataset_top12\stop line\closed\20241102_115413.jpg,test
4334,7,stop line,closed,4624,3468,20241102_121511.jpg,dataset_top12\stop line\closed\20241102_121511.jpg,train
4335,7,stop line,closed,1664,1565,20241102_122025.jpg,dataset_top12\stop line\closed\20241102_122025.jpg,train
4336,7,stop line,closed,1431,1417,IMG_20241021_180621_1.jpg,dataset_top12\stop line\closed\IMG_20241021_180621_1.jpg,validation
4337,7,stop line,closed,1301,1307,IMG_20241029_181336.jpg,dataset_top12\stop line\closed\IMG_20241029_181336.jpg,train
4338,7,stop line,closed,1270,1264,IMG_20241029_181338.jpg,dataset_top12\stop line\closed\IMG_20241029_181338.jpg,train
4339,7,stop line,closed,1454,1491,IMG_20241029_181340.jpg,dataset_top12\stop line\closed\IMG_20241029_181340.jpg,train
4340,7,stop line,closed,1533,1525,IMG_20241029_181341.jpg,dataset_top12\stop line\closed\IMG_20241029_181341.jpg,test
4341,7,stop line,closed,787,743,photo_18_2024-12-07_12-49-18.jpg,dataset_top12\stop line\closed\photo_18_2024-12-07_12-49-18.jpg,train
4342,7,stop line,closed,960,1280,photo_1_2024-12-05_22-23-25.jpg,dataset_top12\stop line\closed\photo_1_2024-12-05_22-23-25.jpg,train
4343,7,stop line,closed,662,551,photo_21_2024-12-07_12-49-18.jpg,dataset_top12\stop line\closed\photo_21_2024-12-07_12-49-18.jpg,test
4344,7,stop line,closed,749,706,photo_22_2024-12-07_12-49-18.jpg,dataset_top12\stop line\closed\photo_22_2024-12-07_12-49-18.jpg,train
4345,7,stop line,closed,696,706,photo_23_2024-12-07_12-49-18.jpg,dataset_top12\stop line\closed\photo_23_2024-12-07_12-49-18.jpg,train
4346,7,stop line,closed,633,635,photo_27_2024-12-06_22-24-57.jpg,dataset_top12\stop line\closed\photo_27_2024-12-06_22-24-57.jpg,train
4347,7,stop line,closed,648,640,photo_29_2024-12-06_22-24-57.jpg,dataset_top12\stop line\closed\photo_29_2024-12-06_22-24-57.jpg,validation
4348,7,stop line,closed,671,644,photo_30_2024-12-06_22-24-57.jpg,dataset_top12\stop line\closed\photo_30_2024-12-06_22-24-57.jpg,train
4349,7,stop line,closed,578,626,photo_31_2024-12-06_22-24-57.jpg,dataset_top12\stop line\closed\photo_31_2024-12-06_22-24-57.jpg,train
4350,7,stop line,closed,724,744,photo_32_2024-12-06_22-24-57.jpg,dataset_top12\stop line\closed\photo_32_2024-12-06_22-24-57.jpg,validation
4351,7,stop line,closed,678,675,photo_33_2024-12-06_22-24-57.jpg,dataset_top12\stop line\closed\photo_33_2024-12-06_22-24-57.jpg,test
4352,7,stop line,closed,622,642,photo_35_2024-12-06_22-24-57.jpg,dataset_top12\stop line\closed\photo_35_2024-12-06_22-24-57.jpg,train
4353,7,stop line,closed,673,731,photo_36_2024-12-06_22-24-57.jpg,dataset_top12\stop line\closed\photo_36_2024-12-06_22-24-57.jpg,train
4354,7,stop line,closed,602,620,photo_37_2024-12-06_22-24-57.jpg,dataset_top12\stop line\closed\photo_37_2024-12-06_22-24-57.jpg,train
4355,7,stop line,closed,400,398,photo_37_2024-12-09_12-46-01_1.jpg,dataset_top12\stop line\closed\photo_37_2024-12-09_12-46-01_1.jpg,train
4356,7,stop line,closed,613,624,photo_38_2024-12-06_22-24-57.jpg,dataset_top12\stop line\closed\photo_38_2024-12-06_22-24-57.jpg,train
4357,7,stop line,closed,960,1280,photo_39_2024-12-05_22-23-25.jpg,dataset_top12\stop line\closed\photo_39_2024-12-05_22-23-25.jpg,train
4358,7,stop line,closed,606,602,photo_39_2024-12-06_22-24-57.jpg,dataset_top12\stop line\closed\photo_39_2024-12-06_22-24-57.jpg,train
4359,7,stop line,closed,681,742,photo_40_2024-12-06_22-24-57.jpg,dataset_top12\stop line\closed\photo_40_2024-12-06_22-24-57.jpg,train
4360,7,stop line,closed,601,631,photo_41_2024-12-06_22-24-57.jpg,dataset_top12\stop line\closed\photo_41_2024-12-06_22-24-57.jpg,train
4361,7,stop line,closed,671,615,photo_43_2024-12-06_22-24-57.jpg,dataset_top12\stop line\closed\photo_43_2024-12-06_22-24-57.jpg,train
4362,7,stop line,closed,960,1280,photo_46_2024-12-09_12-46-01.jpg,dataset_top12\stop line\closed\photo_46_2024-12-09_12-46-01.jpg,train
4363,7,stop line,closed,427,420,photo_49_2024-12-09_12-46-01.jpg,dataset_top12\stop line\closed\photo_49_2024-12-09_12-46-01.jpg,train
4364,7,stop line,closed,960,1280,photo_50_2024-12-06_22-24-57.jpg,dataset_top12\stop line\closed\photo_50_2024-12-06_22-24-57.jpg,train
4365,7,stop line,closed,960,1280,photo_5278624148517676317_y.jpg,dataset_top12\stop line\closed\photo_5278624148517676317_y.jpg,train
4366,7,stop line,closed,567,650,photo_5278624148517676353_y (1).jpg,dataset_top12\stop line\closed\photo_5278624148517676353_y (1).jpg,train
4367,7,stop line,closed,578,701,photo_5278624148517676353_y.jpg,dataset_top12\stop line\closed\photo_5278624148517676353_y.jpg,test
4368,7,stop line,closed,524,603,photo_5278624148517676359_y (1).jpg,dataset_top12\stop line\closed\photo_5278624148517676359_y (1).jpg,train
4369,7,stop line,closed,516,628,photo_5278624148517676359_y.jpg,dataset_top12\stop line\closed\photo_5278624148517676359_y.jpg,train
4370,7,stop line,closed,342,427,photo_5278624148517676367_y (1).jpg,dataset_top12\stop line\closed\photo_5278624148517676367_y (1).jpg,train
4371,7,stop line,closed,360,424,photo_5278624148517676367_y.jpg,dataset_top12\stop line\closed\photo_5278624148517676367_y.jpg,train
4372,7,stop line,closed,960,1280,photo_5278624148517676415_y.jpg,dataset_top12\stop line\closed\photo_5278624148517676415_y.jpg,train
4373,7,stop line,closed,960,1280,photo_5278624148517676419_y.jpg,dataset_top12\stop line\closed\photo_5278624148517676419_y.jpg,train
4374,7,stop line,closed,302,143,photo_5278624148517676426_y (1).jpg,dataset_top12\stop line\closed\photo_5278624148517676426_y (1).jpg,train
4375,7,stop line,closed,720,1280,photo_5278624148517676539_y.jpg,dataset_top12\stop line\closed\photo_5278624148517676539_y.jpg,train
4376,7,stop line,closed,722,1280,photo_5278624148517676715_y.jpg,dataset_top12\stop line\closed\photo_5278624148517676715_y.jpg,train
4377,7,stop line,closed,722,1280,photo_5278624148517676717_y.jpg,dataset_top12\stop line\closed\photo_5278624148517676717_y.jpg,test
4378,7,stop line,closed,720,1280,photo_5278624148517676719_y.jpg,dataset_top12\stop line\closed\photo_5278624148517676719_y.jpg,train
4379,7,stop line,closed,720,1280,photo_5278624148517676785_y.jpg,dataset_top12\stop line\closed\photo_5278624148517676785_y.jpg,test
4380,7,stop line,closed,720,1280,photo_5282859763660611959_y.jpg,dataset_top12\stop line\closed\photo_5282859763660611959_y.jpg,train
4381,7,stop line,closed,720,1280,photo_5282859763660611961_y.jpg,dataset_top12\stop line\closed\photo_5282859763660611961_y.jpg,train
4382,7,stop line,closed,960,1280,photo_54_2024-12-05_22-23-25.jpg,dataset_top12\stop line\closed\photo_54_2024-12-05_22-23-25.jpg,train
4383,7,stop line,closed,748,844,photo_54_2024-12-06_22-24-57.jpg,dataset_top12\stop line\closed\photo_54_2024-12-06_22-24-57.jpg,validation
4384,7,stop line,closed,598,581,photo_5_2024-12-07_12-49-18.jpg,dataset_top12\stop line\closed\photo_5_2024-12-07_12-49-18.jpg,validation
4385,7,stop line,closed,756,775,photo_61_2024-12-07_12-47-32_1.jpg,dataset_top12\stop line\closed\photo_61_2024-12-07_12-47-32_1.jpg,train
4386,7,stop line,closed,684,660,photo_62_2024-12-07_12-47-32.jpg,dataset_top12\stop line\closed\photo_62_2024-12-07_12-47-32.jpg,validation
4387,7,stop line,closed,960,1280,photo_64_2024-12-05_22-23-25.jpg,dataset_top12\stop line\closed\photo_64_2024-12-05_22-23-25.jpg,validation
4388,7,stop line,closed,720,722,photo_65_2024-12-07_12-47-32.jpg,dataset_top12\stop line\closed\photo_65_2024-12-07_12-47-32.jpg,test
4389,7,stop line,closed,960,1280,photo_66_2024-12-05_22-23-25.jpg,dataset_top12\stop line\closed\photo_66_2024-12-05_22-23-25.jpg,train
4390,7,stop line,closed,803,791,photo_66_2024-12-07_12-47-32.jpg,dataset_top12\stop line\closed\photo_66_2024-12-07_12-47-32.jpg,validation
4391,7,stop line,closed,860,843,photo_67_2024-12-07_12-47-32.jpg,dataset_top12\stop line\closed\photo_67_2024-12-07_12-47-32.jpg,train
4392,7,stop line,closed,659,626,photo_68_2024-12-07_12-47-32.jpg,dataset_top12\stop line\closed\photo_68_2024-12-07_12-47-32.jpg,test
4393,7,stop line,closed,960,1280,photo_69_2024-12-07_12-47-32.jpg,dataset_top12\stop line\closed\photo_69_2024-12-07_12-47-32.jpg,train
4394,7,stop line,closed,802,758,photo_6_2024-12-07_12-49-18.jpg,dataset_top12\stop line\closed\photo_6_2024-12-07_12-49-18.jpg,train
4395,7,stop line,closed,745,660,photo_72_2024-12-07_12-47-32.jpg,dataset_top12\stop line\closed\photo_72_2024-12-07_12-47-32.jpg,train
4396,7,stop line,closed,641,618,photo_76_2024-12-07_12-47-32.jpg,dataset_top12\stop line\closed\photo_76_2024-12-07_12-47-32.jpg,test
4397,7,stop line,closed,880,854,photo_77_2024-12-06_22-24-57.jpg,dataset_top12\stop line\closed\photo_77_2024-12-06_22-24-57.jpg,validation
4398,7,stop line,closed,960,1280,photo_78_2024-12-06_22-24-57.jpg,dataset_top12\stop line\closed\photo_78_2024-12-06_22-24-57.jpg,train
4399,7,stop line,closed,802,699,photo_79_2024-12-07_12-47-32.jpg,dataset_top12\stop line\closed\photo_79_2024-12-07_12-47-32.jpg,train
4400,7,stop line,closed,627,554,photo_7_2024-12-07_12-49-18.jpg,dataset_top12\stop line\closed\photo_7_2024-12-07_12-49-18.jpg,train
4401,7,stop line,closed,960,1280,photo_80_2024-12-06_22-24-57.jpg,dataset_top12\stop line\closed\photo_80_2024-12-06_22-24-57.jpg,train
4402,7,stop line,closed,709,705,photo_81_2024-12-07_12-47-32.jpg,dataset_top12\stop line\closed\photo_81_2024-12-07_12-47-32.jpg,test
4403,7,stop line,closed,960,1280,photo_82_2024-12-06_22-24-57.jpg,dataset_top12\stop line\closed\photo_82_2024-12-06_22-24-57.jpg,train
4404,7,stop line,closed,577,576,photo_82_2024-12-07_12-47-32.jpg,dataset_top12\stop line\closed\photo_82_2024-12-07_12-47-32.jpg,train
4405,7,stop line,closed,436,435,photo_82_2024-12-09_12-46-32.jpg,dataset_top12\stop line\closed\photo_82_2024-12-09_12-46-32.jpg,train
4406,7,stop line,closed,960,1280,photo_85_2024-12-05_22-23-25.jpg,dataset_top12\stop line\closed\photo_85_2024-12-05_22-23-25.jpg,validation
4407,7,stop line,closed,960,1280,photo_93_2024-12-05_22-23-25.jpg,dataset_top12\stop line\closed\photo_93_2024-12-05_22-23-25.jpg,train
4408,8,right,opened,550,616,IMG_0769.JPG,dataset_top12\right\opened\IMG_0769.JPG,train
4409,8,right,opened,304,464,IMG_0770.JPG,dataset_top12\right\opened\IMG_0770.JPG,train
4410,8,right,opened,218,334,IMG_0771.JPG,dataset_top12\right\opened\IMG_0771.JPG,train
4411,8,right,opened,386,478,IMG_0772.JPG,dataset_top12\right\opened\IMG_0772.JPG,train
4412,8,right,opened,357,514,IMG_0773.JPG,dataset_top12\right\opened\IMG_0773.JPG,test
4413,8,right,opened,356,532,IMG_0774.JPG,dataset_top12\right\opened\IMG_0774.JPG,test
4414,8,right,opened,733,930,IMG_0776.JPG,dataset_top12\right\opened\IMG_0776.JPG,train
4415,8,right,opened,710,991,IMG_0777.JPG,dataset_top12\right\opened\IMG_0777.JPG,train
4416,8,right,opened,693,901,IMG_0778.JPG,dataset_top12\right\opened\IMG_0778.JPG,train
4417,8,right,opened,897,1288,IMG_0779.JPG,dataset_top12\right\opened\IMG_0779.JPG,train
4418,8,right,opened,975,1231,IMG_0780.JPG,dataset_top12\right\opened\IMG_0780.JPG,train
4419,8,right,opened,950,1212,IMG_0781.JPG,dataset_top12\right\opened\IMG_0781.JPG,test
4420,8,right,opened,1021,1162,IMG_0782.JPG,dataset_top12\right\opened\IMG_0782.JPG,train
4421,8,right,opened,940,1194,IMG_0783.JPG,dataset_top12\right\opened\IMG_0783.JPG,test
4422,8,right,opened,1163,1711,IMG_0800.JPG,dataset_top12\right\opened\IMG_0800.JPG,train
4423,8,right,opened,1230,1504,IMG_0800_7.JPG,dataset_top12\right\opened\IMG_0800_7.JPG,test
4424,8,right,opened,1311,1565,IMG_0801.JPG,dataset_top12\right\opened\IMG_0801.JPG,validation
4425,8,right,opened,1211,1608,IMG_0802.JPG,dataset_top12\right\opened\IMG_0802.JPG,train
4426,8,right,opened,1200,1506,IMG_0802_8.JPG,dataset_top12\right\opened\IMG_0802_8.JPG,validation
4427,8,right,opened,1449,1594,IMG_0803.JPG,dataset_top12\right\opened\IMG_0803.JPG,train
4428,8,right,opened,1292,1657,IMG_0803_9.JPG,dataset_top12\right\opened\IMG_0803_9.JPG,train
4429,8,right,opened,958,1406,IMG_0810.JPG,dataset_top12\right\opened\IMG_0810.JPG,train
4430,8,right,opened,893,1382,IMG_0810_4.JPG,dataset_top12\right\opened\IMG_0810_4.JPG,train
4431,8,right,opened,944,1348,IMG_0811.JPG,dataset_top12\right\opened\IMG_0811.JPG,validation
4432,8,right,opened,1192,1308,IMG_0812.JPG,dataset_top12\right\opened\IMG_0812.JPG,train
4433,8,right,opened,1130,1103,IMG_0813.JPG,dataset_top12\right\opened\IMG_0813.JPG,train
4434,8,right,opened,822,946,IMG_0814.JPG,dataset_top12\right\opened\IMG_0814.JPG,validation
4435,8,right,opened,758,912,IMG_0814_7.JPG,dataset_top12\right\opened\IMG_0814_7.JPG,train
4436,8,right,opened,649,907,IMG_0815.JPG,dataset_top12\right\opened\IMG_0815.JPG,validation
4437,8,right,opened,687,779,IMG_0816.JPG,dataset_top12\right\opened\IMG_0816.JPG,train
4438,8,right,opened,816,926,IMG_0817.JPG,dataset_top12\right\opened\IMG_0817.JPG,train
4439,8,right,opened,724,804,IMG_0836.JPG,dataset_top12\right\opened\IMG_0836.JPG,train
4440,8,right,opened,577,793,IMG_0837.JPG,dataset_top12\right\opened\IMG_0837.JPG,validation
4441,8,right,opened,535,689,IMG_0841.JPG,dataset_top12\right\opened\IMG_0841.JPG,train
4442,8,right,opened,531,818,IMG_0843.JPG,dataset_top12\right\opened\IMG_0843.JPG,train
4443,8,right,opened,544,727,IMG_0845.JPG,dataset_top12\right\opened\IMG_0845.JPG,train
4444,8,right,opened,530,526,IMG_0846.JPG,dataset_top12\right\opened\IMG_0846.JPG,train
4445,8,right,opened,551,558,photo_100_2024-12-19_02-00-05.jpg,dataset_top12\right\opened\photo_100_2024-12-19_02-00-05.jpg,train
4446,8,right,opened,960,1280,photo_10_2024-04-25_12-20-30.jpg,dataset_top12\right\opened\photo_10_2024-04-25_12-20-30.jpg,train
4447,8,right,opened,293,344,photo_10_2024-04-25_12-20-30_6.jpg,dataset_top12\right\opened\photo_10_2024-04-25_12-20-30_6.jpg,train
4448,8,right,opened,726,705,photo_10_2024-04-25_12-41-12.jpg,dataset_top12\right\opened\photo_10_2024-04-25_12-41-12.jpg,train
4449,8,right,opened,223,214,photo_10_2024-04-25_12-41-12_7.jpg,dataset_top12\right\opened\photo_10_2024-04-25_12-41-12_7.jpg,train
4450,8,right,opened,181,199,photo_10_2024-04-25_12-41-12_9.jpg,dataset_top12\right\opened\photo_10_2024-04-25_12-41-12_9.jpg,train
4451,8,right,opened,322,342,photo_10_2024-11-28_18-39-35.jpg,dataset_top12\right\opened\photo_10_2024-11-28_18-39-35.jpg,train
4452,8,right,opened,306,312,photo_11_2024-04-25_12-41-12_4.jpg,dataset_top12\right\opened\photo_11_2024-04-25_12-41-12_4.jpg,train
4453,8,right,opened,98,102,photo_11_2024-04-25_12-41-12_4_0.jpg,dataset_top12\right\opened\photo_11_2024-04-25_12-41-12_4_0.jpg,train
4454,8,right,opened,101,81,photo_11_2024-04-25_12-41-12_4_7.jpg,dataset_top12\right\opened\photo_11_2024-04-25_12-41-12_4_7.jpg,test
4455,8,right,opened,96,90,photo_11_2024-04-25_12-41-12_4_9.jpg,dataset_top12\right\opened\photo_11_2024-04-25_12-41-12_4_9.jpg,train
4456,8,right,opened,240,343,photo_12_2024-04-25_12-41-12.jpg,dataset_top12\right\opened\photo_12_2024-04-25_12-41-12.jpg,train
4457,8,right,opened,366,383,photo_12_2024-11-28_18-39-35.jpg,dataset_top12\right\opened\photo_12_2024-11-28_18-39-35.jpg,test
4458,8,right,opened,342,386,photo_13_2024-04-25_12-43-13.jpg,dataset_top12\right\opened\photo_13_2024-04-25_12-43-13.jpg,train
4459,8,right,opened,309,311,photo_15_2024-04-25_12-20-30.jpg,dataset_top12\right\opened\photo_15_2024-04-25_12-20-30.jpg,train
4460,8,right,opened,57,54,photo_15_2024-04-25_12-20-30_6.jpg,dataset_top12\right\opened\photo_15_2024-04-25_12-20-30_6.jpg,validation
4461,8,right,opened,326,317,photo_15_2024-04-25_12-43-13.jpg,dataset_top12\right\opened\photo_15_2024-04-25_12-43-13.jpg,validation
4462,8,right,opened,427,415,photo_15_2024-12-19_02-04-54.jpg,dataset_top12\right\opened\photo_15_2024-12-19_02-04-54.jpg,train
4463,8,right,opened,306,357,photo_16_2024-04-25_12-20-30.jpg,dataset_top12\right\opened\photo_16_2024-04-25_12-20-30.jpg,train
4464,8,right,opened,311,327,photo_17_2024-04-25_12-20-30.jpg,dataset_top12\right\opened\photo_17_2024-04-25_12-20-30.jpg,test
4465,8,right,opened,71,86,photo_17_2024-04-25_12-20-30_0.jpg,dataset_top12\right\opened\photo_17_2024-04-25_12-20-30_0.jpg,test
4466,8,right,opened,374,364,photo_17_2024-04-25_12-41-12.jpg,dataset_top12\right\opened\photo_17_2024-04-25_12-41-12.jpg,test
4467,8,right,opened,316,331,photo_17_2024-04-25_12-43-13.jpg,dataset_top12\right\opened\photo_17_2024-04-25_12-43-13.jpg,train
4468,8,right,opened,536,531,photo_17_2024-12-19_02-04-54.jpg,dataset_top12\right\opened\photo_17_2024-12-19_02-04-54.jpg,train
4469,8,right,opened,330,343,photo_18_2024-04-25_12-43-13.jpg,dataset_top12\right\opened\photo_18_2024-04-25_12-43-13.jpg,test
4470,8,right,opened,113,114,photo_18_2024-04-25_12-43-13_4.jpg,dataset_top12\right\opened\photo_18_2024-04-25_12-43-13_4.jpg,test
4471,8,right,opened,316,305,photo_19_2024-04-25_12-41-12.jpg,dataset_top12\right\opened\photo_19_2024-04-25_12-41-12.jpg,train
4472,8,right,opened,91,112,photo_19_2024-04-25_12-41-12_4.jpg,dataset_top12\right\opened\photo_19_2024-04-25_12-41-12_4.jpg,train
4473,8,right,opened,111,110,photo_19_2024-04-25_12-41-12_7.jpg,dataset_top12\right\opened\photo_19_2024-04-25_12-41-12_7.jpg,test
4474,8,right,opened,312,307,photo_19_2024-04-25_12-43-13.jpg,dataset_top12\right\opened\photo_19_2024-04-25_12-43-13.jpg,train
4475,8,right,opened,126,101,photo_19_2024-04-25_12-43-13_0.jpg,dataset_top12\right\opened\photo_19_2024-04-25_12-43-13_0.jpg,train
4476,8,right,opened,117,120,photo_19_2024-04-25_12-43-13_8.jpg,dataset_top12\right\opened\photo_19_2024-04-25_12-43-13_8.jpg,validation
4477,8,right,opened,84,91,photo_19_2024-04-25_12-43-13_9.jpg,dataset_top12\right\opened\photo_19_2024-04-25_12-43-13_9.jpg,train
4478,8,right,opened,327,335,photo_1_2024-04-25_12-20-30.jpg,dataset_top12\right\opened\photo_1_2024-04-25_12-20-30.jpg,test
4479,8,right,opened,289,350,photo_1_2024-04-25_12-20-30_2.jpg,dataset_top12\right\opened\photo_1_2024-04-25_12-20-30_2.jpg,validation
4480,8,right,opened,561,543,photo_1_2024-11-28_18-39-35.jpg,dataset_top12\right\opened\photo_1_2024-11-28_18-39-35.jpg,train
4481,8,right,opened,960,1280,photo_1_2024-12-18_02-27-47.jpg,dataset_top12\right\opened\photo_1_2024-12-18_02-27-47.jpg,train
4482,8,right,opened,326,310,photo_21_2024-04-25_12-43-13.jpg,dataset_top12\right\opened\photo_21_2024-04-25_12-43-13.jpg,test
4483,8,right,opened,52,75,photo_21_2024-04-25_12-43-13_1.jpg,dataset_top12\right\opened\photo_21_2024-04-25_12-43-13_1.jpg,train
4484,8,right,opened,86,86,photo_21_2024-04-25_12-43-13_7.jpg,dataset_top12\right\opened\photo_21_2024-04-25_12-43-13_7.jpg,train
4485,8,right,opened,48,84,photo_21_2024-04-25_12-43-13_8.jpg,dataset_top12\right\opened\photo_21_2024-04-25_12-43-13_8.jpg,validation
4486,8,right,opened,71,81,photo_21_2024-04-25_12-43-13_9.jpg,dataset_top12\right\opened\photo_21_2024-04-25_12-43-13_9.jpg,validation
4487,8,right,opened,317,303,photo_22_2024-04-25_12-20-30.jpg,dataset_top12\right\opened\photo_22_2024-04-25_12-20-30.jpg,train
4488,8,right,opened,86,104,photo_22_2024-04-25_12-20-30_9.jpg,dataset_top12\right\opened\photo_22_2024-04-25_12-20-30_9.jpg,train
4489,8,right,opened,330,387,photo_22_2024-04-25_12-41-12.jpg,dataset_top12\right\opened\photo_22_2024-04-25_12-41-12.jpg,test
4490,8,right,opened,362,383,photo_22_2024-04-25_12-43-13.jpg,dataset_top12\right\opened\photo_22_2024-04-25_12-43-13.jpg,test
4491,8,right,opened,331,335,photo_23_2024-04-25_12-20-30.jpg,dataset_top12\right\opened\photo_23_2024-04-25_12-20-30.jpg,validation
4492,8,right,opened,146,154,photo_25_2024-04-25_12-43-13.jpg,dataset_top12\right\opened\photo_25_2024-04-25_12-43-13.jpg,train
4493,8,right,opened,69,77,photo_25_2024-04-25_12-43-13_0.jpg,dataset_top12\right\opened\photo_25_2024-04-25_12-43-13_0.jpg,train
4494,8,right,opened,69,83,photo_25_2024-04-25_12-43-13_9.jpg,dataset_top12\right\opened\photo_25_2024-04-25_12-43-13_9.jpg,train
4495,8,right,opened,521,507,photo_25_2024-12-09_12-49-48.jpg,dataset_top12\right\opened\photo_25_2024-12-09_12-49-48.jpg,train
4496,8,right,opened,322,400,photo_26_2024-04-25_12-43-13.jpg,dataset_top12\right\opened\photo_26_2024-04-25_12-43-13.jpg,train
4497,8,right,opened,146,149,photo_27_2024-04-25_12-20-30.jpg,dataset_top12\right\opened\photo_27_2024-04-25_12-20-30.jpg,train
4498,8,right,opened,68,47,photo_27_2024-04-25_12-20-30_9.jpg,dataset_top12\right\opened\photo_27_2024-04-25_12-20-30_9.jpg,train
4499,8,right,opened,345,361,photo_28_2024-11-28_18-39-35_1.jpg,dataset_top12\right\opened\photo_28_2024-11-28_18-39-35_1.jpg,train
4500,8,right,opened,316,353,photo_29_2024-04-25_12-20-30.jpg,dataset_top12\right\opened\photo_29_2024-04-25_12-20-30.jpg,train
4501,8,right,opened,178,178,photo_29_2024-04-25_12-43-13.jpg,dataset_top12\right\opened\photo_29_2024-04-25_12-43-13.jpg,train
4502,8,right,opened,465,465,photo_2_2024-04-25_12-20-30.jpg,dataset_top12\right\opened\photo_2_2024-04-25_12-20-30.jpg,train
4503,8,right,opened,303,350,photo_2_2024-04-25_12-20-30_7.jpg,dataset_top12\right\opened\photo_2_2024-04-25_12-20-30_7.jpg,train
4504,8,right,opened,188,180,photo_2_2024-04-25_12-20-30_9.jpg,dataset_top12\right\opened\photo_2_2024-04-25_12-20-30_9.jpg,validation
4505,8,right,opened,122,145,photo_2_2024-04-25_12-20-30_9_9.jpg,dataset_top12\right\opened\photo_2_2024-04-25_12-20-30_9_9.jpg,train
4506,8,right,opened,109,100,photo_2_2024-04-25_12-43-13.jpg,dataset_top12\right\opened\photo_2_2024-04-25_12-43-13.jpg,train
4507,8,right,opened,93,92,photo_2_2024-04-25_12-43-13_0.jpg,dataset_top12\right\opened\photo_2_2024-04-25_12-43-13_0.jpg,train
4508,8,right,opened,79,93,photo_2_2024-04-25_12-43-13_3.jpg,dataset_top12\right\opened\photo_2_2024-04-25_12-43-13_3.jpg,train
4509,8,right,opened,80,86,photo_2_2024-04-25_12-43-13_7.jpg,dataset_top12\right\opened\photo_2_2024-04-25_12-43-13_7.jpg,train
4510,8,right,opened,68,86,photo_2_2024-04-25_12-43-13_9.jpg,dataset_top12\right\opened\photo_2_2024-04-25_12-43-13_9.jpg,train
4511,8,right,opened,505,500,photo_2_2024-12-19_02-04-54.jpg,dataset_top12\right\opened\photo_2_2024-12-19_02-04-54.jpg,train
4512,8,right,opened,361,388,photo_30_2024-04-25_12-20-30.jpg,dataset_top12\right\opened\photo_30_2024-04-25_12-20-30.jpg,validation
4513,8,right,opened,292,322,photo_30_2024-04-25_12-43-13.jpg,dataset_top12\right\opened\photo_30_2024-04-25_12-43-13.jpg,train
4514,8,right,opened,595,622,photo_30_2024-12-19_02-04-55.jpg,dataset_top12\right\opened\photo_30_2024-12-19_02-04-55.jpg,train
4515,8,right,opened,304,315,photo_31_2024-04-25_12-20-30.jpg,dataset_top12\right\opened\photo_31_2024-04-25_12-20-30.jpg,train
4516,8,right,opened,109,121,photo_31_2024-04-25_12-20-30_6.jpg,dataset_top12\right\opened\photo_31_2024-04-25_12-20-30_6.jpg,train
4517,8,right,opened,554,585,photo_32_2024-04-25_12-41-12.jpg,dataset_top12\right\opened\photo_32_2024-04-25_12-41-12.jpg,train
4518,8,right,opened,554,585,photo_32_2024-04-25_12-41-12_2.jpg,dataset_top12\right\opened\photo_32_2024-04-25_12-41-12_2.jpg,train
4519,8,right,opened,471,444,photo_32_2024-04-25_12-43-13.jpg,dataset_top12\right\opened\photo_32_2024-04-25_12-43-13.jpg,test
4520,8,right,opened,430,499,photo_33_2024-04-25_12-41-12.jpg,dataset_top12\right\opened\photo_33_2024-04-25_12-41-12.jpg,validation
4521,8,right,opened,185,283,photo_33_2024-04-25_12-43-13.jpg,dataset_top12\right\opened\photo_33_2024-04-25_12-43-13.jpg,test
4522,8,right,opened,321,301,photo_34_2024-04-25_12-20-30.jpg,dataset_top12\right\opened\photo_34_2024-04-25_12-20-30.jpg,train
4523,8,right,opened,164,173,photo_34_2024-04-25_12-43-13.jpg,dataset_top12\right\opened\photo_34_2024-04-25_12-43-13.jpg,train
4524,8,right,opened,448,449,photo_34_2024-12-19_02-04-55.jpg,dataset_top12\right\opened\photo_34_2024-12-19_02-04-55.jpg,train
4525,8,right,opened,371,442,photo_35_2024-04-25_12-20-30.jpg,dataset_top12\right\opened\photo_35_2024-04-25_12-20-30.jpg,test
4526,8,right,opened,160,164,photo_35_2024-04-25_12-43-13.jpg,dataset_top12\right\opened\photo_35_2024-04-25_12-43-13.jpg,validation
4527,8,right,opened,314,354,photo_36_2024-04-25_12-20-30.jpg,dataset_top12\right\opened\photo_36_2024-04-25_12-20-30.jpg,validation
4528,8,right,opened,73,88,photo_36_2024-04-25_12-20-30_0.jpg,dataset_top12\right\opened\photo_36_2024-04-25_12-20-30_0.jpg,train
4529,8,right,opened,557,540,photo_36_2024-04-25_12-41-12.jpg,dataset_top12\right\opened\photo_36_2024-04-25_12-41-12.jpg,train
4530,8,right,opened,163,165,photo_36_2024-04-25_12-43-13.jpg,dataset_top12\right\opened\photo_36_2024-04-25_12-43-13.jpg,test
4531,8,right,opened,62,82,photo_36_2024-04-25_12-43-13_8.jpg,dataset_top12\right\opened\photo_36_2024-04-25_12-43-13_8.jpg,validation
4532,8,right,opened,226,224,photo_37_2024-04-25_12-20-30.jpg,dataset_top12\right\opened\photo_37_2024-04-25_12-20-30.jpg,train
4533,8,right,opened,124,131,photo_37_2024-04-25_12-20-30_9.jpg,dataset_top12\right\opened\photo_37_2024-04-25_12-20-30_9.jpg,validation
4534,8,right,opened,136,130,photo_37_2024-04-25_12-41-12.jpg,dataset_top12\right\opened\photo_37_2024-04-25_12-41-12.jpg,train
4535,8,right,opened,87,83,photo_37_2024-04-25_12-41-12_6.jpg,dataset_top12\right\opened\photo_37_2024-04-25_12-41-12_6.jpg,test
4536,8,right,opened,632,611,photo_38_2024-12-09_12-46-32.jpg,dataset_top12\right\opened\photo_38_2024-12-09_12-46-32.jpg,train
4537,8,right,opened,384,467,photo_39_2024-04-25_12-43-13.jpg,dataset_top12\right\opened\photo_39_2024-04-25_12-43-13.jpg,train
4538,8,right,opened,282,289,photo_3_2024-04-25_12-20-30.jpg,dataset_top12\right\opened\photo_3_2024-04-25_12-20-30.jpg,train
4539,8,right,opened,129,203,photo_3_2024-04-25_12-20-30_1.jpg,dataset_top12\right\opened\photo_3_2024-04-25_12-20-30_1.jpg,train
4540,8,right,opened,138,235,photo_3_2024-04-25_12-20-30_5.jpg,dataset_top12\right\opened\photo_3_2024-04-25_12-20-30_5.jpg,test
4541,8,right,opened,130,197,photo_3_2024-04-25_12-20-30_9.jpg,dataset_top12\right\opened\photo_3_2024-04-25_12-20-30_9.jpg,validation
4542,8,right,opened,133,136,photo_3_2024-04-25_12-41-12.jpg,dataset_top12\right\opened\photo_3_2024-04-25_12-41-12.jpg,validation
4543,8,right,opened,91,86,photo_3_2024-04-25_12-41-12_2.jpg,dataset_top12\right\opened\photo_3_2024-04-25_12-41-12_2.jpg,validation
4544,8,right,opened,93,86,photo_3_2024-04-25_12-41-12_4.jpg,dataset_top12\right\opened\photo_3_2024-04-25_12-41-12_4.jpg,train
4545,8,right,opened,89,92,photo_3_2024-04-25_12-41-12_9.jpg,dataset_top12\right\opened\photo_3_2024-04-25_12-41-12_9.jpg,train
4546,8,right,opened,367,350,photo_40_2024-04-25_12-20-30.jpg,dataset_top12\right\opened\photo_40_2024-04-25_12-20-30.jpg,train
4547,8,right,opened,685,698,photo_40_2024-12-09_12-46-32.jpg,dataset_top12\right\opened\photo_40_2024-12-09_12-46-32.jpg,test
4548,8,right,opened,156,173,photo_41_2024-04-25_12-43-13.jpg,dataset_top12\right\opened\photo_41_2024-04-25_12-43-13.jpg,validation
4549,8,right,opened,1172,1280,photo_41_2024-12-18_02-27-08.jpg,dataset_top12\right\opened\photo_41_2024-12-18_02-27-08.jpg,train
4550,8,right,opened,384,351,photo_42_2024-04-25_12-20-30.jpg,dataset_top12\right\opened\photo_42_2024-04-25_12-20-30.jpg,train
4551,8,right,opened,408,400,photo_42_2024-04-25_12-43-13.jpg,dataset_top12\right\opened\photo_42_2024-04-25_12-43-13.jpg,train
4552,8,right,opened,191,197,photo_43_2024-04-25_12-43-13.jpg,dataset_top12\right\opened\photo_43_2024-04-25_12-43-13.jpg,validation
4553,8,right,opened,249,240,photo_44_2024-12-01_22-45-02_1.jpg,dataset_top12\right\opened\photo_44_2024-12-01_22-45-02_1.jpg,train
4554,8,right,opened,489,596,photo_44_2024-12-19_02-03-02.jpg,dataset_top12\right\opened\photo_44_2024-12-19_02-03-02.jpg,test
4555,8,right,opened,542,542,photo_47_2024-12-09_12-49-48.jpg,dataset_top12\right\opened\photo_47_2024-12-09_12-49-48.jpg,validation
4556,8,right,opened,459,459,photo_4_2024-04-25_12-41-12_r.jpg,dataset_top12\right\opened\photo_4_2024-04-25_12-41-12_r.jpg,train
4557,8,right,opened,103,101,photo_4_2024-04-25_12-41-12_r_0.jpg,dataset_top12\right\opened\photo_4_2024-04-25_12-41-12_r_0.jpg,train
4558,8,right,opened,100,96,photo_4_2024-04-25_12-41-12_r_1.jpg,dataset_top12\right\opened\photo_4_2024-04-25_12-41-12_r_1.jpg,train
4559,8,right,opened,102,97,photo_4_2024-04-25_12-41-12_r_7.jpg,dataset_top12\right\opened\photo_4_2024-04-25_12-41-12_r_7.jpg,train
4560,8,right,opened,572,570,photo_4_2024-12-09_12-46-32.jpg,dataset_top12\right\opened\photo_4_2024-12-09_12-46-32.jpg,train
4561,8,right,opened,960,1280,photo_4_2024-12-18_02-27-47.jpg,dataset_top12\right\opened\photo_4_2024-12-18_02-27-47.jpg,train
4562,8,right,opened,548,527,photo_4_2024-12-19_02-04-54.jpg,dataset_top12\right\opened\photo_4_2024-12-19_02-04-54.jpg,train
4563,8,right,opened,575,611,photo_52_2024-12-19_02-04-55.jpg,dataset_top12\right\opened\photo_52_2024-12-19_02-04-55.jpg,validation
4564,8,right,opened,578,675,photo_53_2024-12-19_02-04-55.jpg,dataset_top12\right\opened\photo_53_2024-12-19_02-04-55.jpg,test
4565,8,right,opened,314,319,photo_54_2024-12-01_22-45-02.jpg,dataset_top12\right\opened\photo_54_2024-12-01_22-45-02.jpg,train
4566,8,right,opened,405,440,photo_56_2024-04-25_12-41-12.jpg,dataset_top12\right\opened\photo_56_2024-04-25_12-41-12.jpg,train
4567,8,right,opened,144,145,photo_57_2024-04-25_12-41-12.jpg,dataset_top12\right\opened\photo_57_2024-04-25_12-41-12.jpg,train
4568,8,right,opened,532,582,photo_57_2024-12-19_02-04-55.jpg,dataset_top12\right\opened\photo_57_2024-12-19_02-04-55.jpg,train
4569,8,right,opened,146,135,photo_58_2024-04-25_12-41-12.jpg,dataset_top12\right\opened\photo_58_2024-04-25_12-41-12.jpg,train
4570,8,right,opened,478,517,photo_58_2024-12-19_02-04-55.jpg,dataset_top12\right\opened\photo_58_2024-12-19_02-04-55.jpg,train
4571,8,right,opened,168,175,photo_59_2024-04-25_12-41-12.jpg,dataset_top12\right\opened\photo_59_2024-04-25_12-41-12.jpg,test
4572,8,right,opened,553,620,photo_60_2024-12-19_02-00-05.jpg,dataset_top12\right\opened\photo_60_2024-12-19_02-00-05.jpg,train
4573,8,right,opened,525,613,photo_61_2024-12-19_02-00-05.jpg,dataset_top12\right\opened\photo_61_2024-12-19_02-00-05.jpg,train
4574,8,right,opened,452,487,photo_62_2024-12-19_02-00-05.jpg,dataset_top12\right\opened\photo_62_2024-12-19_02-00-05.jpg,validation
4575,8,right,opened,572,570,photo_64_2024-12-09_12-49-48.jpg,dataset_top12\right\opened\photo_64_2024-12-09_12-49-48.jpg,train
4576,8,right,opened,128,130,photo_65_2024-04-25_12-41-12.jpg,dataset_top12\right\opened\photo_65_2024-04-25_12-41-12.jpg,test
4577,8,right,opened,533,570,photo_65_2024-12-19_02-00-05.jpg,dataset_top12\right\opened\photo_65_2024-12-19_02-00-05.jpg,train
4578,8,right,opened,529,578,photo_66_2024-12-19_02-00-05.jpg,dataset_top12\right\opened\photo_66_2024-12-19_02-00-05.jpg,train
4579,8,right,opened,518,648,photo_67_2024-12-19_02-00-05.jpg,dataset_top12\right\opened\photo_67_2024-12-19_02-00-05.jpg,train
4580,8,right,opened,517,551,photo_69_2024-12-19_02-00-05.jpg,dataset_top12\right\opened\photo_69_2024-12-19_02-00-05.jpg,train
4581,8,right,opened,210,198,photo_6_2024-04-25_12-41-12.jpg,dataset_top12\right\opened\photo_6_2024-04-25_12-41-12.jpg,train
4582,8,right,opened,154,151,photo_6_2024-04-25_12-41-12_3.jpg,dataset_top12\right\opened\photo_6_2024-04-25_12-41-12_3.jpg,train
4583,8,right,opened,160,146,photo_6_2024-04-25_12-41-12_8.jpg,dataset_top12\right\opened\photo_6_2024-04-25_12-41-12_8.jpg,train
4584,8,right,opened,159,137,photo_6_2024-04-25_12-41-12_9.jpg,dataset_top12\right\opened\photo_6_2024-04-25_12-41-12_9.jpg,train
4585,8,right,opened,287,289,photo_6_2024-04-25_12-43-13.jpg,dataset_top12\right\opened\photo_6_2024-04-25_12-43-13.jpg,train
4586,8,right,opened,145,212,photo_6_2024-04-25_12-43-13_0.jpg,dataset_top12\right\opened\photo_6_2024-04-25_12-43-13_0.jpg,validation
4587,8,right,opened,100,142,photo_6_2024-04-25_12-43-13_1.jpg,dataset_top12\right\opened\photo_6_2024-04-25_12-43-13_1.jpg,train
4588,8,right,opened,123,160,photo_6_2024-04-25_12-43-13_5.jpg,dataset_top12\right\opened\photo_6_2024-04-25_12-43-13_5.jpg,train
4589,8,right,opened,139,165,photo_6_2024-04-25_12-43-13_8.jpg,dataset_top12\right\opened\photo_6_2024-04-25_12-43-13_8.jpg,train
4590,8,right,opened,1280,1021,photo_6_2024-12-06_22-24-22.jpg,dataset_top12\right\opened\photo_6_2024-12-06_22-24-22.jpg,train
4591,8,right,opened,544,444,photo_72_2024-04-25_12-41-12.jpg,dataset_top12\right\opened\photo_72_2024-04-25_12-41-12.jpg,validation
4592,8,right,opened,361,343,photo_72_2024-04-25_12-41-12_6.jpg,dataset_top12\right\opened\photo_72_2024-04-25_12-41-12_6.jpg,train
4593,8,right,opened,411,413,photo_75_2024-12-09_12-49-48.jpg,dataset_top12\right\opened\photo_75_2024-12-09_12-49-48.jpg,train
4594,8,right,opened,828,705,photo_79_2024-12-06_22-25-52.jpg,dataset_top12\right\opened\photo_79_2024-12-06_22-25-52.jpg,train
4595,8,right,opened,209,220,photo_7_2024-04-25_12-20-30.jpg,dataset_top12\right\opened\photo_7_2024-04-25_12-20-30.jpg,validation
4596,8,right,opened,101,158,photo_7_2024-04-25_12-20-30_6.jpg,dataset_top12\right\opened\photo_7_2024-04-25_12-20-30_6.jpg,test
4597,8,right,opened,101,174,photo_7_2024-04-25_12-20-30_9.jpg,dataset_top12\right\opened\photo_7_2024-04-25_12-20-30_9.jpg,train
4598,8,right,opened,214,217,photo_7_2024-04-25_12-41-12.jpg,dataset_top12\right\opened\photo_7_2024-04-25_12-41-12.jpg,train
4599,8,right,opened,48,43,photo_7_2024-04-25_12-41-12_4.jpg,dataset_top12\right\opened\photo_7_2024-04-25_12-41-12_4.jpg,train
4600,8,right,opened,48,50,photo_7_2024-04-25_12-41-12_6.jpg,dataset_top12\right\opened\photo_7_2024-04-25_12-41-12_6.jpg,test
4601,8,right,opened,63,63,photo_7_2024-04-25_12-41-12_9.jpg,dataset_top12\right\opened\photo_7_2024-04-25_12-41-12_9.jpg,train
4602,8,right,opened,224,226,photo_7_2024-04-25_12-43-13.jpg,dataset_top12\right\opened\photo_7_2024-04-25_12-43-13.jpg,test
4603,8,right,opened,119,138,photo_7_2024-04-25_12-43-13_5.jpg,dataset_top12\right\opened\photo_7_2024-04-25_12-43-13_5.jpg,validation
4604,8,right,opened,147,144,photo_7_2024-04-25_12-43-13_7.jpg,dataset_top12\right\opened\photo_7_2024-04-25_12-43-13_7.jpg,train
4605,8,right,opened,154,153,photo_7_2024-04-25_12-43-13_8.jpg,dataset_top12\right\opened\photo_7_2024-04-25_12-43-13_8.jpg,train
4606,8,right,opened,115,135,photo_7_2024-04-25_12-43-13_9.jpg,dataset_top12\right\opened\photo_7_2024-04-25_12-43-13_9.jpg,train
4607,8,right,opened,235,236,photo_80_2024-04-25_12-41-13.jpg,dataset_top12\right\opened\photo_80_2024-04-25_12-41-13.jpg,train
4608,8,right,opened,361,471,photo_80_2024-12-06_22-25-52_1.jpg,dataset_top12\right\opened\photo_80_2024-12-06_22-25-52_1.jpg,train
4609,8,right,opened,488,542,photo_80_2024-12-19_02-00-05.jpg,dataset_top12\right\opened\photo_80_2024-12-19_02-00-05.jpg,train
4610,8,right,opened,538,578,photo_83_2024-04-25_12-41-13.jpg,dataset_top12\right\opened\photo_83_2024-04-25_12-41-13.jpg,train
4611,8,right,opened,497,520,photo_85_2024-12-19_02-00-05.jpg,dataset_top12\right\opened\photo_85_2024-12-19_02-00-05.jpg,train
4612,8,right,opened,487,488,photo_88_2024-12-06_22-25-52.jpg,dataset_top12\right\opened\photo_88_2024-12-06_22-25-52.jpg,train
4613,8,right,opened,960,1109,photo_8_2024-04-25_12-43-13.jpg,dataset_top12\right\opened\photo_8_2024-04-25_12-43-13.jpg,train
4614,8,right,opened,281,288,photo_8_2024-04-25_12-43-13_0.jpg,dataset_top12\right\opened\photo_8_2024-04-25_12-43-13_0.jpg,train
4615,8,right,opened,236,311,photo_8_2024-04-25_12-43-13_9.jpg,dataset_top12\right\opened\photo_8_2024-04-25_12-43-13_9.jpg,validation
4616,8,right,opened,523,494,photo_8_2024-12-19_02-04-54.jpg,dataset_top12\right\opened\photo_8_2024-12-19_02-04-54.jpg,train
4617,8,right,opened,641,664,photo_91_2024-12-06_22-25-52.jpg,dataset_top12\right\opened\photo_91_2024-12-06_22-25-52.jpg,test
4618,8,right,opened,499,466,photo_92_2024-12-19_02-00-05.jpg,dataset_top12\right\opened\photo_92_2024-12-19_02-00-05.jpg,train
4619,8,right,opened,477,493,photo_93_2024-12-19_02-00-05.jpg,dataset_top12\right\opened\photo_93_2024-12-19_02-00-05.jpg,train
4620,8,right,opened,501,519,photo_95_2024-04-25_12-41-13.jpg,dataset_top12\right\opened\photo_95_2024-04-25_12-41-13.jpg,train
4621,8,right,opened,559,534,photo_95_2024-12-19_02-00-53.jpg,dataset_top12\right\opened\photo_95_2024-12-19_02-00-53.jpg,train
4622,8,right,opened,334,360,photo_96_2024-04-25_12-41-13.jpg,dataset_top12\right\opened\photo_96_2024-04-25_12-41-13.jpg,train
4623,8,right,opened,737,734,photo_98_2024-12-09_12-49-48_1.jpg,dataset_top12\right\opened\photo_98_2024-12-09_12-49-48_1.jpg,train
4624,8,right,opened,542,539,photo_99_2024-12-19_02-00-05.jpg,dataset_top12\right\opened\photo_99_2024-12-19_02-00-05.jpg,test
4625,8,right,opened,506,511,photo_9_2024-04-25_12-43-13.jpg,dataset_top12\right\opened\photo_9_2024-04-25_12-43-13.jpg,train
4626,8,right,opened,356,406,photo_9_2024-11-28_18-39-35.jpg,dataset_top12\right\opened\photo_9_2024-11-28_18-39-35.jpg,train
4627,8,right,closed,1281,1496,20241102_113824_66.jpg,dataset_top12\right\closed\20241102_113824_66.jpg,train
4628,8,right,closed,617,611,photo_81_2024-12-05_22-22-53.jpg,dataset_top12\right\closed\photo_81_2024-12-05_22-22-53.jpg,train
4629,8,right,closed,483,474,photo_82_2024-12-05_22-22-53.jpg,dataset_top12\right\closed\photo_82_2024-12-05_22-22-53.jpg,validation
4630,8,right,closed,493,489,photo_83_2024-12-05_22-22-53.jpg,dataset_top12\right\closed\photo_83_2024-12-05_22-22-53.jpg,train
4631,8,right,closed,641,641,photo_83_2024-12-05_22-22-53_1.jpg,dataset_top12\right\closed\photo_83_2024-12-05_22-22-53_1.jpg,train
4632,8,right,closed,537,547,photo_88_2024-12-05_22-22-53.jpg,dataset_top12\right\closed\photo_88_2024-12-05_22-22-53.jpg,test
4633,8,right,closed,541,545,photo_89_2024-12-05_22-22-53.jpg,dataset_top12\right\closed\photo_89_2024-12-05_22-22-53.jpg,train
4634,9,straight,opened,830,776,IMG_0760.JPG,dataset_top12\straight\opened\IMG_0760.JPG,train
4635,9,straight,opened,709,770,IMG_0760_7.JPG,dataset_top12\straight\opened\IMG_0760_7.JPG,test
4636,9,straight,opened,481,679,IMG_0760_9.JPG,dataset_top12\straight\opened\IMG_0760_9.JPG,train
4637,9,straight,opened,857,771,IMG_0761.JPG,dataset_top12\straight\opened\IMG_0761.JPG,train
4638,9,straight,opened,876,892,IMG_0761_3.JPG,dataset_top12\straight\opened\IMG_0761_3.JPG,train
4639,9,straight,opened,730,699,IMG_0761_5.JPG,dataset_top12\straight\opened\IMG_0761_5.JPG,train
4640,9,straight,opened,969,922,IMG_0762.JPG,dataset_top12\straight\opened\IMG_0762.JPG,train
4641,9,straight,opened,823,922,IMG_0762_7.JPG,dataset_top12\straight\opened\IMG_0762_7.JPG,validation
4642,9,straight,opened,578,577,IMG_0763.JPG,dataset_top12\straight\opened\IMG_0763.JPG,train
4643,9,straight,opened,417,471,IMG_0763_9.JPG,dataset_top12\straight\opened\IMG_0763_9.JPG,train
4644,9,straight,opened,216,492,IMG_0769.JPG,dataset_top12\straight\opened\IMG_0769.JPG,validation
4645,9,straight,opened,140,333,IMG_0771.JPG,dataset_top12\straight\opened\IMG_0771.JPG,train
4646,9,straight,opened,590,575,IMG_0789.JPG,dataset_top12\straight\opened\IMG_0789.JPG,test
4647,9,straight,opened,438,487,IMG_0790.JPG,dataset_top12\straight\opened\IMG_0790.JPG,train
4648,9,straight,opened,351,466,IMG_0790_6.JPG,dataset_top12\straight\opened\IMG_0790_6.JPG,train
4649,9,straight,opened,516,549,IMG_0791.JPG,dataset_top12\straight\opened\IMG_0791.JPG,test
4650,9,straight,opened,407,390,IMG_0791_0.JPG,dataset_top12\straight\opened\IMG_0791_0.JPG,train
4651,9,straight,opened,490,680,IMG_0791_7.JPG,dataset_top12\straight\opened\IMG_0791_7.JPG,train
4652,9,straight,opened,572,594,IMG_0797.JPG,dataset_top12\straight\opened\IMG_0797.JPG,train
4653,9,straight,opened,451,650,IMG_0797_0.JPG,dataset_top12\straight\opened\IMG_0797_0.JPG,train
4654,9,straight,opened,574,507,IMG_0798.JPG,dataset_top12\straight\opened\IMG_0798.JPG,test
4655,9,straight,opened,511,692,IMG_0799.JPG,dataset_top12\straight\opened\IMG_0799.JPG,test
4656,9,straight,opened,513,675,IMG_0799_8.JPG,dataset_top12\straight\opened\IMG_0799_8.JPG,validation
4657,9,straight,opened,1078,1257,IMG_0804.JPG,dataset_top12\straight\opened\IMG_0804.JPG,train
4658,9,straight,opened,1240,1376,IMG_0804_6.JPG,dataset_top12\straight\opened\IMG_0804_6.JPG,train
4659,9,straight,opened,1190,1412,IMG_0805.JPG,dataset_top12\straight\opened\IMG_0805.JPG,train
4660,9,straight,opened,1188,1268,IMG_0806.JPG,dataset_top12\straight\opened\IMG_0806.JPG,train
4661,9,straight,opened,1195,1295,IMG_0807.JPG,dataset_top12\straight\opened\IMG_0807.JPG,train
4662,9,straight,opened,1062,1344,IMG_0808.JPG,dataset_top12\straight\opened\IMG_0808.JPG,train
4663,9,straight,opened,734,844,IMG_0818.JPG,dataset_top12\straight\opened\IMG_0818.JPG,train
4664,9,straight,opened,738,1043,IMG_0819.JPG,dataset_top12\straight\opened\IMG_0819.JPG,train
4665,9,straight,opened,528,724,IMG_0820.JPG,dataset_top12\straight\opened\IMG_0820.JPG,train
4666,9,straight,opened,436,713,IMG_0821.JPG,dataset_top12\straight\opened\IMG_0821.JPG,train
4667,9,straight,opened,376,612,IMG_0822.JPG,dataset_top12\straight\opened\IMG_0822.JPG,train
4668,9,straight,opened,762,1351,IMG_20241017_183705_66.jpg,dataset_top12\straight\opened\IMG_20241017_183705_66.jpg,train
4669,9,straight,opened,379,378,photo_10_2024-05-17_15-34-29.jpg,dataset_top12\straight\opened\photo_10_2024-05-17_15-34-29.jpg,test
4670,9,straight,opened,495,504,photo_10_2024-05-17_15-34-29_0.jpg,dataset_top12\straight\opened\photo_10_2024-05-17_15-34-29_0.jpg,train
4671,9,straight,opened,443,445,photo_10_2024-05-17_15-34-29_1.jpg,dataset_top12\straight\opened\photo_10_2024-05-17_15-34-29_1.jpg,validation
4672,9,straight,opened,338,326,photo_11_2024-04-25_12-41-12.jpg,dataset_top12\straight\opened\photo_11_2024-04-25_12-41-12.jpg,train
4673,9,straight,opened,317,309,photo_11_2024-04-25_12-41-12_1.jpg,dataset_top12\straight\opened\photo_11_2024-04-25_12-41-12_1.jpg,test
4674,9,straight,opened,88,88,photo_11_2024-04-25_12-41-12_1_4.jpg,dataset_top12\straight\opened\photo_11_2024-04-25_12-41-12_1_4.jpg,train
4675,9,straight,opened,84,80,photo_11_2024-04-25_12-41-12_1_9.jpg,dataset_top12\straight\opened\photo_11_2024-04-25_12-41-12_1_9.jpg,train
4676,9,straight,opened,94,102,photo_11_2024-04-25_12-41-12_9.jpg,dataset_top12\straight\opened\photo_11_2024-04-25_12-41-12_9.jpg,train
4677,9,straight,opened,232,381,photo_12_2024-04-25_12-20-30.jpg,dataset_top12\straight\opened\photo_12_2024-04-25_12-20-30.jpg,validation
4678,9,straight,opened,259,307,photo_12_2024-04-25_12-41-12.jpg,dataset_top12\straight\opened\photo_12_2024-04-25_12-41-12.jpg,train
4679,9,straight,opened,314,313,photo_12_2024-04-25_12-41-12_6.jpg,dataset_top12\straight\opened\photo_12_2024-04-25_12-41-12_6.jpg,train
4680,9,straight,opened,322,373,photo_12_2024-04-25_12-43-13.jpg,dataset_top12\straight\opened\photo_12_2024-04-25_12-43-13.jpg,train
4681,9,straight,opened,314,319,photo_13_2024-04-25_12-41-12.jpg,dataset_top12\straight\opened\photo_13_2024-04-25_12-41-12.jpg,train
4682,9,straight,opened,318,337,photo_13_2024-04-25_12-41-12_7.jpg,dataset_top12\straight\opened\photo_13_2024-04-25_12-41-12_7.jpg,train
4683,9,straight,opened,128,141,photo_13_2024-04-25_12-41-12_8.jpg,dataset_top12\straight\opened\photo_13_2024-04-25_12-41-12_8.jpg,train
4684,9,straight,opened,98,123,photo_13_2024-04-25_12-41-12_9.jpg,dataset_top12\straight\opened\photo_13_2024-04-25_12-41-12_9.jpg,train
4685,9,straight,opened,350,372,photo_13_2024-04-25_12-43-13.jpg,dataset_top12\straight\opened\photo_13_2024-04-25_12-43-13.jpg,train
4686,9,straight,opened,139,141,photo_14_2024-04-25_12-41-12.jpg,dataset_top12\straight\opened\photo_14_2024-04-25_12-41-12.jpg,train
4687,9,straight,opened,96,78,photo_14_2024-04-25_12-41-12_4.jpg,dataset_top12\straight\opened\photo_14_2024-04-25_12-41-12_4.jpg,test
4688,9,straight,opened,72,63,photo_14_2024-04-25_12-41-12_9.jpg,dataset_top12\straight\opened\photo_14_2024-04-25_12-41-12_9.jpg,train
4689,9,straight,opened,344,420,photo_14_2024-04-25_12-43-13.jpg,dataset_top12\straight\opened\photo_14_2024-04-25_12-43-13.jpg,train
4690,9,straight,opened,960,1280,photo_14_2024-12-06_22-24-22.jpg,dataset_top12\straight\opened\photo_14_2024-12-06_22-24-22.jpg,validation
4691,9,straight,opened,315,340,photo_15_2024-04-25_12-43-13.jpg,dataset_top12\straight\opened\photo_15_2024-04-25_12-43-13.jpg,train
4692,9,straight,opened,123,114,photo_15_2024-04-25_12-43-13_5.jpg,dataset_top12\straight\opened\photo_15_2024-04-25_12-43-13_5.jpg,validation
4693,9,straight,opened,103,108,photo_15_2024-04-25_12-43-13_9.jpg,dataset_top12\straight\opened\photo_15_2024-04-25_12-43-13_9.jpg,train
4694,9,straight,opened,259,251,photo_15_2024-11-28_18-31-49.jpg,dataset_top12\straight\opened\photo_15_2024-11-28_18-31-49.jpg,test
4695,9,straight,opened,372,424,photo_16_2024-04-25_12-41-12.jpg,dataset_top12\straight\opened\photo_16_2024-04-25_12-41-12.jpg,test
4696,9,straight,opened,302,352,photo_17_2024-04-25_12-43-13.jpg,dataset_top12\straight\opened\photo_17_2024-04-25_12-43-13.jpg,train
4697,9,straight,opened,152,161,photo_17_2024-04-25_12-43-13_9.jpg,dataset_top12\straight\opened\photo_17_2024-04-25_12-43-13_9.jpg,validation
4698,9,straight,opened,314,333,photo_18_2024-04-25_12-41-12.jpg,dataset_top12\straight\opened\photo_18_2024-04-25_12-41-12.jpg,train
4699,9,straight,opened,130,88,photo_18_2024-04-25_12-41-12_9.jpg,dataset_top12\straight\opened\photo_18_2024-04-25_12-41-12_9.jpg,train
4700,9,straight,opened,195,223,photo_1_2024-04-25_12-41-12.jpg,dataset_top12\straight\opened\photo_1_2024-04-25_12-41-12.jpg,train
4701,9,straight,opened,215,189,photo_1_2024-05-17_15-34-29.jpg,dataset_top12\straight\opened\photo_1_2024-05-17_15-34-29.jpg,train
4702,9,straight,opened,214,207,photo_1_2024-05-17_15-34-29_1.jpg,dataset_top12\straight\opened\photo_1_2024-05-17_15-34-29_1.jpg,train
4703,9,straight,opened,142,145,photo_1_2024-05-17_15-34-29_t.jpg,dataset_top12\straight\opened\photo_1_2024-05-17_15-34-29_t.jpg,validation
4704,9,straight,opened,198,198,photo_1_2024-05-17_15-34-29_y.jpg,dataset_top12\straight\opened\photo_1_2024-05-17_15-34-29_y.jpg,train
4705,9,straight,opened,330,319,photo_20_2024-04-25_12-43-13.jpg,dataset_top12\straight\opened\photo_20_2024-04-25_12-43-13.jpg,train
4706,9,straight,opened,302,323,photo_21_2024-04-25_12-43-13.jpg,dataset_top12\straight\opened\photo_21_2024-04-25_12-43-13.jpg,train
4707,9,straight,opened,342,368,photo_22_2024-04-25_12-43-13.jpg,dataset_top12\straight\opened\photo_22_2024-04-25_12-43-13.jpg,validation
4708,9,straight,opened,937,939,photo_23_2024-12-09_12-46-32.jpg,dataset_top12\straight\opened\photo_23_2024-12-09_12-46-32.jpg,train
4709,9,straight,opened,355,334,photo_25_2024-04-25_12-41-12.jpg,dataset_top12\straight\opened\photo_25_2024-04-25_12-41-12.jpg,test
4710,9,straight,opened,309,312,photo_25_2024-04-25_12-43-13.jpg,dataset_top12\straight\opened\photo_25_2024-04-25_12-43-13.jpg,train
4711,9,straight,opened,112,94,photo_25_2024-04-25_12-43-13_7.jpg,dataset_top12\straight\opened\photo_25_2024-04-25_12-43-13_7.jpg,train
4712,9,straight,opened,557,555,photo_25_2024-12-09_12-49-48_2.jpg,dataset_top12\straight\opened\photo_25_2024-12-09_12-49-48_2.jpg,train
4713,9,straight,opened,396,376,photo_26_2024-04-25_12-20-30.jpg,dataset_top12\straight\opened\photo_26_2024-04-25_12-20-30.jpg,test
4714,9,straight,opened,425,348,photo_26_2024-04-25_12-41-12.jpg,dataset_top12\straight\opened\photo_26_2024-04-25_12-41-12.jpg,test
4715,9,straight,opened,245,252,photo_27_2024-04-25_12-20-30.jpg,dataset_top12\straight\opened\photo_27_2024-04-25_12-20-30.jpg,train
4716,9,straight,opened,454,450,photo_27_2024-04-25_12-43-13.jpg,dataset_top12\straight\opened\photo_27_2024-04-25_12-43-13.jpg,train
4717,9,straight,opened,328,350,photo_27_2024-04-25_12-43-13_5.jpg,dataset_top12\straight\opened\photo_27_2024-04-25_12-43-13_5.jpg,validation
4718,9,straight,opened,283,268,photo_28_2024-04-25_12-43-13.jpg,dataset_top12\straight\opened\photo_28_2024-04-25_12-43-13.jpg,train
4719,9,straight,opened,352,463,photo_29_2024-04-25_12-41-12.jpg,dataset_top12\straight\opened\photo_29_2024-04-25_12-41-12.jpg,train
4720,9,straight,opened,214,230,photo_2_2024-04-25_12-41-12.jpg,dataset_top12\straight\opened\photo_2_2024-04-25_12-41-12.jpg,train
4721,9,straight,opened,76,122,photo_2_2024-04-25_12-41-12_0.jpg,dataset_top12\straight\opened\photo_2_2024-04-25_12-41-12_0.jpg,train
4722,9,straight,opened,139,152,photo_2_2024-04-25_12-41-12_6.jpg,dataset_top12\straight\opened\photo_2_2024-04-25_12-41-12_6.jpg,train
4723,9,straight,opened,278,307,photo_2_2024-04-25_12-43-13_straight.jpg,dataset_top12\straight\opened\photo_2_2024-04-25_12-43-13_straight.jpg,validation
4724,9,straight,opened,310,327,photo_2_2024-04-25_12-43-13_straight_5.jpg,dataset_top12\straight\opened\photo_2_2024-04-25_12-43-13_straight_5.jpg,train
4725,9,straight,opened,144,151,photo_2_2024-04-25_12-43-13_straight_9.jpg,dataset_top12\straight\opened\photo_2_2024-04-25_12-43-13_straight_9.jpg,train
4726,9,straight,opened,1280,1280,photo_2_2024-05-17_15-34-29.jpg,dataset_top12\straight\opened\photo_2_2024-05-17_15-34-29.jpg,train
4727,9,straight,opened,427,315,photo_33_2024-04-25_12-20-30.jpg,dataset_top12\straight\opened\photo_33_2024-04-25_12-20-30.jpg,test
4728,9,straight,opened,356,340,photo_35_2024-04-25_12-41-12.jpg,dataset_top12\straight\opened\photo_35_2024-04-25_12-41-12.jpg,train
4729,9,straight,opened,439,487,photo_37_2024-04-25_12-43-13.jpg,dataset_top12\straight\opened\photo_37_2024-04-25_12-43-13.jpg,train
4730,9,straight,opened,497,481,photo_38_2024-04-25_12-43-13.jpg,dataset_top12\straight\opened\photo_38_2024-04-25_12-43-13.jpg,train
4731,9,straight,opened,392,468,photo_39_2024-04-25_12-41-12.jpg,dataset_top12\straight\opened\photo_39_2024-04-25_12-41-12.jpg,train
4732,9,straight,opened,318,366,photo_39_2024-04-25_12-43-13.jpg,dataset_top12\straight\opened\photo_39_2024-04-25_12-43-13.jpg,train
4733,9,straight,opened,140,137,photo_3_2024-04-25_12-41-12_s.jpg,dataset_top12\straight\opened\photo_3_2024-04-25_12-41-12_s.jpg,test
4734,9,straight,opened,107,103,photo_3_2024-04-25_12-41-12_s_7.jpg,dataset_top12\straight\opened\photo_3_2024-04-25_12-41-12_s_7.jpg,validation
4735,9,straight,opened,165,173,photo_3_2024-04-25_12-41-12_straight.jpg,dataset_top12\straight\opened\photo_3_2024-04-25_12-41-12_straight.jpg,train
4736,9,straight,opened,533,533,photo_3_2024-05-17_15-34-29.jpg,dataset_top12\straight\opened\photo_3_2024-05-17_15-34-29.jpg,train
4737,9,straight,opened,564,569,photo_3_2024-05-17_15-34-29_3.jpg,dataset_top12\straight\opened\photo_3_2024-05-17_15-34-29_3.jpg,validation
4738,9,straight,opened,470,467,photo_3_2024-05-17_15-34-29_u.jpg,dataset_top12\straight\opened\photo_3_2024-05-17_15-34-29_u.jpg,train
4739,9,straight,opened,207,209,photo_3_2024-05-17_15-34-29o.jpg,dataset_top12\straight\opened\photo_3_2024-05-17_15-34-29o.jpg,train
4740,9,straight,opened,458,499,photo_40_2024-04-25_12-43-13.jpg,dataset_top12\straight\opened\photo_40_2024-04-25_12-43-13.jpg,train
4741,9,straight,opened,148,145,photo_42_2024-04-25_12-41-12.jpg,dataset_top12\straight\opened\photo_42_2024-04-25_12-41-12.jpg,train
4742,9,straight,opened,175,180,photo_43_2024-04-25_12-41-12.jpg,dataset_top12\straight\opened\photo_43_2024-04-25_12-41-12.jpg,train
4743,9,straight,opened,371,355,photo_43_2024-04-25_12-43-13.jpg,dataset_top12\straight\opened\photo_43_2024-04-25_12-43-13.jpg,test
4744,9,straight,opened,117,128,photo_44_2024-04-25_12-41-12.jpg,dataset_top12\straight\opened\photo_44_2024-04-25_12-41-12.jpg,train
4745,9,straight,opened,248,248,photo_44_2024-12-01_22-45-02.jpg,dataset_top12\straight\opened\photo_44_2024-12-01_22-45-02.jpg,train
4746,9,straight,opened,493,583,photo_45_2024-04-25_12-41-12.jpg,dataset_top12\straight\opened\photo_45_2024-04-25_12-41-12.jpg,validation
4747,9,straight,opened,327,309,photo_47_2024-11-28_18-39-35.jpg,dataset_top12\straight\opened\photo_47_2024-11-28_18-39-35.jpg,train
4748,9,straight,opened,568,571,photo_47_2024-12-09_12-49-48_2.jpg,dataset_top12\straight\opened\photo_47_2024-12-09_12-49-48_2.jpg,validation
4749,9,straight,opened,156,164,photo_48_2024-04-25_12-41-12.jpg,dataset_top12\straight\opened\photo_48_2024-04-25_12-41-12.jpg,train
4750,9,straight,opened,292,375,photo_48_2024-04-25_12-41-12_8.jpg,dataset_top12\straight\opened\photo_48_2024-04-25_12-41-12_8.jpg,train
4751,9,straight,opened,509,522,photo_4_2024-04-25_12-20-30.jpg,dataset_top12\straight\opened\photo_4_2024-04-25_12-20-30.jpg,train
4752,9,straight,opened,274,327,photo_4_2024-04-25_12-20-30_4.jpg,dataset_top12\straight\opened\photo_4_2024-04-25_12-20-30_4.jpg,test
4753,9,straight,opened,268,283,photo_4_2024-04-25_12-20-30_6.jpg,dataset_top12\straight\opened\photo_4_2024-04-25_12-20-30_6.jpg,train
4754,9,straight,opened,156,164,photo_4_2024-04-25_12-41-12_s.jpg,dataset_top12\straight\opened\photo_4_2024-04-25_12-41-12_s.jpg,train
4755,9,straight,opened,95,88,photo_4_2024-04-25_12-41-12_s_0.jpg,dataset_top12\straight\opened\photo_4_2024-04-25_12-41-12_s_0.jpg,validation
4756,9,straight,opened,98,88,photo_4_2024-04-25_12-41-12_s_4.jpg,dataset_top12\straight\opened\photo_4_2024-04-25_12-41-12_s_4.jpg,train
4757,9,straight,opened,315,264,photo_4_2024-04-25_12-41-12_st.jpg,dataset_top12\straight\opened\photo_4_2024-04-25_12-41-12_st.jpg,train
4758,9,straight,opened,121,125,photo_4_2024-04-25_12-41-12_st_8.jpg,dataset_top12\straight\opened\photo_4_2024-04-25_12-41-12_st_8.jpg,train
4759,9,straight,opened,173,172,photo_4_2024-04-25_12-43-13.jpg,dataset_top12\straight\opened\photo_4_2024-04-25_12-43-13.jpg,train
4760,9,straight,opened,123,117,photo_4_2024-04-25_12-43-13_0.jpg,dataset_top12\straight\opened\photo_4_2024-04-25_12-43-13_0.jpg,train
4761,9,straight,opened,380,383,photo_4_2024-05-17_15-34-25.jpg,dataset_top12\straight\opened\photo_4_2024-05-17_15-34-25.jpg,test
4762,9,straight,opened,340,351,photo_4_2024-05-17_15-34-29.jpg,dataset_top12\straight\opened\photo_4_2024-05-17_15-34-29.jpg,test
4763,9,straight,opened,342,342,photo_4_2024-05-17_15-34-29_4.jpg,dataset_top12\straight\opened\photo_4_2024-05-17_15-34-29_4.jpg,validation
4764,9,straight,opened,307,306,photo_4_2024-05-17_15-34-29_6.jpg,dataset_top12\straight\opened\photo_4_2024-05-17_15-34-29_6.jpg,test
4765,9,straight,opened,135,134,photo_4_2024-05-17_15-34-29_7.jpg,dataset_top12\straight\opened\photo_4_2024-05-17_15-34-29_7.jpg,test
4766,9,straight,opened,180,180,photo_4_2024-05-17_15-34-29_8.jpg,dataset_top12\straight\opened\photo_4_2024-05-17_15-34-29_8.jpg,test
4767,9,straight,opened,400,400,photo_4_2024-05-17_15-34-30.jpg,dataset_top12\straight\opened\photo_4_2024-05-17_15-34-30.jpg,validation
4768,9,straight,opened,620,626,photo_4_2024-12-09_12-46-32_1.jpg,dataset_top12\straight\opened\photo_4_2024-12-09_12-46-32_1.jpg,validation
4769,9,straight,opened,384,460,photo_51_2024-04-25_12-41-12.jpg,dataset_top12\straight\opened\photo_51_2024-04-25_12-41-12.jpg,train
4770,9,straight,opened,329,334,photo_51_2024-11-28_18-39-35.jpg,dataset_top12\straight\opened\photo_51_2024-11-28_18-39-35.jpg,train
4771,9,straight,opened,237,249,photo_52_2024-04-25_12-41-12.jpg,dataset_top12\straight\opened\photo_52_2024-04-25_12-41-12.jpg,validation
4772,9,straight,opened,542,520,photo_56_2024-04-25_12-41-12.jpg,dataset_top12\straight\opened\photo_56_2024-04-25_12-41-12.jpg,test
4773,9,straight,opened,158,156,photo_58_2024-04-25_12-41-12.jpg,dataset_top12\straight\opened\photo_58_2024-04-25_12-41-12.jpg,validation
4774,9,straight,opened,125,125,photo_58_2024-04-25_12-41-12_1.jpg,dataset_top12\straight\opened\photo_58_2024-04-25_12-41-12_1.jpg,train
4775,9,straight,opened,123,123,photo_58_2024-04-25_12-41-12_2.jpg,dataset_top12\straight\opened\photo_58_2024-04-25_12-41-12_2.jpg,train
4776,9,straight,opened,192,202,photo_59_2024-04-25_12-41-12.jpg,dataset_top12\straight\opened\photo_59_2024-04-25_12-41-12.jpg,train
4777,9,straight,opened,589,590,photo_5_2024-04-25_12-20-30.jpg,dataset_top12\straight\opened\photo_5_2024-04-25_12-20-30.jpg,test
4778,9,straight,opened,602,603,photo_5_2024-04-25_12-41-12.jpg,dataset_top12\straight\opened\photo_5_2024-04-25_12-41-12.jpg,validation
4779,9,straight,opened,171,155,photo_5_2024-04-25_12-41-12_7.jpg,dataset_top12\straight\opened\photo_5_2024-04-25_12-41-12_7.jpg,test
4780,9,straight,opened,162,163,photo_5_2024-05-17_15-34-26.jpg,dataset_top12\straight\opened\photo_5_2024-05-17_15-34-26.jpg,train
4781,9,straight,opened,121,122,photo_5_2024-05-17_15-34-29_i.jpg,dataset_top12\straight\opened\photo_5_2024-05-17_15-34-29_i.jpg,train
4782,9,straight,opened,167,153,photo_5_2024-05-17_15-34-29_q.jpg,dataset_top12\straight\opened\photo_5_2024-05-17_15-34-29_q.jpg,train
4783,9,straight,opened,147,146,photo_5_2024-05-17_15-34-29_r.jpg,dataset_top12\straight\opened\photo_5_2024-05-17_15-34-29_r.jpg,train
4784,9,straight,opened,161,164,photo_5_2024-05-17_15-34-29_w.jpg,dataset_top12\straight\opened\photo_5_2024-05-17_15-34-29_w.jpg,validation
4785,9,straight,opened,611,611,photo_64_2024-12-09_12-49-48_1.jpg,dataset_top12\straight\opened\photo_64_2024-12-09_12-49-48_1.jpg,train
4786,9,straight,opened,415,401,photo_66_2024-11-28_18-39-35.jpg,dataset_top12\straight\opened\photo_66_2024-11-28_18-39-35.jpg,test
4787,9,straight,opened,467,466,photo_6_2024-04-25_12-20-30.jpg,dataset_top12\straight\opened\photo_6_2024-04-25_12-20-30.jpg,train
4788,9,straight,opened,404,419,photo_6_2024-04-25_12-41-12_s.jpg,dataset_top12\straight\opened\photo_6_2024-04-25_12-41-12_s.jpg,train
4789,9,straight,opened,660,680,photo_6_2024-05-17_15-34-29.jpg,dataset_top12\straight\opened\photo_6_2024-05-17_15-34-29.jpg,train
4790,9,straight,opened,520,513,photo_76_2024-11-28_18-39-35.jpg,dataset_top12\straight\opened\photo_76_2024-11-28_18-39-35.jpg,validation
4791,9,straight,opened,204,206,photo_78_2024-04-25_12-41-13.jpg,dataset_top12\straight\opened\photo_78_2024-04-25_12-41-13.jpg,train
4792,9,straight,opened,216,217,photo_78_2024-04-25_12-41-13_1.jpg,dataset_top12\straight\opened\photo_78_2024-04-25_12-41-13_1.jpg,train
4793,9,straight,opened,208,206,photo_78_2024-04-25_12-41-13_g.jpg,dataset_top12\straight\opened\photo_78_2024-04-25_12-41-13_g.jpg,train
4794,9,straight,opened,399,375,photo_78_2024-11-28_18-39-35.jpg,dataset_top12\straight\opened\photo_78_2024-11-28_18-39-35.jpg,train
4795,9,straight,opened,54,58,photo_7_2024-04-25_12-41-12_l_9.jpg,dataset_top12\straight\opened\photo_7_2024-04-25_12-41-12_l_9.jpg,train
4796,9,straight,opened,196,213,photo_7_2024-04-25_12-41-12_s.jpg,dataset_top12\straight\opened\photo_7_2024-04-25_12-41-12_s.jpg,train
4797,9,straight,opened,75,85,photo_7_2024-04-25_12-41-12_s_0.jpg,dataset_top12\straight\opened\photo_7_2024-04-25_12-41-12_s_0.jpg,train
4798,9,straight,opened,57,57,photo_7_2024-04-25_12-41-12_s_8.jpg,dataset_top12\straight\opened\photo_7_2024-04-25_12-41-12_s_8.jpg,train
4799,9,straight,opened,350,346,photo_7_2024-05-17_15-34-29.jpg,dataset_top12\straight\opened\photo_7_2024-05-17_15-34-29.jpg,train
4800,9,straight,opened,392,395,photo_7_2024-05-17_15-34-29_10.jpg,dataset_top12\straight\opened\photo_7_2024-05-17_15-34-29_10.jpg,train
4801,9,straight,opened,389,365,photo_7_2024-05-17_15-34-29_2.jpg,dataset_top12\straight\opened\photo_7_2024-05-17_15-34-29_2.jpg,train
4802,9,straight,opened,440,451,photo_84_2024-04-25_12-41-13.jpg,dataset_top12\straight\opened\photo_84_2024-04-25_12-41-13.jpg,train
4803,9,straight,opened,320,446,photo_85_2024-04-25_12-41-13.jpg,dataset_top12\straight\opened\photo_85_2024-04-25_12-41-13.jpg,test
4804,9,straight,opened,388,560,photo_86_2024-04-25_12-41-13.jpg,dataset_top12\straight\opened\photo_86_2024-04-25_12-41-13.jpg,train
4805,9,straight,opened,520,539,photo_8_2024-04-25_12-41-12.jpg,dataset_top12\straight\opened\photo_8_2024-04-25_12-41-12.jpg,train
4806,9,straight,opened,177,195,photo_8_2024-04-25_12-41-12_5.jpg,dataset_top12\straight\opened\photo_8_2024-04-25_12-41-12_5.jpg,test
4807,9,straight,opened,179,262,photo_8_2024-04-25_12-41-12_7.jpg,dataset_top12\straight\opened\photo_8_2024-04-25_12-41-12_7.jpg,train
4808,9,straight,opened,172,180,photo_8_2024-05-17_15-34-27.jpg,dataset_top12\straight\opened\photo_8_2024-05-17_15-34-27.jpg,train
4809,9,straight,opened,166,165,photo_8_2024-05-17_15-34-28.jpg,dataset_top12\straight\opened\photo_8_2024-05-17_15-34-28.jpg,validation
4810,9,straight,opened,236,237,photo_8_2024-05-17_15-34-29.jpg,dataset_top12\straight\opened\photo_8_2024-05-17_15-34-29.jpg,validation
4811,9,straight,opened,441,426,photo_8_2024-11-28_18-31-49.jpg,dataset_top12\straight\opened\photo_8_2024-11-28_18-31-49.jpg,train
4812,9,straight,opened,595,596,photo_98_2024-12-09_12-49-48.jpg,dataset_top12\straight\opened\photo_98_2024-12-09_12-49-48.jpg,validation
4813,9,straight,opened,79,82,photo_9_2024-04-25_12-41-12_8.jpg,dataset_top12\straight\opened\photo_9_2024-04-25_12-41-12_8.jpg,train
4814,9,straight,opened,99,93,photo_9_2024-04-25_12-41-12_9.jpg,dataset_top12\straight\opened\photo_9_2024-04-25_12-41-12_9.jpg,train
4815,9,straight,opened,664,657,photo_9_2024-04-25_12-43-13_1.jpg,dataset_top12\straight\opened\photo_9_2024-04-25_12-43-13_1.jpg,train
4816,9,straight,opened,172,310,photo_9_2024-04-25_12-43-13_1_7.jpg,dataset_top12\straight\opened\photo_9_2024-04-25_12-43-13_1_7.jpg,train
4817,9,straight,opened,328,328,photo_9_2024-05-17_15-34-29.jpg,dataset_top12\straight\opened\photo_9_2024-05-17_15-34-29.jpg,train
4818,9,straight,opened,245,246,photo_9_2024-05-17_15-34-29_5.jpg,dataset_top12\straight\opened\photo_9_2024-05-17_15-34-29_5.jpg,train
4819,9,straight,opened,228,235,photo_9_2024-11-28_18-31-49.jpg,dataset_top12\straight\opened\photo_9_2024-11-28_18-31-49.jpg,train
4820,9,straight,closed,1004,1043,20241102_122433_8.jpg,dataset_top12\straight\closed\20241102_122433_8.jpg,train
4821,9,straight,closed,960,1280,photo_16_2024-12-06_22-24-22.jpg,dataset_top12\straight\closed\photo_16_2024-12-06_22-24-22.jpg,train
4822,9,straight,closed,960,1280,photo_46_2024-12-06_22-25-52.jpg,dataset_top12\straight\closed\photo_46_2024-12-06_22-25-52.jpg,train
4823,9,straight,closed,960,1280,photo_48_2024-12-06_22-25-52.jpg,dataset_top12\straight\closed\photo_48_2024-12-06_22-25-52.jpg,validation
4824,9,straight,closed,960,1280,photo_53_2024-12-06_22-25-52.jpg,dataset_top12\straight\closed\photo_53_2024-12-06_22-25-52.jpg,test
4825,9,straight,closed,960,1280,photo_63_2024-12-06_22-25-52.jpg,dataset_top12\straight\closed\photo_63_2024-12-06_22-25-52.jpg,train
4826,9,straight,closed,960,1280,photo_71_2024-12-06_22-25-52.jpg,dataset_top12\straight\closed\photo_71_2024-12-06_22-25-52.jpg,train
4827,10,bus stop,opened,1941,1898,IMG_20241017_161346_1.jpg,dataset_top12\bus stop\opened\IMG_20241017_161346_1.jpg,train
4828,10,bus stop,opened,1657,1780,IMG_20241017_161347_0.jpg,dataset_top12\bus stop\opened\IMG_20241017_161347_0.jpg,train
4829,10,bus stop,opened,1830,2015,IMG_20241017_161348_1.jpg,dataset_top12\bus stop\opened\IMG_20241017_161348_1.jpg,train
4830,10,bus stop,opened,1914,2052,IMG_20241017_161348_2.jpg,dataset_top12\bus stop\opened\IMG_20241017_161348_2.jpg,validation
4831,10,bus stop,opened,960,1280,photo_10_2024-12-18_02-28-33.jpg,dataset_top12\bus stop\opened\photo_10_2024-12-18_02-28-33.jpg,train
4832,10,bus stop,opened,960,1280,photo_11_2024-12-09_12-49-48.jpg,dataset_top12\bus stop\opened\photo_11_2024-12-09_12-49-48.jpg,train
4833,10,bus stop,opened,897,897,photo_13_2024-12-09_12-46-32.jpg,dataset_top12\bus stop\opened\photo_13_2024-12-09_12-46-32.jpg,test
4834,10,bus stop,opened,960,1280,photo_13_2024-12-18_02-33-06.jpg,dataset_top12\bus stop\opened\photo_13_2024-12-18_02-33-06.jpg,train
4835,10,bus stop,opened,960,1280,photo_15_2024-12-18_13-07-03.jpg,dataset_top12\bus stop\opened\photo_15_2024-12-18_13-07-03.jpg,train
4836,10,bus stop,opened,960,1280,photo_18_2024-12-09_12-46-32.jpg,dataset_top12\bus stop\opened\photo_18_2024-12-09_12-46-32.jpg,train
4837,10,bus stop,opened,960,1280,photo_1_2024-12-18_02-29-08.jpg,dataset_top12\bus stop\opened\photo_1_2024-12-18_02-29-08.jpg,train
4838,10,bus stop,opened,960,1280,photo_21_2024-12-18_12-58-24.jpg,dataset_top12\bus stop\opened\photo_21_2024-12-18_12-58-24.jpg,train
4839,10,bus stop,opened,960,1280,photo_22_2024-12-18_12-58-24.jpg,dataset_top12\bus stop\opened\photo_22_2024-12-18_12-58-24.jpg,test
4840,10,bus stop,opened,960,1280,photo_23_2024-12-18_12-58-24.jpg,dataset_top12\bus stop\opened\photo_23_2024-12-18_12-58-24.jpg,train
4841,10,bus stop,opened,522,518,photo_26_2024-12-09_12-49-48.jpg,dataset_top12\bus stop\opened\photo_26_2024-12-09_12-49-48.jpg,validation
4842,10,bus stop,opened,960,1280,photo_27_2024-12-18_12-58-24.jpg,dataset_top12\bus stop\opened\photo_27_2024-12-18_12-58-24.jpg,train
4843,10,bus stop,opened,960,1280,photo_29_2024-12-18_02-28-33.jpg,dataset_top12\bus stop\opened\photo_29_2024-12-18_02-28-33.jpg,train
4844,10,bus stop,opened,960,1280,photo_31_2024-12-18_12-58-24.jpg,dataset_top12\bus stop\opened\photo_31_2024-12-18_12-58-24.jpg,train
4845,10,bus stop,opened,960,1280,photo_35_2024-12-18_02-28-33.jpg,dataset_top12\bus stop\opened\photo_35_2024-12-18_02-28-33.jpg,train
4846,10,bus stop,opened,960,1280,photo_3_2024-12-18_02-28-33.jpg,dataset_top12\bus stop\opened\photo_3_2024-12-18_02-28-33.jpg,train
4847,10,bus stop,opened,960,1280,photo_3_2024-12-18_02-29-08.jpg,dataset_top12\bus stop\opened\photo_3_2024-12-18_02-29-08.jpg,train
4848,10,bus stop,opened,960,1280,photo_3_2024-12-18_12-58-24.jpg,dataset_top12\bus stop\opened\photo_3_2024-12-18_12-58-24.jpg,train
4849,10,bus stop,opened,960,1280,photo_3_2024-12-18_13-07-03.jpg,dataset_top12\bus stop\opened\photo_3_2024-12-18_13-07-03.jpg,validation
4850,10,bus stop,opened,889,892,photo_40_2024-12-09_12-49-48.jpg,dataset_top12\bus stop\opened\photo_40_2024-12-09_12-49-48.jpg,train
4851,10,bus stop,opened,960,1280,photo_41_2024-12-18_12-58-24.jpg,dataset_top12\bus stop\opened\photo_41_2024-12-18_12-58-24.jpg,train
4852,10,bus stop,opened,960,1280,photo_44_2024-12-18_02-29-08.jpg,dataset_top12\bus stop\opened\photo_44_2024-12-18_02-29-08.jpg,train
4853,10,bus stop,opened,960,1280,photo_47_2024-12-18_02-29-08.jpg,dataset_top12\bus stop\opened\photo_47_2024-12-18_02-29-08.jpg,train
4854,10,bus stop,opened,960,1280,photo_51_2024-12-18_02-29-08.jpg,dataset_top12\bus stop\opened\photo_51_2024-12-18_02-29-08.jpg,train
4855,10,bus stop,opened,720,1280,photo_5278624148517676486_y.jpg,dataset_top12\bus stop\opened\photo_5278624148517676486_y.jpg,validation
4856,10,bus stop,opened,960,1280,photo_52_2024-12-18_02-27-47.jpg,dataset_top12\bus stop\opened\photo_52_2024-12-18_02-27-47.jpg,validation
4857,10,bus stop,opened,960,1280,photo_55_2024-12-18_02-29-08.jpg,dataset_top12\bus stop\opened\photo_55_2024-12-18_02-29-08.jpg,train
4858,10,bus stop,opened,960,1280,photo_57_2024-12-18_02-25-50.jpg,dataset_top12\bus stop\opened\photo_57_2024-12-18_02-25-50.jpg,test
4859,10,bus stop,opened,960,1280,photo_62_2024-12-18_02-28-33.jpg,dataset_top12\bus stop\opened\photo_62_2024-12-18_02-28-33.jpg,train
4860,10,bus stop,opened,521,520,photo_63_2024-12-09_12-49-48.jpg,dataset_top12\bus stop\opened\photo_63_2024-12-09_12-49-48.jpg,train
4861,10,bus stop,opened,960,1280,photo_6_2024-12-09_12-46-01.jpg,dataset_top12\bus stop\opened\photo_6_2024-12-09_12-46-01.jpg,train
4862,10,bus stop,opened,960,1280,photo_70_2024-12-07_12-51-07.jpg,dataset_top12\bus stop\opened\photo_70_2024-12-07_12-51-07.jpg,train
4863,10,bus stop,opened,960,1280,photo_80_2024-12-18_02-25-50.jpg,dataset_top12\bus stop\opened\photo_80_2024-12-18_02-25-50.jpg,test
4864,10,bus stop,opened,960,1280,photo_93_2024-12-09_12-46-33.jpg,dataset_top12\bus stop\opened\photo_93_2024-12-09_12-46-33.jpg,train
4865,10,bus stop,opened,960,1280,photo_94_2024-12-18_02-33-06.jpg,dataset_top12\bus stop\opened\photo_94_2024-12-18_02-33-06.jpg,test
4866,10,bus stop,opened,960,1280,photo_98_2024-12-18_02-28-33.jpg,dataset_top12\bus stop\opened\photo_98_2024-12-18_02-28-33.jpg,validation
4867,10,bus stop,opened,960,1280,photo_9_2024-12-18_12-58-24.jpg,dataset_top12\bus stop\opened\photo_9_2024-12-18_12-58-24.jpg,test
4868,10,bus stop,closed,4624,3468,20241102_111934.jpg,dataset_top12\bus stop\closed\20241102_111934.jpg,train
4869,10,bus stop,closed,4624,3468,20241102_114148.jpg,dataset_top12\bus stop\closed\20241102_114148.jpg,validation
4870,10,bus stop,closed,4624,3468,20241102_115105.jpg,dataset_top12\bus stop\closed\20241102_115105.jpg,test
4871,10,bus stop,closed,4624,3468,20241102_120115.jpg,dataset_top12\bus stop\closed\20241102_120115.jpg,train
4872,10,bus stop,closed,4624,3468,20241102_120836.jpg,dataset_top12\bus stop\closed\20241102_120836.jpg,train
4873,10,bus stop,closed,1014,1069,IMG_20241017_161233_1.jpg,dataset_top12\bus stop\closed\IMG_20241017_161233_1.jpg,train
4874,10,bus stop,closed,1097,1369,IMG_20241017_161236_1.jpg,dataset_top12\bus stop\closed\IMG_20241017_161236_1.jpg,validation
4875,10,bus stop,closed,1153,1273,IMG_20241017_161236_2.jpg,dataset_top12\bus stop\closed\IMG_20241017_161236_2.jpg,train
4876,10,bus stop,closed,4640,3472,IMG_20241017_162916.jpg,dataset_top12\bus stop\closed\IMG_20241017_162916.jpg,train
4877,10,bus stop,closed,4640,3472,IMG_20241017_162922.jpg,dataset_top12\bus stop\closed\IMG_20241017_162922.jpg,train
4878,10,bus stop,closed,4640,3472,IMG_20241017_162923.jpg,dataset_top12\bus stop\closed\IMG_20241017_162923.jpg,train
4879,10,bus stop,closed,4640,3472,IMG_20241017_162924.jpg,dataset_top12\bus stop\closed\IMG_20241017_162924.jpg,train
4880,10,bus stop,closed,4640,3472,IMG_20241017_162927.jpg,dataset_top12\bus stop\closed\IMG_20241017_162927.jpg,train
4881,10,bus stop,closed,4640,3472,IMG_20241017_162938.jpg,dataset_top12\bus stop\closed\IMG_20241017_162938.jpg,train
4882,10,bus stop,closed,4640,3472,IMG_20241017_182340.jpg,dataset_top12\bus stop\closed\IMG_20241017_182340.jpg,validation
4883,10,bus stop,closed,4640,3472,IMG_20241017_182342.jpg,dataset_top12\bus stop\closed\IMG_20241017_182342.jpg,train
4884,10,bus stop,closed,4640,3472,IMG_20241017_182347.jpg,dataset_top12\bus stop\closed\IMG_20241017_182347.jpg,train
4885,10,bus stop,closed,4640,3472,IMG_20241017_182354.jpg,dataset_top12\bus stop\closed\IMG_20241017_182354.jpg,train
4886,10,bus stop,closed,4640,3472,IMG_20241021_174525.jpg,dataset_top12\bus stop\closed\IMG_20241021_174525.jpg,train
4887,10,bus stop,closed,1280,1170,photo_100_2024-12-07_12-46-52.jpg,dataset_top12\bus stop\closed\photo_100_2024-12-07_12-46-52.jpg,train
4888,10,bus stop,closed,960,1280,photo_10_2024-10-29_09-54-21.jpg,dataset_top12\bus stop\closed\photo_10_2024-10-29_09-54-21.jpg,test
4889,10,bus stop,closed,960,1280,photo_10_2024-12-09_12-45-24.jpg,dataset_top12\bus stop\closed\photo_10_2024-12-09_12-45-24.jpg,validation
4890,10,bus stop,closed,960,1280,photo_11_2024-10-29_09-54-21.jpg,dataset_top12\bus stop\closed\photo_11_2024-10-29_09-54-21.jpg,train
4891,10,bus stop,closed,960,1280,photo_12_2024-10-29_09-54-21.jpg,dataset_top12\bus stop\closed\photo_12_2024-10-29_09-54-21.jpg,train
4892,10,bus stop,closed,960,1280,photo_12_2024-12-05_22-23-50.jpg,dataset_top12\bus stop\closed\photo_12_2024-12-05_22-23-50.jpg,train
4893,10,bus stop,closed,960,1280,photo_12_2024-12-07_12-47-32.jpg,dataset_top12\bus stop\closed\photo_12_2024-12-07_12-47-32.jpg,train
4894,10,bus stop,closed,850,846,photo_12_2024-12-09_12-45-24.jpg,dataset_top12\bus stop\closed\photo_12_2024-12-09_12-45-24.jpg,train
4895,10,bus stop,closed,960,1280,photo_14_2024-12-05_22-23-50.jpg,dataset_top12\bus stop\closed\photo_14_2024-12-05_22-23-50.jpg,train
4896,10,bus stop,closed,690,726,photo_14_2024-12-09_12-45-24.jpg,dataset_top12\bus stop\closed\photo_14_2024-12-09_12-45-24.jpg,train
4897,10,bus stop,closed,822,807,photo_15_2024-12-09_12-45-24.jpg,dataset_top12\bus stop\closed\photo_15_2024-12-09_12-45-24.jpg,train
4898,10,bus stop,closed,651,656,photo_16_2024-12-09_12-45-24.jpg,dataset_top12\bus stop\closed\photo_16_2024-12-09_12-45-24.jpg,train
4899,10,bus stop,closed,960,1280,photo_17_2024-12-09_12-45-24.jpg,dataset_top12\bus stop\closed\photo_17_2024-12-09_12-45-24.jpg,train
4900,10,bus stop,closed,1079,1280,photo_18_2024-12-07_12-46-52.jpg,dataset_top12\bus stop\closed\photo_18_2024-12-07_12-46-52.jpg,validation
4901,10,bus stop,closed,960,1280,photo_18_2024-12-09_12-45-24.jpg,dataset_top12\bus stop\closed\photo_18_2024-12-09_12-45-24.jpg,train
4902,10,bus stop,closed,1063,1280,photo_19_2024-12-07_12-46-52.jpg,dataset_top12\bus stop\closed\photo_19_2024-12-07_12-46-52.jpg,train
4903,10,bus stop,closed,960,1280,photo_19_2024-12-09_12-45-24.jpg,dataset_top12\bus stop\closed\photo_19_2024-12-09_12-45-24.jpg,train
4904,10,bus stop,closed,1280,1280,photo_1_2024-12-06_22-23-51.jpg,dataset_top12\bus stop\closed\photo_1_2024-12-06_22-23-51.jpg,train
4905,10,bus stop,closed,960,1280,photo_1_2024-12-07_12-46-52.jpg,dataset_top12\bus stop\closed\photo_1_2024-12-07_12-46-52.jpg,validation
4906,10,bus stop,closed,960,1280,photo_20_2024-10-29_09-54-21.jpg,dataset_top12\bus stop\closed\photo_20_2024-10-29_09-54-21.jpg,train
4907,10,bus stop,closed,960,1280,photo_21_2024-12-09_12-45-24.jpg,dataset_top12\bus stop\closed\photo_21_2024-12-09_12-45-24.jpg,train
4908,10,bus stop,closed,960,1280,photo_22_2024-10-29_09-54-21.jpg,dataset_top12\bus stop\closed\photo_22_2024-10-29_09-54-21.jpg,train
4909,10,bus stop,closed,1209,1280,photo_22_2024-12-07_12-46-52.jpg,dataset_top12\bus stop\closed\photo_22_2024-12-07_12-46-52.jpg,test
4910,10,bus stop,closed,960,1280,photo_23_2024-10-29_09-54-21.jpg,dataset_top12\bus stop\closed\photo_23_2024-10-29_09-54-21.jpg,train
4911,10,bus stop,closed,960,1280,photo_24_2024-12-09_12-45-24.jpg,dataset_top12\bus stop\closed\photo_24_2024-12-09_12-45-24.jpg,train
4912,10,bus stop,closed,929,1280,photo_25_2024-12-07_12-46-04.jpg,dataset_top12\bus stop\closed\photo_25_2024-12-07_12-46-04.jpg,train
4913,10,bus stop,closed,960,1280,photo_25_2024-12-09_12-45-24.jpg,dataset_top12\bus stop\closed\photo_25_2024-12-09_12-45-24.jpg,train
4914,10,bus stop,closed,958,1280,photo_26_2024-12-07_12-46-04.jpg,dataset_top12\bus stop\closed\photo_26_2024-12-07_12-46-04.jpg,test
4915,10,bus stop,closed,899,908,photo_26_2024-12-09_12-45-24.jpg,dataset_top12\bus stop\closed\photo_26_2024-12-09_12-45-24.jpg,train
4916,10,bus stop,closed,1097,1280,photo_27_2024-12-07_12-46-04.jpg,dataset_top12\bus stop\closed\photo_27_2024-12-07_12-46-04.jpg,validation
4917,10,bus stop,closed,563,566,photo_28_2024-12-09_12-45-24.jpg,dataset_top12\bus stop\closed\photo_28_2024-12-09_12-45-24.jpg,train
4918,10,bus stop,closed,1101,1280,photo_29_2024-12-07_12-46-04.jpg,dataset_top12\bus stop\closed\photo_29_2024-12-07_12-46-04.jpg,test
4919,10,bus stop,closed,867,1280,photo_29_2024-12-07_12-46-52.jpg,dataset_top12\bus stop\closed\photo_29_2024-12-07_12-46-52.jpg,train
4920,10,bus stop,closed,960,1280,photo_29_2024-12-07_12-47-32.jpg,dataset_top12\bus stop\closed\photo_29_2024-12-07_12-47-32.jpg,test
4921,10,bus stop,closed,960,1280,photo_29_2024-12-09_12-45-24.jpg,dataset_top12\bus stop\closed\photo_29_2024-12-09_12-45-24.jpg,train
4922,10,bus stop,closed,960,1280,photo_30_2024-12-05_22-23-50.jpg,dataset_top12\bus stop\closed\photo_30_2024-12-05_22-23-50.jpg,validation
4923,10,bus stop,closed,960,1280,photo_30_2024-12-07_12-46-52.jpg,dataset_top12\bus stop\closed\photo_30_2024-12-07_12-46-52.jpg,train
4924,10,bus stop,closed,748,745,photo_30_2024-12-09_12-45-24.jpg,dataset_top12\bus stop\closed\photo_30_2024-12-09_12-45-24.jpg,train
4925,10,bus stop,closed,960,1280,photo_31_2024-10-29_09-54-21.jpg,dataset_top12\bus stop\closed\photo_31_2024-10-29_09-54-21.jpg,test
4926,10,bus stop,closed,1280,1230,photo_31_2024-12-06_22-23-51.jpg,dataset_top12\bus stop\closed\photo_31_2024-12-06_22-23-51.jpg,validation
4927,10,bus stop,closed,960,1280,photo_31_2024-12-09_12-45-24.jpg,dataset_top12\bus stop\closed\photo_31_2024-12-09_12-45-24.jpg,validation
4928,10,bus stop,closed,960,1280,photo_32_2024-12-06_22-23-51.jpg,dataset_top12\bus stop\closed\photo_32_2024-12-06_22-23-51.jpg,train
4929,10,bus stop,closed,489,487,photo_32_2024-12-09_12-45-24.jpg,dataset_top12\bus stop\closed\photo_32_2024-12-09_12-45-24.jpg,test
4930,10,bus stop,closed,1268,1280,photo_34_2024-12-06_22-23-51.jpg,dataset_top12\bus stop\closed\photo_34_2024-12-06_22-23-51.jpg,train
4931,10,bus stop,closed,1135,1280,photo_34_2024-12-07_12-46-04.jpg,dataset_top12\bus stop\closed\photo_34_2024-12-07_12-46-04.jpg,test
4932,10,bus stop,closed,894,1280,photo_34_2024-12-07_12-46-52.jpg,dataset_top12\bus stop\closed\photo_34_2024-12-07_12-46-52.jpg,train
4933,10,bus stop,closed,960,1280,photo_34_2024-12-09_12-45-24.jpg,dataset_top12\bus stop\closed\photo_34_2024-12-09_12-45-24.jpg,train
4934,10,bus stop,closed,960,1280,photo_35_2024-12-06_22-23-51.jpg,dataset_top12\bus stop\closed\photo_35_2024-12-06_22-23-51.jpg,train
4935,10,bus stop,closed,1069,1280,photo_35_2024-12-07_12-46-04.jpg,dataset_top12\bus stop\closed\photo_35_2024-12-07_12-46-04.jpg,train
4936,10,bus stop,closed,756,762,photo_35_2024-12-09_12-45-24.jpg,dataset_top12\bus stop\closed\photo_35_2024-12-09_12-45-24.jpg,train
4937,10,bus stop,closed,1193,1280,photo_36_2024-12-06_22-23-51.jpg,dataset_top12\bus stop\closed\photo_36_2024-12-06_22-23-51.jpg,train
4938,10,bus stop,closed,889,892,photo_36_2024-12-09_12-45-24.jpg,dataset_top12\bus stop\closed\photo_36_2024-12-09_12-45-24.jpg,train
4939,10,bus stop,closed,960,1280,photo_37_2024-12-05_22-23-50.jpg,dataset_top12\bus stop\closed\photo_37_2024-12-05_22-23-50.jpg,validation
4940,10,bus stop,closed,960,1280,photo_37_2024-12-06_22-23-51.jpg,dataset_top12\bus stop\closed\photo_37_2024-12-06_22-23-51.jpg,train
4941,10,bus stop,closed,960,1280,photo_37_2024-12-07_12-46-52.jpg,dataset_top12\bus stop\closed\photo_37_2024-12-07_12-46-52.jpg,train
4942,10,bus stop,closed,520,517,photo_38_2024-12-09_12-45-24.jpg,dataset_top12\bus stop\closed\photo_38_2024-12-09_12-45-24.jpg,test
4943,10,bus stop,closed,1280,1275,photo_39_2024-12-07_12-46-04.jpg,dataset_top12\bus stop\closed\photo_39_2024-12-07_12-46-04.jpg,validation
4944,10,bus stop,closed,813,811,photo_39_2024-12-09_12-45-24.jpg,dataset_top12\bus stop\closed\photo_39_2024-12-09_12-45-24.jpg,train
4945,10,bus stop,closed,960,1280,photo_3_2024-12-07_12-46-52.jpg,dataset_top12\bus stop\closed\photo_3_2024-12-07_12-46-52.jpg,train
4946,10,bus stop,closed,960,1280,photo_40_2024-10-29_09-54-21.jpg,dataset_top12\bus stop\closed\photo_40_2024-10-29_09-54-21.jpg,train
4947,10,bus stop,closed,1030,1280,photo_40_2024-12-07_12-46-04.jpg,dataset_top12\bus stop\closed\photo_40_2024-12-07_12-46-04.jpg,test
4948,10,bus stop,closed,1025,1280,photo_41_2024-12-06_22-23-51.jpg,dataset_top12\bus stop\closed\photo_41_2024-12-06_22-23-51.jpg,train
4949,10,bus stop,closed,960,1280,photo_41_2024-12-07_12-47-32.jpg,dataset_top12\bus stop\closed\photo_41_2024-12-07_12-47-32.jpg,train
4950,10,bus stop,closed,960,1280,photo_42_2024-10-29_09-54-21.jpg,dataset_top12\bus stop\closed\photo_42_2024-10-29_09-54-21.jpg,train
4951,10,bus stop,closed,960,1280,photo_42_2024-12-09_12-45-24.jpg,dataset_top12\bus stop\closed\photo_42_2024-12-09_12-45-24.jpg,train
4952,10,bus stop,closed,1280,1280,photo_43_2024-12-06_22-23-51.jpg,dataset_top12\bus stop\closed\photo_43_2024-12-06_22-23-51.jpg,train
4953,10,bus stop,closed,1183,1280,photo_43_2024-12-07_12-46-04.jpg,dataset_top12\bus stop\closed\photo_43_2024-12-07_12-46-04.jpg,train
4954,10,bus stop,closed,960,1280,photo_44_2024-12-06_22-23-51.jpg,dataset_top12\bus stop\closed\photo_44_2024-12-06_22-23-51.jpg,train
4955,10,bus stop,closed,1127,1280,photo_44_2024-12-07_12-46-04.jpg,dataset_top12\bus stop\closed\photo_44_2024-12-07_12-46-04.jpg,test
4956,10,bus stop,closed,1207,1280,photo_44_2024-12-07_12-46-52.jpg,dataset_top12\bus stop\closed\photo_44_2024-12-07_12-46-52.jpg,validation
4957,10,bus stop,closed,960,1280,photo_44_2024-12-07_12-47-32.jpg,dataset_top12\bus stop\closed\photo_44_2024-12-07_12-47-32.jpg,train
4958,10,bus stop,closed,960,1280,photo_45_2024-12-05_22-23-50.jpg,dataset_top12\bus stop\closed\photo_45_2024-12-05_22-23-50.jpg,test
4959,10,bus stop,closed,946,1280,photo_45_2024-12-07_12-46-04.jpg,dataset_top12\bus stop\closed\photo_45_2024-12-07_12-46-04.jpg,validation
4960,10,bus stop,closed,960,1280,photo_46_2024-10-29_09-54-21.jpg,dataset_top12\bus stop\closed\photo_46_2024-10-29_09-54-21.jpg,validation
4961,10,bus stop,closed,960,1280,photo_46_2024-12-05_22-23-50.jpg,dataset_top12\bus stop\closed\photo_46_2024-12-05_22-23-50.jpg,train
4962,10,bus stop,closed,1035,1280,photo_46_2024-12-07_12-46-52.jpg,dataset_top12\bus stop\closed\photo_46_2024-12-07_12-46-52.jpg,train
4963,10,bus stop,closed,960,1280,photo_47_2024-10-29_09-54-21.jpg,dataset_top12\bus stop\closed\photo_47_2024-10-29_09-54-21.jpg,train
4964,10,bus stop,closed,1237,1280,photo_47_2024-12-07_12-46-04.jpg,dataset_top12\bus stop\closed\photo_47_2024-12-07_12-46-04.jpg,train
4965,10,bus stop,closed,827,1280,photo_47_2024-12-07_12-46-52.jpg,dataset_top12\bus stop\closed\photo_47_2024-12-07_12-46-52.jpg,train
4966,10,bus stop,closed,960,1280,photo_48_2024-12-07_12-47-32.jpg,dataset_top12\bus stop\closed\photo_48_2024-12-07_12-47-32.jpg,train
4967,10,bus stop,closed,960,1280,photo_4_2024-12-07_12-46-52.jpg,dataset_top12\bus stop\closed\photo_4_2024-12-07_12-46-52.jpg,test
4968,10,bus stop,closed,960,1280,photo_50_2024-12-07_12-47-32.jpg,dataset_top12\bus stop\closed\photo_50_2024-12-07_12-47-32.jpg,test
4969,10,bus stop,closed,960,1280,photo_51_2024-10-29_09-54-21.jpg,dataset_top12\bus stop\closed\photo_51_2024-10-29_09-54-21.jpg,train
4970,10,bus stop,closed,960,1280,photo_5278624148517676329_y.jpg,dataset_top12\bus stop\closed\photo_5278624148517676329_y.jpg,test
4971,10,bus stop,closed,960,1280,photo_5278624148517676497_y.jpg,dataset_top12\bus stop\closed\photo_5278624148517676497_y.jpg,validation
4972,10,bus stop,closed,720,1280,photo_5282859763660611957_y.jpg,dataset_top12\bus stop\closed\photo_5282859763660611957_y.jpg,train
4973,10,bus stop,closed,960,1280,photo_54_2024-10-29_09-54-21.jpg,dataset_top12\bus stop\closed\photo_54_2024-10-29_09-54-21.jpg,train
4974,10,bus stop,closed,1055,1280,photo_54_2024-12-07_12-46-52.jpg,dataset_top12\bus stop\closed\photo_54_2024-12-07_12-46-52.jpg,validation
4975,10,bus stop,closed,960,1280,photo_56_2024-10-29_09-54-21.jpg,dataset_top12\bus stop\closed\photo_56_2024-10-29_09-54-21.jpg,validation
4976,10,bus stop,closed,960,1280,photo_5_2024-12-07_12-46-52.jpg,dataset_top12\bus stop\closed\photo_5_2024-12-07_12-46-52.jpg,train
4977,10,bus stop,closed,960,1280,photo_62_2024-12-07_12-46-52.jpg,dataset_top12\bus stop\closed\photo_62_2024-12-07_12-46-52.jpg,test
4978,10,bus stop,closed,960,1280,photo_63_2024-10-29_09-54-21.jpg,dataset_top12\bus stop\closed\photo_63_2024-10-29_09-54-21.jpg,train
4979,10,bus stop,closed,515,486,photo_63_2024-12-06_22-25-23.jpg,dataset_top12\bus stop\closed\photo_63_2024-12-06_22-25-23.jpg,train
4980,10,bus stop,closed,768,1280,photo_66_2024-12-07_12-46-52.jpg,dataset_top12\bus stop\closed\photo_66_2024-12-07_12-46-52.jpg,test
4981,10,bus stop,closed,960,1280,photo_68_2024-12-09_12-45-24.jpg,dataset_top12\bus stop\closed\photo_68_2024-12-09_12-45-24.jpg,test
4982,10,bus stop,closed,960,1280,photo_69_2024-10-29_09-54-21.jpg,dataset_top12\bus stop\closed\photo_69_2024-10-29_09-54-21.jpg,train
4983,10,bus stop,closed,960,1280,photo_69_2024-12-06_22-25-23.jpg,dataset_top12\bus stop\closed\photo_69_2024-12-06_22-25-23.jpg,train
4984,10,bus stop,closed,960,1280,photo_70_2024-12-06_22-25-23.jpg,dataset_top12\bus stop\closed\photo_70_2024-12-06_22-25-23.jpg,validation
4985,10,bus stop,closed,960,1280,photo_71_2024-10-29_09-54-21.jpg,dataset_top12\bus stop\closed\photo_71_2024-10-29_09-54-21.jpg,train
4986,10,bus stop,closed,1204,1280,photo_71_2024-12-07_12-46-52.jpg,dataset_top12\bus stop\closed\photo_71_2024-12-07_12-46-52.jpg,train
4987,10,bus stop,closed,960,1280,photo_71_2024-12-07_12-51-07.jpg,dataset_top12\bus stop\closed\photo_71_2024-12-07_12-51-07.jpg,train
4988,10,bus stop,closed,578,590,photo_72_2024-12-06_22-25-23.jpg,dataset_top12\bus stop\closed\photo_72_2024-12-06_22-25-23.jpg,train
4989,10,bus stop,closed,960,1280,photo_72_2024-12-07_12-51-07.jpg,dataset_top12\bus stop\closed\photo_72_2024-12-07_12-51-07.jpg,validation
4990,10,bus stop,closed,960,1280,photo_74_2024-12-07_12-51-07.jpg,dataset_top12\bus stop\closed\photo_74_2024-12-07_12-51-07.jpg,train
4991,10,bus stop,closed,960,1280,photo_74_2024-12-09_12-45-24.jpg,dataset_top12\bus stop\closed\photo_74_2024-12-09_12-45-24.jpg,test
4992,10,bus stop,closed,960,1280,photo_76_2024-12-07_12-51-07.jpg,dataset_top12\bus stop\closed\photo_76_2024-12-07_12-51-07.jpg,train
4993,10,bus stop,closed,960,1280,photo_77_2024-10-29_09-54-21.jpg,dataset_top12\bus stop\closed\photo_77_2024-10-29_09-54-21.jpg,train
4994,10,bus stop,closed,960,1280,photo_77_2024-12-07_12-51-07.jpg,dataset_top12\bus stop\closed\photo_77_2024-12-07_12-51-07.jpg,train
4995,10,bus stop,closed,960,1280,photo_79_2024-10-29_09-54-21.jpg,dataset_top12\bus stop\closed\photo_79_2024-10-29_09-54-21.jpg,train
4996,10,bus stop,closed,960,1280,photo_7_2024-10-29_09-54-21.jpg,dataset_top12\bus stop\closed\photo_7_2024-10-29_09-54-21.jpg,train
4997,10,bus stop,closed,960,1280,photo_80_2024-12-07_12-51-07.jpg,dataset_top12\bus stop\closed\photo_80_2024-12-07_12-51-07.jpg,train
4998,10,bus stop,closed,960,1280,photo_80_2024-12-09_12-46-32.jpg,dataset_top12\bus stop\closed\photo_80_2024-12-09_12-46-32.jpg,validation
4999,10,bus stop,closed,960,1280,photo_81_2024-12-07_12-51-07.jpg,dataset_top12\bus stop\closed\photo_81_2024-12-07_12-51-07.jpg,train
5000,10,bus stop,closed,830,1107,photo_83_2024-10-29_09-42-50.jpg,dataset_top12\bus stop\closed\photo_83_2024-10-29_09-42-50.jpg,train
5001,10,bus stop,closed,960,1280,photo_83_2024-12-07_12-51-07.jpg,dataset_top12\bus stop\closed\photo_83_2024-12-07_12-51-07.jpg,train
5002,10,bus stop,closed,960,1280,photo_83_2024-12-09_12-45-24.jpg,dataset_top12\bus stop\closed\photo_83_2024-12-09_12-45-24.jpg,train
5003,10,bus stop,closed,960,1280,photo_84_2024-10-29_09-54-21.jpg,dataset_top12\bus stop\closed\photo_84_2024-10-29_09-54-21.jpg,train
5004,10,bus stop,closed,532,653,photo_84_2024-12-07_12-46-04.jpg,dataset_top12\bus stop\closed\photo_84_2024-12-07_12-46-04.jpg,train
5005,10,bus stop,closed,960,1280,photo_84_2024-12-07_12-51-07.jpg,dataset_top12\bus stop\closed\photo_84_2024-12-07_12-51-07.jpg,test
5006,10,bus stop,closed,960,1280,photo_86_2024-12-07_12-51-07.jpg,dataset_top12\bus stop\closed\photo_86_2024-12-07_12-51-07.jpg,train
5007,10,bus stop,closed,960,1280,photo_88_2024-12-07_12-51-07.jpg,dataset_top12\bus stop\closed\photo_88_2024-12-07_12-51-07.jpg,train
5008,10,bus stop,closed,1124,843,photo_90_2024-12-06_22-25-52.jpg,dataset_top12\bus stop\closed\photo_90_2024-12-06_22-25-52.jpg,train
5009,10,bus stop,closed,960,1280,photo_90_2024-12-07_12-51-07.jpg,dataset_top12\bus stop\closed\photo_90_2024-12-07_12-51-07.jpg,test
5010,10,bus stop,closed,912,1240,photo_92_2024-12-06_22-25-52.jpg,dataset_top12\bus stop\closed\photo_92_2024-12-06_22-25-52.jpg,train
5011,10,bus stop,closed,897,878,photo_95_2024-12-06_22-25-52.jpg,dataset_top12\bus stop\closed\photo_95_2024-12-06_22-25-52.jpg,train
5012,10,bus stop,closed,1076,1280,photo_96_2024-12-06_22-25-52.jpg,dataset_top12\bus stop\closed\photo_96_2024-12-06_22-25-52.jpg,validation
5013,10,bus stop,closed,960,1280,photo_9_2024-12-09_12-45-24.jpg,dataset_top12\bus stop\closed\photo_9_2024-12-09_12-45-24.jpg,train
5014,11,no entry,opened,960,1280,photo_100_2024-12-18_02-17-59.jpg,dataset_top12\no entry\opened\photo_100_2024-12-18_02-17-59.jpg,train
5015,11,no entry,opened,960,1280,photo_100_2024-12-18_13-00-25.jpg,dataset_top12\no entry\opened\photo_100_2024-12-18_13-00-25.jpg,validation
5016,11,no entry,opened,960,1280,photo_10_2024-12-18_02-17-59.jpg,dataset_top12\no entry\opened\photo_10_2024-12-18_02-17-59.jpg,train
5017,11,no entry,opened,960,1280,photo_11_2024-12-18_02-17-59.jpg,dataset_top12\no entry\opened\photo_11_2024-12-18_02-17-59.jpg,validation
5018,11,no entry,opened,960,1280,photo_12_2024-12-18_02-17-59.jpg,dataset_top12\no entry\opened\photo_12_2024-12-18_02-17-59.jpg,test
5019,11,no entry,opened,960,1280,photo_13_2024-12-18_02-17-59.jpg,dataset_top12\no entry\opened\photo_13_2024-12-18_02-17-59.jpg,train
5020,11,no entry,opened,960,1280,photo_13_2024-12-18_13-05-23.jpg,dataset_top12\no entry\opened\photo_13_2024-12-18_13-05-23.jpg,train
5021,11,no entry,opened,960,1280,photo_14_2024-12-18_02-17-59.jpg,dataset_top12\no entry\opened\photo_14_2024-12-18_02-17-59.jpg,train
5022,11,no entry,opened,960,1280,photo_14_2024-12-18_13-02-03.jpg,dataset_top12\no entry\opened\photo_14_2024-12-18_13-02-03.jpg,test
5023,11,no entry,opened,960,1280,photo_14_2024-12-18_13-05-23.jpg,dataset_top12\no entry\opened\photo_14_2024-12-18_13-05-23.jpg,train
5024,11,no entry,opened,960,1280,photo_15_2024-12-18_02-17-59.jpg,dataset_top12\no entry\opened\photo_15_2024-12-18_02-17-59.jpg,validation
5025,11,no entry,opened,960,1280,photo_16_2024-12-18_02-17-59.jpg,dataset_top12\no entry\opened\photo_16_2024-12-18_02-17-59.jpg,train
5026,11,no entry,opened,960,1280,photo_16_2024-12-18_13-02-03.jpg,dataset_top12\no entry\opened\photo_16_2024-12-18_13-02-03.jpg,train
5027,11,no entry,opened,960,1280,photo_17_2024-12-18_02-17-59.jpg,dataset_top12\no entry\opened\photo_17_2024-12-18_02-17-59.jpg,test
5028,11,no entry,opened,960,1280,photo_17_2024-12-18_13-02-03.jpg,dataset_top12\no entry\opened\photo_17_2024-12-18_13-02-03.jpg,train
5029,11,no entry,opened,960,1280,photo_18_2024-12-18_02-17-59.jpg,dataset_top12\no entry\opened\photo_18_2024-12-18_02-17-59.jpg,train
5030,11,no entry,opened,960,1280,photo_18_2024-12-18_13-02-03.jpg,dataset_top12\no entry\opened\photo_18_2024-12-18_13-02-03.jpg,train
5031,11,no entry,opened,960,1280,photo_19_2024-12-18_02-17-59.jpg,dataset_top12\no entry\opened\photo_19_2024-12-18_02-17-59.jpg,train
5032,11,no entry,opened,960,1280,photo_1_2024-12-18_02-17-59.jpg,dataset_top12\no entry\opened\photo_1_2024-12-18_02-17-59.jpg,train
5033,11,no entry,opened,960,1280,photo_1_2024-12-18_02-33-06.jpg,dataset_top12\no entry\opened\photo_1_2024-12-18_02-33-06.jpg,test
5034,11,no entry,opened,960,1280,photo_1_2024-12-18_13-02-03.jpg,dataset_top12\no entry\opened\photo_1_2024-12-18_13-02-03.jpg,train
5035,11,no entry,opened,960,1280,photo_20_2024-12-18_02-17-59.jpg,dataset_top12\no entry\opened\photo_20_2024-12-18_02-17-59.jpg,validation
5036,11,no entry,opened,960,1280,photo_21_2024-12-18_02-17-59.jpg,dataset_top12\no entry\opened\photo_21_2024-12-18_02-17-59.jpg,train
5037,11,no entry,opened,960,1280,photo_22_2024-12-18_02-17-59.jpg,dataset_top12\no entry\opened\photo_22_2024-12-18_02-17-59.jpg,validation
5038,11,no entry,opened,424,393,photo_22_2024-12-18_02-25-50.jpg,dataset_top12\no entry\opened\photo_22_2024-12-18_02-25-50.jpg,validation
5039,11,no entry,opened,960,1280,photo_23_2024-12-09_12-46-01.jpg,dataset_top12\no entry\opened\photo_23_2024-12-09_12-46-01.jpg,validation
5040,11,no entry,opened,491,492,photo_24_2024-12-09_12-46-01_1.jpg,dataset_top12\no entry\opened\photo_24_2024-12-09_12-46-01_1.jpg,train
5041,11,no entry,opened,960,1280,photo_24_2024-12-18_02-28-33.jpg,dataset_top12\no entry\opened\photo_24_2024-12-18_02-28-33.jpg,train
5042,11,no entry,opened,960,1280,photo_25_2024-12-18_02-33-06.jpg,dataset_top12\no entry\opened\photo_25_2024-12-18_02-33-06.jpg,test
5043,11,no entry,opened,367,342,photo_26_2024-12-18_02-25-50.jpg,dataset_top12\no entry\opened\photo_26_2024-12-18_02-25-50.jpg,train
5044,11,no entry,opened,960,1280,photo_26_2024-12-18_02-28-33.jpg,dataset_top12\no entry\opened\photo_26_2024-12-18_02-28-33.jpg,train
5045,11,no entry,opened,960,1280,photo_26_2024-12-18_13-07-03.jpg,dataset_top12\no entry\opened\photo_26_2024-12-18_13-07-03.jpg,train
5046,11,no entry,opened,746,735,photo_27_2024-12-18_02-28-33.jpg,dataset_top12\no entry\opened\photo_27_2024-12-18_02-28-33.jpg,train
5047,11,no entry,opened,960,1280,photo_27_2024-12-18_13-07-03.jpg,dataset_top12\no entry\opened\photo_27_2024-12-18_13-07-03.jpg,train
5048,11,no entry,opened,960,1280,photo_29_2024-12-18_13-02-03.jpg,dataset_top12\no entry\opened\photo_29_2024-12-18_13-02-03.jpg,train
5049,11,no entry,opened,960,1280,photo_29_2024-12-18_13-05-23.jpg,dataset_top12\no entry\opened\photo_29_2024-12-18_13-05-23.jpg,validation
5050,11,no entry,opened,960,1280,photo_2_2024-12-18_02-17-59.jpg,dataset_top12\no entry\opened\photo_2_2024-12-18_02-17-59.jpg,test
5051,11,no entry,opened,960,1280,photo_2_2024-12-18_02-27-47.jpg,dataset_top12\no entry\opened\photo_2_2024-12-18_02-27-47.jpg,train
5052,11,no entry,opened,960,1280,photo_30_2024-12-18_13-05-23.jpg,dataset_top12\no entry\opened\photo_30_2024-12-18_13-05-23.jpg,train
5053,11,no entry,opened,356,344,photo_31_2024-12-18_02-25-50.jpg,dataset_top12\no entry\opened\photo_31_2024-12-18_02-25-50.jpg,test
5054,11,no entry,opened,960,1280,photo_32_2024-12-18_02-27-47.jpg,dataset_top12\no entry\opened\photo_32_2024-12-18_02-27-47.jpg,train
5055,11,no entry,opened,960,1280,photo_34_2024-12-18_02-17-59.jpg,dataset_top12\no entry\opened\photo_34_2024-12-18_02-17-59.jpg,train
5056,11,no entry,opened,960,1280,photo_35_2024-12-18_02-17-59.jpg,dataset_top12\no entry\opened\photo_35_2024-12-18_02-17-59.jpg,train
5057,11,no entry,opened,960,1280,photo_36_2024-12-18_02-17-59.jpg,dataset_top12\no entry\opened\photo_36_2024-12-18_02-17-59.jpg,train
5058,11,no entry,opened,960,1280,photo_37_2024-12-18_02-17-59.jpg,dataset_top12\no entry\opened\photo_37_2024-12-18_02-17-59.jpg,train
5059,11,no entry,opened,960,1280,photo_37_2024-12-18_13-07-03.jpg,dataset_top12\no entry\opened\photo_37_2024-12-18_13-07-03.jpg,train
5060,11,no entry,opened,960,1280,photo_38_2024-12-18_02-17-59.jpg,dataset_top12\no entry\opened\photo_38_2024-12-18_02-17-59.jpg,validation
5061,11,no entry,opened,960,1280,photo_38_2024-12-18_02-27-47.jpg,dataset_top12\no entry\opened\photo_38_2024-12-18_02-27-47.jpg,train
5062,11,no entry,opened,960,1280,photo_38_2024-12-18_13-07-03.jpg,dataset_top12\no entry\opened\photo_38_2024-12-18_13-07-03.jpg,train
5063,11,no entry,opened,960,1280,photo_39_2024-12-18_02-17-59.jpg,dataset_top12\no entry\opened\photo_39_2024-12-18_02-17-59.jpg,train
5064,11,no entry,opened,960,1280,photo_39_2024-12-18_02-33-06.jpg,dataset_top12\no entry\opened\photo_39_2024-12-18_02-33-06.jpg,train
5065,11,no entry,opened,960,1280,photo_3_2024-12-18_02-17-59.jpg,dataset_top12\no entry\opened\photo_3_2024-12-18_02-17-59.jpg,train
5066,11,no entry,opened,960,1280,photo_3_2024-12-18_02-27-47.jpg,dataset_top12\no entry\opened\photo_3_2024-12-18_02-27-47.jpg,validation
5067,11,no entry,opened,960,1280,photo_40_2024-12-18_02-17-59.jpg,dataset_top12\no entry\opened\photo_40_2024-12-18_02-17-59.jpg,train
5068,11,no entry,opened,960,1280,photo_40_2024-12-18_13-07-03.jpg,dataset_top12\no entry\opened\photo_40_2024-12-18_13-07-03.jpg,train
5069,11,no entry,opened,960,1280,photo_41_2024-12-18_02-17-59.jpg,dataset_top12\no entry\opened\photo_41_2024-12-18_02-17-59.jpg,train
5070,11,no entry,opened,960,1280,photo_41_2024-12-18_13-05-23.jpg,dataset_top12\no entry\opened\photo_41_2024-12-18_13-05-23.jpg,train
5071,11,no entry,opened,960,1280,photo_41_2024-12-18_13-07-03.jpg,dataset_top12\no entry\opened\photo_41_2024-12-18_13-07-03.jpg,test
5072,11,no entry,opened,960,1280,photo_42_2024-12-18_02-17-59.jpg,dataset_top12\no entry\opened\photo_42_2024-12-18_02-17-59.jpg,test
5073,11,no entry,opened,960,1280,photo_42_2024-12-18_13-02-04.jpg,dataset_top12\no entry\opened\photo_42_2024-12-18_13-02-04.jpg,train
5074,11,no entry,opened,960,1280,photo_44_2024-12-18_02-17-59.jpg,dataset_top12\no entry\opened\photo_44_2024-12-18_02-17-59.jpg,train
5075,11,no entry,opened,960,1280,photo_44_2024-12-18_02-28-33.jpg,dataset_top12\no entry\opened\photo_44_2024-12-18_02-28-33.jpg,train
5076,11,no entry,opened,960,1280,photo_45_2024-12-18_02-17-59.jpg,dataset_top12\no entry\opened\photo_45_2024-12-18_02-17-59.jpg,train
5077,11,no entry,opened,960,1280,photo_45_2024-12-18_13-05-23.jpg,dataset_top12\no entry\opened\photo_45_2024-12-18_13-05-23.jpg,train
5078,11,no entry,opened,960,1280,photo_46_2024-12-18_02-17-59.jpg,dataset_top12\no entry\opened\photo_46_2024-12-18_02-17-59.jpg,train
5079,11,no entry,opened,960,1280,photo_46_2024-12-18_02-27-47.jpg,dataset_top12\no entry\opened\photo_46_2024-12-18_02-27-47.jpg,validation
5080,11,no entry,opened,960,1280,photo_47_2024-12-18_02-17-59.jpg,dataset_top12\no entry\opened\photo_47_2024-12-18_02-17-59.jpg,train
5081,11,no entry,opened,960,1280,photo_48_2024-12-18_02-17-59.jpg,dataset_top12\no entry\opened\photo_48_2024-12-18_02-17-59.jpg,train
5082,11,no entry,opened,960,1280,photo_49_2024-12-18_02-17-59.jpg,dataset_top12\no entry\opened\photo_49_2024-12-18_02-17-59.jpg,train
5083,11,no entry,opened,960,1280,photo_49_2024-12-18_02-33-06.jpg,dataset_top12\no entry\opened\photo_49_2024-12-18_02-33-06.jpg,train
5084,11,no entry,opened,960,1280,photo_49_2024-12-18_13-01-24.jpg,dataset_top12\no entry\opened\photo_49_2024-12-18_13-01-24.jpg,train
5085,11,no entry,opened,960,1280,photo_4_2024-12-18_02-17-59.jpg,dataset_top12\no entry\opened\photo_4_2024-12-18_02-17-59.jpg,train
5086,11,no entry,opened,825,835,photo_4_2024-12-18_02-28-33.jpg,dataset_top12\no entry\opened\photo_4_2024-12-18_02-28-33.jpg,test
5087,11,no entry,opened,960,1280,photo_4_2024-12-18_02-33-06.jpg,dataset_top12\no entry\opened\photo_4_2024-12-18_02-33-06.jpg,train
5088,11,no entry,opened,960,1280,photo_4_2024-12-18_13-02-03.jpg,dataset_top12\no entry\opened\photo_4_2024-12-18_13-02-03.jpg,train
5089,11,no entry,opened,960,1280,photo_50_2024-12-18_02-17-59.jpg,dataset_top12\no entry\opened\photo_50_2024-12-18_02-17-59.jpg,train
5090,11,no entry,opened,960,1280,photo_50_2024-12-18_02-25-50.jpg,dataset_top12\no entry\opened\photo_50_2024-12-18_02-25-50.jpg,train
5091,11,no entry,opened,960,1280,photo_50_2024-12-18_13-01-24.jpg,dataset_top12\no entry\opened\photo_50_2024-12-18_13-01-24.jpg,train
5092,11,no entry,opened,960,1280,photo_51_2024-12-18_02-27-47.jpg,dataset_top12\no entry\opened\photo_51_2024-12-18_02-27-47.jpg,train
5093,11,no entry,opened,960,1280,photo_51_2024-12-18_13-02-04.jpg,dataset_top12\no entry\opened\photo_51_2024-12-18_13-02-04.jpg,train
5094,11,no entry,opened,960,1280,photo_51_2024-12-18_13-05-23.jpg,dataset_top12\no entry\opened\photo_51_2024-12-18_13-05-23.jpg,validation
5095,11,no entry,opened,960,1280,photo_52_2024-12-18_13-05-23.jpg,dataset_top12\no entry\opened\photo_52_2024-12-18_13-05-23.jpg,validation
5096,11,no entry,opened,960,1280,photo_53_2024-12-18_02-27-47.jpg,dataset_top12\no entry\opened\photo_53_2024-12-18_02-27-47.jpg,train
5097,11,no entry,opened,960,1280,photo_53_2024-12-18_13-05-23.jpg,dataset_top12\no entry\opened\photo_53_2024-12-18_13-05-23.jpg,train
5098,11,no entry,opened,960,1280,photo_54_2024-12-18_02-28-33.jpg,dataset_top12\no entry\opened\photo_54_2024-12-18_02-28-33.jpg,validation
5099,11,no entry,opened,960,1280,photo_55_2024-12-18_13-01-24.jpg,dataset_top12\no entry\opened\photo_55_2024-12-18_13-01-24.jpg,validation
5100,11,no entry,opened,960,1280,photo_57_2024-12-18_02-27-47.jpg,dataset_top12\no entry\opened\photo_57_2024-12-18_02-27-47.jpg,test
5101,11,no entry,opened,960,1280,photo_57_2024-12-18_13-05-23.jpg,dataset_top12\no entry\opened\photo_57_2024-12-18_13-05-23.jpg,train
5102,11,no entry,opened,407,394,photo_58_2024-12-18_02-25-50.jpg,dataset_top12\no entry\opened\photo_58_2024-12-18_02-25-50.jpg,train
5103,11,no entry,opened,960,1280,photo_58_2024-12-18_02-27-47.jpg,dataset_top12\no entry\opened\photo_58_2024-12-18_02-27-47.jpg,train
5104,11,no entry,opened,960,1280,photo_58_2024-12-18_13-01-24.jpg,dataset_top12\no entry\opened\photo_58_2024-12-18_13-01-24.jpg,train
5105,11,no entry,opened,960,1280,photo_58_2024-12-18_13-05-23.jpg,dataset_top12\no entry\opened\photo_58_2024-12-18_13-05-23.jpg,train
5106,11,no entry,opened,960,1280,photo_5_2024-12-18_02-17-59.jpg,dataset_top12\no entry\opened\photo_5_2024-12-18_02-17-59.jpg,train
5107,11,no entry,opened,960,1280,photo_61_2024-12-18_13-01-24.jpg,dataset_top12\no entry\opened\photo_61_2024-12-18_13-01-24.jpg,train
5108,11,no entry,opened,960,1280,photo_62_2024-12-18_13-00-25.jpg,dataset_top12\no entry\opened\photo_62_2024-12-18_13-00-25.jpg,train
5109,11,no entry,opened,960,1280,photo_62_2024-12-18_13-01-24.jpg,dataset_top12\no entry\opened\photo_62_2024-12-18_13-01-24.jpg,validation
5110,11,no entry,opened,960,1280,photo_63_2024-12-18_02-28-33.jpg,dataset_top12\no entry\opened\photo_63_2024-12-18_02-28-33.jpg,train
5111,11,no entry,opened,451,465,photo_64_2024-12-18_02-25-50.jpg,dataset_top12\no entry\opened\photo_64_2024-12-18_02-25-50.jpg,train
5112,11,no entry,opened,960,1280,photo_67_2024-12-09_12-46-32.jpg,dataset_top12\no entry\opened\photo_67_2024-12-09_12-46-32.jpg,test
5113,11,no entry,opened,960,1280,photo_67_2024-12-18_13-00-25.jpg,dataset_top12\no entry\opened\photo_67_2024-12-18_13-00-25.jpg,train
5114,11,no entry,opened,960,1280,photo_69_2024-12-18_13-00-25.jpg,dataset_top12\no entry\opened\photo_69_2024-12-18_13-00-25.jpg,train
5115,11,no entry,opened,960,1280,photo_69_2024-12-18_13-04-36.jpg,dataset_top12\no entry\opened\photo_69_2024-12-18_13-04-36.jpg,train
5116,11,no entry,opened,960,1280,photo_6_2024-12-18_02-17-59.jpg,dataset_top12\no entry\opened\photo_6_2024-12-18_02-17-59.jpg,validation
5117,11,no entry,opened,960,1280,photo_6_2024-12-18_13-02-03.jpg,dataset_top12\no entry\opened\photo_6_2024-12-18_13-02-03.jpg,train
5118,11,no entry,opened,960,1280,photo_70_2024-12-18_13-00-25.jpg,dataset_top12\no entry\opened\photo_70_2024-12-18_13-00-25.jpg,train
5119,11,no entry,opened,960,1280,photo_70_2024-12-18_13-01-24.jpg,dataset_top12\no entry\opened\photo_70_2024-12-18_13-01-24.jpg,train
5120,11,no entry,opened,960,1280,photo_71_2024-12-18_13-06-32.jpg,dataset_top12\no entry\opened\photo_71_2024-12-18_13-06-32.jpg,validation
5121,11,no entry,opened,960,1280,photo_72_2024-12-18_13-06-32.jpg,dataset_top12\no entry\opened\photo_72_2024-12-18_13-06-32.jpg,test
5122,11,no entry,opened,960,1280,photo_73_2024-12-18_13-06-32.jpg,dataset_top12\no entry\opened\photo_73_2024-12-18_13-06-32.jpg,validation
5123,11,no entry,opened,960,1280,photo_74_2024-12-18_02-28-33.jpg,dataset_top12\no entry\opened\photo_74_2024-12-18_02-28-33.jpg,validation
5124,11,no entry,opened,960,1280,photo_74_2024-12-18_13-04-36.jpg,dataset_top12\no entry\opened\photo_74_2024-12-18_13-04-36.jpg,train
5125,11,no entry,opened,727,743,photo_75_2024-12-18_02-25-50.jpg,dataset_top12\no entry\opened\photo_75_2024-12-18_02-25-50.jpg,test
5126,11,no entry,opened,725,720,photo_75_2024-12-18_02-28-33.jpg,dataset_top12\no entry\opened\photo_75_2024-12-18_02-28-33.jpg,train
5127,11,no entry,opened,506,506,photo_76_2024-12-18_02-25-50.jpg,dataset_top12\no entry\opened\photo_76_2024-12-18_02-25-50.jpg,validation
5128,11,no entry,opened,960,1280,photo_76_2024-12-18_13-04-36.jpg,dataset_top12\no entry\opened\photo_76_2024-12-18_13-04-36.jpg,validation
5129,11,no entry,opened,960,1280,photo_79_2024-12-18_02-28-33.jpg,dataset_top12\no entry\opened\photo_79_2024-12-18_02-28-33.jpg,train
5130,11,no entry,opened,960,1280,photo_7_2024-12-18_02-17-59.jpg,dataset_top12\no entry\opened\photo_7_2024-12-18_02-17-59.jpg,train
5131,11,no entry,opened,960,1280,photo_7_2024-12-18_13-02-03.jpg,dataset_top12\no entry\opened\photo_7_2024-12-18_13-02-03.jpg,train
5132,11,no entry,opened,960,1280,photo_80_2024-12-18_13-00-25.jpg,dataset_top12\no entry\opened\photo_80_2024-12-18_13-00-25.jpg,test
5133,11,no entry,opened,960,1280,photo_81_2024-12-18_13-00-25.jpg,dataset_top12\no entry\opened\photo_81_2024-12-18_13-00-25.jpg,test
5134,11,no entry,opened,960,1280,photo_83_2024-12-18_13-01-24.jpg,dataset_top12\no entry\opened\photo_83_2024-12-18_13-01-24.jpg,train
5135,11,no entry,opened,960,1280,photo_83_2024-12-18_13-04-36.jpg,dataset_top12\no entry\opened\photo_83_2024-12-18_13-04-36.jpg,train
5136,11,no entry,opened,960,1280,photo_83_2024-12-18_13-06-32.jpg,dataset_top12\no entry\opened\photo_83_2024-12-18_13-06-32.jpg,train
5137,11,no entry,opened,960,1280,photo_84_2024-12-18_13-01-24.jpg,dataset_top12\no entry\opened\photo_84_2024-12-18_13-01-24.jpg,test
5138,11,no entry,opened,960,1280,photo_85_2024-12-18_02-17-59.jpg,dataset_top12\no entry\opened\photo_85_2024-12-18_02-17-59.jpg,test
5139,11,no entry,opened,960,1280,photo_85_2024-12-18_13-01-24.jpg,dataset_top12\no entry\opened\photo_85_2024-12-18_13-01-24.jpg,train
5140,11,no entry,opened,960,1280,photo_86_2024-12-18_02-17-59.jpg,dataset_top12\no entry\opened\photo_86_2024-12-18_02-17-59.jpg,test
5141,11,no entry,opened,960,1280,photo_86_2024-12-18_13-06-32.jpg,dataset_top12\no entry\opened\photo_86_2024-12-18_13-06-32.jpg,train
5142,11,no entry,opened,960,1280,photo_87_2024-12-18_02-17-59.jpg,dataset_top12\no entry\opened\photo_87_2024-12-18_02-17-59.jpg,test
5143,11,no entry,opened,493,495,photo_88_2024-12-09_12-46-33.jpg,dataset_top12\no entry\opened\photo_88_2024-12-09_12-46-33.jpg,test
5144,11,no entry,opened,960,1280,photo_88_2024-12-18_02-17-59.jpg,dataset_top12\no entry\opened\photo_88_2024-12-18_02-17-59.jpg,train
5145,11,no entry,opened,960,1280,photo_89_2024-12-18_02-17-59.jpg,dataset_top12\no entry\opened\photo_89_2024-12-18_02-17-59.jpg,train
5146,11,no entry,opened,960,1280,photo_8_2024-12-18_02-17-59.jpg,dataset_top12\no entry\opened\photo_8_2024-12-18_02-17-59.jpg,train
5147,11,no entry,opened,960,1280,photo_8_2024-12-18_13-02-03.jpg,dataset_top12\no entry\opened\photo_8_2024-12-18_13-02-03.jpg,train
5148,11,no entry,opened,960,1280,photo_90_2024-12-18_02-17-59.jpg,dataset_top12\no entry\opened\photo_90_2024-12-18_02-17-59.jpg,train
5149,11,no entry,opened,960,1280,photo_91_2024-12-18_02-17-59.jpg,dataset_top12\no entry\opened\photo_91_2024-12-18_02-17-59.jpg,train
5150,11,no entry,opened,960,1280,photo_91_2024-12-18_02-28-33.jpg,dataset_top12\no entry\opened\photo_91_2024-12-18_02-28-33.jpg,train
5151,11,no entry,opened,960,1280,photo_92_2024-12-18_02-17-59.jpg,dataset_top12\no entry\opened\photo_92_2024-12-18_02-17-59.jpg,train
5152,11,no entry,opened,960,1280,photo_93_2024-12-18_02-17-59.jpg,dataset_top12\no entry\opened\photo_93_2024-12-18_02-17-59.jpg,train
5153,11,no entry,opened,960,1280,photo_93_2024-12-18_02-28-33.jpg,dataset_top12\no entry\opened\photo_93_2024-12-18_02-28-33.jpg,test
5154,11,no entry,opened,960,1280,photo_93_2024-12-18_13-04-36.jpg,dataset_top12\no entry\opened\photo_93_2024-12-18_13-04-36.jpg,train
5155,11,no entry,opened,960,1280,photo_94_2024-12-18_02-17-59.jpg,dataset_top12\no entry\opened\photo_94_2024-12-18_02-17-59.jpg,train
5156,11,no entry,opened,960,1280,photo_95_2024-12-18_02-17-59.jpg,dataset_top12\no entry\opened\photo_95_2024-12-18_02-17-59.jpg,train
5157,11,no entry,opened,960,1280,photo_95_2024-12-18_02-28-33.jpg,dataset_top12\no entry\opened\photo_95_2024-12-18_02-28-33.jpg,train
5158,11,no entry,opened,960,1280,photo_95_2024-12-18_13-00-25.jpg,dataset_top12\no entry\opened\photo_95_2024-12-18_13-00-25.jpg,train
5159,11,no entry,opened,960,1280,photo_96_2024-12-18_02-17-59.jpg,dataset_top12\no entry\opened\photo_96_2024-12-18_02-17-59.jpg,train
5160,11,no entry,opened,960,1280,photo_96_2024-12-18_02-27-08.jpg,dataset_top12\no entry\opened\photo_96_2024-12-18_02-27-08.jpg,validation
5161,11,no entry,opened,960,1280,photo_97_2024-12-18_02-17-59.jpg,dataset_top12\no entry\opened\photo_97_2024-12-18_02-17-59.jpg,train
5162,11,no entry,opened,960,1280,photo_98_2024-12-18_02-17-59.jpg,dataset_top12\no entry\opened\photo_98_2024-12-18_02-17-59.jpg,train
5163,11,no entry,opened,960,1280,photo_99_2024-12-18_02-17-59.jpg,dataset_top12\no entry\opened\photo_99_2024-12-18_02-17-59.jpg,train
5164,11,no entry,opened,960,1280,photo_9_2024-12-18_02-17-59.jpg,dataset_top12\no entry\opened\photo_9_2024-12-18_02-17-59.jpg,test
5165,11,no entry,opened,960,1280,photo_9_2024-12-18_02-25-50.jpg,dataset_top12\no entry\opened\photo_9_2024-12-18_02-25-50.jpg,train
5166,11,no entry,closed,1024,1280,photo_13_2024-12-06_22-23-51.jpg,dataset_top12\no entry\closed\photo_13_2024-12-06_22-23-51.jpg,train
5167,11,no entry,closed,578,442,photo_55_2024-12-06_22-25-23.jpg,dataset_top12\no entry\closed\photo_55_2024-12-06_22-25-23.jpg,train
5168,11,no entry,closed,960,1280,photo_62_2024-12-06_22-23-51.jpg,dataset_top12\no entry\closed\photo_62_2024-12-06_22-23-51.jpg,train
5169,11,no entry,closed,599,637,photo_67_2024-12-06_22-25-23.jpg,dataset_top12\no entry\closed\photo_67_2024-12-06_22-25-23.jpg,train
5170,11,no entry,closed,960,1280,photo_73_2024-12-09_12-46-01.jpg,dataset_top12\no entry\closed\photo_73_2024-12-09_12-46-01.jpg,validation
5171,11,no entry,closed,442,464,photo_74_2024-12-18_02-25-50.jpg,dataset_top12\no entry\closed\photo_74_2024-12-18_02-25-50.jpg,validation
5172,11,no entry,closed,579,556,photo_77_2024-12-18_02-25-50.jpg,dataset_top12\no entry\closed\photo_77_2024-12-18_02-25-50.jpg,test
5173,11,no entry,closed,554,546,photo_81_2024-12-18_02-25-50.jpg,dataset_top12\no entry\closed\photo_81_2024-12-18_02-25-50.jpg,train
5174,11,no entry,closed,960,1280,photo_84_2024-12-06_22-23-51.jpg,dataset_top12\no entry\closed\photo_84_2024-12-06_22-23-51.jpg,train
