image_id,label,class_name,condition,width,height,filename,relative_path
4229,7,stop line,opened,733,761,photo_33_2024-12-18_02-11-31.jpg,dataset_top12\stop line\opened\photo_33_2024-12-18_02-11-31.jpg
3001,2,tow truck,closed,1280,664,photo_41_2024-12-07_12-46-04.jpg,dataset_top12\tow truck\closed\photo_41_2024-12-07_12-46-04.jpg
4053,6,left,opened,164,162,photo_34_2024-04-25_12-41-12.jpg,dataset_top12\left\opened\photo_34_2024-04-25_12-41-12.jpg
1247,0,pedestrian crossing,closed,960,1280,photo_34_2024-12-07_12-49-18.jpg,dataset_top12\pedestrian crossing\closed\photo_34_2024-12-07_12-49-18.jpg
3439,4,parking place,opened,960,1280,photo_30_2024-12-18_02-17-32.jpg,dataset_top12\parking place\opened\photo_30_2024-12-18_02-17-32.jpg
953,0,pedestrian crossing,closed,4640,3472,IMG_20241029_174152.jpg,dataset_top12\pedestrian crossing\closed\IMG_20241029_174152.jpg
2977,2,tow truck,closed,1702,1687,IMG_20241017_160635.jpg,dataset_top12\tow truck\closed\IMG_20241017_160635.jpg
398,0,pedestrian crossing,opened,960,1280,photo_45_2024-12-06_22-25-52.jpg,dataset_top12\pedestrian crossing\opened\photo_45_2024-12-06_22-25-52.jpg
3361,4,parking place,opened,960,1280,photo_10_2024-12-18_13-07-03.jpg,dataset_top12\parking place\opened\photo_10_2024-12-18_13-07-03.jpg
4658,9,straight,opened,1240,1376,IMG_0804_6.JPG,dataset_top12\straight\opened\IMG_0804_6.JPG
4262,7,stop line,opened,656,654,photo_49_2024-12-18_02-27-47.jpg,dataset_top12\stop line\opened\photo_49_2024-12-18_02-27-47.jpg
3737,5,maximum speed limit_40,opened,741,739,photo_44_2024-12-19_01-58-39.jpg,dataset_top12\maximum speed limit_40\opened\photo_44_2024-12-19_01-58-39.jpg
2658,1,give way,closed,960,1280,photo_73_2024-12-07_12-48-37.jpg,dataset_top12\give way\closed\photo_73_2024-12-07_12-48-37.jpg
1566,0,pedestrian crossing,closed,387,445,photo_5278624148517676617_y.jpg,dataset_top12\pedestrian crossing\closed\photo_5278624148517676617_y.jpg
3169,3,no stopping,opened,578,541,photo_7_2024-12-19_01-58-39.jpg,dataset_top12\no stopping\opened\photo_7_2024-12-19_01-58-39.jpg
881,0,pedestrian crossing,opened,960,1280,photo_99_2024-12-18_13-06-32.jpg,dataset_top12\pedestrian crossing\opened\photo_99_2024-12-18_13-06-32.jpg
3857,5,maximum speed limit_40,closed,923,860,IMG_20241017_181542.jpg,dataset_top12\maximum speed limit_40\closed\IMG_20241017_181542.jpg
1998,0,pedestrian crossing,closed,960,1280,photo_84_2024-10-29_09-53-51.jpg,dataset_top12\pedestrian crossing\closed\photo_84_2024-10-29_09-53-51.jpg
3647,4,parking place,closed,720,1280,photo_5278624148517676543_y.jpg,dataset_top12\parking place\closed\photo_5278624148517676543_y.jpg
397,0,pedestrian crossing,opened,960,1066,photo_44_2024-12-18_13-02-04.jpg,dataset_top12\pedestrian crossing\opened\photo_44_2024-12-18_13-02-04.jpg
2526,1,give way,closed,960,1280,photo_39_2024-12-06_22-24-22.jpg,dataset_top12\give way\closed\photo_39_2024-12-06_22-24-22.jpg
2613,1,give way,closed,960,1280,photo_54_2024-10-29_09-53-08.jpg,dataset_top12\give way\closed\photo_54_2024-10-29_09-53-08.jpg
222,0,pedestrian crossing,opened,960,1280,photo_28_2024-12-18_12-58-24.jpg,dataset_top12\pedestrian crossing\opened\photo_28_2024-12-18_12-58-24.jpg
885,0,pedestrian crossing,opened,960,1280,photo_9_2024-12-18_02-27-47.jpg,dataset_top12\pedestrian crossing\opened\photo_9_2024-12-18_02-27-47.jpg
4928,10,bus stop,closed,960,1280,photo_32_2024-12-06_22-23-51.jpg,dataset_top12\bus stop\closed\photo_32_2024-12-06_22-23-51.jpg
5151,11,no entry,opened,960,1280,photo_92_2024-12-18_02-17-59.jpg,dataset_top12\no entry\opened\photo_92_2024-12-18_02-17-59.jpg
914,0,pedestrian crossing,closed,4624,3468,20241102_121608.jpg,dataset_top12\pedestrian crossing\closed\20241102_121608.jpg
4798,9,straight,opened,57,57,photo_7_2024-04-25_12-41-12_s_8.jpg,dataset_top12\straight\opened\photo_7_2024-04-25_12-41-12_s_8.jpg
3906,5,maximum speed limit_40,closed,1280,542,photo_65_2024-12-05_22-22-53.jpg,dataset_top12\maximum speed limit_40\closed\photo_65_2024-12-05_22-22-53.jpg
3984,6,left,opened,393,387,photo_10_2024-11-28_18-31-49.jpg,dataset_top12\left\opened\photo_10_2024-11-28_18-31-49.jpg
4130,6,left,opened,288,290,photo_8_2024-04-25_12-20-30.jpg,dataset_top12\left\opened\photo_8_2024-04-25_12-20-30.jpg
3835,5,maximum speed limit_40,opened,773,745,photo_92_2024-12-19_00-10-31.jpg,dataset_top12\maximum speed limit_40\opened\photo_92_2024-12-19_00-10-31.jpg
2616,1,give way,closed,901,1280,photo_55_2024-12-07_12-47-32.jpg,dataset_top12\give way\closed\photo_55_2024-12-07_12-47-32.jpg
4433,8,right,opened,1130,1103,IMG_0813.JPG,dataset_top12\right\opened\IMG_0813.JPG
1811,0,pedestrian crossing,closed,1071,974,photo_66_2024-12-07_12-48-37.jpg,dataset_top12\pedestrian crossing\closed\photo_66_2024-12-07_12-48-37.jpg
3539,4,parking place,opened,960,1280,photo_63_2024-12-18_13-06-32.jpg,dataset_top12\parking place\opened\photo_63_2024-12-18_13-06-32.jpg
1701,0,pedestrian crossing,closed,960,1280,photo_55_2024-12-07_12-49-18.jpg,dataset_top12\pedestrian crossing\closed\photo_55_2024-12-07_12-49-18.jpg
1116,0,pedestrian crossing,closed,1077,1280,photo_21_2024-12-07_12-48-02.jpg,dataset_top12\pedestrian crossing\closed\photo_21_2024-12-07_12-48-02.jpg
5006,10,bus stop,closed,960,1280,photo_86_2024-12-07_12-51-07.jpg,dataset_top12\bus stop\closed\photo_86_2024-12-07_12-51-07.jpg
3015,2,tow truck,closed,1280,1062,photo_75_2024-12-05_22-23-25.jpg,dataset_top12\tow truck\closed\photo_75_2024-12-05_22-23-25.jpg
750,0,pedestrian crossing,opened,960,1280,photo_83_2024-12-19_02-04-55.jpg,dataset_top12\pedestrian crossing\opened\photo_83_2024-12-19_02-04-55.jpg
2223,1,give way,opened,1084,1280,photo_32_2024-12-07_12-46-04.jpg,dataset_top12\give way\opened\photo_32_2024-12-07_12-46-04.jpg
722,0,pedestrian crossing,opened,960,1280,photo_80_2024-12-18_12-58-24.jpg,dataset_top12\pedestrian crossing\opened\photo_80_2024-12-18_12-58-24.jpg
4987,10,bus stop,closed,960,1280,photo_71_2024-12-07_12-51-07.jpg,dataset_top12\bus stop\closed\photo_71_2024-12-07_12-51-07.jpg
5118,11,no entry,opened,960,1280,photo_70_2024-12-18_13-00-25.jpg,dataset_top12\no entry\opened\photo_70_2024-12-18_13-00-25.jpg
2909,2,tow truck,opened,580,600,photo_72_2024-12-19_02-03-02.jpg,dataset_top12\tow truck\opened\photo_72_2024-12-19_02-03-02.jpg
4744,9,straight,opened,117,128,photo_44_2024-04-25_12-41-12.jpg,dataset_top12\straight\opened\photo_44_2024-04-25_12-41-12.jpg
3822,5,maximum speed limit_40,opened,573,603,photo_85_2024-12-19_02-03-02.jpg,dataset_top12\maximum speed limit_40\opened\photo_85_2024-12-19_02-03-02.jpg
2419,1,give way,closed,1010,1212,IMG_20241029_174023_1.jpg,dataset_top12\give way\closed\IMG_20241029_174023_1.jpg
1704,0,pedestrian crossing,closed,960,1280,photo_56_2024-10-29_09-53-51.jpg,dataset_top12\pedestrian crossing\closed\photo_56_2024-10-29_09-53-51.jpg
2186,1,give way,opened,960,1280,photo_20_2024-12-18_13-07-03.jpg,dataset_top12\give way\opened\photo_20_2024-12-18_13-07-03.jpg
4575,8,right,opened,572,570,photo_64_2024-12-09_12-49-48.jpg,dataset_top12\right\opened\photo_64_2024-12-09_12-49-48.jpg
3277,3,no stopping,closed,1280,1213,photo_39_2024-12-06_22-25-22.jpg,dataset_top12\no stopping\closed\photo_39_2024-12-06_22-25-22.jpg
1452,0,pedestrian crossing,closed,960,1280,photo_5278624148517676322_y.jpg,dataset_top12\pedestrian crossing\closed\photo_5278624148517676322_y.jpg
1081,0,pedestrian crossing,closed,960,1280,photo_18_2024-12-07_12-48-36.jpg,dataset_top12\pedestrian crossing\closed\photo_18_2024-12-07_12-48-36.jpg
1024,0,pedestrian crossing,closed,960,1280,photo_11_2024-12-06_22-24-57.jpg,dataset_top12\pedestrian crossing\closed\photo_11_2024-12-06_22-24-57.jpg
5004,10,bus stop,closed,532,653,photo_84_2024-12-07_12-46-04.jpg,dataset_top12\bus stop\closed\photo_84_2024-12-07_12-46-04.jpg
2083,0,pedestrian crossing,closed,960,1280,photo_92_2024-10-29_09-54-21.jpg,dataset_top12\pedestrian crossing\closed\photo_92_2024-10-29_09-54-21.jpg
351,0,pedestrian crossing,opened,960,1280,photo_3_2024-12-09_12-49-47.jpg,dataset_top12\pedestrian crossing\opened\photo_3_2024-12-09_12-49-47.jpg
4063,6,left,opened,110,132,photo_38_2024-04-25_12-41-12_9.jpg,dataset_top12\left\opened\photo_38_2024-04-25_12-41-12_9.jpg
67,0,pedestrian crossing,opened,960,1280,photo_15_2024-12-09_12-49-48.jpg,dataset_top12\pedestrian crossing\opened\photo_15_2024-12-09_12-49-48.jpg
4068,6,left,opened,137,127,photo_3_2024-04-25_12-41-12_straight.jpg,dataset_top12\left\opened\photo_3_2024-04-25_12-41-12_straight.jpg
4448,8,right,opened,726,705,photo_10_2024-04-25_12-41-12.jpg,dataset_top12\right\opened\photo_10_2024-04-25_12-41-12.jpg
986,0,pedestrian crossing,closed,4640,3472,IMG_20241029_175755.jpg,dataset_top12\pedestrian crossing\closed\IMG_20241029_175755.jpg
1054,0,pedestrian crossing,closed,960,1280,photo_15_2024-12-06_22-23-51.jpg,dataset_top12\pedestrian crossing\closed\photo_15_2024-12-06_22-23-51.jpg
3908,5,maximum speed limit_40,closed,1280,647,photo_66_2024-12-05_22-22-53.jpg,dataset_top12\maximum speed limit_40\closed\photo_66_2024-12-05_22-22-53.jpg
295,0,pedestrian crossing,opened,960,1280,photo_35_2024-12-09_12-49-48.jpg,dataset_top12\pedestrian crossing\opened\photo_35_2024-12-09_12-49-48.jpg
1021,0,pedestrian crossing,closed,960,1280,photo_11_2024-10-29_09-42-50.jpg,dataset_top12\pedestrian crossing\closed\photo_11_2024-10-29_09-42-50.jpg
2957,2,tow truck,opened,561,540,photo_95_2024-12-18_02-27-08.jpg,dataset_top12\tow truck\opened\photo_95_2024-12-18_02-27-08.jpg
1364,0,pedestrian crossing,closed,960,1280,photo_46_2024-10-29_09-42-50.jpg,dataset_top12\pedestrian crossing\closed\photo_46_2024-10-29_09-42-50.jpg
3514,4,parking place,opened,960,1280,photo_57_2024-12-18_13-00-25.jpg,dataset_top12\parking place\opened\photo_57_2024-12-18_13-00-25.jpg
670,0,pedestrian crossing,opened,960,1280,photo_75_2024-12-18_13-06-32.jpg,dataset_top12\pedestrian crossing\opened\photo_75_2024-12-18_13-06-32.jpg
2034,0,pedestrian crossing,closed,960,1280,photo_87_2024-12-07_12-48-02.jpg,dataset_top12\pedestrian crossing\closed\photo_87_2024-12-07_12-48-02.jpg
4698,9,straight,opened,314,333,photo_18_2024-04-25_12-41-12.jpg,dataset_top12\straight\opened\photo_18_2024-04-25_12-41-12.jpg
1544,0,pedestrian crossing,closed,720,1280,photo_5278624148517676535_y.jpg,dataset_top12\pedestrian crossing\closed\photo_5278624148517676535_y.jpg
3190,3,no stopping,opened,960,1280,photo_90_2024-12-18_02-19-24.jpg,dataset_top12\no stopping\opened\photo_90_2024-12-18_02-19-24.jpg
2213,1,give way,opened,960,1280,photo_29_2024-12-18_13-01-24.jpg,dataset_top12\give way\opened\photo_29_2024-12-18_13-01-24.jpg
2792,2,tow truck,opened,1223,1280,photo_32_2024-12-18_02-27-08.jpg,dataset_top12\tow truck\opened\photo_32_2024-12-18_02-27-08.jpg
829,0,pedestrian crossing,opened,960,1280,photo_93_2024-12-09_12-46-01.jpg,dataset_top12\pedestrian crossing\opened\photo_93_2024-12-09_12-46-01.jpg
4850,10,bus stop,opened,889,892,photo_40_2024-12-09_12-49-48.jpg,dataset_top12\bus stop\opened\photo_40_2024-12-09_12-49-48.jpg
3399,4,parking place,opened,1149,1280,photo_20_2024-12-18_02-27-08.jpg,dataset_top12\parking place\opened\photo_20_2024-12-18_02-27-08.jpg
1505,0,pedestrian crossing,closed,960,1280,photo_5278624148517676400_y.jpg,dataset_top12\pedestrian crossing\closed\photo_5278624148517676400_y.jpg
3643,4,parking place,closed,720,1280,photo_5278624148517676513_y.jpg,dataset_top12\parking place\closed\photo_5278624148517676513_y.jpg
1210,0,pedestrian crossing,closed,960,1280,photo_30_2024-12-05_22-23-25.jpg,dataset_top12\pedestrian crossing\closed\photo_30_2024-12-05_22-23-25.jpg
4820,9,straight,closed,1004,1043,20241102_122433_8.jpg,dataset_top12\straight\closed\20241102_122433_8.jpg
1224,0,pedestrian crossing,closed,960,1280,photo_32_2024-10-29_09-53-08.jpg,dataset_top12\pedestrian crossing\closed\photo_32_2024-10-29_09-53-08.jpg
166,0,pedestrian crossing,opened,960,1280,photo_22_2024-12-18_13-05-23.jpg,dataset_top12\pedestrian crossing\opened\photo_22_2024-12-18_13-05-23.jpg
3123,3,no stopping,opened,792,727,photo_57_2024-12-18_12-58-24.jpg,dataset_top12\no stopping\opened\photo_57_2024-12-18_12-58-24.jpg
1304,0,pedestrian crossing,closed,959,1280,photo_40_2024-10-29_09-42-50.jpg,dataset_top12\pedestrian crossing\closed\photo_40_2024-10-29_09-42-50.jpg
1959,0,pedestrian crossing,closed,848,1112,photo_80_2024-10-29_09-53-51.jpg,dataset_top12\pedestrian crossing\closed\photo_80_2024-10-29_09-53-51.jpg
2837,2,tow truck,opened,621,586,photo_45_2024-12-09_12-49-48.jpg,dataset_top12\tow truck\opened\photo_45_2024-12-09_12-49-48.jpg
2104,0,pedestrian crossing,closed,625,629,photo_94_2024-12-09_12-49-48.jpg,dataset_top12\pedestrian crossing\closed\photo_94_2024-12-09_12-49-48.jpg
973,0,pedestrian crossing,closed,4640,3472,IMG_20241029_174833.jpg,dataset_top12\pedestrian crossing\closed\IMG_20241029_174833.jpg
2329,1,give way,opened,486,487,photo_79_2024-12-19_00-10-31.jpg,dataset_top12\give way\opened\photo_79_2024-12-19_00-10-31.jpg
4969,10,bus stop,closed,960,1280,photo_51_2024-10-29_09-54-21.jpg,dataset_top12\bus stop\closed\photo_51_2024-10-29_09-54-21.jpg
4832,10,bus stop,opened,960,1280,photo_11_2024-12-09_12-49-48.jpg,dataset_top12\bus stop\opened\photo_11_2024-12-09_12-49-48.jpg
4216,7,stop line,opened,960,892,photo_29_2024-12-18_02-11-31.jpg,dataset_top12\stop line\opened\photo_29_2024-12-18_02-11-31.jpg
567,0,pedestrian crossing,opened,1232,1280,photo_65_2024-12-18_02-28-33.jpg,dataset_top12\pedestrian crossing\opened\photo_65_2024-12-18_02-28-33.jpg
306,0,pedestrian crossing,opened,960,1280,photo_36_2024-12-09_12-46-32.jpg,dataset_top12\pedestrian crossing\opened\photo_36_2024-12-09_12-46-32.jpg
1859,0,pedestrian crossing,closed,1125,1280,photo_70_2024-12-07_12-46-52.jpg,dataset_top12\pedestrian crossing\closed\photo_70_2024-12-07_12-46-52.jpg
2747,2,tow truck,opened,743,686,photo_20_2024-12-19_02-00-53.jpg,dataset_top12\tow truck\opened\photo_20_2024-12-19_02-00-53.jpg
1393,0,pedestrian crossing,closed,960,1280,photo_49_2024-12-05_22-23-25.jpg,dataset_top12\pedestrian crossing\closed\photo_49_2024-12-05_22-23-25.jpg
1076,0,pedestrian crossing,closed,960,1280,photo_18_2024-10-29_09-53-08.jpg,dataset_top12\pedestrian crossing\closed\photo_18_2024-10-29_09-53-08.jpg
3723,5,maximum speed limit_40,opened,764,746,photo_39_2024-12-19_01-58-39.jpg,dataset_top12\maximum speed limit_40\opened\photo_39_2024-12-19_01-58-39.jpg
3848,5,maximum speed limit_40,opened,692,641,photo_98_2024-12-19_02-03-02.jpg,dataset_top12\maximum speed limit_40\opened\photo_98_2024-12-19_02-03-02.jpg
992,0,pedestrian crossing,closed,4640,3472,IMG_20241029_180514.jpg,dataset_top12\pedestrian crossing\closed\IMG_20241029_180514.jpg
12,0,pedestrian crossing,opened,960,1280,photo_10_2024-12-09_12-50-33.jpg,dataset_top12\pedestrian crossing\opened\photo_10_2024-12-09_12-50-33.jpg
2390,1,give way,closed,1307,1253,20241102_121342.jpg,dataset_top12\give way\closed\20241102_121342.jpg
1669,0,pedestrian crossing,closed,960,1280,photo_52_2024-10-29_09-42-50.jpg,dataset_top12\pedestrian crossing\closed\photo_52_2024-10-29_09-42-50.jpg
1356,0,pedestrian crossing,closed,1052,1280,photo_45_2024-12-05_22-23-25.jpg,dataset_top12\pedestrian crossing\closed\photo_45_2024-12-05_22-23-25.jpg
4224,7,stop line,opened,881,969,photo_31_2024-12-18_02-11-31.jpg,dataset_top12\stop line\opened\photo_31_2024-12-18_02-11-31.jpg
3465,4,parking place,opened,960,1280,photo_40_2024-12-18_02-25-50.jpg,dataset_top12\parking place\opened\photo_40_2024-12-18_02-25-50.jpg
3545,4,parking place,opened,960,1280,photo_66_2024-12-18_13-06-32.jpg,dataset_top12\parking place\opened\photo_66_2024-12-18_13-06-32.jpg
3219,3,no stopping,closed,4624,3468,20241102_114559.jpg,dataset_top12\no stopping\closed\20241102_114559.jpg
1787,0,pedestrian crossing,closed,960,1280,photo_64_2024-10-29_09-54-21.jpg,dataset_top12\pedestrian crossing\closed\photo_64_2024-10-29_09-54-21.jpg
345,0,pedestrian crossing,opened,960,1280,photo_39_2024-12-18_13-03-52.jpg,dataset_top12\pedestrian crossing\opened\photo_39_2024-12-18_13-03-52.jpg
4550,8,right,opened,384,351,photo_42_2024-04-25_12-20-30.jpg,dataset_top12\right\opened\photo_42_2024-04-25_12-20-30.jpg
3993,6,left,opened,309,343,photo_12_2024-04-25_12-20-30.jpg,dataset_top12\left\opened\photo_12_2024-04-25_12-20-30.jpg
1527,0,pedestrian crossing,closed,960,1280,photo_5278624148517676460_y.jpg,dataset_top12\pedestrian crossing\closed\photo_5278624148517676460_y.jpg
3877,5,maximum speed limit_40,closed,1013,1280,photo_37_2024-12-07_12-48-36.jpg,dataset_top12\maximum speed limit_40\closed\photo_37_2024-12-07_12-48-36.jpg
3034,2,tow truck,closed,1264,1014,photo_8_2024-12-06_22-25-22.jpg,dataset_top12\tow truck\closed\photo_8_2024-12-06_22-25-22.jpg
4215,7,stop line,opened,641,637,photo_29_2024-12-09_12-49-48.jpg,dataset_top12\stop line\opened\photo_29_2024-12-09_12-49-48.jpg
980,0,pedestrian crossing,closed,4640,3472,IMG_20241029_175317.jpg,dataset_top12\pedestrian crossing\closed\IMG_20241029_175317.jpg
2974,2,tow truck,closed,2175,1991,20241102_122129.jpg,dataset_top12\tow truck\closed\20241102_122129.jpg
636,0,pedestrian crossing,opened,960,1280,photo_71_2024-12-18_13-05-23.jpg,dataset_top12\pedestrian crossing\opened\photo_71_2024-12-18_13-05-23.jpg
5085,11,no entry,opened,960,1280,photo_4_2024-12-18_02-17-59.jpg,dataset_top12\no entry\opened\photo_4_2024-12-18_02-17-59.jpg
3586,4,parking place,opened,960,1280,photo_7_2024-12-19_02-00-05.jpg,dataset_top12\parking place\opened\photo_7_2024-12-19_02-00-05.jpg
3056,3,no stopping,opened,960,1280,photo_13_2024-12-18_02-36-53.jpg,dataset_top12\no stopping\opened\photo_13_2024-12-18_02-36-53.jpg
1989,0,pedestrian crossing,closed,960,1130,photo_83_2024-10-29_09-53-51.jpg,dataset_top12\pedestrian crossing\closed\photo_83_2024-10-29_09-53-51.jpg
2919,2,tow truck,opened,546,533,photo_77_2024-12-18_13-02-04.jpg,dataset_top12\tow truck\opened\photo_77_2024-12-18_13-02-04.jpg
1426,0,pedestrian crossing,closed,960,1280,photo_51_2024-10-29_09-42-50.jpg,dataset_top12\pedestrian crossing\closed\photo_51_2024-10-29_09-42-50.jpg
334,0,pedestrian crossing,opened,960,1068,photo_38_2024-12-18_13-00-25.jpg,dataset_top12\pedestrian crossing\opened\photo_38_2024-12-18_13-00-25.jpg
3957,6,left,opened,822,524,IMG_0790.JPG,dataset_top12\left\opened\IMG_0790.JPG
1042,0,pedestrian crossing,closed,960,1280,photo_14_2024-10-29_09-42-50.jpg,dataset_top12\pedestrian crossing\closed\photo_14_2024-10-29_09-42-50.jpg
3506,4,parking place,opened,960,1280,photo_54_2024-12-18_13-00-25.jpg,dataset_top12\parking place\opened\photo_54_2024-12-18_13-00-25.jpg
4728,9,straight,opened,356,340,photo_35_2024-04-25_12-41-12.jpg,dataset_top12\straight\opened\photo_35_2024-04-25_12-41-12.jpg
873,0,pedestrian crossing,opened,960,1280,photo_98_2024-12-18_12-58-24.jpg,dataset_top12\pedestrian crossing\opened\photo_98_2024-12-18_12-58-24.jpg
4664,9,straight,opened,738,1043,IMG_0819.JPG,dataset_top12\straight\opened\IMG_0819.JPG
4487,8,right,opened,317,303,photo_22_2024-04-25_12-20-30.jpg,dataset_top12\right\opened\photo_22_2024-04-25_12-20-30.jpg
4422,8,right,opened,1163,1711,IMG_0800.JPG,dataset_top12\right\opened\IMG_0800.JPG
5032,11,no entry,opened,960,1280,photo_1_2024-12-18_02-17-59.jpg,dataset_top12\no entry\opened\photo_1_2024-12-18_02-17-59.jpg
3052,3,no stopping,opened,960,1280,photo_12_2024-12-18_02-19-40.jpg,dataset_top12\no stopping\opened\photo_12_2024-12-18_02-19-40.jpg
521,0,pedestrian crossing,opened,960,1280,photo_5_2024-12-18_13-04-36.jpg,dataset_top12\pedestrian crossing\opened\photo_5_2024-12-18_13-04-36.jpg
1926,0,pedestrian crossing,closed,960,1280,photo_77_2024-12-07_12-48-02.jpg,dataset_top12\pedestrian crossing\closed\photo_77_2024-12-07_12-48-02.jpg
1520,0,pedestrian crossing,closed,960,1280,photo_5278624148517676442_y.jpg,dataset_top12\pedestrian crossing\closed\photo_5278624148517676442_y.jpg
1150,0,pedestrian crossing,closed,960,1280,photo_25_2024-12-05_22-23-10.jpg,dataset_top12\pedestrian crossing\closed\photo_25_2024-12-05_22-23-10.jpg
4187,7,stop line,opened,810,829,photo_16_2024-12-18_02-11-31.jpg,dataset_top12\stop line\opened\photo_16_2024-12-18_02-11-31.jpg
4639,9,straight,opened,730,699,IMG_0761_5.JPG,dataset_top12\straight\opened\IMG_0761_5.JPG
1296,0,pedestrian crossing,closed,960,1280,photo_3_2024-10-29_09-53-08.jpg,dataset_top12\pedestrian crossing\closed\photo_3_2024-10-29_09-53-08.jpg
2369,1,give way,opened,960,1127,photo_94_2024-12-18_13-05-23.jpg,dataset_top12\give way\opened\photo_94_2024-12-18_13-05-23.jpg
702,0,pedestrian crossing,opened,700,766,photo_79_2024-12-18_02-36-53.jpg,dataset_top12\pedestrian crossing\opened\photo_79_2024-12-18_02-36-53.jpg
3567,4,parking place,opened,960,1280,photo_71_2024-12-19_02-00-05.jpg,dataset_top12\parking place\opened\photo_71_2024-12-19_02-00-05.jpg
3891,5,maximum speed limit_40,closed,1280,1126,photo_54_2024-12-05_22-23-10.jpg,dataset_top12\maximum speed limit_40\closed\photo_54_2024-12-05_22-23-10.jpg
5139,11,no entry,opened,960,1280,photo_85_2024-12-18_13-01-24.jpg,dataset_top12\no entry\opened\photo_85_2024-12-18_13-01-24.jpg
1611,0,pedestrian crossing,closed,720,1280,photo_5278624148517676729_y.jpg,dataset_top12\pedestrian crossing\closed\photo_5278624148517676729_y.jpg
3362,4,parking place,opened,575,559,photo_10_2024-12-19_01-56-44.jpg,dataset_top12\parking place\opened\photo_10_2024-12-19_01-56-44.jpg
3245,3,no stopping,closed,960,1280,photo_12_2024-12-06_22-25-22.jpg,dataset_top12\no stopping\closed\photo_12_2024-12-06_22-25-22.jpg
4903,10,bus stop,closed,960,1280,photo_19_2024-12-09_12-45-24.jpg,dataset_top12\bus stop\closed\photo_19_2024-12-09_12-45-24.jpg
3136,3,no stopping,opened,480,479,photo_66_2024-12-09_12-46-01_1.jpg,dataset_top12\no stopping\opened\photo_66_2024-12-09_12-46-01_1.jpg
178,0,pedestrian crossing,opened,777,780,photo_24_2024-12-09_12-46-01.jpg,dataset_top12\pedestrian crossing\opened\photo_24_2024-12-09_12-46-01.jpg
1366,0,pedestrian crossing,closed,960,1280,photo_46_2024-10-29_09-53-51.jpg,dataset_top12\pedestrian crossing\closed\photo_46_2024-10-29_09-53-51.jpg
1403,0,pedestrian crossing,closed,960,1280,photo_4_2024-10-29_09-54-21.jpg,dataset_top12\pedestrian crossing\closed\photo_4_2024-10-29_09-54-21.jpg
3342,3,no stopping,closed,861,696,photo_8_2024-12-07_12-46-04.jpg,dataset_top12\no stopping\closed\photo_8_2024-12-07_12-46-04.jpg
2309,1,give way,opened,960,1280,photo_71_2024-12-18_13-04-36.jpg,dataset_top12\give way\opened\photo_71_2024-12-18_13-04-36.jpg
100,0,pedestrian crossing,opened,960,1280,photo_17_2024-12-18_13-07-03.jpg,dataset_top12\pedestrian crossing\opened\photo_17_2024-12-18_13-07-03.jpg
1937,0,pedestrian crossing,closed,960,1280,photo_78_2024-12-07_12-48-02.jpg,dataset_top12\pedestrian crossing\closed\photo_78_2024-12-07_12-48-02.jpg
1953,0,pedestrian crossing,closed,960,1280,photo_7_2024-12-06_22-23-51.jpg,dataset_top12\pedestrian crossing\closed\photo_7_2024-12-06_22-23-51.jpg
2500,1,give way,closed,960,1280,photo_29_2024-12-07_12-48-36.jpg,dataset_top12\give way\closed\photo_29_2024-12-07_12-48-36.jpg
811,0,pedestrian crossing,opened,960,1280,photo_91_2024-12-18_13-03-52.jpg,dataset_top12\pedestrian crossing\opened\photo_91_2024-12-18_13-03-52.jpg
4139,6,left,opened,512,507,photo_99_2024-12-06_22-25-52.jpg,dataset_top12\left\opened\photo_99_2024-12-06_22-25-52.jpg
1408,0,pedestrian crossing,closed,960,1280,photo_4_2024-12-07_12-48-36.jpg,dataset_top12\pedestrian crossing\closed\photo_4_2024-12-07_12-48-36.jpg
37,0,pedestrian crossing,opened,960,1280,photo_12_2024-12-18_12-58-24.jpg,dataset_top12\pedestrian crossing\opened\photo_12_2024-12-18_12-58-24.jpg
3364,4,parking place,opened,960,1280,photo_11_2024-12-18_02-17-32.jpg,dataset_top12\parking place\opened\photo_11_2024-12-18_02-17-32.jpg
3199,3,no stopping,opened,960,1280,photo_93_2024-12-18_02-19-24.jpg,dataset_top12\no stopping\opened\photo_93_2024-12-18_02-19-24.jpg
2499,1,give way,closed,1280,891,photo_29_2024-12-05_22-23-10.jpg,dataset_top12\give way\closed\photo_29_2024-12-05_22-23-10.jpg
2202,1,give way,opened,960,1280,photo_25_2024-12-19_02-00-53.jpg,dataset_top12\give way\opened\photo_25_2024-12-19_02-00-53.jpg
1217,0,pedestrian crossing,closed,960,1280,photo_31_2024-12-05_22-23-10.jpg,dataset_top12\pedestrian crossing\closed\photo_31_2024-12-05_22-23-10.jpg
2558,1,give way,closed,411,414,photo_4_2024-12-07_12-51-07.jpg,dataset_top12\give way\closed\photo_4_2024-12-07_12-51-07.jpg
2655,1,give way,closed,960,1280,photo_71_2024-12-06_22-24-57.jpg,dataset_top12\give way\closed\photo_71_2024-12-06_22-24-57.jpg
1027,0,pedestrian crossing,closed,960,1280,photo_11_2024-12-09_12-45-24.jpg,dataset_top12\pedestrian crossing\closed\photo_11_2024-12-09_12-45-24.jpg
4670,9,straight,opened,495,504,photo_10_2024-05-17_15-34-29_0.jpg,dataset_top12\straight\opened\photo_10_2024-05-17_15-34-29_0.jpg
2944,2,tow truck,opened,740,704,photo_89_2024-12-19_00-10-31.jpg,dataset_top12\tow truck\opened\photo_89_2024-12-19_00-10-31.jpg
2750,2,tow truck,opened,649,566,photo_21_2024-12-19_01-58-39.jpg,dataset_top12\tow truck\opened\photo_21_2024-12-19_01-58-39.jpg
2834,2,tow truck,opened,749,691,photo_43_2024-12-19_02-00-53.jpg,dataset_top12\tow truck\opened\photo_43_2024-12-19_02-00-53.jpg
3243,3,no stopping,closed,1168,1280,photo_11_2024-12-06_22-23-51.jpg,dataset_top12\no stopping\closed\photo_11_2024-12-06_22-23-51.jpg
617,0,pedestrian crossing,opened,924,928,photo_6_2024-12-18_13-00-25.jpg,dataset_top12\pedestrian crossing\opened\photo_6_2024-12-18_13-00-25.jpg
839,0,pedestrian crossing,opened,631,622,photo_94_2024-12-18_02-25-50.jpg,dataset_top12\pedestrian crossing\opened\photo_94_2024-12-18_02-25-50.jpg
1606,0,pedestrian crossing,closed,720,1280,photo_5278624148517676724_y.jpg,dataset_top12\pedestrian crossing\closed\photo_5278624148517676724_y.jpg
1487,0,pedestrian crossing,closed,960,1280,photo_5278624148517676377_y.jpg,dataset_top12\pedestrian crossing\closed\photo_5278624148517676377_y.jpg
2082,0,pedestrian crossing,closed,960,1280,photo_92_2024-10-29_09-53-51.jpg,dataset_top12\pedestrian crossing\closed\photo_92_2024-10-29_09-53-51.jpg
224,0,pedestrian crossing,opened,960,1280,photo_28_2024-12-18_13-02-03.jpg,dataset_top12\pedestrian crossing\opened\photo_28_2024-12-18_13-02-03.jpg
3764,5,maximum speed limit_40,opened,554,563,photo_5278624148517676694_y.jpg,dataset_top12\maximum speed limit_40\opened\photo_5278624148517676694_y.jpg
3,0,pedestrian crossing,opened,1400,1662,IMG_20241029_173847_1.jpg,dataset_top12\pedestrian crossing\opened\IMG_20241029_173847_1.jpg
2392,1,give way,closed,1856,1861,20241102_121805.jpg,dataset_top12\give way\closed\20241102_121805.jpg
4667,9,straight,opened,376,612,IMG_0822.JPG,dataset_top12\straight\opened\IMG_0822.JPG
2444,1,give way,closed,897,1280,photo_10_2024-12-07_12-46-04.jpg,dataset_top12\give way\closed\photo_10_2024-12-07_12-46-04.jpg
2502,1,give way,closed,1255,1280,photo_30_2024-12-07_12-46-04.jpg,dataset_top12\give way\closed\photo_30_2024-12-07_12-46-04.jpg
877,0,pedestrian crossing,opened,960,1280,photo_98_2024-12-18_13-06-32.jpg,dataset_top12\pedestrian crossing\opened\photo_98_2024-12-18_13-06-32.jpg
539,0,pedestrian crossing,opened,960,1280,photo_61_2024-12-19_02-04-55.jpg,dataset_top12\pedestrian crossing\opened\photo_61_2024-12-19_02-04-55.jpg
4726,9,straight,opened,1280,1280,photo_2_2024-05-17_15-34-29.jpg,dataset_top12\straight\opened\photo_2_2024-05-17_15-34-29.jpg
2943,2,tow truck,opened,502,497,photo_89_2024-12-18_13-02-04.jpg,dataset_top12\tow truck\opened\photo_89_2024-12-18_13-02-04.jpg
3050,3,no stopping,opened,960,1280,photo_11_2024-12-18_13-03-52.jpg,dataset_top12\no stopping\opened\photo_11_2024-12-18_13-03-52.jpg
2797,2,tow truck,opened,801,833,photo_33_2024-12-19_01-58-39.jpg,dataset_top12\tow truck\opened\photo_33_2024-12-19_01-58-39.jpg
614,0,pedestrian crossing,opened,960,1280,photo_6_2024-12-18_02-28-33.jpg,dataset_top12\pedestrian crossing\opened\photo_6_2024-12-18_02-28-33.jpg
3553,4,parking place,opened,960,1280,photo_69_2024-12-18_13-03-52.jpg,dataset_top12\parking place\opened\photo_69_2024-12-18_13-03-52.jpg
3126,3,no stopping,opened,960,1280,photo_59_2024-12-18_13-00-25.jpg,dataset_top12\no stopping\opened\photo_59_2024-12-18_13-00-25.jpg
1494,0,pedestrian crossing,closed,960,1280,photo_5278624148517676384_y.jpg,dataset_top12\pedestrian crossing\closed\photo_5278624148517676384_y.jpg
4904,10,bus stop,closed,1280,1280,photo_1_2024-12-06_22-23-51.jpg,dataset_top12\bus stop\closed\photo_1_2024-12-06_22-23-51.jpg
1111,0,pedestrian crossing,closed,960,1280,photo_21_2024-10-29_09-53-08.jpg,dataset_top12\pedestrian crossing\closed\photo_21_2024-10-29_09-53-08.jpg
4153,6,left,closed,960,1280,photo_21_2024-12-06_22-24-22.jpg,dataset_top12\left\closed\photo_21_2024-12-06_22-24-22.jpg
2716,2,tow truck,opened,390,361,photo_11_2024-12-19_02-00-53.jpg,dataset_top12\tow truck\opened\photo_11_2024-12-19_02-00-53.jpg
553,0,pedestrian crossing,opened,960,1280,photo_63_2024-12-18_13-05-57.jpg,dataset_top12\pedestrian crossing\opened\photo_63_2024-12-18_13-05-57.jpg
2076,0,pedestrian crossing,closed,960,1280,photo_91_2024-12-05_22-23-10.jpg,dataset_top12\pedestrian crossing\closed\photo_91_2024-12-05_22-23-10.jpg
160,0,pedestrian crossing,opened,960,1280,photo_22_2024-12-09_12-46-01.jpg,dataset_top12\pedestrian crossing\opened\photo_22_2024-12-09_12-46-01.jpg
4842,10,bus stop,opened,960,1280,photo_27_2024-12-18_12-58-24.jpg,dataset_top12\bus stop\opened\photo_27_2024-12-18_12-58-24.jpg
3541,4,parking place,opened,960,1280,photo_64_2024-12-18_13-01-24.jpg,dataset_top12\parking place\opened\photo_64_2024-12-18_13-01-24.jpg
2003,0,pedestrian crossing,closed,1280,1264,photo_84_2024-12-07_12-46-52.jpg,dataset_top12\pedestrian crossing\closed\photo_84_2024-12-07_12-46-52.jpg
1623,0,pedestrian crossing,closed,720,1280,photo_5278624148517676741_y.jpg,dataset_top12\pedestrian crossing\closed\photo_5278624148517676741_y.jpg
4432,8,right,opened,1192,1308,IMG_0812.JPG,dataset_top12\right\opened\IMG_0812.JPG
4447,8,right,opened,293,344,photo_10_2024-04-25_12-20-30_6.jpg,dataset_top12\right\opened\photo_10_2024-04-25_12-20-30_6.jpg
1491,0,pedestrian crossing,closed,960,1280,photo_5278624148517676380_y.jpg,dataset_top12\pedestrian crossing\closed\photo_5278624148517676380_y.jpg
1572,0,pedestrian crossing,closed,960,1280,photo_5278624148517676623_y.jpg,dataset_top12\pedestrian crossing\closed\photo_5278624148517676623_y.jpg
4685,9,straight,opened,350,372,photo_13_2024-04-25_12-43-13.jpg,dataset_top12\straight\opened\photo_13_2024-04-25_12-43-13.jpg
11,0,pedestrian crossing,opened,960,1280,photo_10_2024-12-09_12-46-01.jpg,dataset_top12\pedestrian crossing\opened\photo_10_2024-12-09_12-46-01.jpg
3067,3,no stopping,opened,960,1280,photo_18_2024-12-18_13-00-25.jpg,dataset_top12\no stopping\opened\photo_18_2024-12-18_13-00-25.jpg
2727,2,tow truck,opened,585,581,photo_16_2024-12-09_12-50-33.jpg,dataset_top12\tow truck\opened\photo_16_2024-12-09_12-50-33.jpg
2746,2,tow truck,opened,529,495,photo_20_2024-12-19_02-00-05.jpg,dataset_top12\tow truck\opened\photo_20_2024-12-19_02-00-05.jpg
1488,0,pedestrian crossing,closed,960,1280,photo_5278624148517676378_y.jpg,dataset_top12\pedestrian crossing\closed\photo_5278624148517676378_y.jpg
2180,1,give way,opened,760,809,photo_1_2024-12-19_01-59-18.jpg,dataset_top12\give way\opened\photo_1_2024-12-19_01-59-18.jpg
3945,6,left,opened,390,523,IMG_0773.JPG,dataset_top12\left\opened\IMG_0773.JPG
944,0,pedestrian crossing,closed,4640,3472,IMG_20241029_173633.jpg,dataset_top12\pedestrian crossing\closed\IMG_20241029_173633.jpg
1963,0,pedestrian crossing,closed,960,1280,photo_80_2024-12-06_22-24-22.jpg,dataset_top12\pedestrian crossing\closed\photo_80_2024-12-06_22-24-22.jpg
1868,0,pedestrian crossing,closed,960,1280,photo_71_2024-12-07_12-48-37.jpg,dataset_top12\pedestrian crossing\closed\photo_71_2024-12-07_12-48-37.jpg
580,0,pedestrian crossing,opened,960,1280,photo_66_2024-12-18_13-00-25.jpg,dataset_top12\pedestrian crossing\opened\photo_66_2024-12-18_13-00-25.jpg
3072,3,no stopping,opened,472,471,photo_20_2024-12-09_12-46-01_1.jpg,dataset_top12\no stopping\opened\photo_20_2024-12-09_12-46-01_1.jpg
3694,5,maximum speed limit_40,opened,679,614,photo_20_2024-12-19_01-58-39.jpg,dataset_top12\maximum speed limit_40\opened\photo_20_2024-12-19_01-58-39.jpg
3244,3,no stopping,closed,1151,1280,photo_11_2024-12-07_12-46-52.jpg,dataset_top12\no stopping\closed\photo_11_2024-12-07_12-46-52.jpg
4908,10,bus stop,closed,960,1280,photo_22_2024-10-29_09-54-21.jpg,dataset_top12\bus stop\closed\photo_22_2024-10-29_09-54-21.jpg
4128,6,left,opened,447,495,photo_88_2024-12-19_02-00-05.jpg,dataset_top12\left\opened\photo_88_2024-12-19_02-00-05.jpg
4069,6,left,opened,135,128,photo_3_2024-04-25_12-43-13_l.jpg,dataset_top12\left\opened\photo_3_2024-04-25_12-43-13_l.jpg
1372,0,pedestrian crossing,closed,960,1280,photo_47_2024-10-29_09-53-51.jpg,dataset_top12\pedestrian crossing\closed\photo_47_2024-10-29_09-53-51.jpg
2045,0,pedestrian crossing,closed,960,1280,photo_89_2024-10-29_09-53-08.jpg,dataset_top12\pedestrian crossing\closed\photo_89_2024-10-29_09-53-08.jpg
2845,2,tow truck,opened,590,600,photo_48_2024-12-19_02-00-53.jpg,dataset_top12\tow truck\opened\photo_48_2024-12-19_02-00-53.jpg
4269,7,stop line,opened,279,268,photo_51_2024-12-09_12-45-24.jpg,dataset_top12\stop line\opened\photo_51_2024-12-09_12-45-24.jpg
3462,4,parking place,opened,960,1280,photo_3_2024-12-18_02-17-32.jpg,dataset_top12\parking place\opened\photo_3_2024-12-18_02-17-32.jpg
1400,0,pedestrian crossing,closed,960,1280,photo_4_2024-10-29_09-42-50.jpg,dataset_top12\pedestrian crossing\closed\photo_4_2024-10-29_09-42-50.jpg
2363,1,give way,opened,471,468,photo_91_2024-12-09_12-46-01.jpg,dataset_top12\give way\opened\photo_91_2024-12-09_12-46-01.jpg
1568,0,pedestrian crossing,closed,960,1280,photo_5278624148517676619_y.jpg,dataset_top12\pedestrian crossing\closed\photo_5278624148517676619_y.jpg
3765,5,maximum speed limit_40,opened,586,615,photo_5278624148517676699_y.jpg,dataset_top12\maximum speed limit_40\opened\photo_5278624148517676699_y.jpg
348,0,pedestrian crossing,opened,960,1280,photo_39_2024-12-19_00-10-31.jpg,dataset_top12\pedestrian crossing\opened\photo_39_2024-12-19_00-10-31.jpg
5155,11,no entry,opened,960,1280,photo_94_2024-12-18_02-17-59.jpg,dataset_top12\no entry\opened\photo_94_2024-12-18_02-17-59.jpg
4376,7,stop line,closed,722,1280,photo_5278624148517676715_y.jpg,dataset_top12\stop line\closed\photo_5278624148517676715_y.jpg
3964,6,left,opened,816,693,IMG_0792_4.JPG,dataset_top12\left\opened\IMG_0792_4.JPG
4551,8,right,opened,408,400,photo_42_2024-04-25_12-43-13.jpg,dataset_top12\right\opened\photo_42_2024-04-25_12-43-13.jpg
4085,6,left,opened,615,595,photo_47_2024-12-09_12-49-48_1.jpg,dataset_top12\left\opened\photo_47_2024-12-09_12-49-48_1.jpg
285,0,pedestrian crossing,opened,960,1280,photo_34_2024-12-18_02-27-47.jpg,dataset_top12\pedestrian crossing\opened\photo_34_2024-12-18_02-27-47.jpg
2022,0,pedestrian crossing,closed,960,1280,photo_86_2024-12-06_22-24-57.jpg,dataset_top12\pedestrian crossing\closed\photo_86_2024-12-06_22-24-57.jpg
1138,0,pedestrian crossing,closed,960,1280,photo_24_2024-10-29_09-53-51.jpg,dataset_top12\pedestrian crossing\closed\photo_24_2024-10-29_09-53-51.jpg
1464,0,pedestrian crossing,closed,960,1280,photo_5278624148517676335_y.jpg,dataset_top12\pedestrian crossing\closed\photo_5278624148517676335_y.jpg
4826,9,straight,closed,960,1280,photo_71_2024-12-06_22-25-52.jpg,dataset_top12\straight\closed\photo_71_2024-12-06_22-25-52.jpg
2781,2,tow truck,opened,655,653,photo_29_2024-12-19_02-03-02.jpg,dataset_top12\tow truck\opened\photo_29_2024-12-19_02-03-02.jpg
27,0,pedestrian crossing,opened,960,1280,photo_11_2024-12-18_13-02-03.jpg,dataset_top12\pedestrian crossing\opened\photo_11_2024-12-18_13-02-03.jpg
1184,0,pedestrian crossing,closed,960,1280,photo_29_2024-10-29_09-42-50.jpg,dataset_top12\pedestrian crossing\closed\photo_29_2024-10-29_09-42-50.jpg
2947,2,tow truck,opened,600,493,photo_90_2024-12-18_13-02-04.jpg,dataset_top12\tow truck\opened\photo_90_2024-12-18_13-02-04.jpg
4584,8,right,opened,159,137,photo_6_2024-04-25_12-41-12_9.jpg,dataset_top12\right\opened\photo_6_2024-04-25_12-41-12_9.jpg
3044,3,no stopping,opened,960,1280,photo_100_2024-12-18_02-19-24.jpg,dataset_top12\no stopping\opened\photo_100_2024-12-18_02-19-24.jpg
2256,1,give way,opened,960,1280,photo_45_2024-12-18_12-58-24.jpg,dataset_top12\give way\opened\photo_45_2024-12-18_12-58-24.jpg
5114,11,no entry,opened,960,1280,photo_69_2024-12-18_13-00-25.jpg,dataset_top12\no entry\opened\photo_69_2024-12-18_13-00-25.jpg
3340,3,no stopping,closed,880,852,photo_89_2024-12-09_12-45-24.jpg,dataset_top12\no stopping\closed\photo_89_2024-12-09_12-45-24.jpg
4147,6,left,closed,396,403,photo_18_2024-11-28_18-31-49.jpg,dataset_top12\left\closed\photo_18_2024-11-28_18-31-49.jpg
2793,2,tow truck,opened,960,831,photo_32_2024-12-19_01-58-39.jpg,dataset_top12\tow truck\opened\photo_32_2024-12-19_01-58-39.jpg
3458,4,parking place,opened,960,1280,photo_38_2024-12-18_02-33-06.jpg,dataset_top12\parking place\opened\photo_38_2024-12-18_02-33-06.jpg
5092,11,no entry,opened,960,1280,photo_51_2024-12-18_02-27-47.jpg,dataset_top12\no entry\opened\photo_51_2024-12-18_02-27-47.jpg
4339,7,stop line,closed,1454,1491,IMG_20241029_181340.jpg,dataset_top12\stop line\closed\IMG_20241029_181340.jpg
5043,11,no entry,opened,367,342,photo_26_2024-12-18_02-25-50.jpg,dataset_top12\no entry\opened\photo_26_2024-12-18_02-25-50.jpg
4718,9,straight,opened,283,268,photo_28_2024-04-25_12-43-13.jpg,dataset_top12\straight\opened\photo_28_2024-04-25_12-43-13.jpg
744,0,pedestrian crossing,opened,960,1280,photo_83_2024-12-18_02-33-06.jpg,dataset_top12\pedestrian crossing\opened\photo_83_2024-12-18_02-33-06.jpg
3670,5,maximum speed limit_40,opened,1256,1280,photo_11_2024-12-18_02-27-08.jpg,dataset_top12\maximum speed limit_40\opened\photo_11_2024-12-18_02-27-08.jpg
5063,11,no entry,opened,960,1280,photo_39_2024-12-18_02-17-59.jpg,dataset_top12\no entry\opened\photo_39_2024-12-18_02-17-59.jpg
3939,6,left,opened,858,983,IMG_0769.JPG,dataset_top12\left\opened\IMG_0769.JPG
3206,3,no stopping,opened,960,1280,photo_98_2024-12-18_02-19-24.jpg,dataset_top12\no stopping\opened\photo_98_2024-12-18_02-19-24.jpg
3287,3,no stopping,closed,1186,1280,photo_56_2024-12-07_12-46-04.jpg,dataset_top12\no stopping\closed\photo_56_2024-12-07_12-46-04.jpg
2117,0,pedestrian crossing,closed,960,1280,photo_97_2024-12-06_22-24-22.jpg,dataset_top12\pedestrian crossing\closed\photo_97_2024-12-06_22-24-22.jpg
5106,11,no entry,opened,960,1280,photo_5_2024-12-18_02-17-59.jpg,dataset_top12\no entry\opened\photo_5_2024-12-18_02-17-59.jpg
2868,2,tow truck,opened,960,1280,photo_57_2024-12-18_02-27-08.jpg,dataset_top12\tow truck\opened\photo_57_2024-12-18_02-27-08.jpg
3023,2,tow truck,closed,1108,700,photo_81_2024-12-07_12-46-04.jpg,dataset_top12\tow truck\closed\photo_81_2024-12-07_12-46-04.jpg
4254,7,stop line,opened,910,892,photo_45_2024-12-18_13-04-36.jpg,dataset_top12\stop line\opened\photo_45_2024-12-18_13-04-36.jpg
4274,7,stop line,opened,415,420,photo_52_2024-12-07_12-51-07.jpg,dataset_top12\stop line\opened\photo_52_2024-12-07_12-51-07.jpg
1904,0,pedestrian crossing,closed,960,1280,photo_75_2024-10-29_09-54-21.jpg,dataset_top12\pedestrian crossing\closed\photo_75_2024-10-29_09-54-21.jpg
2892,2,tow truck,opened,676,670,photo_66_2024-12-09_12-46-01.jpg,dataset_top12\tow truck\opened\photo_66_2024-12-09_12-46-01.jpg
2099,0,pedestrian crossing,closed,960,1280,photo_94_2024-10-29_09-53-08.jpg,dataset_top12\pedestrian crossing\closed\photo_94_2024-10-29_09-53-08.jpg
3153,3,no stopping,opened,841,796,photo_72_2024-12-18_13-02-04.jpg,dataset_top12\no stopping\opened\photo_72_2024-12-18_13-02-04.jpg
2951,2,tow truck,opened,676,617,photo_91_2024-12-18_13-02-04.jpg,dataset_top12\tow truck\opened\photo_91_2024-12-18_13-02-04.jpg
506,0,pedestrian crossing,opened,960,1280,photo_58_2024-12-18_13-06-32.jpg,dataset_top12\pedestrian crossing\opened\photo_58_2024-12-18_13-06-32.jpg
3302,3,no stopping,closed,1108,1034,photo_66_2024-12-07_12-46-04.jpg,dataset_top12\no stopping\closed\photo_66_2024-12-07_12-46-04.jpg
105,0,pedestrian crossing,opened,960,1280,photo_18_2024-12-18_02-27-47.jpg,dataset_top12\pedestrian crossing\opened\photo_18_2024-12-18_02-27-47.jpg
2689,1,give way,closed,960,1280,photo_90_2024-12-06_22-24-22.jpg,dataset_top12\give way\closed\photo_90_2024-12-06_22-24-22.jpg
4618,8,right,opened,499,466,photo_92_2024-12-19_02-00-05.jpg,dataset_top12\right\opened\photo_92_2024-12-19_02-00-05.jpg
1461,0,pedestrian crossing,closed,960,1280,photo_5278624148517676330_y.jpg,dataset_top12\pedestrian crossing\closed\photo_5278624148517676330_y.jpg
2238,1,give way,opened,960,914,photo_37_2024-12-18_02-29-08.jpg,dataset_top12\give way\opened\photo_37_2024-12-18_02-29-08.jpg
2464,1,give way,closed,1280,1248,photo_16_2024-12-07_12-47-32.jpg,dataset_top12\give way\closed\photo_16_2024-12-07_12-47-32.jpg
3621,4,parking place,opened,960,1280,photo_95_2024-12-19_01-59-18.jpg,dataset_top12\parking place\opened\photo_95_2024-12-19_01-59-18.jpg
863,0,pedestrian crossing,opened,960,1280,photo_97_2024-12-09_12-46-33.jpg,dataset_top12\pedestrian crossing\opened\photo_97_2024-12-09_12-46-33.jpg
4702,9,straight,opened,214,207,photo_1_2024-05-17_15-34-29_1.jpg,dataset_top12\straight\opened\photo_1_2024-05-17_15-34-29_1.jpg
4221,7,stop line,opened,469,528,photo_30_2024-12-07_12-51-07.jpg,dataset_top12\stop line\opened\photo_30_2024-12-07_12-51-07.jpg
4862,10,bus stop,opened,960,1280,photo_70_2024-12-07_12-51-07.jpg,dataset_top12\bus stop\opened\photo_70_2024-12-07_12-51-07.jpg
1689,0,pedestrian crossing,closed,960,1280,photo_54_2024-10-29_09-53-51.jpg,dataset_top12\pedestrian crossing\closed\photo_54_2024-10-29_09-53-51.jpg
803,0,pedestrian crossing,opened,960,1280,photo_90_2024-12-18_02-33-06.jpg,dataset_top12\pedestrian crossing\opened\photo_90_2024-12-18_02-33-06.jpg
4310,7,stop line,opened,794,858,photo_7_2024-12-18_02-10-22.jpg,dataset_top12\stop line\opened\photo_7_2024-12-18_02-10-22.jpg
5147,11,no entry,opened,960,1280,photo_8_2024-12-18_13-02-03.jpg,dataset_top12\no entry\opened\photo_8_2024-12-18_13-02-03.jpg
2771,2,tow truck,opened,733,729,photo_26_2024-12-19_02-03-02.jpg,dataset_top12\tow truck\opened\photo_26_2024-12-19_02-03-02.jpg
4518,8,right,opened,554,585,photo_32_2024-04-25_12-41-12_2.jpg,dataset_top12\right\opened\photo_32_2024-04-25_12-41-12_2.jpg
1716,0,pedestrian crossing,closed,1280,805,photo_57_2024-12-05_22-23-50.jpg,dataset_top12\pedestrian crossing\closed\photo_57_2024-12-05_22-23-50.jpg
791,0,pedestrian crossing,opened,960,1280,photo_8_2024-12-18_02-27-47.jpg,dataset_top12\pedestrian crossing\opened\photo_8_2024-12-18_02-27-47.jpg
3195,3,no stopping,opened,960,1280,photo_91_2024-12-18_02-33-06.jpg,dataset_top12\no stopping\opened\photo_91_2024-12-18_02-33-06.jpg
4799,9,straight,opened,350,346,photo_7_2024-05-17_15-34-29.jpg,dataset_top12\straight\opened\photo_7_2024-05-17_15-34-29.jpg
1775,0,pedestrian crossing,closed,960,1280,photo_62_2024-12-07_12-49-18.jpg,dataset_top12\pedestrian crossing\closed\photo_62_2024-12-07_12-49-18.jpg
1018,0,pedestrian crossing,closed,960,1280,photo_10_2024-12-07_12-48-02.jpg,dataset_top12\pedestrian crossing\closed\photo_10_2024-12-07_12-48-02.jpg
4095,6,left,opened,335,336,photo_52_2024-12-01_22-45-02.jpg,dataset_top12\left\opened\photo_52_2024-12-01_22-45-02.jpg
1881,0,pedestrian crossing,closed,830,1127,photo_73_2024-10-29_09-42-50.jpg,dataset_top12\pedestrian crossing\closed\photo_73_2024-10-29_09-42-50.jpg
3191,3,no stopping,opened,960,1280,photo_90_2024-12-18_02-25-50.jpg,dataset_top12\no stopping\opened\photo_90_2024-12-18_02-25-50.jpg
5166,11,no entry,closed,1024,1280,photo_13_2024-12-06_22-23-51.jpg,dataset_top12\no entry\closed\photo_13_2024-12-06_22-23-51.jpg
4708,9,straight,opened,937,939,photo_23_2024-12-09_12-46-32.jpg,dataset_top12\straight\opened\photo_23_2024-12-09_12-46-32.jpg
1930,0,pedestrian crossing,closed,828,1122,photo_78_2024-10-29_09-42-50.jpg,dataset_top12\pedestrian crossing\closed\photo_78_2024-10-29_09-42-50.jpg
2411,1,give way,closed,1333,1340,IMG_20241017_183238.jpg,dataset_top12\give way\closed\IMG_20241017_183238.jpg
3172,3,no stopping,opened,432,430,photo_82_2024-12-09_12-46-01_1.jpg,dataset_top12\no stopping\opened\photo_82_2024-12-09_12-46-01_1.jpg
130,0,pedestrian crossing,opened,960,1280,photo_1_2024-12-18_13-00-25.jpg,dataset_top12\pedestrian crossing\opened\photo_1_2024-12-18_13-00-25.jpg
4009,6,left,opened,327,374,photo_18_2024-04-25_12-20-30.jpg,dataset_top12\left\opened\photo_18_2024-04-25_12-20-30.jpg
812,0,pedestrian crossing,opened,960,1280,photo_91_2024-12-18_13-05-57.jpg,dataset_top12\pedestrian crossing\opened\photo_91_2024-12-18_13-05-57.jpg
4015,6,left,opened,168,167,photo_1_2024-04-25_12-43-13_8.jpg,dataset_top12\left\opened\photo_1_2024-04-25_12-43-13_8.jpg
4374,7,stop line,closed,302,143,photo_5278624148517676426_y (1).jpg,dataset_top12\stop line\closed\photo_5278624148517676426_y (1).jpg
3508,4,parking place,opened,960,1280,photo_56_2024-12-18_13-00-25.jpg,dataset_top12\parking place\opened\photo_56_2024-12-18_13-00-25.jpg
1503,0,pedestrian crossing,closed,960,1280,photo_5278624148517676397_y.jpg,dataset_top12\pedestrian crossing\closed\photo_5278624148517676397_y.jpg
361,0,pedestrian crossing,opened,960,1280,photo_3_2024-12-19_00-11-08.jpg,dataset_top12\pedestrian crossing\opened\photo_3_2024-12-19_00-11-08.jpg
71,0,pedestrian crossing,opened,741,747,photo_15_2024-12-18_12-58-24.jpg,dataset_top12\pedestrian crossing\opened\photo_15_2024-12-18_12-58-24.jpg
1068,0,pedestrian crossing,closed,960,1280,photo_17_2024-12-05_22-22-53.jpg,dataset_top12\pedestrian crossing\closed\photo_17_2024-12-05_22-22-53.jpg
4606,8,right,opened,115,135,photo_7_2024-04-25_12-43-13_9.jpg,dataset_top12\right\opened\photo_7_2024-04-25_12-43-13_9.jpg
585,0,pedestrian crossing,opened,960,1280,photo_67_2024-12-18_02-17-32.jpg,dataset_top12\pedestrian crossing\opened\photo_67_2024-12-18_02-17-32.jpg
4609,8,right,opened,488,542,photo_80_2024-12-19_02-00-05.jpg,dataset_top12\right\opened\photo_80_2024-12-19_02-00-05.jpg
310,0,pedestrian crossing,opened,960,1280,photo_36_2024-12-18_02-28-33.jpg,dataset_top12\pedestrian crossing\opened\photo_36_2024-12-18_02-28-33.jpg
1767,0,pedestrian crossing,closed,1226,1280,photo_61_2024-12-07_12-48-02.jpg,dataset_top12\pedestrian crossing\closed\photo_61_2024-12-07_12-48-02.jpg
2671,1,give way,closed,960,1280,photo_81_2024-12-07_12-48-02.jpg,dataset_top12\give way\closed\photo_81_2024-12-07_12-48-02.jpg
2855,2,tow truck,opened,793,734,photo_53_2024-12-18_12-58-24.jpg,dataset_top12\tow truck\opened\photo_53_2024-12-18_12-58-24.jpg
929,0,pedestrian crossing,closed,4640,3472,IMG_20241017_162425.jpg,dataset_top12\pedestrian crossing\closed\IMG_20241017_162425.jpg
2720,2,tow truck,opened,483,394,photo_13_2024-12-19_01-58-39.jpg,dataset_top12\tow truck\opened\photo_13_2024-12-19_01-58-39.jpg
4503,8,right,opened,303,350,photo_2_2024-04-25_12-20-30_7.jpg,dataset_top12\right\opened\photo_2_2024-04-25_12-20-30_7.jpg
2149,1,give way,opened,664,643,photo_13_2024-12-19_02-00-53.jpg,dataset_top12\give way\opened\photo_13_2024-12-19_02-00-53.jpg
3858,5,maximum speed limit_40,closed,695,744,photo_11_2024-10-29_09-53-08.jpg,dataset_top12\maximum speed limit_40\closed\photo_11_2024-10-29_09-53-08.jpg
2389,1,give way,closed,1737,1704,20241102_121217.jpg,dataset_top12\give way\closed\20241102_121217.jpg
1415,0,pedestrian crossing,closed,960,1280,photo_50_2024-10-29_09-53-51.jpg,dataset_top12\pedestrian crossing\closed\photo_50_2024-10-29_09-53-51.jpg
5002,10,bus stop,closed,960,1280,photo_83_2024-12-09_12-45-24.jpg,dataset_top12\bus stop\closed\photo_83_2024-12-09_12-45-24.jpg
737,0,pedestrian crossing,opened,960,1280,photo_82_2024-12-18_13-03-52.jpg,dataset_top12\pedestrian crossing\opened\photo_82_2024-12-18_13-03-52.jpg
4873,10,bus stop,closed,1014,1069,IMG_20241017_161233_1.jpg,dataset_top12\bus stop\closed\IMG_20241017_161233_1.jpg
903,0,pedestrian crossing,closed,4624,3468,20241102_115455.jpg,dataset_top12\pedestrian crossing\closed\20241102_115455.jpg
759,0,pedestrian crossing,opened,960,1280,photo_85_2024-12-18_02-25-50.jpg,dataset_top12\pedestrian crossing\opened\photo_85_2024-12-18_02-25-50.jpg
733,0,pedestrian crossing,opened,960,1280,photo_81_2024-12-19_02-04-55.jpg,dataset_top12\pedestrian crossing\opened\photo_81_2024-12-19_02-04-55.jpg
2564,1,give way,closed,720,1280,photo_5278624148517676524_y.jpg,dataset_top12\give way\closed\photo_5278624148517676524_y.jpg
740,0,pedestrian crossing,opened,960,1280,photo_82_2024-12-18_13-06-32.jpg,dataset_top12\pedestrian crossing\opened\photo_82_2024-12-18_13-06-32.jpg
1066,0,pedestrian crossing,closed,960,1280,photo_17_2024-10-29_09-53-51.jpg,dataset_top12\pedestrian crossing\closed\photo_17_2024-10-29_09-53-51.jpg
4357,7,stop line,closed,960,1280,photo_39_2024-12-05_22-23-25.jpg,dataset_top12\stop line\closed\photo_39_2024-12-05_22-23-25.jpg
4963,10,bus stop,closed,960,1280,photo_47_2024-10-29_09-54-21.jpg,dataset_top12\bus stop\closed\photo_47_2024-10-29_09-54-21.jpg
2127,0,pedestrian crossing,closed,960,1280,photo_9_2024-10-29_09-42-50.jpg,dataset_top12\pedestrian crossing\closed\photo_9_2024-10-29_09-42-50.jpg
4459,8,right,opened,309,311,photo_15_2024-04-25_12-20-30.jpg,dataset_top12\right\opened\photo_15_2024-04-25_12-20-30.jpg
1069,0,pedestrian crossing,closed,1220,1280,photo_17_2024-12-05_22-23-50.jpg,dataset_top12\pedestrian crossing\closed\photo_17_2024-12-05_22-23-50.jpg
1295,0,pedestrian crossing,closed,960,1280,photo_3_2024-10-29_09-42-50.jpg,dataset_top12\pedestrian crossing\closed\photo_3_2024-10-29_09-42-50.jpg
3371,4,parking place,opened,960,1280,photo_14_2024-12-18_13-05-57.jpg,dataset_top12\parking place\opened\photo_14_2024-12-18_13-05-57.jpg
1927,0,pedestrian crossing,closed,819,821,photo_77_2024-12-07_12-48-37.jpg,dataset_top12\pedestrian crossing\closed\photo_77_2024-12-07_12-48-37.jpg
3412,4,parking place,opened,960,1280,photo_23_2024-12-18_02-27-47.jpg,dataset_top12\parking place\opened\photo_23_2024-12-18_02-27-47.jpg
962,0,pedestrian crossing,closed,4640,3472,IMG_20241029_174331.jpg,dataset_top12\pedestrian crossing\closed\IMG_20241029_174331.jpg
1920,0,pedestrian crossing,closed,825,1119,photo_77_2024-10-29_09-42-50.jpg,dataset_top12\pedestrian crossing\closed\photo_77_2024-10-29_09-42-50.jpg
4411,8,right,opened,386,478,IMG_0772.JPG,dataset_top12\right\opened\IMG_0772.JPG
964,0,pedestrian crossing,closed,4640,3472,IMG_20241029_174336.jpg,dataset_top12\pedestrian crossing\closed\IMG_20241029_174336.jpg
4308,7,stop line,opened,810,1080,photo_78_2024-12-09_12-49-48.jpg,dataset_top12\stop line\opened\photo_78_2024-12-09_12-49-48.jpg
701,0,pedestrian crossing,opened,960,1280,photo_79_2024-12-18_02-17-32.jpg,dataset_top12\pedestrian crossing\opened\photo_79_2024-12-18_02-17-32.jpg
1254,0,pedestrian crossing,closed,960,1280,photo_35_2024-12-05_22-23-50.jpg,dataset_top12\pedestrian crossing\closed\photo_35_2024-12-05_22-23-50.jpg
2552,1,give way,closed,1280,719,photo_49_2024-12-05_22-23-10.jpg,dataset_top12\give way\closed\photo_49_2024-12-05_22-23-10.jpg
3144,3,no stopping,opened,652,647,photo_6_2024-12-09_12-49-48_1.jpg,dataset_top12\no stopping\opened\photo_6_2024-12-09_12-49-48_1.jpg
1380,0,pedestrian crossing,closed,960,1280,photo_48_2024-10-29_09-42-50.jpg,dataset_top12\pedestrian crossing\closed\photo_48_2024-10-29_09-42-50.jpg
1447,0,pedestrian crossing,closed,960,1280,photo_5278624148517676315_y.jpg,dataset_top12\pedestrian crossing\closed\photo_5278624148517676315_y.jpg
1389,0,pedestrian crossing,closed,960,1280,photo_49_2024-10-29_09-53-08.jpg,dataset_top12\pedestrian crossing\closed\photo_49_2024-10-29_09-53-08.jpg
1814,0,pedestrian crossing,closed,960,1280,photo_66_2024-12-09_12-46-32.jpg,dataset_top12\pedestrian crossing\closed\photo_66_2024-12-09_12-46-32.jpg
3254,3,no stopping,closed,1280,1031,photo_17_2024-12-07_12-49-18.jpg,dataset_top12\no stopping\closed\photo_17_2024-12-07_12-49-18.jpg
1387,0,pedestrian crossing,closed,829,834,photo_48_2024-12-09_12-45-24.jpg,dataset_top12\pedestrian crossing\closed\photo_48_2024-12-09_12-45-24.jpg
1593,0,pedestrian crossing,closed,720,1280,photo_5278624148517676685_y.jpg,dataset_top12\pedestrian crossing\closed\photo_5278624148517676685_y.jpg
4976,10,bus stop,closed,960,1280,photo_5_2024-12-07_12-46-52.jpg,dataset_top12\bus stop\closed\photo_5_2024-12-07_12-46-52.jpg
1046,0,pedestrian crossing,closed,960,1280,photo_14_2024-12-06_22-23-51.jpg,dataset_top12\pedestrian crossing\closed\photo_14_2024-12-06_22-23-51.jpg
5119,11,no entry,opened,960,1280,photo_70_2024-12-18_13-01-24.jpg,dataset_top12\no entry\opened\photo_70_2024-12-18_13-01-24.jpg
2092,0,pedestrian crossing,closed,960,1280,photo_93_2024-10-29_09-54-21.jpg,dataset_top12\pedestrian crossing\closed\photo_93_2024-10-29_09-54-21.jpg
400,0,pedestrian crossing,opened,774,1066,photo_45_2024-12-18_13-06-32.jpg,dataset_top12\pedestrian crossing\opened\photo_45_2024-12-18_13-06-32.jpg
4598,8,right,opened,214,217,photo_7_2024-04-25_12-41-12.jpg,dataset_top12\right\opened\photo_7_2024-04-25_12-41-12.jpg
3286,3,no stopping,closed,1041,1024,photo_55_2024-12-07_12-46-04.jpg,dataset_top12\no stopping\closed\photo_55_2024-12-07_12-46-04.jpg
2756,2,tow truck,opened,738,660,photo_22_2024-12-19_02-00-53.jpg,dataset_top12\tow truck\opened\photo_22_2024-12-19_02-00-53.jpg
3967,6,left,opened,735,840,IMG_0793_7.JPG,dataset_top12\left\opened\IMG_0793_7.JPG
2983,2,tow truck,closed,1422,1418,IMG_20241017_161347.jpg,dataset_top12\tow truck\closed\IMG_20241017_161347.jpg
1639,0,pedestrian crossing,closed,572,665,photo_5278624148517676760_y.jpg,dataset_top12\pedestrian crossing\closed\photo_5278624148517676760_y.jpg
4732,9,straight,opened,318,366,photo_39_2024-04-25_12-43-13.jpg,dataset_top12\straight\opened\photo_39_2024-04-25_12-43-13.jpg
1023,0,pedestrian crossing,closed,960,1280,photo_11_2024-12-05_22-23-50.jpg,dataset_top12\pedestrian crossing\closed\photo_11_2024-12-05_22-23-50.jpg
5013,10,bus stop,closed,960,1280,photo_9_2024-12-09_12-45-24.jpg,dataset_top12\bus stop\closed\photo_9_2024-12-09_12-45-24.jpg
2434,1,give way,closed,4640,3472,IMG_20241029_175740.jpg,dataset_top12\give way\closed\IMG_20241029_175740.jpg
3746,5,maximum speed limit_40,opened,600,625,photo_48_2024-12-18_02-22-06.jpg,dataset_top12\maximum speed limit_40\opened\photo_48_2024-12-18_02-22-06.jpg
4898,10,bus stop,closed,651,656,photo_16_2024-12-09_12-45-24.jpg,dataset_top12\bus stop\closed\photo_16_2024-12-09_12-45-24.jpg
1454,0,pedestrian crossing,closed,960,1280,photo_5278624148517676323_y.jpg,dataset_top12\pedestrian crossing\closed\photo_5278624148517676323_y.jpg
4452,8,right,opened,306,312,photo_11_2024-04-25_12-41-12_4.jpg,dataset_top12\right\opened\photo_11_2024-04-25_12-41-12_4.jpg
161,0,pedestrian crossing,opened,960,1280,photo_22_2024-12-09_12-50-33.jpg,dataset_top12\pedestrian crossing\opened\photo_22_2024-12-09_12-50-33.jpg
1918,0,pedestrian crossing,closed,960,1280,photo_76_2024-12-07_12-48-02.jpg,dataset_top12\pedestrian crossing\closed\photo_76_2024-12-07_12-48-02.jpg
3150,3,no stopping,opened,960,980,photo_70_2024-12-18_02-33-06.jpg,dataset_top12\no stopping\opened\photo_70_2024-12-18_02-33-06.jpg
3921,5,maximum speed limit_40,closed,1280,1104,photo_97_2024-12-07_12-47-32.jpg,dataset_top12\maximum speed limit_40\closed\photo_97_2024-12-07_12-47-32.jpg
3863,5,maximum speed limit_40,closed,1280,1221,photo_15_2024-12-07_12-48-36.jpg,dataset_top12\maximum speed limit_40\closed\photo_15_2024-12-07_12-48-36.jpg
2642,1,give way,closed,700,681,photo_65_2024-12-07_12-46-52.jpg,dataset_top12\give way\closed\photo_65_2024-12-07_12-46-52.jpg
3595,4,parking place,opened,960,1280,photo_85_2024-12-19_01-59-18.jpg,dataset_top12\parking place\opened\photo_85_2024-12-19_01-59-18.jpg
3558,4,parking place,opened,755,724,photo_6_2024-12-19_01-56-44.jpg,dataset_top12\parking place\opened\photo_6_2024-12-19_01-56-44.jpg
769,0,pedestrian crossing,opened,960,1280,photo_87_2024-12-09_12-49-48.jpg,dataset_top12\pedestrian crossing\opened\photo_87_2024-12-09_12-49-48.jpg
3801,5,maximum speed limit_40,opened,715,723,photo_74_2024-12-18_02-27-47.jpg,dataset_top12\maximum speed limit_40\opened\photo_74_2024-12-18_02-27-47.jpg
2911,2,tow truck,opened,562,593,photo_73_2024-12-19_02-03-02.jpg,dataset_top12\tow truck\opened\photo_73_2024-12-19_02-03-02.jpg
1077,0,pedestrian crossing,closed,960,1280,photo_18_2024-10-29_09-53-51.jpg,dataset_top12\pedestrian crossing\closed\photo_18_2024-10-29_09-53-51.jpg
1325,0,pedestrian crossing,closed,960,1280,photo_42_2024-10-29_09-53-51.jpg,dataset_top12\pedestrian crossing\closed\photo_42_2024-10-29_09-53-51.jpg
1588,0,pedestrian crossing,closed,720,1280,photo_5278624148517676666_y.jpg,dataset_top12\pedestrian crossing\closed\photo_5278624148517676666_y.jpg
3690,5,maximum speed limit_40,opened,600,625,photo_19_2024-12-18_02-22-06.jpg,dataset_top12\maximum speed limit_40\opened\photo_19_2024-12-18_02-22-06.jpg
3812,5,maximum speed limit_40,opened,739,722,photo_79_2024-12-18_02-27-08.jpg,dataset_top12\maximum speed limit_40\opened\photo_79_2024-12-18_02-27-08.jpg
4066,6,left,opened,473,594,photo_38_2024-12-19_02-04-55.jpg,dataset_top12\left\opened\photo_38_2024-12-19_02-04-55.jpg
3455,4,parking place,opened,960,1280,photo_37_2024-12-18_13-01-24.jpg,dataset_top12\parking place\opened\photo_37_2024-12-18_13-01-24.jpg
2311,1,give way,opened,544,551,photo_72_2024-12-19_02-00-53.jpg,dataset_top12\give way\opened\photo_72_2024-12-19_02-00-53.jpg
4876,10,bus stop,closed,4640,3472,IMG_20241017_162916.jpg,dataset_top12\bus stop\closed\IMG_20241017_162916.jpg
3432,4,parking place,opened,960,1280,photo_29_2024-12-09_12-46-01.jpg,dataset_top12\parking place\opened\photo_29_2024-12-09_12-46-01.jpg
1855,0,pedestrian crossing,closed,1280,956,photo_70_2024-12-05_22-23-10.jpg,dataset_top12\pedestrian crossing\closed\photo_70_2024-12-05_22-23-10.jpg
781,0,pedestrian crossing,opened,960,1280,photo_88_2024-12-18_13-05-23.jpg,dataset_top12\pedestrian crossing\opened\photo_88_2024-12-18_13-05-23.jpg
550,0,pedestrian crossing,opened,960,1280,photo_63_2024-12-18_02-17-32.jpg,dataset_top12\pedestrian crossing\opened\photo_63_2024-12-18_02-17-32.jpg
2520,1,give way,closed,960,1280,photo_37_2024-12-06_22-24-22.jpg,dataset_top12\give way\closed\photo_37_2024-12-06_22-24-22.jpg
5087,11,no entry,opened,960,1280,photo_4_2024-12-18_02-33-06.jpg,dataset_top12\no entry\opened\photo_4_2024-12-18_02-33-06.jpg
600,0,pedestrian crossing,opened,960,1280,photo_68_2024-12-18_13-05-57.jpg,dataset_top12\pedestrian crossing\opened\photo_68_2024-12-18_13-05-57.jpg
840,0,pedestrian crossing,opened,960,1280,photo_94_2024-12-18_02-27-47.jpg,dataset_top12\pedestrian crossing\opened\photo_94_2024-12-18_02-27-47.jpg
5148,11,no entry,opened,960,1280,photo_90_2024-12-18_02-17-59.jpg,dataset_top12\no entry\opened\photo_90_2024-12-18_02-17-59.jpg
2015,0,pedestrian crossing,closed,960,1280,photo_85_2024-12-09_12-49-48.jpg,dataset_top12\pedestrian crossing\closed\photo_85_2024-12-09_12-49-48.jpg
3824,5,maximum speed limit_40,opened,720,569,photo_87_2024-12-18_13-02-04.jpg,dataset_top12\maximum speed limit_40\opened\photo_87_2024-12-18_13-02-04.jpg
1705,0,pedestrian crossing,closed,960,1280,photo_56_2024-12-05_22-23-25.jpg,dataset_top12\pedestrian crossing\closed\photo_56_2024-12-05_22-23-25.jpg
72,0,pedestrian crossing,opened,960,1280,photo_15_2024-12-18_13-00-25.jpg,dataset_top12\pedestrian crossing\opened\photo_15_2024-12-18_13-00-25.jpg
3267,3,no stopping,closed,1129,1280,photo_2_2024-12-06_22-23-51.jpg,dataset_top12\no stopping\closed\photo_2_2024-12-06_22-23-51.jpg
384,0,pedestrian crossing,opened,960,1280,photo_42_2024-12-18_12-58-24.jpg,dataset_top12\pedestrian crossing\opened\photo_42_2024-12-18_12-58-24.jpg
3602,4,parking place,opened,960,1280,photo_87_2024-12-19_01-59-18.jpg,dataset_top12\parking place\opened\photo_87_2024-12-19_01-59-18.jpg
999,0,pedestrian crossing,closed,4640,3472,IMG_20241029_181724.jpg,dataset_top12\pedestrian crossing\closed\IMG_20241029_181724.jpg
1710,0,pedestrian crossing,closed,960,1280,photo_57_2024-10-29_09-42-50.jpg,dataset_top12\pedestrian crossing\closed\photo_57_2024-10-29_09-42-50.jpg
4787,9,straight,opened,467,466,photo_6_2024-04-25_12-20-30.jpg,dataset_top12\straight\opened\photo_6_2024-04-25_12-20-30.jpg
2921,2,tow truck,opened,573,530,photo_7_2024-12-09_12-49-48.jpg,dataset_top12\tow truck\opened\photo_7_2024-12-09_12-49-48.jpg
4813,9,straight,opened,79,82,photo_9_2024-04-25_12-41-12_8.jpg,dataset_top12\straight\opened\photo_9_2024-04-25_12-41-12_8.jpg
1946,0,pedestrian crossing,closed,960,1280,photo_79_2024-12-07_12-51-07.jpg,dataset_top12\pedestrian crossing\closed\photo_79_2024-12-07_12-51-07.jpg
3998,6,left,opened,178,177,photo_13_2024-04-25_12-41-12.jpg,dataset_top12\left\opened\photo_13_2024-04-25_12-41-12.jpg
3428,4,parking place,opened,749,813,photo_27_2024-12-19_01-56-44.jpg,dataset_top12\parking place\opened\photo_27_2024-12-19_01-56-44.jpg
382,0,pedestrian crossing,opened,960,1280,photo_41_2024-12-19_02-04-55.jpg,dataset_top12\pedestrian crossing\opened\photo_41_2024-12-19_02-04-55.jpg
3091,3,no stopping,opened,960,1280,photo_31_2024-12-18_13-00-25.jpg,dataset_top12\no stopping\opened\photo_31_2024-12-18_13-00-25.jpg
3787,5,maximum speed limit_40,opened,1280,1116,photo_65_2024-12-18_02-27-08.jpg,dataset_top12\maximum speed limit_40\opened\photo_65_2024-12-18_02-27-08.jpg
281,0,pedestrian crossing,opened,960,1280,photo_33_2024-12-18_13-07-03.jpg,dataset_top12\pedestrian crossing\opened\photo_33_2024-12-18_13-07-03.jpg
5007,10,bus stop,closed,960,1280,photo_88_2024-12-07_12-51-07.jpg,dataset_top12\bus stop\closed\photo_88_2024-12-07_12-51-07.jpg
3570,4,parking place,opened,960,1280,photo_73_2024-12-19_01-59-18.jpg,dataset_top12\parking place\opened\photo_73_2024-12-19_01-59-18.jpg
1036,0,pedestrian crossing,closed,960,1280,photo_13_2024-10-29_09-54-21.jpg,dataset_top12\pedestrian crossing\closed\photo_13_2024-10-29_09-54-21.jpg
4278,7,stop line,opened,960,1280,photo_54_2024-12-09_12-46-32.jpg,dataset_top12\stop line\opened\photo_54_2024-12-09_12-46-32.jpg
4232,7,stop line,opened,960,826,photo_35_2024-12-18_13-05-23.jpg,dataset_top12\stop line\opened\photo_35_2024-12-18_13-05-23.jpg
1584,0,pedestrian crossing,closed,960,1280,photo_5278624148517676650_y.jpg,dataset_top12\pedestrian crossing\closed\photo_5278624148517676650_y.jpg
4754,9,straight,opened,156,164,photo_4_2024-04-25_12-41-12_s.jpg,dataset_top12\straight\opened\photo_4_2024-04-25_12-41-12_s.jpg
2768,2,tow truck,opened,674,734,photo_25_2024-12-19_02-00-05.jpg,dataset_top12\tow truck\opened\photo_25_2024-12-19_02-00-05.jpg
677,0,pedestrian crossing,opened,960,1280,photo_76_2024-12-18_13-00-25.jpg,dataset_top12\pedestrian crossing\opened\photo_76_2024-12-18_13-00-25.jpg
525,0,pedestrian crossing,opened,960,1280,photo_60_2024-12-18_02-25-50.jpg,dataset_top12\pedestrian crossing\opened\photo_60_2024-12-18_02-25-50.jpg
2718,2,tow truck,opened,572,463,photo_12_2024-12-19_01-58-39.jpg,dataset_top12\tow truck\opened\photo_12_2024-12-19_01-58-39.jpg
3834,5,maximum speed limit_40,opened,880,808,photo_92_2024-12-18_02-36-53.jpg,dataset_top12\maximum speed limit_40\opened\photo_92_2024-12-18_02-36-53.jpg
2952,2,tow truck,opened,601,622,photo_91_2024-12-19_02-03-02.jpg,dataset_top12\tow truck\opened\photo_91_2024-12-19_02-03-02.jpg
1990,0,pedestrian crossing,closed,960,1280,photo_83_2024-10-29_09-54-21.jpg,dataset_top12\pedestrian crossing\closed\photo_83_2024-10-29_09-54-21.jpg
4794,9,straight,opened,399,375,photo_78_2024-11-28_18-39-35.jpg,dataset_top12\straight\opened\photo_78_2024-11-28_18-39-35.jpg
2168,1,give way,opened,363,343,photo_17_2024-12-18_02-37-13.jpg,dataset_top12\give way\opened\photo_17_2024-12-18_02-37-13.jpg
4502,8,right,opened,465,465,photo_2_2024-04-25_12-20-30.jpg,dataset_top12\right\opened\photo_2_2024-04-25_12-20-30.jpg
1474,0,pedestrian crossing,closed,960,1280,photo_5278624148517676354_y.jpg,dataset_top12\pedestrian crossing\closed\photo_5278624148517676354_y.jpg
4510,8,right,opened,68,86,photo_2_2024-04-25_12-43-13_9.jpg,dataset_top12\right\opened\photo_2_2024-04-25_12-43-13_9.jpg
1462,0,pedestrian crossing,closed,960,1280,photo_5278624148517676331_y.jpg,dataset_top12\pedestrian crossing\closed\photo_5278624148517676331_y.jpg
2494,1,give way,closed,1280,756,photo_27_2024-12-07_12-46-52.jpg,dataset_top12\give way\closed\photo_27_2024-12-07_12-46-52.jpg
2794,2,tow truck,opened,819,796,photo_32_2024-12-19_02-00-05.jpg,dataset_top12\tow truck\opened\photo_32_2024-12-19_02-00-05.jpg
1978,0,pedestrian crossing,closed,960,1280,photo_82_2024-10-29_09-53-08.jpg,dataset_top12\pedestrian crossing\closed\photo_82_2024-10-29_09-53-08.jpg
2095,0,pedestrian crossing,closed,1002,1280,photo_93_2024-12-07_12-46-52.jpg,dataset_top12\pedestrian crossing\closed\photo_93_2024-12-07_12-46-52.jpg
1758,0,pedestrian crossing,closed,923,886,photo_60_2024-12-07_12-49-18.jpg,dataset_top12\pedestrian crossing\closed\photo_60_2024-12-07_12-49-18.jpg
3416,4,parking place,opened,960,1280,photo_23_2024-12-19_02-00-05.jpg,dataset_top12\parking place\opened\photo_23_2024-12-19_02-00-05.jpg
4121,6,left,opened,474,535,photo_84_2024-12-19_02-00-05.jpg,dataset_top12\left\opened\photo_84_2024-12-19_02-00-05.jpg
2970,2,tow truck,closed,1176,791,20241102_120212.jpg,dataset_top12\tow truck\closed\20241102_120212.jpg
2446,1,give way,closed,1280,655,photo_11_2024-12-05_22-22-53.jpg,dataset_top12\give way\closed\photo_11_2024-12-05_22-22-53.jpg
1198,0,pedestrian crossing,closed,1280,1113,photo_2_2024-12-07_12-47-32.jpg,dataset_top12\pedestrian crossing\closed\photo_2_2024-12-07_12-47-32.jpg
3632,4,parking place,opened,960,1280,photo_99_2024-12-19_01-59-18.jpg,dataset_top12\parking place\opened\photo_99_2024-12-19_01-59-18.jpg
291,0,pedestrian crossing,opened,960,1280,photo_34_2024-12-18_13-06-32.jpg,dataset_top12\pedestrian crossing\opened\photo_34_2024-12-18_13-06-32.jpg
3555,4,parking place,opened,960,1280,photo_6_2024-12-18_02-17-32.jpg,dataset_top12\parking place\opened\photo_6_2024-12-18_02-17-32.jpg
1890,0,pedestrian crossing,closed,960,1280,photo_74_2024-10-29_09-53-08.jpg,dataset_top12\pedestrian crossing\closed\photo_74_2024-10-29_09-53-08.jpg
2396,1,give way,closed,4640,3472,IMG_20241017_160817.jpg,dataset_top12\give way\closed\IMG_20241017_160817.jpg
1830,0,pedestrian crossing,closed,1280,1206,photo_68_2024-12-07_12-48-37.jpg,dataset_top12\pedestrian crossing\closed\photo_68_2024-12-07_12-48-37.jpg
449,0,pedestrian crossing,opened,810,1080,photo_51_2024-12-18_02-27-08.jpg,dataset_top12\pedestrian crossing\opened\photo_51_2024-12-18_02-27-08.jpg
3198,3,no stopping,opened,556,553,photo_93_2024-12-09_12-45-24_1.jpg,dataset_top12\no stopping\opened\photo_93_2024-12-09_12-45-24_1.jpg
546,0,pedestrian crossing,opened,960,1280,photo_62_2024-12-19_01-58-39.jpg,dataset_top12\pedestrian crossing\opened\photo_62_2024-12-19_01-58-39.jpg
4514,8,right,opened,595,622,photo_30_2024-12-19_02-04-55.jpg,dataset_top12\right\opened\photo_30_2024-12-19_02-04-55.jpg
2274,1,give way,opened,541,548,photo_55_2024-12-19_02-00-53.jpg,dataset_top12\give way\opened\photo_55_2024-12-19_02-00-53.jpg
2939,2,tow truck,opened,629,635,photo_87_2024-12-09_12-46-33.jpg,dataset_top12\tow truck\opened\photo_87_2024-12-09_12-46-33.jpg
129,0,pedestrian crossing,opened,960,1280,photo_1_2024-12-18_02-37-13.jpg,dataset_top12\pedestrian crossing\opened\photo_1_2024-12-18_02-37-13.jpg
2402,1,give way,closed,4640,3472,IMG_20241017_161112.jpg,dataset_top12\give way\closed\IMG_20241017_161112.jpg
3949,6,left,opened,763,1006,IMG_0777.JPG,dataset_top12\left\opened\IMG_0777.JPG
1271,0,pedestrian crossing,closed,960,1280,photo_37_2024-10-29_09-42-50.jpg,dataset_top12\pedestrian crossing\closed\photo_37_2024-10-29_09-42-50.jpg
1516,0,pedestrian crossing,closed,960,1280,photo_5278624148517676434_y.jpg,dataset_top12\pedestrian crossing\closed\photo_5278624148517676434_y.jpg
4294,7,stop line,opened,864,871,photo_65_2024-12-18_02-27-47.jpg,dataset_top12\stop line\opened\photo_65_2024-12-18_02-27-47.jpg
1610,0,pedestrian crossing,closed,720,1280,photo_5278624148517676728_y.jpg,dataset_top12\pedestrian crossing\closed\photo_5278624148517676728_y.jpg
466,0,pedestrian crossing,opened,629,607,photo_53_2024-12-18_02-28-33.jpg,dataset_top12\pedestrian crossing\opened\photo_53_2024-12-18_02-28-33.jpg
1622,0,pedestrian crossing,closed,722,1280,photo_5278624148517676740_y.jpg,dataset_top12\pedestrian crossing\closed\photo_5278624148517676740_y.jpg
5068,11,no entry,opened,960,1280,photo_40_2024-12-18_13-07-03.jpg,dataset_top12\no entry\opened\photo_40_2024-12-18_13-07-03.jpg
2216,1,give way,opened,960,1280,photo_30_2024-12-09_12-46-01.jpg,dataset_top12\give way\opened\photo_30_2024-12-09_12-46-01.jpg
810,0,pedestrian crossing,opened,960,1280,photo_91_2024-12-18_02-27-47.jpg,dataset_top12\pedestrian crossing\opened\photo_91_2024-12-18_02-27-47.jpg
4986,10,bus stop,closed,1204,1280,photo_71_2024-12-07_12-46-52.jpg,dataset_top12\bus stop\closed\photo_71_2024-12-07_12-46-52.jpg
4494,8,right,opened,69,83,photo_25_2024-04-25_12-43-13_9.jpg,dataset_top12\right\opened\photo_25_2024-04-25_12-43-13_9.jpg
177,0,pedestrian crossing,opened,960,1280,photo_23_2024-12-19_02-04-54.jpg,dataset_top12\pedestrian crossing\opened\photo_23_2024-12-19_02-04-54.jpg
3225,3,no stopping,closed,2253,2349,20241102_115858_1.jpg,dataset_top12\no stopping\closed\20241102_115858_1.jpg
2553,1,give way,closed,1280,874,photo_49_2024-12-07_12-46-52.jpg,dataset_top12\give way\closed\photo_49_2024-12-07_12-46-52.jpg
4458,8,right,opened,342,386,photo_13_2024-04-25_12-43-13.jpg,dataset_top12\right\opened\photo_13_2024-04-25_12-43-13.jpg
1479,0,pedestrian crossing,closed,960,1280,photo_5278624148517676361_y.jpg,dataset_top12\pedestrian crossing\closed\photo_5278624148517676361_y.jpg
3230,3,no stopping,closed,2630,2883,20241102_120442.jpg,dataset_top12\no stopping\closed\20241102_120442.jpg
1127,0,pedestrian crossing,closed,960,1280,photo_23_2024-10-29_09-53-08.jpg,dataset_top12\pedestrian crossing\closed\photo_23_2024-10-29_09-53-08.jpg
2788,2,tow truck,opened,821,711,photo_31_2024-12-18_13-04-36.jpg,dataset_top12\tow truck\opened\photo_31_2024-12-18_13-04-36.jpg
1887,0,pedestrian crossing,closed,960,1280,photo_73_2024-12-07_12-48-02.jpg,dataset_top12\pedestrian crossing\closed\photo_73_2024-12-07_12-48-02.jpg
2159,1,give way,opened,960,1280,photo_15_2024-12-18_02-10-22.jpg,dataset_top12\give way\opened\photo_15_2024-12-18_02-10-22.jpg
4837,10,bus stop,opened,960,1280,photo_1_2024-12-18_02-29-08.jpg,dataset_top12\bus stop\opened\photo_1_2024-12-18_02-29-08.jpg
1290,0,pedestrian crossing,closed,960,1280,photo_39_2024-10-29_09-54-21.jpg,dataset_top12\pedestrian crossing\closed\photo_39_2024-10-29_09-54-21.jpg
1901,0,pedestrian crossing,closed,355,352,photo_74_2024-12-09_12-46-01_1.jpg,dataset_top12\pedestrian crossing\closed\photo_74_2024-12-09_12-46-01_1.jpg
78,0,pedestrian crossing,opened,960,1280,photo_15_2024-12-19_00-11-08.jpg,dataset_top12\pedestrian crossing\opened\photo_15_2024-12-19_00-11-08.jpg
997,0,pedestrian crossing,closed,4640,3472,IMG_20241029_180617.jpg,dataset_top12\pedestrian crossing\closed\IMG_20241029_180617.jpg
1530,0,pedestrian crossing,closed,960,1280,photo_5278624148517676463_y.jpg,dataset_top12\pedestrian crossing\closed\photo_5278624148517676463_y.jpg
239,0,pedestrian crossing,opened,960,1280,photo_2_2024-12-09_12-49-47.jpg,dataset_top12\pedestrian crossing\opened\photo_2_2024-12-09_12-49-47.jpg
3393,4,parking place,opened,744,739,photo_19_2024-12-19_01-56-44.jpg,dataset_top12\parking place\opened\photo_19_2024-12-19_01-56-44.jpg
2262,1,give way,opened,960,1280,photo_4_2024-12-09_12-50-33.jpg,dataset_top12\give way\opened\photo_4_2024-12-09_12-50-33.jpg
3120,3,no stopping,opened,468,469,photo_56_2024-12-09_12-46-32_1.jpg,dataset_top12\no stopping\opened\photo_56_2024-12-09_12-46-32_1.jpg
1089,0,pedestrian crossing,closed,960,1280,photo_19_2024-12-06_22-25-52.jpg,dataset_top12\pedestrian crossing\closed\photo_19_2024-12-06_22-25-52.jpg
4853,10,bus stop,opened,960,1280,photo_47_2024-12-18_02-29-08.jpg,dataset_top12\bus stop\opened\photo_47_2024-12-18_02-29-08.jpg
4895,10,bus stop,closed,960,1280,photo_14_2024-12-05_22-23-50.jpg,dataset_top12\bus stop\closed\photo_14_2024-12-05_22-23-50.jpg
592,0,pedestrian crossing,opened,960,1280,photo_67_2024-12-19_01-58-39.jpg,dataset_top12\pedestrian crossing\opened\photo_67_2024-12-19_01-58-39.jpg
5088,11,no entry,opened,960,1280,photo_4_2024-12-18_13-02-03.jpg,dataset_top12\no entry\opened\photo_4_2024-12-18_13-02-03.jpg
1788,0,pedestrian crossing,closed,960,1280,photo_64_2024-12-05_22-23-10.jpg,dataset_top12\pedestrian crossing\closed\photo_64_2024-12-05_22-23-10.jpg
5107,11,no entry,opened,960,1280,photo_61_2024-12-18_13-01-24.jpg,dataset_top12\no entry\opened\photo_61_2024-12-18_13-01-24.jpg
2008,0,pedestrian crossing,closed,960,1280,photo_85_2024-10-29_09-54-21.jpg,dataset_top12\pedestrian crossing\closed\photo_85_2024-10-29_09-54-21.jpg
640,0,pedestrian crossing,opened,960,1280,photo_71_2024-12-19_02-04-55.jpg,dataset_top12\pedestrian crossing\opened\photo_71_2024-12-19_02-04-55.jpg
3484,4,parking place,opened,960,1280,photo_47_2024-12-19_02-00-05.jpg,dataset_top12\parking place\opened\photo_47_2024-12-19_02-00-05.jpg
2300,1,give way,opened,960,1280,photo_68_2024-12-18_13-04-36.jpg,dataset_top12\give way\opened\photo_68_2024-12-18_13-04-36.jpg
5156,11,no entry,opened,960,1280,photo_95_2024-12-18_02-17-59.jpg,dataset_top12\no entry\opened\photo_95_2024-12-18_02-17-59.jpg
2626,1,give way,closed,960,1280,photo_5_2024-12-07_12-47-32.jpg,dataset_top12\give way\closed\photo_5_2024-12-07_12-47-32.jpg
4852,10,bus stop,opened,960,1280,photo_44_2024-12-18_02-29-08.jpg,dataset_top12\bus stop\opened\photo_44_2024-12-18_02-29-08.jpg
1335,0,pedestrian crossing,closed,960,1280,photo_43_2024-10-29_09-53-08.jpg,dataset_top12\pedestrian crossing\closed\photo_43_2024-10-29_09-53-08.jpg
3880,5,maximum speed limit_40,closed,1280,890,photo_43_2024-12-07_12-46-52.jpg,dataset_top12\maximum speed limit_40\closed\photo_43_2024-12-07_12-46-52.jpg
1484,0,pedestrian crossing,closed,960,1280,photo_5278624148517676369_y (1).jpg,dataset_top12\pedestrian crossing\closed\photo_5278624148517676369_y (1).jpg
4012,6,left,opened,74,88,photo_18_2024-04-25_12-41-12_9.jpg,dataset_top12\left\opened\photo_18_2024-04-25_12-41-12_9.jpg
2600,1,give way,closed,655,738,photo_5278624148517676681_y.jpg,dataset_top12\give way\closed\photo_5278624148517676681_y.jpg
2541,1,give way,closed,960,1280,photo_43_2024-12-07_12-47-32.jpg,dataset_top12\give way\closed\photo_43_2024-12-07_12-47-32.jpg
983,0,pedestrian crossing,closed,4640,3472,IMG_20241029_175625.jpg,dataset_top12\pedestrian crossing\closed\IMG_20241029_175625.jpg
2473,1,give way,closed,960,1280,photo_19_2024-12-07_12-48-36.jpg,dataset_top12\give way\closed\photo_19_2024-12-07_12-48-36.jpg
3589,4,parking place,opened,960,1280,photo_81_2024-12-19_01-59-18.jpg,dataset_top12\parking place\opened\photo_81_2024-12-19_01-59-18.jpg
4002,6,left,opened,154,150,photo_15_2024-04-25_12-20-30.jpg,dataset_top12\left\opened\photo_15_2024-04-25_12-20-30.jpg
5083,11,no entry,opened,960,1280,photo_49_2024-12-18_02-33-06.jpg,dataset_top12\no entry\opened\photo_49_2024-12-18_02-33-06.jpg
3331,3,no stopping,closed,1280,877,photo_85_2024-12-18_02-27-47.jpg,dataset_top12\no stopping\closed\photo_85_2024-12-18_02-27-47.jpg
3907,5,maximum speed limit_40,closed,1280,1094,photo_65_2024-12-05_22-23-10.jpg,dataset_top12\maximum speed limit_40\closed\photo_65_2024-12-05_22-23-10.jpg
4941,10,bus stop,closed,960,1280,photo_37_2024-12-07_12-46-52.jpg,dataset_top12\bus stop\closed\photo_37_2024-12-07_12-46-52.jpg
3125,3,no stopping,opened,1280,1266,photo_58_2024-12-18_02-27-08.jpg,dataset_top12\no stopping\opened\photo_58_2024-12-18_02-27-08.jpg
1781,0,pedestrian crossing,closed,1280,1097,photo_63_2024-12-07_12-49-18.jpg,dataset_top12\pedestrian crossing\closed\photo_63_2024-12-07_12-49-18.jpg
4145,6,left,closed,338,356,photo_13_2024-11-28_18-31-49.jpg,dataset_top12\left\closed\photo_13_2024-11-28_18-31-49.jpg
4626,8,right,opened,356,406,photo_9_2024-11-28_18-39-35.jpg,dataset_top12\right\opened\photo_9_2024-11-28_18-39-35.jpg
3070,3,no stopping,opened,960,1280,photo_1_2024-12-18_02-19-40.jpg,dataset_top12\no stopping\opened\photo_1_2024-12-18_02-19-40.jpg
4937,10,bus stop,closed,1193,1280,photo_36_2024-12-06_22-23-51.jpg,dataset_top12\bus stop\closed\photo_36_2024-12-06_22-23-51.jpg
3607,4,parking place,opened,960,1280,photo_8_2024-12-18_02-17-32.jpg,dataset_top12\parking place\opened\photo_8_2024-12-18_02-17-32.jpg
2964,2,tow truck,closed,1766,1518,20241102_114306.jpg,dataset_top12\tow truck\closed\20241102_114306.jpg
2827,2,tow truck,opened,700,720,photo_41_2024-12-19_02-00-53.jpg,dataset_top12\tow truck\opened\photo_41_2024-12-19_02-00-53.jpg
1625,0,pedestrian crossing,closed,722,1280,photo_5278624148517676743_y.jpg,dataset_top12\pedestrian crossing\closed\photo_5278624148517676743_y.jpg
663,0,pedestrian crossing,opened,960,1280,photo_74_2024-12-19_01-58-39.jpg,dataset_top12\pedestrian crossing\opened\photo_74_2024-12-19_01-58-39.jpg
4265,7,stop line,opened,753,760,photo_4_2024-12-18_02-11-31.jpg,dataset_top12\stop line\opened\photo_4_2024-12-18_02-11-31.jpg
3020,2,tow truck,closed,1280,940,photo_79_2024-12-05_22-23-25.jpg,dataset_top12\tow truck\closed\photo_79_2024-12-05_22-23-25.jpg
1651,0,pedestrian crossing,closed,720,1280,photo_5278624148517676772_y.jpg,dataset_top12\pedestrian crossing\closed\photo_5278624148517676772_y.jpg
1733,0,pedestrian crossing,closed,960,1280,photo_59_2024-10-29_09-54-21.jpg,dataset_top12\pedestrian crossing\closed\photo_59_2024-10-29_09-54-21.jpg
754,0,pedestrian crossing,opened,960,1280,photo_84_2024-12-18_13-03-52.jpg,dataset_top12\pedestrian crossing\opened\photo_84_2024-12-18_13-03-52.jpg
642,0,pedestrian crossing,opened,960,1280,photo_72_2024-12-09_12-49-48.jpg,dataset_top12\pedestrian crossing\opened\photo_72_2024-12-09_12-49-48.jpg
694,0,pedestrian crossing,opened,960,1280,photo_78_2024-12-18_12-58-24.jpg,dataset_top12\pedestrian crossing\opened\photo_78_2024-12-18_12-58-24.jpg
2458,1,give way,closed,960,1280,photo_14_2024-12-07_12-48-36.jpg,dataset_top12\give way\closed\photo_14_2024-12-07_12-48-36.jpg
1782,0,pedestrian crossing,closed,960,1280,photo_63_2024-12-07_12-51-07.jpg,dataset_top12\pedestrian crossing\closed\photo_63_2024-12-07_12-51-07.jpg
2284,1,give way,opened,960,1280,photo_60_2024-12-18_13-04-36.jpg,dataset_top12\give way\opened\photo_60_2024-12-18_13-04-36.jpg
2069,0,pedestrian crossing,closed,960,1280,photo_90_2024-12-05_22-22-53.jpg,dataset_top12\pedestrian crossing\closed\photo_90_2024-12-05_22-22-53.jpg
1173,0,pedestrian crossing,closed,960,1280,photo_28_2024-10-29_09-53-08.jpg,dataset_top12\pedestrian crossing\closed\photo_28_2024-10-29_09-53-08.jpg
5014,11,no entry,opened,960,1280,photo_100_2024-12-18_02-17-59.jpg,dataset_top12\no entry\opened\photo_100_2024-12-18_02-17-59.jpg
850,0,pedestrian crossing,opened,960,1280,photo_95_2024-12-19_00-10-31.jpg,dataset_top12\pedestrian crossing\opened\photo_95_2024-12-19_00-10-31.jpg
106,0,pedestrian crossing,opened,960,1280,photo_18_2024-12-18_02-28-33.jpg,dataset_top12\pedestrian crossing\opened\photo_18_2024-12-18_02-28-33.jpg
16,0,pedestrian crossing,opened,479,489,photo_10_2024-12-18_02-29-08.jpg,dataset_top12\pedestrian crossing\opened\photo_10_2024-12-18_02-29-08.jpg
1383,0,pedestrian crossing,closed,960,1280,photo_48_2024-12-05_22-22-53.jpg,dataset_top12\pedestrian crossing\closed\photo_48_2024-12-05_22-22-53.jpg
3238,3,no stopping,closed,1869,1793,IMG_20241017_160634_1.jpg,dataset_top12\no stopping\closed\IMG_20241017_160634_1.jpg
2179,1,give way,opened,473,467,photo_1_2024-12-09_12-49-47.jpg,dataset_top12\give way\opened\photo_1_2024-12-09_12-49-47.jpg
1314,0,pedestrian crossing,closed,444,444,photo_40_2024-12-09_12-45-24.jpg,dataset_top12\pedestrian crossing\closed\photo_40_2024-12-09_12-45-24.jpg
1412,0,pedestrian crossing,closed,960,1280,photo_4_2024-12-18_02-36-53.jpg,dataset_top12\pedestrian crossing\closed\photo_4_2024-12-18_02-36-53.jpg
1776,0,pedestrian crossing,closed,960,1280,photo_63_2024-10-29_09-42-50.jpg,dataset_top12\pedestrian crossing\closed\photo_63_2024-10-29_09-42-50.jpg
2011,0,pedestrian crossing,closed,960,1280,photo_85_2024-12-06_22-25-52.jpg,dataset_top12\pedestrian crossing\closed\photo_85_2024-12-06_22-25-52.jpg
4123,6,left,opened,436,508,photo_87_2024-12-19_02-00-05.jpg,dataset_top12\left\opened\photo_87_2024-12-19_02-00-05.jpg
581,0,pedestrian crossing,opened,960,1280,photo_66_2024-12-18_13-05-23.jpg,dataset_top12\pedestrian crossing\opened\photo_66_2024-12-18_13-05-23.jpg
4590,8,right,opened,1280,1021,photo_6_2024-12-06_22-24-22.jpg,dataset_top12\right\opened\photo_6_2024-12-06_22-24-22.jpg
4585,8,right,opened,287,289,photo_6_2024-04-25_12-43-13.jpg,dataset_top12\right\opened\photo_6_2024-04-25_12-43-13.jpg
1080,0,pedestrian crossing,closed,960,1280,photo_18_2024-12-06_22-24-57.jpg,dataset_top12\pedestrian crossing\closed\photo_18_2024-12-06_22-24-57.jpg
94,0,pedestrian crossing,opened,960,1280,photo_17_2024-12-18_02-27-47.jpg,dataset_top12\pedestrian crossing\opened\photo_17_2024-12-18_02-27-47.jpg
1771,0,pedestrian crossing,closed,960,1280,photo_62_2024-12-05_22-23-10.jpg,dataset_top12\pedestrian crossing\closed\photo_62_2024-12-05_22-23-10.jpg
1829,0,pedestrian crossing,closed,960,1280,photo_68_2024-12-07_12-48-02.jpg,dataset_top12\pedestrian crossing\closed\photo_68_2024-12-07_12-48-02.jpg
1209,0,pedestrian crossing,closed,960,1280,photo_30_2024-12-05_22-23-10.jpg,dataset_top12\pedestrian crossing\closed\photo_30_2024-12-05_22-23-10.jpg
2418,1,give way,closed,4640,3472,IMG_20241029_173550.jpg,dataset_top12\give way\closed\IMG_20241029_173550.jpg
2798,2,tow truck,opened,776,734,photo_33_2024-12-19_02-00-05.jpg,dataset_top12\tow truck\opened\photo_33_2024-12-19_02-00-05.jpg
3588,4,parking place,opened,1061,1280,photo_81_2024-12-18_02-27-08.jpg,dataset_top12\parking place\opened\photo_81_2024-12-18_02-27-08.jpg
3720,5,maximum speed limit_40,opened,741,701,photo_38_2024-12-19_00-10-31.jpg,dataset_top12\maximum speed limit_40\opened\photo_38_2024-12-19_00-10-31.jpg
2748,2,tow truck,opened,412,413,photo_20_2024-12-19_02-03-02.jpg,dataset_top12\tow truck\opened\photo_20_2024-12-19_02-03-02.jpg
2645,1,give way,closed,960,1280,photo_67_2024-12-06_22-24-57.jpg,dataset_top12\give way\closed\photo_67_2024-12-06_22-24-57.jpg
2102,0,pedestrian crossing,closed,960,1280,photo_94_2024-12-07_12-48-37.jpg,dataset_top12\pedestrian crossing\closed\photo_94_2024-12-07_12-48-37.jpg
169,0,pedestrian crossing,opened,960,1280,photo_22_2024-12-19_02-04-54.jpg,dataset_top12\pedestrian crossing\opened\photo_22_2024-12-19_02-04-54.jpg
263,0,pedestrian crossing,opened,960,1280,photo_31_2024-12-19_00-11-08.jpg,dataset_top12\pedestrian crossing\opened\photo_31_2024-12-19_00-11-08.jpg
2738,2,tow truck,opened,419,401,photo_18_2024-12-19_02-03-02.jpg,dataset_top12\tow truck\opened\photo_18_2024-12-19_02-03-02.jpg
5161,11,no entry,opened,960,1280,photo_97_2024-12-18_02-17-59.jpg,dataset_top12\no entry\opened\photo_97_2024-12-18_02-17-59.jpg
1577,0,pedestrian crossing,closed,960,1280,photo_5278624148517676636_y.jpg,dataset_top12\pedestrian crossing\closed\photo_5278624148517676636_y.jpg
1728,0,pedestrian crossing,closed,960,1280,photo_58_2024-12-07_12-48-37.jpg,dataset_top12\pedestrian crossing\closed\photo_58_2024-12-07_12-48-37.jpg
1142,0,pedestrian crossing,closed,960,1280,photo_24_2024-12-06_22-23-51.jpg,dataset_top12\pedestrian crossing\closed\photo_24_2024-12-06_22-23-51.jpg
2207,1,give way,opened,960,1280,photo_26_2024-12-19_02-00-53.jpg,dataset_top12\give way\opened\photo_26_2024-12-19_02-00-53.jpg
537,0,pedestrian crossing,opened,764,764,photo_61_2024-12-19_00-10-31.jpg,dataset_top12\pedestrian crossing\opened\photo_61_2024-12-19_00-10-31.jpg
2512,1,give way,closed,960,946,photo_33_2024-12-07_12-47-32.jpg,dataset_top12\give way\closed\photo_33_2024-12-07_12-47-32.jpg
208,0,pedestrian crossing,opened,960,1280,photo_27_2024-12-18_02-33-06.jpg,dataset_top12\pedestrian crossing\opened\photo_27_2024-12-18_02-33-06.jpg
1741,0,pedestrian crossing,closed,960,1280,photo_5_2024-10-29_09-53-51.jpg,dataset_top12\pedestrian crossing\closed\photo_5_2024-10-29_09-53-51.jpg
1853,0,pedestrian crossing,closed,960,1280,photo_70_2024-10-29_09-42-50.jpg,dataset_top12\pedestrian crossing\closed\photo_70_2024-10-29_09-42-50.jpg
5090,11,no entry,opened,960,1280,photo_50_2024-12-18_02-25-50.jpg,dataset_top12\no entry\opened\photo_50_2024-12-18_02-25-50.jpg
3797,5,maximum speed limit_40,opened,960,1280,photo_71_2024-12-18_02-27-47.jpg,dataset_top12\maximum speed limit_40\opened\photo_71_2024-12-18_02-27-47.jpg
799,0,pedestrian crossing,opened,960,1280,photo_8_2024-12-19_00-11-08.jpg,dataset_top12\pedestrian crossing\opened\photo_8_2024-12-19_00-11-08.jpg
4371,7,stop line,closed,360,424,photo_5278624148517676367_y.jpg,dataset_top12\stop line\closed\photo_5278624148517676367_y.jpg
55,0,pedestrian crossing,opened,830,1020,photo_13_2024-12-18_13-07-03.jpg,dataset_top12\pedestrian crossing\opened\photo_13_2024-12-18_13-07-03.jpg
1761,0,pedestrian crossing,closed,960,1280,photo_61_2024-10-29_09-53-51.jpg,dataset_top12\pedestrian crossing\closed\photo_61_2024-10-29_09-53-51.jpg
5097,11,no entry,opened,960,1280,photo_53_2024-12-18_13-05-23.jpg,dataset_top12\no entry\opened\photo_53_2024-12-18_13-05-23.jpg
1799,0,pedestrian crossing,closed,960,1280,photo_65_2024-12-06_22-25-52.jpg,dataset_top12\pedestrian crossing\closed\photo_65_2024-12-06_22-25-52.jpg
4054,6,left,opened,128,131,photo_34_2024-04-25_12-41-12_0.jpg,dataset_top12\left\opened\photo_34_2024-04-25_12-41-12_0.jpg
2185,1,give way,opened,960,994,photo_20_2024-12-18_13-05-57.jpg,dataset_top12\give way\opened\photo_20_2024-12-18_13-05-57.jpg
3140,3,no stopping,opened,960,1280,photo_68_2024-12-18_02-19-24.jpg,dataset_top12\no stopping\opened\photo_68_2024-12-18_02-19-24.jpg
3312,3,no stopping,closed,998,994,photo_73_2024-12-07_12-46-04.jpg,dataset_top12\no stopping\closed\photo_73_2024-12-07_12-46-04.jpg
5150,11,no entry,opened,960,1280,photo_91_2024-12-18_02-28-33.jpg,dataset_top12\no entry\opened\photo_91_2024-12-18_02-28-33.jpg
1796,0,pedestrian crossing,closed,960,1280,photo_65_2024-10-29_09-53-51.jpg,dataset_top12\pedestrian crossing\closed\photo_65_2024-10-29_09-53-51.jpg
4305,7,stop line,opened,806,772,photo_72_2024-12-19_00-10-31.jpg,dataset_top12\stop line\opened\photo_72_2024-12-19_00-10-31.jpg
56,0,pedestrian crossing,opened,960,1280,photo_13_2024-12-19_00-11-08.jpg,dataset_top12\pedestrian crossing\opened\photo_13_2024-12-19_00-11-08.jpg
1144,0,pedestrian crossing,closed,960,1280,photo_24_2024-12-07_12-48-36.jpg,dataset_top12\pedestrian crossing\closed\photo_24_2024-12-07_12-48-36.jpg
2245,1,give way,opened,484,423,photo_3_2024-12-09_12-50-33_1.jpg,dataset_top12\give way\opened\photo_3_2024-12-09_12-50-33_1.jpg
2072,0,pedestrian crossing,closed,960,1280,photo_90_2024-12-07_12-49-18.jpg,dataset_top12\pedestrian crossing\closed\photo_90_2024-12-07_12-49-18.jpg
4528,8,right,opened,73,88,photo_36_2024-04-25_12-20-30_0.jpg,dataset_top12\right\opened\photo_36_2024-04-25_12-20-30_0.jpg
2357,1,give way,opened,519,513,photo_89_2024-12-19_02-00-53.jpg,dataset_top12\give way\opened\photo_89_2024-12-19_02-00-53.jpg
1093,0,pedestrian crossing,closed,960,1280,photo_1_2024-12-06_22-25-52.jpg,dataset_top12\pedestrian crossing\closed\photo_1_2024-12-06_22-25-52.jpg
2956,2,tow truck,opened,960,1280,photo_93_2024-12-18_02-27-47.jpg,dataset_top12\tow truck\opened\photo_93_2024-12-18_02-27-47.jpg
3933,6,left,opened,452,536,IMG_0762.JPG,dataset_top12\left\opened\IMG_0762.JPG
1188,0,pedestrian crossing,closed,960,1280,photo_29_2024-12-06_22-23-51.jpg,dataset_top12\pedestrian crossing\closed\photo_29_2024-12-06_22-23-51.jpg
197,0,pedestrian crossing,opened,960,1280,photo_26_2024-12-09_12-46-01.jpg,dataset_top12\pedestrian crossing\opened\photo_26_2024-12-09_12-46-01.jpg
4149,6,left,closed,397,398,photo_19_2024-11-28_18-31-49.jpg,dataset_top12\left\closed\photo_19_2024-11-28_18-31-49.jpg
3976,6,left,opened,455,688,IMG_0830.JPG,dataset_top12\left\opened\IMG_0830.JPG
4091,6,left,opened,132,132,photo_4_2024-04-25_12-43-13_l.jpg,dataset_top12\left\opened\photo_4_2024-04-25_12-43-13_l.jpg
601,0,pedestrian crossing,opened,960,1280,photo_68_2024-12-18_13-06-32.jpg,dataset_top12\pedestrian crossing\opened\photo_68_2024-12-18_13-06-32.jpg
3385,4,parking place,opened,960,1280,photo_17_2024-12-19_01-59-18.jpg,dataset_top12\parking place\opened\photo_17_2024-12-19_01-59-18.jpg
2432,1,give way,closed,4640,3472,IMG_20241029_175736.jpg,dataset_top12\give way\closed\IMG_20241029_175736.jpg
3601,4,parking place,opened,960,1280,photo_87_2024-12-18_02-33-06.jpg,dataset_top12\parking place\opened\photo_87_2024-12-18_02-33-06.jpg
555,0,pedestrian crossing,opened,960,1280,photo_63_2024-12-19_02-04-55.jpg,dataset_top12\pedestrian crossing\opened\photo_63_2024-12-19_02-04-55.jpg
561,0,pedestrian crossing,opened,960,1280,photo_64_2024-12-18_13-03-52.jpg,dataset_top12\pedestrian crossing\opened\photo_64_2024-12-18_13-03-52.jpg
816,0,pedestrian crossing,opened,960,1280,photo_91_2024-12-19_02-04-55.jpg,dataset_top12\pedestrian crossing\opened\photo_91_2024-12-19_02-04-55.jpg
1385,0,pedestrian crossing,closed,960,1280,photo_48_2024-12-05_22-23-25.jpg,dataset_top12\pedestrian crossing\closed\photo_48_2024-12-05_22-23-25.jpg
4871,10,bus stop,closed,4624,3468,20241102_120115.jpg,dataset_top12\bus stop\closed\20241102_120115.jpg
1987,0,pedestrian crossing,closed,960,1280,photo_82_2024-12-07_12-51-07.jpg,dataset_top12\pedestrian crossing\closed\photo_82_2024-12-07_12-51-07.jpg
1266,0,pedestrian crossing,closed,1266,1280,photo_36_2024-12-05_22-23-50.jpg,dataset_top12\pedestrian crossing\closed\photo_36_2024-12-05_22-23-50.jpg
3448,4,parking place,opened,960,1280,photo_33_2024-12-18_02-17-32.jpg,dataset_top12\parking place\opened\photo_33_2024-12-18_02-17-32.jpg
687,0,pedestrian crossing,opened,960,1280,photo_77_2024-12-18_13-05-23.jpg,dataset_top12\pedestrian crossing\opened\photo_77_2024-12-18_13-05-23.jpg
4438,8,right,opened,816,926,IMG_0817.JPG,dataset_top12\right\opened\IMG_0817.JPG
108,0,pedestrian crossing,opened,960,1280,photo_18_2024-12-18_13-03-52.jpg,dataset_top12\pedestrian crossing\opened\photo_18_2024-12-18_13-03-52.jpg
3786,5,maximum speed limit_40,opened,569,583,photo_62_2024-12-19_02-03-02.jpg,dataset_top12\maximum speed limit_40\opened\photo_62_2024-12-19_02-03-02.jpg
1957,0,pedestrian crossing,closed,960,1280,photo_7_2024-12-18_02-36-53.jpg,dataset_top12\pedestrian crossing\closed\photo_7_2024-12-18_02-36-53.jpg
1360,0,pedestrian crossing,closed,1269,1280,photo_45_2024-12-07_12-48-02.jpg,dataset_top12\pedestrian crossing\closed\photo_45_2024-12-07_12-48-02.jpg
2869,2,tow truck,opened,573,590,photo_57_2024-12-19_02-03-02.jpg,dataset_top12\tow truck\opened\photo_57_2024-12-19_02-03-02.jpg
3370,4,parking place,opened,960,1280,photo_14_2024-12-18_02-17-32.jpg,dataset_top12\parking place\opened\photo_14_2024-12-18_02-17-32.jpg
3322,3,no stopping,closed,402,502,photo_78_2024-12-07_12-46-04.jpg,dataset_top12\no stopping\closed\photo_78_2024-12-07_12-46-04.jpg
2643,1,give way,closed,960,1280,photo_66_2024-12-06_22-24-57.jpg,dataset_top12\give way\closed\photo_66_2024-12-06_22-24-57.jpg
1760,0,pedestrian crossing,closed,960,1280,photo_61_2024-10-29_09-42-50.jpg,dataset_top12\pedestrian crossing\closed\photo_61_2024-10-29_09-42-50.jpg
3935,6,left,opened,388,482,IMG_0763.JPG,dataset_top12\left\opened\IMG_0763.JPG
309,0,pedestrian crossing,opened,960,1280,photo_36_2024-12-18_02-27-47.jpg,dataset_top12\pedestrian crossing\opened\photo_36_2024-12-18_02-27-47.jpg
2882,2,tow truck,opened,702,613,photo_62_2024-12-18_02-17-59.jpg,dataset_top12\tow truck\opened\photo_62_2024-12-18_02-17-59.jpg
3513,4,parking place,opened,546,447,photo_57_2024-12-18_02-28-33.jpg,dataset_top12\parking place\opened\photo_57_2024-12-18_02-28-33.jpg
855,0,pedestrian crossing,opened,960,1280,photo_96_2024-12-18_02-27-47.jpg,dataset_top12\pedestrian crossing\opened\photo_96_2024-12-18_02-27-47.jpg
3301,3,no stopping,closed,876,726,photo_65_2024-12-07_12-46-04.jpg,dataset_top12\no stopping\closed\photo_65_2024-12-07_12-46-04.jpg
3156,3,no stopping,opened,960,1280,photo_73_2024-12-18_12-58-24.jpg,dataset_top12\no stopping\opened\photo_73_2024-12-18_12-58-24.jpg
326,0,pedestrian crossing,opened,960,1280,photo_37_2024-12-18_13-05-23.jpg,dataset_top12\pedestrian crossing\opened\photo_37_2024-12-18_13-05-23.jpg
2423,1,give way,closed,3472,3605,IMG_20241029_175149.jpg,dataset_top12\give way\closed\IMG_20241029_175149.jpg
4693,9,straight,opened,103,108,photo_15_2024-04-25_12-43-13_9.jpg,dataset_top12\straight\opened\photo_15_2024-04-25_12-43-13_9.jpg
4176,7,stop line,opened,751,767,photo_10_2024-12-18_02-11-31.jpg,dataset_top12\stop line\opened\photo_10_2024-12-18_02-11-31.jpg
4814,9,straight,opened,99,93,photo_9_2024-04-25_12-41-12_9.jpg,dataset_top12\straight\opened\photo_9_2024-04-25_12-41-12_9.jpg
4178,7,stop line,opened,719,732,photo_11_2024-12-18_02-25-50.jpg,dataset_top12\stop line\opened\photo_11_2024-12-18_02-25-50.jpg
2138,1,give way,opened,703,655,photo_10_2024-12-19_02-00-53.jpg,dataset_top12\give way\opened\photo_10_2024-12-19_02-00-53.jpg
4463,8,right,opened,306,357,photo_16_2024-04-25_12-20-30.jpg,dataset_top12\right\opened\photo_16_2024-04-25_12-20-30.jpg
4738,9,straight,opened,470,467,photo_3_2024-05-17_15-34-29_u.jpg,dataset_top12\straight\opened\photo_3_2024-05-17_15-34-29_u.jpg
3629,4,parking place,opened,801,745,photo_98_2024-12-18_02-33-06.jpg,dataset_top12\parking place\opened\photo_98_2024-12-18_02-33-06.jpg
4949,10,bus stop,closed,960,1280,photo_41_2024-12-07_12-47-32.jpg,dataset_top12\bus stop\closed\photo_41_2024-12-07_12-47-32.jpg
3032,2,tow truck,closed,527,528,photo_88_2024-12-09_12-45-24.jpg,dataset_top12\tow truck\closed\photo_88_2024-12-09_12-45-24.jpg
4906,10,bus stop,closed,960,1280,photo_20_2024-10-29_09-54-21.jpg,dataset_top12\bus stop\closed\photo_20_2024-10-29_09-54-21.jpg
2991,2,tow truck,closed,1205,866,photo_21_2024-12-06_22-25-22.jpg,dataset_top12\tow truck\closed\photo_21_2024-12-06_22-25-22.jpg
447,0,pedestrian crossing,opened,960,1280,photo_50_2024-12-19_02-04-55.jpg,dataset_top12\pedestrian crossing\opened\photo_50_2024-12-19_02-04-55.jpg
2230,1,give way,opened,960,1280,photo_34_2024-12-18_13-01-24.jpg,dataset_top12\give way\opened\photo_34_2024-12-18_13-01-24.jpg
2954,2,tow truck,opened,690,518,photo_92_2024-12-18_13-02-04.jpg,dataset_top12\tow truck\opened\photo_92_2024-12-18_13-02-04.jpg
4529,8,right,opened,557,540,photo_36_2024-04-25_12-41-12.jpg,dataset_top12\right\opened\photo_36_2024-04-25_12-41-12.jpg
3360,4,parking place,opened,960,1280,photo_10_2024-12-18_13-05-57.jpg,dataset_top12\parking place\opened\photo_10_2024-12-18_13-05-57.jpg
689,0,pedestrian crossing,opened,960,1280,photo_77_2024-12-18_13-06-32.jpg,dataset_top12\pedestrian crossing\opened\photo_77_2024-12-18_13-06-32.jpg
1559,0,pedestrian crossing,closed,960,1280,photo_5278624148517676610_y.jpg,dataset_top12\pedestrian crossing\closed\photo_5278624148517676610_y.jpg
508,0,pedestrian crossing,opened,960,1280,photo_59_2024-12-09_12-46-01.jpg,dataset_top12\pedestrian crossing\opened\photo_59_2024-12-09_12-46-01.jpg
2407,1,give way,closed,945,1012,IMG_20241017_163825.jpg,dataset_top12\give way\closed\IMG_20241017_163825.jpg
3749,5,maximum speed limit_40,opened,647,622,photo_49_2024-12-18_02-22-06.jpg,dataset_top12\maximum speed limit_40\opened\photo_49_2024-12-18_02-22-06.jpg
4580,8,right,opened,517,551,photo_69_2024-12-19_02-00-05.jpg,dataset_top12\right\opened\photo_69_2024-12-19_02-00-05.jpg
2450,1,give way,closed,960,1280,photo_11_2024-12-07_12-48-36.jpg,dataset_top12\give way\closed\photo_11_2024-12-07_12-48-36.jpg
4696,9,straight,opened,302,352,photo_17_2024-04-25_12-43-13.jpg,dataset_top12\straight\opened\photo_17_2024-04-25_12-43-13.jpg
3763,5,maximum speed limit_40,opened,400,433,photo_5278624148517676691_y.jpg,dataset_top12\maximum speed limit_40\opened\photo_5278624148517676691_y.jpg
2124,0,pedestrian crossing,closed,1021,1280,photo_98_2024-12-07_12-46-52.jpg,dataset_top12\pedestrian crossing\closed\photo_98_2024-12-07_12-46-52.jpg
4409,8,right,opened,304,464,IMG_0770.JPG,dataset_top12\right\opened\IMG_0770.JPG
3128,3,no stopping,opened,960,1280,photo_5_2024-12-18_13-02-03.jpg,dataset_top12\no stopping\opened\photo_5_2024-12-18_13-02-03.jpg
1571,0,pedestrian crossing,closed,960,1280,photo_5278624148517676622_y.jpg,dataset_top12\pedestrian crossing\closed\photo_5278624148517676622_y.jpg
1013,0,pedestrian crossing,closed,960,1280,photo_100_2024-12-06_22-24-22.jpg,dataset_top12\pedestrian crossing\closed\photo_100_2024-12-06_22-24-22.jpg
5096,11,no entry,opened,960,1280,photo_53_2024-12-18_02-27-47.jpg,dataset_top12\no entry\opened\photo_53_2024-12-18_02-27-47.jpg
3561,4,parking place,opened,960,1280,photo_70_2024-12-19_01-59-18.jpg,dataset_top12\parking place\opened\photo_70_2024-12-19_01-59-18.jpg
3718,5,maximum speed limit_40,opened,690,672,photo_37_2024-12-19_01-58-39.jpg,dataset_top12\maximum speed limit_40\opened\photo_37_2024-12-19_01-58-39.jpg
1458,0,pedestrian crossing,closed,960,1280,photo_5278624148517676325_y.jpg,dataset_top12\pedestrian crossing\closed\photo_5278624148517676325_y.jpg
1537,0,pedestrian crossing,closed,720,1280,photo_5278624148517676491_y.jpg,dataset_top12\pedestrian crossing\closed\photo_5278624148517676491_y.jpg
1736,0,pedestrian crossing,closed,960,1280,photo_59_2024-12-07_12-48-02.jpg,dataset_top12\pedestrian crossing\closed\photo_59_2024-12-07_12-48-02.jpg
527,0,pedestrian crossing,opened,960,1280,photo_60_2024-12-18_12-58-24.jpg,dataset_top12\pedestrian crossing\opened\photo_60_2024-12-18_12-58-24.jpg
1903,0,pedestrian crossing,closed,830,1107,photo_75_2024-10-29_09-53-51.jpg,dataset_top12\pedestrian crossing\closed\photo_75_2024-10-29_09-53-51.jpg
3706,5,maximum speed limit_40,opened,536,488,photo_2_2024-12-19_02-03-02.jpg,dataset_top12\maximum speed limit_40\opened\photo_2_2024-12-19_02-03-02.jpg
4275,7,stop line,opened,649,652,photo_52_2024-12-09_12-46-32.jpg,dataset_top12\stop line\opened\photo_52_2024-12-09_12-46-32.jpg
1966,0,pedestrian crossing,closed,960,1280,photo_80_2024-12-07_12-49-18.jpg,dataset_top12\pedestrian crossing\closed\photo_80_2024-12-07_12-49-18.jpg
739,0,pedestrian crossing,opened,960,1280,photo_82_2024-12-18_13-05-57.jpg,dataset_top12\pedestrian crossing\opened\photo_82_2024-12-18_13-05-57.jpg
1019,0,pedestrian crossing,closed,960,1280,photo_10_2024-12-07_12-48-36.jpg,dataset_top12\pedestrian crossing\closed\photo_10_2024-12-07_12-48-36.jpg
4259,7,stop line,opened,848,711,photo_47_2024-12-18_13-01-24.jpg,dataset_top12\stop line\opened\photo_47_2024-12-18_13-01-24.jpg
1874,0,pedestrian crossing,closed,960,1280,photo_72_2024-12-05_22-23-25.jpg,dataset_top12\pedestrian crossing\closed\photo_72_2024-12-05_22-23-25.jpg
3349,3,no stopping,closed,1280,852,photo_94_2024-12-05_22-23-10.jpg,dataset_top12\no stopping\closed\photo_94_2024-12-05_22-23-10.jpg
3119,3,no stopping,opened,907,895,photo_55_2024-12-18_13-00-25.jpg,dataset_top12\no stopping\opened\photo_55_2024-12-18_13-00-25.jpg
1886,0,pedestrian crossing,closed,1090,1280,photo_73_2024-12-07_12-46-52.jpg,dataset_top12\pedestrian crossing\closed\photo_73_2024-12-07_12-46-52.jpg
1699,0,pedestrian crossing,closed,960,1280,photo_55_2024-12-07_12-48-02.jpg,dataset_top12\pedestrian crossing\closed\photo_55_2024-12-07_12-48-02.jpg
3811,5,maximum speed limit_40,opened,559,556,photo_78_2024-12-19_02-03-02.jpg,dataset_top12\maximum speed limit_40\opened\photo_78_2024-12-19_02-03-02.jpg
3630,4,parking place,opened,960,1280,photo_98_2024-12-19_01-59-18.jpg,dataset_top12\parking place\opened\photo_98_2024-12-19_01-59-18.jpg
3794,5,maximum speed limit_40,opened,713,683,photo_69_2024-12-18_13-02-04.jpg,dataset_top12\maximum speed limit_40\opened\photo_69_2024-12-18_13-02-04.jpg
1913,0,pedestrian crossing,closed,960,1280,photo_76_2024-10-29_09-53-08.jpg,dataset_top12\pedestrian crossing\closed\photo_76_2024-10-29_09-53-08.jpg
1642,0,pedestrian crossing,closed,720,1280,photo_5278624148517676763_y.jpg,dataset_top12\pedestrian crossing\closed\photo_5278624148517676763_y.jpg
606,0,pedestrian crossing,opened,797,846,photo_69_2024-12-18_02-33-06.jpg,dataset_top12\pedestrian crossing\opened\photo_69_2024-12-18_02-33-06.jpg
3496,4,parking place,opened,960,1280,photo_51_2024-12-18_13-05-57.jpg,dataset_top12\parking place\opened\photo_51_2024-12-18_13-05-57.jpg
1632,0,pedestrian crossing,closed,720,1280,photo_5278624148517676750_y.jpg,dataset_top12\pedestrian crossing\closed\photo_5278624148517676750_y.jpg
3251,3,no stopping,closed,960,1280,photo_16_2024-12-06_22-25-22.jpg,dataset_top12\no stopping\closed\photo_16_2024-12-06_22-25-22.jpg
96,0,pedestrian crossing,opened,960,1280,photo_17_2024-12-18_02-36-53.jpg,dataset_top12\pedestrian crossing\opened\photo_17_2024-12-18_02-36-53.jpg
3338,3,no stopping,closed,1105,763,photo_89_2024-12-06_22-24-57.jpg,dataset_top12\no stopping\closed\photo_89_2024-12-06_22-24-57.jpg
2994,2,tow truck,closed,513,518,photo_33_2024-12-06_22-25-22.jpg,dataset_top12\tow truck\closed\photo_33_2024-12-06_22-25-22.jpg
988,0,pedestrian crossing,closed,4640,3472,IMG_20241029_175802.jpg,dataset_top12\pedestrian crossing\closed\IMG_20241029_175802.jpg
2150,1,give way,opened,963,1280,photo_14_2024-12-07_12-46-04.jpg,dataset_top12\give way\opened\photo_14_2024-12-07_12-46-04.jpg
3272,3,no stopping,closed,765,791,photo_33_2024-12-06_22-25-22_1.jpg,dataset_top12\no stopping\closed\photo_33_2024-12-06_22-25-22_1.jpg
319,0,pedestrian crossing,opened,960,1280,photo_37_2024-12-18_02-17-32.jpg,dataset_top12\pedestrian crossing\opened\photo_37_2024-12-18_02-17-32.jpg
2628,1,give way,closed,807,1108,photo_60_2024-10-29_09-53-51.jpg,dataset_top12\give way\closed\photo_60_2024-10-29_09-53-51.jpg
2107,0,pedestrian crossing,closed,960,1280,photo_95_2024-12-05_22-22-53.jpg,dataset_top12\pedestrian crossing\closed\photo_95_2024-12-05_22-22-53.jpg
1541,0,pedestrian crossing,closed,720,1280,photo_5278624148517676510_y.jpg,dataset_top12\pedestrian crossing\closed\photo_5278624148517676510_y.jpg
2636,1,give way,closed,960,1280,photo_64_2024-12-06_22-24-57.jpg,dataset_top12\give way\closed\photo_64_2024-12-06_22-24-57.jpg
3211,3,no stopping,closed,2034,2082,20241102_112629.jpg,dataset_top12\no stopping\closed\20241102_112629.jpg
916,0,pedestrian crossing,closed,3096,2966,20241102_122033.jpg,dataset_top12\pedestrian crossing\closed\20241102_122033.jpg
2755,2,tow truck,opened,960,779,photo_22_2024-12-19_01-58-39.jpg,dataset_top12\tow truck\opened\photo_22_2024-12-19_01-58-39.jpg
36,0,pedestrian crossing,opened,960,1280,photo_12_2024-12-18_02-33-06.jpg,dataset_top12\pedestrian crossing\opened\photo_12_2024-12-18_02-33-06.jpg
1561,0,pedestrian crossing,closed,585,789,photo_5278624148517676612_y.jpg,dataset_top12\pedestrian crossing\closed\photo_5278624148517676612_y.jpg
3089,3,no stopping,opened,960,1280,photo_30_2024-12-18_13-03-52.jpg,dataset_top12\no stopping\opened\photo_30_2024-12-18_13-03-52.jpg
1609,0,pedestrian crossing,closed,720,1280,photo_5278624148517676727_y.jpg,dataset_top12\pedestrian crossing\closed\photo_5278624148517676727_y.jpg
3524,4,parking place,opened,960,1280,photo_59_2024-12-19_01-59-18.jpg,dataset_top12\parking place\opened\photo_59_2024-12-19_01-59-18.jpg
775,0,pedestrian crossing,opened,960,1280,photo_87_2024-12-19_00-10-31.jpg,dataset_top12\pedestrian crossing\opened\photo_87_2024-12-19_00-10-31.jpg
2873,2,tow truck,opened,725,673,photo_59_2024-12-18_02-17-59.jpg,dataset_top12\tow truck\opened\photo_59_2024-12-18_02-17-59.jpg
3064,3,no stopping,opened,960,1280,photo_16_2024-12-18_13-00-25.jpg,dataset_top12\no stopping\opened\photo_16_2024-12-18_13-00-25.jpg
4099,6,left,opened,63,108,photo_53_2024-04-25_12-41-12_9.jpg,dataset_top12\left\opened\photo_53_2024-04-25_12-41-12_9.jpg
1261,0,pedestrian crossing,closed,960,1280,photo_36_2024-10-29_09-42-50.jpg,dataset_top12\pedestrian crossing\closed\photo_36_2024-10-29_09-42-50.jpg
1331,0,pedestrian crossing,closed,788,798,photo_42_2024-12-07_12-48-02.jpg,dataset_top12\pedestrian crossing\closed\photo_42_2024-12-07_12-48-02.jpg
3143,3,no stopping,opened,558,566,photo_6_2024-12-09_12-46-32_1.jpg,dataset_top12\no stopping\opened\photo_6_2024-12-09_12-46-32_1.jpg
2862,2,tow truck,opened,672,705,photo_55_2024-12-19_02-00-05.jpg,dataset_top12\tow truck\opened\photo_55_2024-12-19_02-00-05.jpg
1422,0,pedestrian crossing,closed,960,1280,photo_50_2024-12-07_12-48-02.jpg,dataset_top12\pedestrian crossing\closed\photo_50_2024-12-07_12-48-02.jpg
1078,0,pedestrian crossing,closed,960,1280,photo_18_2024-10-29_09-54-21.jpg,dataset_top12\pedestrian crossing\closed\photo_18_2024-10-29_09-54-21.jpg
3745,5,maximum speed limit_40,opened,610,598,photo_47_2024-12-19_02-03-02.jpg,dataset_top12\maximum speed limit_40\opened\photo_47_2024-12-19_02-03-02.jpg
2822,2,tow truck,opened,695,678,photo_40_2024-12-19_02-00-53.jpg,dataset_top12\tow truck\opened\photo_40_2024-12-19_02-00-53.jpg
2941,2,tow truck,opened,566,579,photo_87_2024-12-19_02-03-02.jpg,dataset_top12\tow truck\opened\photo_87_2024-12-19_02-03-02.jpg
2810,2,tow truck,opened,697,671,photo_36_2024-12-19_02-00-53.jpg,dataset_top12\tow truck\opened\photo_36_2024-12-19_02-00-53.jpg
3391,4,parking place,opened,960,1280,photo_19_2024-12-18_02-17-32.jpg,dataset_top12\parking place\opened\photo_19_2024-12-18_02-17-32.jpg
168,0,pedestrian crossing,opened,960,1280,photo_22_2024-12-19_00-11-08.jpg,dataset_top12\pedestrian crossing\opened\photo_22_2024-12-19_00-11-08.jpg
715,0,pedestrian crossing,opened,960,1280,photo_7_2024-12-18_13-01-24.jpg,dataset_top12\pedestrian crossing\opened\photo_7_2024-12-18_13-01-24.jpg
4665,9,straight,opened,528,724,IMG_0820.JPG,dataset_top12\straight\opened\IMG_0820.JPG
3485,4,parking place,opened,960,1280,photo_48_2024-12-18_02-17-32.jpg,dataset_top12\parking place\opened\photo_48_2024-12-18_02-17-32.jpg
4378,7,stop line,closed,720,1280,photo_5278624148517676719_y.jpg,dataset_top12\stop line\closed\photo_5278624148517676719_y.jpg
92,0,pedestrian crossing,opened,960,1280,photo_17_2024-12-09_12-50-33.jpg,dataset_top12\pedestrian crossing\opened\photo_17_2024-12-09_12-50-33.jpg
1445,0,pedestrian crossing,closed,960,1280,photo_5278624148517676315_y (1).jpg,dataset_top12\pedestrian crossing\closed\photo_5278624148517676315_y (1).jpg
635,0,pedestrian crossing,opened,828,506,photo_71_2024-12-18_12-58-24.jpg,dataset_top12\pedestrian crossing\opened\photo_71_2024-12-18_12-58-24.jpg
4650,9,straight,opened,407,390,IMG_0791_0.JPG,dataset_top12\straight\opened\IMG_0791_0.JPG
1824,0,pedestrian crossing,closed,960,1280,photo_68_2024-10-29_09-42-50.jpg,dataset_top12\pedestrian crossing\closed\photo_68_2024-10-29_09-42-50.jpg
2519,1,give way,closed,1280,706,photo_37_2024-12-05_22-22-53.jpg,dataset_top12\give way\closed\photo_37_2024-12-05_22-22-53.jpg
1672,0,pedestrian crossing,closed,1195,1280,photo_52_2024-12-05_22-23-25.jpg,dataset_top12\pedestrian crossing\closed\photo_52_2024-12-05_22-23-25.jpg
644,0,pedestrian crossing,opened,960,1280,photo_72_2024-12-18_02-33-06.jpg,dataset_top12\pedestrian crossing\opened\photo_72_2024-12-18_02-33-06.jpg
4944,10,bus stop,closed,813,811,photo_39_2024-12-09_12-45-24.jpg,dataset_top12\bus stop\closed\photo_39_2024-12-09_12-45-24.jpg
3914,5,maximum speed limit_40,closed,1280,559,photo_71_2024-12-05_22-22-53.jpg,dataset_top12\maximum speed limit_40\closed\photo_71_2024-12-05_22-22-53.jpg
347,0,pedestrian crossing,opened,960,1280,photo_39_2024-12-18_13-06-32.jpg,dataset_top12\pedestrian crossing\opened\photo_39_2024-12-18_13-06-32.jpg
464,0,pedestrian crossing,opened,960,1280,photo_53_2024-12-09_12-46-32.jpg,dataset_top12\pedestrian crossing\opened\photo_53_2024-12-09_12-46-32.jpg
3376,4,parking place,opened,768,757,photo_15_2024-12-19_01-56-44.jpg,dataset_top12\parking place\opened\photo_15_2024-12-19_01-56-44.jpg
3444,4,parking place,opened,960,1280,photo_31_2024-12-18_02-17-32.jpg,dataset_top12\parking place\opened\photo_31_2024-12-18_02-17-32.jpg
191,0,pedestrian crossing,opened,960,1280,photo_25_2024-12-18_13-03-52.jpg,dataset_top12\pedestrian crossing\opened\photo_25_2024-12-18_13-03-52.jpg
38,0,pedestrian crossing,opened,960,1280,photo_12_2024-12-18_13-00-25.jpg,dataset_top12\pedestrian crossing\opened\photo_12_2024-12-18_13-00-25.jpg
2080,0,pedestrian crossing,closed,960,1280,photo_91_2024-12-07_12-51-07.jpg,dataset_top12\pedestrian crossing\closed\photo_91_2024-12-07_12-51-07.jpg
1122,0,pedestrian crossing,closed,1280,846,photo_22_2024-12-05_22-23-50.jpg,dataset_top12\pedestrian crossing\closed\photo_22_2024-12-05_22-23-50.jpg
4946,10,bus stop,closed,960,1280,photo_40_2024-10-29_09-54-21.jpg,dataset_top12\bus stop\closed\photo_40_2024-10-29_09-54-21.jpg
5110,11,no entry,opened,960,1280,photo_63_2024-12-18_02-28-33.jpg,dataset_top12\no entry\opened\photo_63_2024-12-18_02-28-33.jpg
2366,1,give way,opened,585,588,photo_92_2024-12-09_12-49-48.jpg,dataset_top12\give way\opened\photo_92_2024-12-09_12-49-48.jpg
4225,7,stop line,opened,923,1136,photo_31_2024-12-18_13-02-03.jpg,dataset_top12\stop line\opened\photo_31_2024-12-18_13-02-03.jpg
101,0,pedestrian crossing,opened,960,1280,photo_17_2024-12-19_00-10-31.jpg,dataset_top12\pedestrian crossing\opened\photo_17_2024-12-19_00-10-31.jpg
4303,7,stop line,opened,708,753,photo_72_2024-12-18_02-27-08.jpg,dataset_top12\stop line\opened\photo_72_2024-12-18_02-27-08.jpg
4860,10,bus stop,opened,521,520,photo_63_2024-12-09_12-49-48.jpg,dataset_top12\bus stop\opened\photo_63_2024-12-09_12-49-48.jpg
251,0,pedestrian crossing,opened,600,585,photo_30_2024-12-18_02-27-47.jpg,dataset_top12\pedestrian crossing\opened\photo_30_2024-12-18_02-27-47.jpg
3295,3,no stopping,closed,497,527,photo_62_2024-12-06_22-25-52_1.jpg,dataset_top12\no stopping\closed\photo_62_2024-12-06_22-25-52_1.jpg
4316,7,stop line,opened,960,1280,photo_87_2024-12-18_02-25-50.jpg,dataset_top12\stop line\opened\photo_87_2024-12-18_02-25-50.jpg
2984,2,tow truck,closed,1231,1188,IMG_20241017_161348.jpg,dataset_top12\tow truck\closed\IMG_20241017_161348.jpg
1647,0,pedestrian crossing,closed,720,1280,photo_5278624148517676768_y.jpg,dataset_top12\pedestrian crossing\closed\photo_5278624148517676768_y.jpg
995,0,pedestrian crossing,closed,4640,3472,IMG_20241029_180611.jpg,dataset_top12\pedestrian crossing\closed\IMG_20241029_180611.jpg
802,0,pedestrian crossing,opened,1280,1262,photo_90_2024-12-18_02-27-08.jpg,dataset_top12\pedestrian crossing\opened\photo_90_2024-12-18_02-27-08.jpg
4072,6,left,opened,168,168,photo_40_2024-04-25_12-41-12.jpg,dataset_top12\left\opened\photo_40_2024-04-25_12-41-12.jpg
741,0,pedestrian crossing,opened,960,1280,photo_83_2024-12-09_12-46-01.jpg,dataset_top12\pedestrian crossing\opened\photo_83_2024-12-09_12-46-01.jpg
2371,1,give way,opened,960,1280,photo_95_2024-12-18_02-33-06.jpg,dataset_top12\give way\opened\photo_95_2024-12-18_02-33-06.jpg
4171,6,left,closed,960,1280,photo_8_2024-12-06_22-24-22.jpg,dataset_top12\left\closed\photo_8_2024-12-06_22-24-22.jpg
446,0,pedestrian crossing,opened,960,1280,photo_50_2024-12-18_13-06-32.jpg,dataset_top12\pedestrian crossing\opened\photo_50_2024-12-18_13-06-32.jpg
1135,0,pedestrian crossing,closed,960,1280,photo_23_2024-12-09_12-45-24.jpg,dataset_top12\pedestrian crossing\closed\photo_23_2024-12-09_12-45-24.jpg
2376,1,give way,opened,960,1280,photo_96_2024-12-19_02-00-53.jpg,dataset_top12\give way\opened\photo_96_2024-12-19_02-00-53.jpg
185,0,pedestrian crossing,opened,960,1280,photo_24_2024-12-19_00-11-08.jpg,dataset_top12\pedestrian crossing\opened\photo_24_2024-12-19_00-11-08.jpg
1774,0,pedestrian crossing,closed,960,1280,photo_62_2024-12-07_12-48-37.jpg,dataset_top12\pedestrian crossing\closed\photo_62_2024-12-07_12-48-37.jpg
2251,1,give way,opened,544,542,photo_44_2024-12-09_12-46-01_1.jpg,dataset_top12\give way\opened\photo_44_2024-12-09_12-46-01_1.jpg
599,0,pedestrian crossing,opened,960,1280,photo_68_2024-12-18_13-05-23.jpg,dataset_top12\pedestrian crossing\opened\photo_68_2024-12-18_13-05-23.jpg
941,0,pedestrian crossing,closed,4640,3472,IMG_20241029_173605.jpg,dataset_top12\pedestrian crossing\closed\IMG_20241029_173605.jpg
3544,4,parking place,opened,960,1280,photo_66_2024-12-18_13-01-24.jpg,dataset_top12\parking place\opened\photo_66_2024-12-18_13-01-24.jpg
2393,1,give way,closed,4624,3468,20241102_123510.jpg,dataset_top12\give way\closed\20241102_123510.jpg
3770,5,maximum speed limit_40,opened,825,803,photo_53_2024-12-19_01-58-39.jpg,dataset_top12\maximum speed limit_40\opened\photo_53_2024-12-19_01-58-39.jpg
3283,3,no stopping,closed,960,1280,photo_4_2024-12-06_22-23-51.jpg,dataset_top12\no stopping\closed\photo_4_2024-12-06_22-23-51.jpg
152,0,pedestrian crossing,opened,960,1280,photo_21_2024-12-09_12-49-48.jpg,dataset_top12\pedestrian crossing\opened\photo_21_2024-12-09_12-49-48.jpg
4195,7,stop line,opened,616,604,photo_2024-12-18_02-09-32.jpg,dataset_top12\stop line\opened\photo_2024-12-18_02-09-32.jpg
1388,0,pedestrian crossing,closed,960,1280,photo_49_2024-10-29_09-42-50.jpg,dataset_top12\pedestrian crossing\closed\photo_49_2024-10-29_09-42-50.jpg
3413,4,parking place,opened,960,1280,photo_23_2024-12-18_13-07-03.jpg,dataset_top12\parking place\opened\photo_23_2024-12-18_13-07-03.jpg
3918,5,maximum speed limit_40,closed,1026,1280,photo_79_2024-12-07_12-48-37.jpg,dataset_top12\maximum speed limit_40\closed\photo_79_2024-12-07_12-48-37.jpg
2805,2,tow truck,opened,1116,1280,photo_35_2024-12-18_02-27-08.jpg,dataset_top12\tow truck\opened\photo_35_2024-12-18_02-27-08.jpg
758,0,pedestrian crossing,opened,960,1280,photo_85_2024-12-09_12-46-01.jpg,dataset_top12\pedestrian crossing\opened\photo_85_2024-12-09_12-46-01.jpg
4442,8,right,opened,531,818,IMG_0843.JPG,dataset_top12\right\opened\IMG_0843.JPG
1028,0,pedestrian crossing,closed,960,1280,photo_11_2024-12-18_02-36-53.jpg,dataset_top12\pedestrian crossing\closed\photo_11_2024-12-18_02-36-53.jpg
1106,0,pedestrian crossing,closed,960,1280,photo_20_2024-12-07_12-48-36.jpg,dataset_top12\pedestrian crossing\closed\photo_20_2024-12-07_12-48-36.jpg
4420,8,right,opened,1021,1162,IMG_0782.JPG,dataset_top12\right\opened\IMG_0782.JPG
3468,4,parking place,opened,960,1280,photo_41_2024-12-18_13-05-57.jpg,dataset_top12\parking place\opened\photo_41_2024-12-18_13-05-57.jpg
242,0,pedestrian crossing,opened,960,1280,photo_2_2024-12-18_02-33-06.jpg,dataset_top12\pedestrian crossing\opened\photo_2_2024-12-18_02-33-06.jpg
4675,9,straight,opened,84,80,photo_11_2024-04-25_12-41-12_1_9.jpg,dataset_top12\straight\opened\photo_11_2024-04-25_12-41-12_1_9.jpg
4255,7,stop line,opened,960,1280,photo_46_2024-12-09_12-49-48.jpg,dataset_top12\stop line\opened\photo_46_2024-12-09_12-49-48.jpg
3726,5,maximum speed limit_40,opened,731,704,photo_40_2024-12-18_13-01-24.jpg,dataset_top12\maximum speed limit_40\opened\photo_40_2024-12-18_13-01-24.jpg
3970,6,left,opened,611,884,IMG_0796_8.JPG,dataset_top12\left\opened\IMG_0796_8.JPG
3387,4,parking place,opened,822,780,photo_18_2024-12-19_01-56-44.jpg,dataset_top12\parking place\opened\photo_18_2024-12-19_01-56-44.jpg
2093,0,pedestrian crossing,closed,960,1280,photo_93_2024-12-05_22-22-53.jpg,dataset_top12\pedestrian crossing\closed\photo_93_2024-12-05_22-22-53.jpg
3671,5,maximum speed limit_40,opened,960,1280,photo_11_2024-12-18_02-27-47.jpg,dataset_top12\maximum speed limit_40\opened\photo_11_2024-12-18_02-27-47.jpg
3321,3,no stopping,closed,363,394,photo_77_2024-12-07_12-46-04.jpg,dataset_top12\no stopping\closed\photo_77_2024-12-07_12-46-04.jpg
2820,2,tow truck,opened,676,651,photo_40_2024-12-18_13-04-36.jpg,dataset_top12\tow truck\opened\photo_40_2024-12-18_13-04-36.jpg
591,0,pedestrian crossing,opened,960,1280,photo_67_2024-12-19_00-10-31.jpg,dataset_top12\pedestrian crossing\opened\photo_67_2024-12-19_00-10-31.jpg
4501,8,right,opened,178,178,photo_29_2024-04-25_12-43-13.jpg,dataset_top12\right\opened\photo_29_2024-04-25_12-43-13.jpg
4683,9,straight,opened,128,141,photo_13_2024-04-25_12-41-12_8.jpg,dataset_top12\straight\opened\photo_13_2024-04-25_12-41-12_8.jpg
4453,8,right,opened,98,102,photo_11_2024-04-25_12-41-12_4_0.jpg,dataset_top12\right\opened\photo_11_2024-04-25_12-41-12_4_0.jpg
3105,3,no stopping,opened,960,1280,photo_43_2024-12-18_02-33-06.jpg,dataset_top12\no stopping\opened\photo_43_2024-12-18_02-33-06.jpg
1410,0,pedestrian crossing,closed,960,1280,photo_4_2024-12-09_12-45-24.jpg,dataset_top12\pedestrian crossing\closed\photo_4_2024-12-09_12-45-24.jpg
3033,2,tow truck,closed,1280,889,photo_89_2024-12-05_22-23-25.jpg,dataset_top12\tow truck\closed\photo_89_2024-12-05_22-23-25.jpg
695,0,pedestrian crossing,opened,960,1280,photo_78_2024-12-18_13-00-25.jpg,dataset_top12\pedestrian crossing\opened\photo_78_2024-12-18_13-00-25.jpg
936,0,pedestrian crossing,closed,4640,3472,IMG_20241017_181816.jpg,dataset_top12\pedestrian crossing\closed\IMG_20241017_181816.jpg
1595,0,pedestrian crossing,closed,720,1280,photo_5278624148517676687_y.jpg,dataset_top12\pedestrian crossing\closed\photo_5278624148517676687_y.jpg
4029,6,left,opened,104,125,photo_23_2024-04-25_12-20-30_3.jpg,dataset_top12\left\opened\photo_23_2024-04-25_12-20-30_3.jpg
217,0,pedestrian crossing,opened,960,1280,photo_28_2024-12-09_12-46-32.jpg,dataset_top12\pedestrian crossing\opened\photo_28_2024-12-09_12-46-32.jpg
3829,5,maximum speed limit_40,opened,544,510,photo_8_2024-12-19_02-03-02.jpg,dataset_top12\maximum speed limit_40\opened\photo_8_2024-12-19_02-03-02.jpg
422,0,pedestrian crossing,opened,960,1280,photo_48_2024-12-18_13-05-57.jpg,dataset_top12\pedestrian crossing\opened\photo_48_2024-12-18_13-05-57.jpg
4684,9,straight,opened,98,123,photo_13_2024-04-25_12-41-12_9.jpg,dataset_top12\straight\opened\photo_13_2024-04-25_12-41-12_9.jpg
3703,5,maximum speed limit_40,opened,580,640,photo_28_2024-12-18_02-22-06.jpg,dataset_top12\maximum speed limit_40\opened\photo_28_2024-12-18_02-22-06.jpg
2811,2,tow truck,opened,379,386,photo_36_2024-12-19_02-03-02.jpg,dataset_top12\tow truck\opened\photo_36_2024-12-19_02-03-02.jpg
5081,11,no entry,opened,960,1280,photo_48_2024-12-18_02-17-59.jpg,dataset_top12\no entry\opened\photo_48_2024-12-18_02-17-59.jpg
3109,3,no stopping,opened,960,1280,photo_45_2024-12-18_02-25-50.jpg,dataset_top12\no stopping\opened\photo_45_2024-12-18_02-25-50.jpg
749,0,pedestrian crossing,opened,960,1280,photo_83_2024-12-19_00-10-31.jpg,dataset_top12\pedestrian crossing\opened\photo_83_2024-12-19_00-10-31.jpg
53,0,pedestrian crossing,opened,960,1280,photo_13_2024-12-18_13-05-57.jpg,dataset_top12\pedestrian crossing\opened\photo_13_2024-12-18_13-05-57.jpg
1316,0,pedestrian crossing,closed,960,1280,photo_41_2024-10-29_09-42-50.jpg,dataset_top12\pedestrian crossing\closed\photo_41_2024-10-29_09-42-50.jpg
3628,4,parking place,opened,960,1280,photo_98_2024-12-18_02-25-50.jpg,dataset_top12\parking place\opened\photo_98_2024-12-18_02-25-50.jpg
1971,0,pedestrian crossing,closed,960,1280,photo_81_2024-12-05_22-23-10.jpg,dataset_top12\pedestrian crossing\closed\photo_81_2024-12-05_22-23-10.jpg
4495,8,right,opened,521,507,photo_25_2024-12-09_12-49-48.jpg,dataset_top12\right\opened\photo_25_2024-12-09_12-49-48.jpg
3557,4,parking place,opened,960,1280,photo_6_2024-12-18_13-07-03.jpg,dataset_top12\parking place\opened\photo_6_2024-12-18_13-07-03.jpg
1526,0,pedestrian crossing,closed,960,1280,photo_5278624148517676455_y.jpg,dataset_top12\pedestrian crossing\closed\photo_5278624148517676455_y.jpg
3859,5,maximum speed limit_40,closed,1280,952,photo_11_2024-12-05_22-23-25.jpg,dataset_top12\maximum speed limit_40\closed\photo_11_2024-12-05_22-23-25.jpg
4663,9,straight,opened,734,844,IMG_0818.JPG,dataset_top12\straight\opened\IMG_0818.JPG
4647,9,straight,opened,438,487,IMG_0790.JPG,dataset_top12\straight\opened\IMG_0790.JPG
870,0,pedestrian crossing,opened,531,635,photo_98_2024-10-29_09-53-51.jpg,dataset_top12\pedestrian crossing\opened\photo_98_2024-10-29_09-53-51.jpg
4143,6,left,closed,960,1280,photo_11_2024-12-06_22-24-22.jpg,dataset_top12\left\closed\photo_11_2024-12-06_22-24-22.jpg
4096,6,left,opened,151,152,photo_53_2024-04-25_12-41-12.jpg,dataset_top12\left\opened\photo_53_2024-04-25_12-41-12.jpg
1471,0,pedestrian crossing,closed,960,1280,photo_5278624148517676350_y.jpg,dataset_top12\pedestrian crossing\closed\photo_5278624148517676350_y.jpg
1058,0,pedestrian crossing,closed,960,1280,photo_16_2024-10-29_09-54-21.jpg,dataset_top12\pedestrian crossing\closed\photo_16_2024-10-29_09-54-21.jpg
1149,0,pedestrian crossing,closed,960,1280,photo_25_2024-10-29_09-54-21.jpg,dataset_top12\pedestrian crossing\closed\photo_25_2024-10-29_09-54-21.jpg
1170,0,pedestrian crossing,closed,960,1280,photo_27_2024-12-07_12-48-02.jpg,dataset_top12\pedestrian crossing\closed\photo_27_2024-12-07_12-48-02.jpg
2876,2,tow truck,opened,476,452,photo_5_2024-12-19_01-58-39.jpg,dataset_top12\tow truck\opened\photo_5_2024-12-19_01-58-39.jpg
2225,1,give way,opened,960,1280,photo_32_2024-12-18_13-01-24.jpg,dataset_top12\give way\opened\photo_32_2024-12-18_13-01-24.jpg
3274,3,no stopping,closed,919,1007,photo_37_2024-12-07_12-46-04.jpg,dataset_top12\no stopping\closed\photo_37_2024-12-07_12-46-04.jpg
1175,0,pedestrian crossing,closed,960,1280,photo_28_2024-10-29_09-54-21.jpg,dataset_top12\pedestrian crossing\closed\photo_28_2024-10-29_09-54-21.jpg
2789,2,tow truck,opened,659,656,photo_31_2024-12-19_02-00-05.jpg,dataset_top12\tow truck\opened\photo_31_2024-12-19_02-00-05.jpg
2430,1,give way,closed,4640,3472,IMG_20241029_175732.jpg,dataset_top12\give way\closed\IMG_20241029_175732.jpg
74,0,pedestrian crossing,opened,960,1280,photo_15_2024-12-18_13-03-52.jpg,dataset_top12\pedestrian crossing\opened\photo_15_2024-12-18_13-03-52.jpg
2719,2,tow truck,opened,356,337,photo_12_2024-12-19_02-00-53.jpg,dataset_top12\tow truck\opened\photo_12_2024-12-19_02-00-53.jpg
4625,8,right,opened,506,511,photo_9_2024-04-25_12-43-13.jpg,dataset_top12\right\opened\photo_9_2024-04-25_12-43-13.jpg
3937,6,left,opened,292,255,IMG_0763_8_8.JPG,dataset_top12\left\opened\IMG_0763_8_8.JPG
1281,0,pedestrian crossing,closed,960,1280,photo_38_2024-10-29_09-54-21.jpg,dataset_top12\pedestrian crossing\closed\photo_38_2024-10-29_09-54-21.jpg
865,0,pedestrian crossing,opened,960,1280,photo_97_2024-12-18_02-17-32.jpg,dataset_top12\pedestrian crossing\opened\photo_97_2024-12-18_02-17-32.jpg
3886,5,maximum speed limit_40,closed,720,1280,photo_5278624148517676790_y.jpg,dataset_top12\maximum speed limit_40\closed\photo_5278624148517676790_y.jpg
2349,1,give way,opened,960,1280,photo_87_2024-12-18_12-58-24.jpg,dataset_top12\give way\opened\photo_87_2024-12-18_12-58-24.jpg
4661,9,straight,opened,1195,1295,IMG_0807.JPG,dataset_top12\straight\opened\IMG_0807.JPG
3276,3,no stopping,closed,924,620,photo_38_2024-12-07_12-46-04.jpg,dataset_top12\no stopping\closed\photo_38_2024-12-07_12-46-04.jpg
2561,1,give way,closed,378,389,photo_5278624148517676421_y.jpg,dataset_top12\give way\closed\photo_5278624148517676421_y.jpg
532,0,pedestrian crossing,opened,960,1280,photo_61_2024-12-09_12-46-32.jpg,dataset_top12\pedestrian crossing\opened\photo_61_2024-12-09_12-46-32.jpg
3702,5,maximum speed limit_40,opened,836,913,photo_28_2024-12-18_02-10-22.jpg,dataset_top12\maximum speed limit_40\opened\photo_28_2024-12-18_02-10-22.jpg
3365,4,parking place,opened,827,727,photo_11_2024-12-19_01-56-44.jpg,dataset_top12\parking place\opened\photo_11_2024-12-19_01-56-44.jpg
4511,8,right,opened,505,500,photo_2_2024-12-19_02-04-54.jpg,dataset_top12\right\opened\photo_2_2024-12-19_02-04-54.jpg
1219,0,pedestrian crossing,closed,960,1280,photo_31_2024-12-06_22-25-52.jpg,dataset_top12\pedestrian crossing\closed\photo_31_2024-12-06_22-25-52.jpg
4013,6,left,opened,523,531,photo_18_2024-12-19_02-04-54.jpg,dataset_top12\left\opened\photo_18_2024-12-19_02-04-54.jpg
1800,0,pedestrian crossing,closed,960,1280,photo_65_2024-12-07_12-48-02.jpg,dataset_top12\pedestrian crossing\closed\photo_65_2024-12-07_12-48-02.jpg
3753,5,maximum speed limit_40,opened,474,541,photo_4_2024-12-18_02-13-44.jpg,dataset_top12\maximum speed limit_40\opened\photo_4_2024-12-18_02-13-44.jpg
3435,4,parking place,opened,960,1280,photo_2_2024-12-18_02-17-32.jpg,dataset_top12\parking place\opened\photo_2_2024-12-18_02-17-32.jpg
1263,0,pedestrian crossing,closed,960,1280,photo_36_2024-10-29_09-53-51.jpg,dataset_top12\pedestrian crossing\closed\photo_36_2024-10-29_09-53-51.jpg
4246,7,stop line,opened,960,1280,photo_43_2024-12-18_02-28-33.jpg,dataset_top12\stop line\opened\photo_43_2024-12-18_02-28-33.jpg
2776,2,tow truck,opened,960,857,photo_28_2024-12-19_02-00-05.jpg,dataset_top12\tow truck\opened\photo_28_2024-12-19_02-00-05.jpg
3161,3,no stopping,opened,960,1280,photo_76_2024-12-18_02-19-24.jpg,dataset_top12\no stopping\opened\photo_76_2024-12-18_02-19-24.jpg
4023,6,left,opened,168,192,photo_21_2024-04-25_12-41-12_2.jpg,dataset_top12\left\opened\photo_21_2024-04-25_12-41-12_2.jpg
2492,1,give way,closed,1094,1280,photo_25_2024-12-07_12-47-32.jpg,dataset_top12\give way\closed\photo_25_2024-12-07_12-47-32.jpg
2108,0,pedestrian crossing,closed,960,1280,photo_95_2024-12-07_12-48-02.jpg,dataset_top12\pedestrian crossing\closed\photo_95_2024-12-07_12-48-02.jpg
5003,10,bus stop,closed,960,1280,photo_84_2024-10-29_09-54-21.jpg,dataset_top12\bus stop\closed\photo_84_2024-10-29_09-54-21.jpg
1030,0,pedestrian crossing,closed,960,1280,photo_12_2024-10-29_09-53-51.jpg,dataset_top12\pedestrian crossing\closed\photo_12_2024-10-29_09-53-51.jpg
793,0,pedestrian crossing,opened,960,1280,photo_8_2024-12-18_13-01-24.jpg,dataset_top12\pedestrian crossing\opened\photo_8_2024-12-18_13-01-24.jpg
2568,1,give way,closed,720,1280,photo_5278624148517676532_y.jpg,dataset_top12\give way\closed\photo_5278624148517676532_y.jpg
4268,7,stop line,opened,817,783,photo_50_2024-12-18_13-00-25.jpg,dataset_top12\stop line\opened\photo_50_2024-12-18_13-00-25.jpg
2654,1,give way,closed,845,905,photo_71_2024-10-29_09-53-08.jpg,dataset_top12\give way\closed\photo_71_2024-10-29_09-53-08.jpg
2289,1,give way,opened,960,1280,photo_62_2024-12-18_12-58-24.jpg,dataset_top12\give way\opened\photo_62_2024-12-18_12-58-24.jpg
3687,5,maximum speed limit_40,opened,817,757,photo_17_2024-12-18_02-25-50.jpg,dataset_top12\maximum speed limit_40\opened\photo_17_2024-12-18_02-25-50.jpg
2232,1,give way,opened,960,1280,photo_34_2024-12-18_13-04-36.jpg,dataset_top12\give way\opened\photo_34_2024-12-18_13-04-36.jpg
2607,1,give way,closed,795,882,photo_52_2024-10-29_09-53-08.jpg,dataset_top12\give way\closed\photo_52_2024-10-29_09-53-08.jpg
2298,1,give way,opened,960,1280,photo_67_2024-12-18_02-33-06.jpg,dataset_top12\give way\opened\photo_67_2024-12-18_02-33-06.jpg
4660,9,straight,opened,1188,1268,IMG_0806.JPG,dataset_top12\straight\opened\IMG_0806.JPG
3278,3,no stopping,closed,909,879,photo_39_2024-12-18_02-27-08.jpg,dataset_top12\no stopping\closed\photo_39_2024-12-18_02-27-08.jpg
4212,7,stop line,opened,636,664,photo_28_2024-12-06_22-24-57.jpg,dataset_top12\stop line\opened\photo_28_2024-12-06_22-24-57.jpg
3997,6,left,opened,155,155,photo_13_2024-04-25_12-20-30_7.jpg,dataset_top12\left\opened\photo_13_2024-04-25_12-20-30_7.jpg
1747,0,pedestrian crossing,closed,980,984,photo_5_2024-12-07_12-48-36.jpg,dataset_top12\pedestrian crossing\closed\photo_5_2024-12-07_12-48-36.jpg
3820,5,maximum speed limit_40,opened,516,514,photo_83_2024-12-09_12-49-48.jpg,dataset_top12\maximum speed limit_40\opened\photo_83_2024-12-09_12-49-48.jpg
2303,1,give way,opened,488,456,photo_6_2024-12-19_02-00-53.jpg,dataset_top12\give way\opened\photo_6_2024-12-19_02-00-53.jpg
4435,8,right,opened,758,912,IMG_0814_7.JPG,dataset_top12\right\opened\IMG_0814_7.JPG
3031,2,tow truck,closed,583,581,photo_87_2024-12-09_12-45-24.jpg,dataset_top12\tow truck\closed\photo_87_2024-12-09_12-45-24.jpg
2524,1,give way,closed,849,964,photo_38_2024-12-07_12-47-32.jpg,dataset_top12\give way\closed\photo_38_2024-12-07_12-47-32.jpg
2574,1,give way,closed,720,1280,photo_5278624148517676551_y.jpg,dataset_top12\give way\closed\photo_5278624148517676551_y.jpg
4405,7,stop line,closed,436,435,photo_82_2024-12-09_12-46-32.jpg,dataset_top12\stop line\closed\photo_82_2024-12-09_12-46-32.jpg
4360,7,stop line,closed,601,631,photo_41_2024-12-06_22-24-57.jpg,dataset_top12\stop line\closed\photo_41_2024-12-06_22-24-57.jpg
409,0,pedestrian crossing,opened,960,1280,photo_47_2024-12-18_13-02-04.jpg,dataset_top12\pedestrian crossing\opened\photo_47_2024-12-18_13-02-04.jpg
1215,0,pedestrian crossing,closed,960,1280,photo_31_2024-10-29_09-53-08.jpg,dataset_top12\pedestrian crossing\closed\photo_31_2024-10-29_09-53-08.jpg
955,0,pedestrian crossing,closed,4640,3472,IMG_20241029_174203.jpg,dataset_top12\pedestrian crossing\closed\IMG_20241029_174203.jpg
1923,0,pedestrian crossing,closed,960,1280,photo_77_2024-12-05_22-23-25.jpg,dataset_top12\pedestrian crossing\closed\photo_77_2024-12-05_22-23-25.jpg
3711,5,maximum speed limit_40,opened,741,791,photo_31_2024-12-19_01-58-39.jpg,dataset_top12\maximum speed limit_40\opened\photo_31_2024-12-19_01-58-39.jpg
2715,2,tow truck,opened,525,439,photo_11_2024-12-19_01-58-39.jpg,dataset_top12\tow truck\opened\photo_11_2024-12-19_01-58-39.jpg
411,0,pedestrian crossing,opened,854,795,photo_47_2024-12-18_13-04-36.jpg,dataset_top12\pedestrian crossing\opened\photo_47_2024-12-18_13-04-36.jpg
2887,2,tow truck,opened,1280,648,photo_64_2024-12-18_02-27-08.jpg,dataset_top12\tow truck\opened\photo_64_2024-12-18_02-27-08.jpg
2449,1,give way,closed,1226,1280,photo_11_2024-12-07_12-47-32.jpg,dataset_top12\give way\closed\photo_11_2024-12-07_12-47-32.jpg
3691,5,maximum speed limit_40,opened,960,945,photo_19_2024-12-18_02-28-33.jpg,dataset_top12\maximum speed limit_40\opened\photo_19_2024-12-18_02-28-33.jpg
1538,0,pedestrian crossing,closed,720,1280,photo_5278624148517676492_y.jpg,dataset_top12\pedestrian crossing\closed\photo_5278624148517676492_y.jpg
893,0,pedestrian crossing,closed,4624,3468,20241102_112230.jpg,dataset_top12\pedestrian crossing\closed\20241102_112230.jpg
5008,10,bus stop,closed,1124,843,photo_90_2024-12-06_22-25-52.jpg,dataset_top12\bus stop\closed\photo_90_2024-12-06_22-25-52.jpg
2787,2,tow truck,opened,1206,1280,photo_31_2024-12-18_02-27-08.jpg,dataset_top12\tow truck\opened\photo_31_2024-12-18_02-27-08.jpg
4739,9,straight,opened,207,209,photo_3_2024-05-17_15-34-29o.jpg,dataset_top12\straight\opened\photo_3_2024-05-17_15-34-29o.jpg
1132,0,pedestrian crossing,closed,960,1280,photo_23_2024-12-06_22-24-57.jpg,dataset_top12\pedestrian crossing\closed\photo_23_2024-12-06_22-24-57.jpg
5051,11,no entry,opened,960,1280,photo_2_2024-12-18_02-27-47.jpg,dataset_top12\no entry\opened\photo_2_2024-12-18_02-27-47.jpg
226,0,pedestrian crossing,opened,960,1280,photo_28_2024-12-18_13-05-23.jpg,dataset_top12\pedestrian crossing\opened\photo_28_2024-12-18_13-05-23.jpg
4498,8,right,opened,68,47,photo_27_2024-04-25_12-20-30_9.jpg,dataset_top12\right\opened\photo_27_2024-04-25_12-20-30_9.jpg
1827,0,pedestrian crossing,closed,960,1280,photo_68_2024-10-29_09-54-21.jpg,dataset_top12\pedestrian crossing\closed\photo_68_2024-10-29_09-54-21.jpg
3651,4,parking place,closed,960,1280,photo_5278624148517676630_y.jpg,dataset_top12\parking place\closed\photo_5278624148517676630_y.jpg
3668,5,maximum speed limit_40,opened,609,592,photo_10_2024-12-19_02-03-02.jpg,dataset_top12\maximum speed limit_40\opened\photo_10_2024-12-19_02-03-02.jpg
2448,1,give way,closed,1237,1280,photo_11_2024-12-07_12-46-04.jpg,dataset_top12\give way\closed\photo_11_2024-12-07_12-46-04.jpg
1212,0,pedestrian crossing,closed,960,1280,photo_30_2024-12-06_22-25-52.jpg,dataset_top12\pedestrian crossing\closed\photo_30_2024-12-06_22-25-52.jpg
1581,0,pedestrian crossing,closed,960,1280,photo_5278624148517676645_y.jpg,dataset_top12\pedestrian crossing\closed\photo_5278624148517676645_y.jpg
1852,0,pedestrian crossing,closed,960,1280,photo_6_2024-12-18_02-36-53.jpg,dataset_top12\pedestrian crossing\closed\photo_6_2024-12-18_02-36-53.jpg
1764,0,pedestrian crossing,closed,960,1280,photo_61_2024-12-05_22-23-25.jpg,dataset_top12\pedestrian crossing\closed\photo_61_2024-12-05_22-23-25.jpg
979,0,pedestrian crossing,closed,4640,3472,IMG_20241029_175315.jpg,dataset_top12\pedestrian crossing\closed\IMG_20241029_175315.jpg
2580,1,give way,closed,960,1280,photo_5278624148517676589_y.jpg,dataset_top12\give way\closed\photo_5278624148517676589_y.jpg
4090,6,left,opened,298,285,photo_49_2024-11-28_18-39-35.jpg,dataset_top12\left\opened\photo_49_2024-11-28_18-39-35.jpg
2646,1,give way,closed,960,1280,photo_68_2024-12-06_22-24-57.jpg,dataset_top12\give way\closed\photo_68_2024-12-06_22-24-57.jpg
1502,0,pedestrian crossing,closed,960,1280,photo_5278624148517676395_y.jpg,dataset_top12\pedestrian crossing\closed\photo_5278624148517676395_y.jpg
4556,8,right,opened,459,459,photo_4_2024-04-25_12-41-12_r.jpg,dataset_top12\right\opened\photo_4_2024-04-25_12-41-12_r.jpg
1682,0,pedestrian crossing,closed,960,1280,photo_53_2024-12-05_22-23-25.jpg,dataset_top12\pedestrian crossing\closed\photo_53_2024-12-05_22-23-25.jpg
1449,0,pedestrian crossing,closed,960,1280,photo_5278624148517676319_y.jpg,dataset_top12\pedestrian crossing\closed\photo_5278624148517676319_y.jpg
4369,7,stop line,closed,516,628,photo_5278624148517676359_y.jpg,dataset_top12\stop line\closed\photo_5278624148517676359_y.jpg
18,0,pedestrian crossing,opened,960,1280,photo_10_2024-12-18_12-58-24.jpg,dataset_top12\pedestrian crossing\opened\photo_10_2024-12-18_12-58-24.jpg
4398,7,stop line,closed,960,1280,photo_78_2024-12-06_22-24-57.jpg,dataset_top12\stop line\closed\photo_78_2024-12-06_22-24-57.jpg
3521,4,parking place,opened,960,1280,photo_58_2024-12-19_02-00-05.jpg,dataset_top12\parking place\opened\photo_58_2024-12-19_02-00-05.jpg
2965,2,tow truck,closed,1114,647,20241102_114824.jpg,dataset_top12\tow truck\closed\20241102_114824.jpg
4065,6,left,opened,124,154,photo_38_2024-04-25_12-43-13_0.jpg,dataset_top12\left\opened\photo_38_2024-04-25_12-43-13_0.jpg
4400,7,stop line,closed,627,554,photo_7_2024-12-07_12-49-18.jpg,dataset_top12\stop line\closed\photo_7_2024-12-07_12-49-18.jpg
1428,0,pedestrian crossing,closed,829,1105,photo_51_2024-10-29_09-53-51.jpg,dataset_top12\pedestrian crossing\closed\photo_51_2024-10-29_09-53-51.jpg
4877,10,bus stop,closed,4640,3472,IMG_20241017_162922.jpg,dataset_top12\bus stop\closed\IMG_20241017_162922.jpg
321,0,pedestrian crossing,opened,960,1280,photo_37_2024-12-18_02-33-06.jpg,dataset_top12\pedestrian crossing\opened\photo_37_2024-12-18_02-33-06.jpg
297,0,pedestrian crossing,opened,960,1280,photo_35_2024-12-18_02-33-06.jpg,dataset_top12\pedestrian crossing\opened\photo_35_2024-12-18_02-33-06.jpg
2679,1,give way,closed,422,420,photo_84_2024-12-07_12-48-37_1.jpg,dataset_top12\give way\closed\photo_84_2024-12-07_12-48-37_1.jpg
2490,1,give way,closed,960,1280,photo_24_2024-12-09_12-49-48.jpg,dataset_top12\give way\closed\photo_24_2024-12-09_12-49-48.jpg
272,0,pedestrian crossing,opened,960,1280,photo_32_2024-12-19_02-04-55.jpg,dataset_top12\pedestrian crossing\opened\photo_32_2024-12-19_02-04-55.jpg
2014,0,pedestrian crossing,closed,960,1280,photo_85_2024-12-09_12-46-33.jpg,dataset_top12\pedestrian crossing\closed\photo_85_2024-12-09_12-46-33.jpg
3815,5,maximum speed limit_40,opened,557,561,photo_7_2024-12-09_12-46-01.jpg,dataset_top12\maximum speed limit_40\opened\photo_7_2024-12-09_12-46-01.jpg
2121,0,pedestrian crossing,closed,823,1102,photo_98_2024-10-29_09-42-50.jpg,dataset_top12\pedestrian crossing\closed\photo_98_2024-10-29_09-42-50.jpg
4637,9,straight,opened,857,771,IMG_0761.JPG,dataset_top12\straight\opened\IMG_0761.JPG
243,0,pedestrian crossing,opened,646,638,photo_2_2024-12-18_02-37-13.jpg,dataset_top12\pedestrian crossing\opened\photo_2_2024-12-18_02-37-13.jpg
1394,0,pedestrian crossing,closed,960,1280,photo_49_2024-12-06_22-23-51.jpg,dataset_top12\pedestrian crossing\closed\photo_49_2024-12-06_22-23-51.jpg
1148,0,pedestrian crossing,closed,960,1280,photo_25_2024-10-29_09-53-51.jpg,dataset_top12\pedestrian crossing\closed\photo_25_2024-10-29_09-53-51.jpg
4857,10,bus stop,opened,960,1280,photo_55_2024-12-18_02-29-08.jpg,dataset_top12\bus stop\opened\photo_55_2024-12-18_02-29-08.jpg
1656,0,pedestrian crossing,closed,720,1280,photo_5278624148517676778_y.jpg,dataset_top12\pedestrian crossing\closed\photo_5278624148517676778_y.jpg
3528,4,parking place,opened,774,729,photo_5_2024-12-19_01-56-44.jpg,dataset_top12\parking place\opened\photo_5_2024-12-19_01-56-44.jpg
4933,10,bus stop,closed,960,1280,photo_34_2024-12-09_12-45-24.jpg,dataset_top12\bus stop\closed\photo_34_2024-12-09_12-45-24.jpg
1059,0,pedestrian crossing,closed,960,1280,photo_16_2024-12-05_22-22-53.jpg,dataset_top12\pedestrian crossing\closed\photo_16_2024-12-05_22-22-53.jpg
1087,0,pedestrian crossing,closed,960,1280,photo_19_2024-12-05_22-23-50.jpg,dataset_top12\pedestrian crossing\closed\photo_19_2024-12-05_22-23-50.jpg
1067,0,pedestrian crossing,closed,960,1280,photo_17_2024-10-29_09-54-21.jpg,dataset_top12\pedestrian crossing\closed\photo_17_2024-10-29_09-54-21.jpg
3400,4,parking place,opened,960,1280,photo_20_2024-12-18_02-27-47.jpg,dataset_top12\parking place\opened\photo_20_2024-12-18_02-27-47.jpg
450,0,pedestrian crossing,opened,960,1280,photo_51_2024-12-18_02-33-06.jpg,dataset_top12\pedestrian crossing\opened\photo_51_2024-12-18_02-33-06.jpg
2428,1,give way,closed,4640,3472,IMG_20241029_175726.jpg,dataset_top12\give way\closed\IMG_20241029_175726.jpg
1882,0,pedestrian crossing,closed,837,1105,photo_73_2024-10-29_09-53-51.jpg,dataset_top12\pedestrian crossing\closed\photo_73_2024-10-29_09-53-51.jpg
2920,2,tow truck,opened,649,520,photo_78_2024-12-18_13-02-04.jpg,dataset_top12\tow truck\opened\photo_78_2024-12-18_13-02-04.jpg
2335,1,give way,opened,517,520,photo_80_2024-12-19_00-10-31.jpg,dataset_top12\give way\opened\photo_80_2024-12-19_00-10-31.jpg
1439,0,pedestrian crossing,closed,960,1280,photo_5278624148517676313_y (1).jpg,dataset_top12\pedestrian crossing\closed\photo_5278624148517676313_y (1).jpg
699,0,pedestrian crossing,opened,960,1280,photo_78_2024-12-18_13-06-32.jpg,dataset_top12\pedestrian crossing\opened\photo_78_2024-12-18_13-06-32.jpg
1518,0,pedestrian crossing,closed,960,1280,photo_5278624148517676440_y.jpg,dataset_top12\pedestrian crossing\closed\photo_5278624148517676440_y.jpg
4700,9,straight,opened,195,223,photo_1_2024-04-25_12-41-12.jpg,dataset_top12\straight\opened\photo_1_2024-04-25_12-41-12.jpg
832,0,pedestrian crossing,opened,827,841,photo_93_2024-12-18_13-00-25.jpg,dataset_top12\pedestrian crossing\opened\photo_93_2024-12-18_13-00-25.jpg
1766,0,pedestrian crossing,closed,1181,1280,photo_61_2024-12-07_12-46-04.jpg,dataset_top12\pedestrian crossing\closed\photo_61_2024-12-07_12-46-04.jpg
1997,0,pedestrian crossing,closed,960,1280,photo_84_2024-10-29_09-53-08.jpg,dataset_top12\pedestrian crossing\closed\photo_84_2024-10-29_09-53-08.jpg
424,0,pedestrian crossing,opened,960,1280,photo_48_2024-12-19_02-04-55.jpg,dataset_top12\pedestrian crossing\opened\photo_48_2024-12-19_02-04-55.jpg
1257,0,pedestrian crossing,closed,960,1280,photo_35_2024-12-07_12-48-36.jpg,dataset_top12\pedestrian crossing\closed\photo_35_2024-12-07_12-48-36.jpg
2760,2,tow truck,opened,960,733,photo_24_2024-12-18_02-17-59.jpg,dataset_top12\tow truck\opened\photo_24_2024-12-18_02-17-59.jpg
4043,6,left,opened,173,186,photo_2_2024-04-25_12-41-12_copy_1.jpg,dataset_top12\left\opened\photo_2_2024-04-25_12-41-12_copy_1.jpg
3135,3,no stopping,opened,720,729,photo_65_2024-12-19_02-03-02.jpg,dataset_top12\no stopping\opened\photo_65_2024-12-19_02-03-02.jpg
603,0,pedestrian crossing,opened,960,1280,photo_68_2024-12-19_01-58-39.jpg,dataset_top12\pedestrian crossing\opened\photo_68_2024-12-19_01-58-39.jpg
4996,10,bus stop,closed,960,1280,photo_7_2024-10-29_09-54-21.jpg,dataset_top12\bus stop\closed\photo_7_2024-10-29_09-54-21.jpg
1187,0,pedestrian crossing,closed,960,1280,photo_29_2024-10-29_09-54-21.jpg,dataset_top12\pedestrian crossing\closed\photo_29_2024-10-29_09-54-21.jpg
4897,10,bus stop,closed,822,807,photo_15_2024-12-09_12-45-24.jpg,dataset_top12\bus stop\closed\photo_15_2024-12-09_12-45-24.jpg
584,0,pedestrian crossing,opened,960,1280,photo_66_2024-12-19_01-58-39.jpg,dataset_top12\pedestrian crossing\opened\photo_66_2024-12-19_01-58-39.jpg
4990,10,bus stop,closed,960,1280,photo_74_2024-12-07_12-51-07.jpg,dataset_top12\bus stop\closed\photo_74_2024-12-07_12-51-07.jpg
2071,0,pedestrian crossing,closed,703,754,photo_90_2024-12-07_12-46-52.jpg,dataset_top12\pedestrian crossing\closed\photo_90_2024-12-07_12-46-52.jpg
595,0,pedestrian crossing,opened,960,1280,photo_68_2024-12-18_02-27-47.jpg,dataset_top12\pedestrian crossing\opened\photo_68_2024-12-18_02-27-47.jpg
238,0,pedestrian crossing,opened,960,1280,photo_2_2024-12-09_12-46-32.jpg,dataset_top12\pedestrian crossing\opened\photo_2_2024-12-09_12-46-32.jpg
3499,4,parking place,opened,960,1280,photo_52_2024-12-18_13-00-25.jpg,dataset_top12\parking place\opened\photo_52_2024-12-18_13-00-25.jpg
3248,3,no stopping,closed,960,1280,photo_14_2024-12-06_22-25-22.jpg,dataset_top12\no stopping\closed\photo_14_2024-12-06_22-25-22.jpg
1757,0,pedestrian crossing,closed,960,1280,photo_60_2024-12-07_12-48-37.jpg,dataset_top12\pedestrian crossing\closed\photo_60_2024-12-07_12-48-37.jpg
2763,2,tow truck,opened,823,790,photo_24_2024-12-19_01-58-39.jpg,dataset_top12\tow truck\opened\photo_24_2024-12-19_01-58-39.jpg
1822,0,pedestrian crossing,closed,960,1280,photo_67_2024-12-07_12-49-18.jpg,dataset_top12\pedestrian crossing\closed\photo_67_2024-12-07_12-49-18.jpg
3246,3,no stopping,closed,960,1280,photo_13_2024-12-06_22-25-22.jpg,dataset_top12\no stopping\closed\photo_13_2024-12-06_22-25-22.jpg
1433,0,pedestrian crossing,closed,960,1280,photo_51_2024-12-07_12-49-18.jpg,dataset_top12\pedestrian crossing\closed\photo_51_2024-12-07_12-49-18.jpg
1279,0,pedestrian crossing,closed,960,1280,photo_38_2024-10-29_09-53-08.jpg,dataset_top12\pedestrian crossing\closed\photo_38_2024-10-29_09-53-08.jpg
2619,1,give way,closed,960,1280,photo_57_2024-12-06_22-24-57.jpg,dataset_top12\give way\closed\photo_57_2024-12-06_22-24-57.jpg
2433,1,give way,closed,4640,3472,IMG_20241029_175738.jpg,dataset_top12\give way\closed\IMG_20241029_175738.jpg
1750,0,pedestrian crossing,closed,960,1280,photo_5_2024-12-18_02-36-53.jpg,dataset_top12\pedestrian crossing\closed\photo_5_2024-12-18_02-36-53.jpg
1162,0,pedestrian crossing,closed,1223,1280,photo_26_2024-12-07_12-48-02.jpg,dataset_top12\pedestrian crossing\closed\photo_26_2024-12-07_12-48-02.jpg
302,0,pedestrian crossing,opened,677,931,photo_35_2024-12-18_13-07-03.jpg,dataset_top12\pedestrian crossing\opened\photo_35_2024-12-18_13-07-03.jpg
3357,3,no stopping,closed,960,1280,photo_9_2024-12-07_12-46-52.jpg,dataset_top12\no stopping\closed\photo_9_2024-12-07_12-46-52.jpg
710,0,pedestrian crossing,opened,960,1280,photo_7_2024-12-09_12-50-33.jpg,dataset_top12\pedestrian crossing\opened\photo_7_2024-12-09_12-50-33.jpg
4385,7,stop line,closed,756,775,photo_61_2024-12-07_12-47-32_1.jpg,dataset_top12\stop line\closed\photo_61_2024-12-07_12-47-32_1.jpg
1583,0,pedestrian crossing,closed,960,1280,photo_5278624148517676649_y.jpg,dataset_top12\pedestrian crossing\closed\photo_5278624148517676649_y.jpg
4789,9,straight,opened,660,680,photo_6_2024-05-17_15-34-29.jpg,dataset_top12\straight\opened\photo_6_2024-05-17_15-34-29.jpg
1666,0,pedestrian crossing,closed,720,1280,photo_5278624148517676794_y.jpg,dataset_top12\pedestrian crossing\closed\photo_5278624148517676794_y.jpg
4828,10,bus stop,opened,1657,1780,IMG_20241017_161347_0.jpg,dataset_top12\bus stop\opened\IMG_20241017_161347_0.jpg
4471,8,right,opened,316,305,photo_19_2024-04-25_12-41-12.jpg,dataset_top12\right\opened\photo_19_2024-04-25_12-41-12.jpg
4180,7,stop line,opened,960,1280,photo_12_2024-12-18_02-11-31.jpg,dataset_top12\stop line\opened\photo_12_2024-12-18_02-11-31.jpg
4100,6,left,opened,124,124,photo_58_2024-04-25_12-41-12.jpg,dataset_top12\left\opened\photo_58_2024-04-25_12-41-12.jpg
3876,5,maximum speed limit_40,closed,1280,1236,photo_34_2024-12-07_12-48-36.jpg,dataset_top12\maximum speed limit_40\closed\photo_34_2024-12-07_12-48-36.jpg
2416,1,give way,closed,4640,3472,IMG_20241029_173534.jpg,dataset_top12\give way\closed\IMG_20241029_173534.jpg
66,0,pedestrian crossing,opened,960,1280,photo_14_2024-12-19_02-04-54.jpg,dataset_top12\pedestrian crossing\opened\photo_14_2024-12-19_02-04-54.jpg
2678,1,give way,closed,896,890,photo_84_2024-12-07_12-48-02.jpg,dataset_top12\give way\closed\photo_84_2024-12-07_12-48-02.jpg
2339,1,give way,opened,960,1280,photo_82_2024-12-18_13-04-36.jpg,dataset_top12\give way\opened\photo_82_2024-12-18_13-04-36.jpg
4597,8,right,opened,101,174,photo_7_2024-04-25_12-20-30_9.jpg,dataset_top12\right\opened\photo_7_2024-04-25_12-20-30_9.jpg
814,0,pedestrian crossing,opened,960,1280,photo_91_2024-12-19_00-10-31.jpg,dataset_top12\pedestrian crossing\opened\photo_91_2024-12-19_00-10-31.jpg
1417,0,pedestrian crossing,closed,960,1280,photo_50_2024-12-05_22-22-53.jpg,dataset_top12\pedestrian crossing\closed\photo_50_2024-12-05_22-22-53.jpg
4190,7,stop line,opened,767,796,photo_19_2024-12-18_13-02-03.jpg,dataset_top12\stop line\opened\photo_19_2024-12-18_13-02-03.jpg
4774,9,straight,opened,125,125,photo_58_2024-04-25_12-41-12_1.jpg,dataset_top12\straight\opened\photo_58_2024-04-25_12-41-12_1.jpg
4948,10,bus stop,closed,1025,1280,photo_41_2024-12-06_22-23-51.jpg,dataset_top12\bus stop\closed\photo_41_2024-12-06_22-23-51.jpg
3094,3,no stopping,opened,960,1280,photo_33_2024-12-18_13-00-25.jpg,dataset_top12\no stopping\opened\photo_33_2024-12-18_13-00-25.jpg
3471,4,parking place,opened,960,1280,photo_42_2024-12-18_13-07-03.jpg,dataset_top12\parking place\opened\photo_42_2024-12-18_13-07-03.jpg
29,0,pedestrian crossing,opened,960,1280,photo_11_2024-12-18_13-06-32.jpg,dataset_top12\pedestrian crossing\opened\photo_11_2024-12-18_13-06-32.jpg
3827,5,maximum speed limit_40,opened,352,336,photo_8_2024-12-18_02-13-44.jpg,dataset_top12\maximum speed limit_40\opened\photo_8_2024-12-18_02-13-44.jpg
896,0,pedestrian crossing,closed,4624,3468,20241102_113550.jpg,dataset_top12\pedestrian crossing\closed\20241102_113550.jpg
3603,4,parking place,opened,960,1280,photo_88_2024-12-18_12-58-24.jpg,dataset_top12\parking place\opened\photo_88_2024-12-18_12-58-24.jpg
3844,5,maximum speed limit_40,opened,621,606,photo_96_2024-12-19_02-03-02.jpg,dataset_top12\maximum speed limit_40\opened\photo_96_2024-12-19_02-03-02.jpg
1327,0,pedestrian crossing,closed,960,1280,photo_42_2024-12-05_22-23-25.jpg,dataset_top12\pedestrian crossing\closed\photo_42_2024-12-05_22-23-25.jpg
686,0,pedestrian crossing,opened,960,1280,photo_77_2024-12-18_13-00-25.jpg,dataset_top12\pedestrian crossing\opened\photo_77_2024-12-18_13-00-25.jpg
3509,4,parking place,opened,960,1280,photo_56_2024-12-19_01-59-18.jpg,dataset_top12\parking place\opened\photo_56_2024-12-19_01-59-18.jpg
2137,1,give way,opened,960,1280,photo_10_2024-12-18_13-01-24.jpg,dataset_top12\give way\opened\photo_10_2024-12-18_13-01-24.jpg
3058,3,no stopping,opened,960,1280,photo_15_2024-12-18_02-19-24.jpg,dataset_top12\no stopping\opened\photo_15_2024-12-18_02-19-24.jpg
123,0,pedestrian crossing,opened,960,1280,photo_19_2024-12-18_13-06-32.jpg,dataset_top12\pedestrian crossing\opened\photo_19_2024-12-18_13-06-32.jpg
3871,5,maximum speed limit_40,closed,1280,863,photo_24_2024-12-05_22-23-25.jpg,dataset_top12\maximum speed limit_40\closed\photo_24_2024-12-05_22-23-25.jpg
356,0,pedestrian crossing,opened,960,1280,photo_3_2024-12-18_13-00-25.jpg,dataset_top12\pedestrian crossing\opened\photo_3_2024-12-18_13-00-25.jpg
2259,1,give way,opened,806,709,photo_48_2024-12-07_12-46-52.jpg,dataset_top12\give way\opened\photo_48_2024-12-07_12-46-52.jpg
3926,5,maximum speed limit_40,closed,631,633,photo_9_2024-12-05_22-23-25.jpg,dataset_top12\maximum speed limit_40\closed\photo_9_2024-12-05_22-23-25.jpg
2113,0,pedestrian crossing,closed,960,1280,photo_96_2024-12-07_12-48-37.jpg,dataset_top12\pedestrian crossing\closed\photo_96_2024-12-07_12-48-37.jpg
2772,2,tow truck,opened,662,737,photo_27_2024-12-18_02-17-59.jpg,dataset_top12\tow truck\opened\photo_27_2024-12-18_02-17-59.jpg
1164,0,pedestrian crossing,closed,960,1280,photo_26_2024-12-07_12-51-07.jpg,dataset_top12\pedestrian crossing\closed\photo_26_2024-12-07_12-51-07.jpg
2308,1,give way,opened,960,1280,photo_71_2024-12-18_02-28-33.jpg,dataset_top12\give way\opened\photo_71_2024-12-18_02-28-33.jpg
2378,1,give way,opened,960,1280,photo_97_2024-12-19_02-00-53.jpg,dataset_top12\give way\opened\photo_97_2024-12-19_02-00-53.jpg
1899,0,pedestrian crossing,closed,960,1280,photo_74_2024-12-07_12-48-37.jpg,dataset_top12\pedestrian crossing\closed\photo_74_2024-12-07_12-48-37.jpg
1478,0,pedestrian crossing,closed,960,1280,photo_5278624148517676358_y.jpg,dataset_top12\pedestrian crossing\closed\photo_5278624148517676358_y.jpg
742,0,pedestrian crossing,opened,960,1280,photo_83_2024-12-09_12-46-32.jpg,dataset_top12\pedestrian crossing\opened\photo_83_2024-12-09_12-46-32.jpg
3223,3,no stopping,closed,2141,2345,20241102_115720_1.jpg,dataset_top12\no stopping\closed\20241102_115720_1.jpg
4165,6,left,closed,960,1280,photo_7_2024-12-06_22-24-22.jpg,dataset_top12\left\closed\photo_7_2024-12-06_22-24-22.jpg
2503,1,give way,closed,368,342,photo_30_2024-12-07_12-48-02.jpg,dataset_top12\give way\closed\photo_30_2024-12-07_12-48-02.jpg
2867,2,tow truck,opened,668,589,photo_57_2024-12-18_02-17-59.jpg,dataset_top12\tow truck\opened\photo_57_2024-12-18_02-17-59.jpg
866,0,pedestrian crossing,opened,960,1280,photo_97_2024-12-18_02-28-33.jpg,dataset_top12\pedestrian crossing\opened\photo_97_2024-12-18_02-28-33.jpg
4517,8,right,opened,554,585,photo_32_2024-04-25_12-41-12.jpg,dataset_top12\right\opened\photo_32_2024-04-25_12-41-12.jpg
1159,0,pedestrian crossing,closed,1280,821,photo_26_2024-12-05_22-23-50.jpg,dataset_top12\pedestrian crossing\closed\photo_26_2024-12-05_22-23-50.jpg
2006,0,pedestrian crossing,closed,960,1280,photo_85_2024-10-29_09-53-08.jpg,dataset_top12\pedestrian crossing\closed\photo_85_2024-10-29_09-53-08.jpg
2314,1,give way,opened,960,1091,photo_73_2024-12-18_13-05-57.jpg,dataset_top12\give way\opened\photo_73_2024-12-18_13-05-57.jpg
3124,3,no stopping,opened,457,462,photo_58_2024-12-09_12-46-01_1.jpg,dataset_top12\no stopping\opened\photo_58_2024-12-09_12-46-01_1.jpg
2555,1,give way,closed,960,1280,photo_49_2024-12-07_12-51-07.jpg,dataset_top12\give way\closed\photo_49_2024-12-07_12-51-07.jpg
4055,6,left,opened,113,124,photo_34_2024-04-25_12-41-12_8.jpg,dataset_top12\left\opened\photo_34_2024-04-25_12-41-12_8.jpg
4884,10,bus stop,closed,4640,3472,IMG_20241017_182347.jpg,dataset_top12\bus stop\closed\IMG_20241017_182347.jpg
1384,0,pedestrian crossing,closed,960,1280,photo_48_2024-12-05_22-23-10.jpg,dataset_top12\pedestrian crossing\closed\photo_48_2024-12-05_22-23-10.jpg
2066,0,pedestrian crossing,closed,960,1280,photo_90_2024-10-29_09-53-08.jpg,dataset_top12\pedestrian crossing\closed\photo_90_2024-10-29_09-53-08.jpg
4348,7,stop line,closed,671,644,photo_30_2024-12-06_22-24-57.jpg,dataset_top12\stop line\closed\photo_30_2024-12-06_22-24-57.jpg
864,0,pedestrian crossing,opened,960,1280,photo_97_2024-12-09_12-49-48.jpg,dataset_top12\pedestrian crossing\opened\photo_97_2024-12-09_12-49-48.jpg
4516,8,right,opened,109,121,photo_31_2024-04-25_12-20-30_6.jpg,dataset_top12\right\opened\photo_31_2024-04-25_12-20-30_6.jpg
1835,0,pedestrian crossing,closed,840,1090,photo_69_2024-10-29_09-53-51.jpg,dataset_top12\pedestrian crossing\closed\photo_69_2024-10-29_09-53-51.jpg
1862,0,pedestrian crossing,closed,524,520,photo_70_2024-12-09_12-45-24.jpg,dataset_top12\pedestrian crossing\closed\photo_70_2024-12-09_12-45-24.jpg
4630,8,right,closed,493,489,photo_83_2024-12-05_22-22-53.jpg,dataset_top12\right\closed\photo_83_2024-12-05_22-22-53.jpg
2214,1,give way,opened,960,1280,photo_2_2024-12-19_01-59-18.jpg,dataset_top12\give way\opened\photo_2_2024-12-19_01-59-18.jpg
4368,7,stop line,closed,524,603,photo_5278624148517676359_y (1).jpg,dataset_top12\stop line\closed\photo_5278624148517676359_y (1).jpg
2581,1,give way,closed,960,1280,photo_5278624148517676590_y.jpg,dataset_top12\give way\closed\photo_5278624148517676590_y.jpg
4791,9,straight,opened,204,206,photo_78_2024-04-25_12-41-13.jpg,dataset_top12\straight\opened\photo_78_2024-04-25_12-41-13.jpg
2934,2,tow truck,opened,572,566,photo_84_2024-12-19_02-03-02.jpg,dataset_top12\tow truck\opened\photo_84_2024-12-19_02-03-02.jpg
2268,1,give way,opened,700,711,photo_53_2024-12-18_13-05-57.jpg,dataset_top12\give way\opened\photo_53_2024-12-18_13-05-57.jpg
3401,4,parking place,opened,763,727,photo_20_2024-12-19_01-56-44.jpg,dataset_top12\parking place\opened\photo_20_2024-12-19_01-56-44.jpg
818,0,pedestrian crossing,opened,816,844,photo_92_2024-12-18_02-27-08.jpg,dataset_top12\pedestrian crossing\opened\photo_92_2024-12-18_02-27-08.jpg
3548,4,parking place,opened,960,1280,photo_68_2024-12-09_12-49-48.jpg,dataset_top12\parking place\opened\photo_68_2024-12-09_12-49-48.jpg
4982,10,bus stop,closed,960,1280,photo_69_2024-10-29_09-54-21.jpg,dataset_top12\bus stop\closed\photo_69_2024-10-29_09-54-21.jpg
1845,0,pedestrian crossing,closed,960,1280,photo_6_2024-10-29_09-54-21.jpg,dataset_top12\pedestrian crossing\closed\photo_6_2024-10-29_09-54-21.jpg
458,0,pedestrian crossing,opened,810,1080,photo_52_2024-12-18_02-27-08.jpg,dataset_top12\pedestrian crossing\opened\photo_52_2024-12-18_02-27-08.jpg
2453,1,give way,closed,1021,1080,photo_12_2024-12-07_12-46-04.jpg,dataset_top12\give way\closed\photo_12_2024-12-07_12-46-04.jpg
3388,4,parking place,opened,960,1280,photo_18_2024-12-19_01-59-18.jpg,dataset_top12\parking place\opened\photo_18_2024-12-19_01-59-18.jpg
1329,0,pedestrian crossing,closed,960,1280,photo_42_2024-12-06_22-23-51.jpg,dataset_top12\pedestrian crossing\closed\photo_42_2024-12-06_22-23-51.jpg
3696,5,maximum speed limit_40,opened,863,903,photo_25_2024-12-18_02-10-22.jpg,dataset_top12\maximum speed limit_40\opened\photo_25_2024-12-18_02-10-22.jpg
34,0,pedestrian crossing,opened,960,1280,photo_12_2024-12-09_12-50-33.jpg,dataset_top12\pedestrian crossing\opened\photo_12_2024-12-09_12-50-33.jpg
705,0,pedestrian crossing,opened,960,1280,photo_79_2024-12-18_13-03-52.jpg,dataset_top12\pedestrian crossing\opened\photo_79_2024-12-18_13-03-52.jpg
2155,1,give way,opened,637,632,photo_14_2024-12-18_02-36-53.jpg,dataset_top12\give way\opened\photo_14_2024-12-18_02-36-53.jpg
1717,0,pedestrian crossing,closed,960,1280,photo_57_2024-12-06_22-25-52.jpg,dataset_top12\pedestrian crossing\closed\photo_57_2024-12-06_22-25-52.jpg
1515,0,pedestrian crossing,closed,960,1280,photo_5278624148517676433_y.jpg,dataset_top12\pedestrian crossing\closed\photo_5278624148517676433_y.jpg
3680,5,maximum speed limit_40,opened,609,582,photo_13_2024-12-19_02-03-02.jpg,dataset_top12\maximum speed limit_40\opened\photo_13_2024-12-19_02-03-02.jpg
2623,1,give way,closed,1259,1280,photo_58_2024-12-07_12-47-32.jpg,dataset_top12\give way\closed\photo_58_2024-12-07_12-47-32.jpg
3627,4,parking place,opened,960,1280,photo_97_2024-12-19_01-59-18.jpg,dataset_top12\parking place\opened\photo_97_2024-12-19_01-59-18.jpg
3826,5,maximum speed limit_40,opened,960,826,photo_89_2024-12-18_13-01-24.jpg,dataset_top12\maximum speed limit_40\opened\photo_89_2024-12-18_13-01-24.jpg
2044,0,pedestrian crossing,closed,916,986,photo_88_2024-12-07_12-49-18.jpg,dataset_top12\pedestrian crossing\closed\photo_88_2024-12-07_12-49-18.jpg
2496,1,give way,closed,1280,690,photo_28_2024-12-05_22-22-53.jpg,dataset_top12\give way\closed\photo_28_2024-12-05_22-22-53.jpg
2591,1,give way,closed,327,338,photo_5278624148517676662_y.jpg,dataset_top12\give way\closed\photo_5278624148517676662_y.jpg
5048,11,no entry,opened,960,1280,photo_29_2024-12-18_13-02-03.jpg,dataset_top12\no entry\opened\photo_29_2024-12-18_13-02-03.jpg
967,0,pedestrian crossing,closed,4640,3472,IMG_20241029_174704.jpg,dataset_top12\pedestrian crossing\closed\IMG_20241029_174704.jpg
1294,0,pedestrian crossing,closed,975,1280,photo_39_2024-12-07_12-48-02.jpg,dataset_top12\pedestrian crossing\closed\photo_39_2024-12-07_12-48-02.jpg
951,0,pedestrian crossing,closed,4640,3472,IMG_20241029_174150.jpg,dataset_top12\pedestrian crossing\closed\IMG_20241029_174150.jpg
4788,9,straight,opened,404,419,photo_6_2024-04-25_12-41-12_s.jpg,dataset_top12\straight\opened\photo_6_2024-04-25_12-41-12_s.jpg
3869,5,maximum speed limit_40,closed,1280,943,photo_22_2024-12-05_22-23-25.jpg,dataset_top12\maximum speed limit_40\closed\photo_22_2024-12-05_22-23-25.jpg
3497,4,parking place,opened,960,1280,photo_51_2024-12-18_13-06-32.jpg,dataset_top12\parking place\opened\photo_51_2024-12-18_13-06-32.jpg
834,0,pedestrian crossing,opened,960,1280,photo_93_2024-12-18_13-06-32.jpg,dataset_top12\pedestrian crossing\opened\photo_93_2024-12-18_13-06-32.jpg
3298,3,no stopping,closed,964,669,photo_63_2024-12-07_12-46-04.jpg,dataset_top12\no stopping\closed\photo_63_2024-12-07_12-46-04.jpg
393,0,pedestrian crossing,opened,960,1280,photo_44_2024-12-18_02-17-32.jpg,dataset_top12\pedestrian crossing\opened\photo_44_2024-12-18_02-17-32.jpg
3487,4,parking place,opened,960,1280,photo_48_2024-12-19_02-00-05.jpg,dataset_top12\parking place\opened\photo_48_2024-12-19_02-00-05.jpg
1001,0,pedestrian crossing,closed,4640,3472,IMG_20241029_181845.jpg,dataset_top12\pedestrian crossing\closed\IMG_20241029_181845.jpg
647,0,pedestrian crossing,opened,960,1280,photo_72_2024-12-18_13-03-52.jpg,dataset_top12\pedestrian crossing\opened\photo_72_2024-12-18_13-03-52.jpg
3175,3,no stopping,opened,872,847,photo_82_2024-12-18_02-33-06.jpg,dataset_top12\no stopping\opened\photo_82_2024-12-18_02-33-06.jpg
4614,8,right,opened,281,288,photo_8_2024-04-25_12-43-13_0.jpg,dataset_top12\right\opened\photo_8_2024-04-25_12-43-13_0.jpg
462,0,pedestrian crossing,opened,960,1280,photo_52_2024-12-18_13-01-24.jpg,dataset_top12\pedestrian crossing\opened\photo_52_2024-12-18_13-01-24.jpg
1842,0,pedestrian crossing,closed,960,1280,photo_69_2024-12-07_12-49-18.jpg,dataset_top12\pedestrian crossing\closed\photo_69_2024-12-07_12-49-18.jpg
1816,0,pedestrian crossing,closed,960,1280,photo_67_2024-10-29_09-53-08.jpg,dataset_top12\pedestrian crossing\closed\photo_67_2024-10-29_09-53-08.jpg
2343,1,give way,opened,634,569,photo_84_2024-12-19_02-00-53.jpg,dataset_top12\give way\opened\photo_84_2024-12-19_02-00-53.jpg
313,0,pedestrian crossing,opened,960,998,photo_36_2024-12-18_13-00-25.jpg,dataset_top12\pedestrian crossing\opened\photo_36_2024-12-18_13-00-25.jpg
4309,7,stop line,opened,490,483,photo_79_2024-12-09_12-46-01.jpg,dataset_top12\stop line\opened\photo_79_2024-12-09_12-46-01.jpg
83,0,pedestrian crossing,opened,960,1280,photo_16_2024-12-18_13-03-52.jpg,dataset_top12\pedestrian crossing\opened\photo_16_2024-12-18_13-03-52.jpg
2212,1,give way,opened,960,1280,photo_28_2024-12-19_02-00-53.jpg,dataset_top12\give way\opened\photo_28_2024-12-19_02-00-53.jpg
2590,1,give way,closed,419,419,photo_5278624148517676660_y.jpg,dataset_top12\give way\closed\photo_5278624148517676660_y.jpg
4507,8,right,opened,93,92,photo_2_2024-04-25_12-43-13_0.jpg,dataset_top12\right\opened\photo_2_2024-04-25_12-43-13_0.jpg
1143,0,pedestrian crossing,closed,592,634,photo_24_2024-12-06_22-24-57.jpg,dataset_top12\pedestrian crossing\closed\photo_24_2024-12-06_22-24-57.jpg
1798,0,pedestrian crossing,closed,1099,1280,photo_65_2024-12-05_22-23-25.jpg,dataset_top12\pedestrian crossing\closed\photo_65_2024-12-05_22-23-25.jpg
3596,4,parking place,opened,960,1280,photo_86_2024-12-18_12-58-24.jpg,dataset_top12\parking place\opened\photo_86_2024-12-18_12-58-24.jpg
2901,2,tow truck,opened,541,541,photo_6_2024-12-09_12-46-32.jpg,dataset_top12\tow truck\opened\photo_6_2024-12-09_12-46-32.jpg
2420,1,give way,closed,2890,3318,IMG_20241029_175138.jpg,dataset_top12\give way\closed\IMG_20241029_175138.jpg
1499,0,pedestrian crossing,closed,960,1280,photo_5278624148517676392_y.jpg,dataset_top12\pedestrian crossing\closed\photo_5278624148517676392_y.jpg
4264,7,stop line,opened,734,709,photo_49_2024-12-18_13-00-25.jpg,dataset_top12\stop line\opened\photo_49_2024-12-18_13-00-25.jpg
2818,2,tow truck,opened,468,415,photo_3_2024-12-19_01-58-39.jpg,dataset_top12\tow truck\opened\photo_3_2024-12-19_01-58-39.jpg
615,0,pedestrian crossing,opened,960,1280,photo_6_2024-12-18_02-37-13.jpg,dataset_top12\pedestrian crossing\opened\photo_6_2024-12-18_02-37-13.jpg
548,0,pedestrian crossing,opened,918,918,photo_63_2024-12-07_12-48-02.jpg,dataset_top12\pedestrian crossing\opened\photo_63_2024-12-07_12-48-02.jpg
4715,9,straight,opened,245,252,photo_27_2024-04-25_12-20-30.jpg,dataset_top12\straight\opened\photo_27_2024-04-25_12-20-30.jpg
1128,0,pedestrian crossing,closed,960,1280,photo_23_2024-10-29_09-53-51.jpg,dataset_top12\pedestrian crossing\closed\photo_23_2024-10-29_09-53-51.jpg
515,0,pedestrian crossing,opened,960,1280,photo_59_2024-12-19_01-58-39.jpg,dataset_top12\pedestrian crossing\opened\photo_59_2024-12-19_01-58-39.jpg
176,0,pedestrian crossing,opened,960,1280,photo_23_2024-12-19_00-11-08.jpg,dataset_top12\pedestrian crossing\opened\photo_23_2024-12-19_00-11-08.jpg
4515,8,right,opened,304,315,photo_31_2024-04-25_12-20-30.jpg,dataset_top12\right\opened\photo_31_2024-04-25_12-20-30.jpg
3408,4,parking place,opened,960,834,photo_22_2024-12-19_01-56-44.jpg,dataset_top12\parking place\opened\photo_22_2024-12-19_01-56-44.jpg
1097,0,pedestrian crossing,closed,960,1280,photo_1_2024-12-09_12-50-33.jpg,dataset_top12\pedestrian crossing\closed\photo_1_2024-12-09_12-50-33.jpg
2518,1,give way,closed,960,1280,photo_36_2024-12-07_12-48-36.jpg,dataset_top12\give way\closed\photo_36_2024-12-07_12-48-36.jpg
2459,1,give way,closed,960,1280,photo_14_2024-12-07_12-49-18.jpg,dataset_top12\give way\closed\photo_14_2024-12-07_12-49-18.jpg
878,0,pedestrian crossing,opened,960,1280,photo_98_2024-12-19_01-58-39.jpg,dataset_top12\pedestrian crossing\opened\photo_98_2024-12-19_01-58-39.jpg
1172,0,pedestrian crossing,closed,960,1280,photo_27_2024-12-07_12-51-07.jpg,dataset_top12\pedestrian crossing\closed\photo_27_2024-12-07_12-51-07.jpg
255,0,pedestrian crossing,opened,879,887,photo_30_2024-12-18_13-02-03.jpg,dataset_top12\pedestrian crossing\opened\photo_30_2024-12-18_13-02-03.jpg
4993,10,bus stop,closed,960,1280,photo_77_2024-10-29_09-54-21.jpg,dataset_top12\bus stop\closed\photo_77_2024-10-29_09-54-21.jpg
767,0,pedestrian crossing,opened,960,1280,photo_86_2024-12-18_13-03-52.jpg,dataset_top12\pedestrian crossing\opened\photo_86_2024-12-18_13-03-52.jpg
1330,0,pedestrian crossing,closed,960,1280,photo_42_2024-12-06_22-25-52.jpg,dataset_top12\pedestrian crossing\closed\photo_42_2024-12-06_22-25-52.jpg
1932,0,pedestrian crossing,closed,833,1106,photo_78_2024-10-29_09-53-51.jpg,dataset_top12\pedestrian crossing\closed\photo_78_2024-10-29_09-53-51.jpg
1285,0,pedestrian crossing,closed,687,683,photo_38_2024-12-07_12-48-02.jpg,dataset_top12\pedestrian crossing\closed\photo_38_2024-12-07_12-48-02.jpg
189,0,pedestrian crossing,opened,863,839,photo_25_2024-12-18_02-28-33.jpg,dataset_top12\pedestrian crossing\opened\photo_25_2024-12-18_02-28-33.jpg
2338,1,give way,opened,464,461,photo_82_2024-12-09_12-46-32_1.jpg,dataset_top12\give way\opened\photo_82_2024-12-09_12-46-32_1.jpg
981,0,pedestrian crossing,closed,4640,3472,IMG_20241029_175319.jpg,dataset_top12\pedestrian crossing\closed\IMG_20241029_175319.jpg
4477,8,right,opened,84,91,photo_19_2024-04-25_12-43-13_9.jpg,dataset_top12\right\opened\photo_19_2024-04-25_12-43-13_9.jpg
3542,4,parking place,opened,960,1280,photo_64_2024-12-19_01-59-18.jpg,dataset_top12\parking place\opened\photo_64_2024-12-19_01-59-18.jpg
1820,0,pedestrian crossing,closed,1280,1275,photo_67_2024-12-07_12-48-02.jpg,dataset_top12\pedestrian crossing\closed\photo_67_2024-12-07_12-48-02.jpg
2479,1,give way,closed,960,1280,photo_20_2024-10-29_09-53-08.jpg,dataset_top12\give way\closed\photo_20_2024-10-29_09-53-08.jpg
1405,0,pedestrian crossing,closed,960,1280,photo_4_2024-10-29_09-54-37_2.jpg,dataset_top12\pedestrian crossing\closed\photo_4_2024-10-29_09-54-37_2.jpg
2161,1,give way,opened,960,908,photo_15_2024-12-18_02-29-08.jpg,dataset_top12\give way\opened\photo_15_2024-12-18_02-29-08.jpg
4645,9,straight,opened,140,333,IMG_0771.JPG,dataset_top12\straight\opened\IMG_0771.JPG
2649,1,give way,closed,960,1280,photo_6_2024-10-29_09-53-51.jpg,dataset_top12\give way\closed\photo_6_2024-10-29_09-53-51.jpg
3279,3,no stopping,closed,960,1280,photo_3_2024-12-06_22-23-51.jpg,dataset_top12\no stopping\closed\photo_3_2024-12-06_22-23-51.jpg
2506,1,give way,closed,1280,690,photo_32_2024-12-05_22-22-53.jpg,dataset_top12\give way\closed\photo_32_2024-12-05_22-22-53.jpg
2374,1,give way,opened,960,1280,photo_95_2024-12-18_13-05-57.jpg,dataset_top12\give way\opened\photo_95_2024-12-18_13-05-57.jpg
1141,0,pedestrian crossing,closed,960,1280,photo_24_2024-12-05_22-23-10.jpg,dataset_top12\pedestrian crossing\closed\photo_24_2024-12-05_22-23-10.jpg
2133,0,pedestrian crossing,closed,960,1280,photo_9_2024-12-07_12-48-36.jpg,dataset_top12\pedestrian crossing\closed\photo_9_2024-12-07_12-48-36.jpg
3098,3,no stopping,opened,960,1280,photo_3_2024-12-18_02-19-40.jpg,dataset_top12\no stopping\opened\photo_3_2024-12-18_02-19-40.jpg
2266,1,give way,opened,537,541,photo_50_2024-12-18_02-33-06.jpg,dataset_top12\give way\opened\photo_50_2024-12-18_02-33-06.jpg
3912,5,maximum speed limit_40,closed,1280,914,photo_68_2024-12-05_22-22-53.jpg,dataset_top12\maximum speed limit_40\closed\photo_68_2024-12-05_22-22-53.jpg
2313,1,give way,opened,843,1038,photo_73_2024-12-18_13-04-36.jpg,dataset_top12\give way\opened\photo_73_2024-12-18_13-04-36.jpg
2267,1,give way,opened,584,517,photo_51_2024-12-19_02-00-53.jpg,dataset_top12\give way\opened\photo_51_2024-12-19_02-00-53.jpg
3260,3,no stopping,closed,960,1280,photo_22_2024-12-06_22-25-22.jpg,dataset_top12\no stopping\closed\photo_22_2024-12-06_22-25-22.jpg
4375,7,stop line,closed,720,1280,photo_5278624148517676539_y.jpg,dataset_top12\stop line\closed\photo_5278624148517676539_y.jpg
3162,3,no stopping,opened,960,1280,photo_77_2024-12-18_02-19-24.jpg,dataset_top12\no stopping\opened\photo_77_2024-12-18_02-19-24.jpg
1763,0,pedestrian crossing,closed,960,1280,photo_61_2024-12-05_22-23-10.jpg,dataset_top12\pedestrian crossing\closed\photo_61_2024-12-05_22-23-10.jpg
247,0,pedestrian crossing,opened,960,1280,photo_2_2024-12-18_13-04-36.jpg,dataset_top12\pedestrian crossing\opened\photo_2_2024-12-18_13-04-36.jpg
1241,0,pedestrian crossing,closed,960,1280,photo_34_2024-10-29_09-42-50.jpg,dataset_top12\pedestrian crossing\closed\photo_34_2024-10-29_09-42-50.jpg
1064,0,pedestrian crossing,closed,960,1280,photo_17_2024-10-29_09-42-50.jpg,dataset_top12\pedestrian crossing\closed\photo_17_2024-10-29_09-42-50.jpg
2765,2,tow truck,opened,440,408,photo_24_2024-12-19_02-03-02.jpg,dataset_top12\tow truck\opened\photo_24_2024-12-19_02-03-02.jpg
473,0,pedestrian crossing,opened,960,1280,photo_54_2024-12-18_13-03-52.jpg,dataset_top12\pedestrian crossing\opened\photo_54_2024-12-18_13-03-52.jpg
3351,3,no stopping,closed,1280,613,photo_95_2024-12-05_22-23-10.jpg,dataset_top12\no stopping\closed\photo_95_2024-12-05_22-23-10.jpg
2782,2,tow truck,opened,293,275,photo_2_2024-12-18_02-25-50.jpg,dataset_top12\tow truck\opened\photo_2_2024-12-18_02-25-50.jpg
1450,0,pedestrian crossing,closed,960,1280,photo_5278624148517676321_y (1).jpg,dataset_top12\pedestrian crossing\closed\photo_5278624148517676321_y (1).jpg
4194,7,stop line,opened,711,690,photo_2024-12-18_02-09-30.jpg,dataset_top12\stop line\opened\photo_2024-12-18_02-09-30.jpg
4805,9,straight,opened,520,539,photo_8_2024-04-25_12-41-12.jpg,dataset_top12\straight\opened\photo_8_2024-04-25_12-41-12.jpg
4286,7,stop line,opened,738,844,photo_59_2024-12-18_13-06-32.jpg,dataset_top12\stop line\opened\photo_59_2024-12-18_13-06-32.jpg
4631,8,right,closed,641,641,photo_83_2024-12-05_22-22-53_1.jpg,dataset_top12\right\closed\photo_83_2024-12-05_22-22-53_1.jpg
1980,0,pedestrian crossing,closed,960,1280,photo_82_2024-10-29_09-54-21.jpg,dataset_top12\pedestrian crossing\closed\photo_82_2024-10-29_09-54-21.jpg
3215,3,no stopping,closed,1295,1280,20241102_113612_1.jpg,dataset_top12\no stopping\closed\20241102_113612_1.jpg
823,0,pedestrian crossing,opened,960,1280,photo_92_2024-12-18_13-01-24.jpg,dataset_top12\pedestrian crossing\opened\photo_92_2024-12-18_13-01-24.jpg
3477,4,parking place,opened,960,1280,photo_44_2024-12-18_13-05-57.jpg,dataset_top12\parking place\opened\photo_44_2024-12-18_13-05-57.jpg
4720,9,straight,opened,214,230,photo_2_2024-04-25_12-41-12.jpg,dataset_top12\straight\opened\photo_2_2024-04-25_12-41-12.jpg
3856,5,maximum speed limit_40,closed,416,409,IMG_20241017_181534.jpg,dataset_top12\maximum speed limit_40\closed\IMG_20241017_181534.jpg
3214,3,no stopping,closed,1857,1953,20241102_113329.jpg,dataset_top12\no stopping\closed\20241102_113329.jpg
3642,4,parking place,closed,960,1280,photo_41_2024-12-05_22-23-10.jpg,dataset_top12\parking place\closed\photo_41_2024-12-05_22-23-10.jpg
3747,5,maximum speed limit_40,opened,720,748,photo_48_2024-12-19_01-58-39.jpg,dataset_top12\maximum speed limit_40\opened\photo_48_2024-12-19_01-58-39.jpg
115,0,pedestrian crossing,opened,960,1280,photo_19_2024-12-09_12-46-32.jpg,dataset_top12\pedestrian crossing\opened\photo_19_2024-12-09_12-46-32.jpg
1007,0,pedestrian crossing,closed,4640,3472,IMG_20241029_181933.jpg,dataset_top12\pedestrian crossing\closed\IMG_20241029_181933.jpg
691,0,pedestrian crossing,opened,960,1280,photo_78_2024-12-18_02-17-32.jpg,dataset_top12\pedestrian crossing\opened\photo_78_2024-12-18_02-17-32.jpg
2455,1,give way,closed,960,1280,photo_13_2024-12-07_12-49-18.jpg,dataset_top12\give way\closed\photo_13_2024-12-07_12-49-18.jpg
10,0,pedestrian crossing,opened,960,1280,photo_100_2024-12-19_02-04-55.jpg,dataset_top12\pedestrian crossing\opened\photo_100_2024-12-19_02-04-55.jpg
4320,7,stop line,opened,799,847,photo_8_2024-12-18_02-11-31.jpg,dataset_top12\stop line\opened\photo_8_2024-12-18_02-11-31.jpg
1843,0,pedestrian crossing,closed,960,1280,photo_69_2024-12-07_12-51-07.jpg,dataset_top12\pedestrian crossing\closed\photo_69_2024-12-07_12-51-07.jpg
513,0,pedestrian crossing,opened,960,1280,photo_59_2024-12-18_13-03-52.jpg,dataset_top12\pedestrian crossing\opened\photo_59_2024-12-18_13-03-52.jpg
1754,0,pedestrian crossing,closed,960,1280,photo_60_2024-12-05_22-23-25.jpg,dataset_top12\pedestrian crossing\closed\photo_60_2024-12-05_22-23-25.jpg
3656,4,parking place,closed,960,1280,photo_69_2024-12-05_22-23-10.jpg,dataset_top12\parking place\closed\photo_69_2024-12-05_22-23-10.jpg
1457,0,pedestrian crossing,closed,960,1280,photo_5278624148517676325_y (1).jpg,dataset_top12\pedestrian crossing\closed\photo_5278624148517676325_y (1).jpg
413,0,pedestrian crossing,opened,960,1280,photo_47_2024-12-19_00-10-31.jpg,dataset_top12\pedestrian crossing\opened\photo_47_2024-12-19_00-10-31.jpg
3438,4,parking place,opened,960,1280,photo_2_2024-12-19_02-00-05.jpg,dataset_top12\parking place\opened\photo_2_2024-12-19_02-00-05.jpg
3180,3,no stopping,opened,960,1280,photo_86_2024-12-18_02-19-24.jpg,dataset_top12\no stopping\opened\photo_86_2024-12-18_02-19-24.jpg
4935,10,bus stop,closed,1069,1280,photo_35_2024-12-07_12-46-04.jpg,dataset_top12\bus stop\closed\photo_35_2024-12-07_12-46-04.jpg
1280,0,pedestrian crossing,closed,960,1280,photo_38_2024-10-29_09-53-51.jpg,dataset_top12\pedestrian crossing\closed\photo_38_2024-10-29_09-53-51.jpg
718,0,pedestrian crossing,opened,960,1280,photo_7_2024-12-18_13-05-57.jpg,dataset_top12\pedestrian crossing\opened\photo_7_2024-12-18_13-05-57.jpg
4393,7,stop line,closed,960,1280,photo_69_2024-12-07_12-47-32.jpg,dataset_top12\stop line\closed\photo_69_2024-12-07_12-47-32.jpg
968,0,pedestrian crossing,closed,4640,3472,IMG_20241029_174704_1.jpg,dataset_top12\pedestrian crossing\closed\IMG_20241029_174704_1.jpg
2456,1,give way,closed,1280,773,photo_14_2024-12-05_22-23-10.jpg,dataset_top12\give way\closed\photo_14_2024-12-05_22-23-10.jpg
2547,1,give way,closed,1034,1112,photo_46_2024-12-07_12-48-02.jpg,dataset_top12\give way\closed\photo_46_2024-12-07_12-48-02.jpg
4273,7,stop line,opened,720,1280,photo_5278624148517676552_y.jpg,dataset_top12\stop line\opened\photo_5278624148517676552_y.jpg
2254,1,give way,opened,834,824,photo_44_2024-12-18_13-04-36.jpg,dataset_top12\give way\opened\photo_44_2024-12-18_13-04-36.jpg
1157,0,pedestrian crossing,closed,960,1280,photo_26_2024-10-29_09-54-21.jpg,dataset_top12\pedestrian crossing\closed\photo_26_2024-10-29_09-54-21.jpg
3799,5,maximum speed limit_40,opened,776,739,photo_73_2024-12-19_00-10-31.jpg,dataset_top12\maximum speed limit_40\opened\photo_73_2024-12-19_00-10-31.jpg
4652,9,straight,opened,572,594,IMG_0797.JPG,dataset_top12\straight\opened\IMG_0797.JPG
4783,9,straight,opened,147,146,photo_5_2024-05-17_15-34-29_r.jpg,dataset_top12\straight\opened\photo_5_2024-05-17_15-34-29_r.jpg
183,0,pedestrian crossing,opened,813,1071,photo_24_2024-12-18_13-06-32.jpg,dataset_top12\pedestrian crossing\opened\photo_24_2024-12-18_13-06-32.jpg
4775,9,straight,opened,123,123,photo_58_2024-04-25_12-41-12_2.jpg,dataset_top12\straight\opened\photo_58_2024-04-25_12-41-12_2.jpg
4042,6,left,opened,180,186,photo_2_2024-04-25_12-41-12_copy.jpg,dataset_top12\left\opened\photo_2_2024-04-25_12-41-12_copy.jpg
4415,8,right,opened,710,991,IMG_0777.JPG,dataset_top12\right\opened\IMG_0777.JPG
4319,7,stop line,opened,960,1280,photo_8_2024-12-09_12-49-48.jpg,dataset_top12\stop line\opened\photo_8_2024-12-09_12-49-48.jpg
1908,0,pedestrian crossing,closed,1173,1280,photo_75_2024-12-07_12-48-02.jpg,dataset_top12\pedestrian crossing\closed\photo_75_2024-12-07_12-48-02.jpg
3040,2,tow truck,closed,785,514,photo_95_2024-12-07_12-46-52.jpg,dataset_top12\tow truck\closed\photo_95_2024-12-07_12-46-52.jpg
1427,0,pedestrian crossing,closed,960,1280,photo_51_2024-10-29_09-53-08.jpg,dataset_top12\pedestrian crossing\closed\photo_51_2024-10-29_09-53-08.jpg
3293,3,no stopping,closed,1263,1149,photo_60_2024-12-07_12-46-04.jpg,dataset_top12\no stopping\closed\photo_60_2024-12-07_12-46-04.jpg
1440,0,pedestrian crossing,closed,960,1280,photo_5278624148517676313_y (2).jpg,dataset_top12\pedestrian crossing\closed\photo_5278624148517676313_y (2).jpg
271,0,pedestrian crossing,opened,960,1280,photo_32_2024-12-19_00-11-08.jpg,dataset_top12\pedestrian crossing\opened\photo_32_2024-12-19_00-11-08.jpg
2686,1,give way,closed,344,339,photo_88_2024-10-29_09-53-51.jpg,dataset_top12\give way\closed\photo_88_2024-10-29_09-53-51.jpg
3527,4,parking place,opened,960,1280,photo_5_2024-12-18_13-06-32.jpg,dataset_top12\parking place\opened\photo_5_2024-12-18_13-06-32.jpg
4080,6,left,opened,479,542,photo_44_2024-12-19_02-04-55.jpg,dataset_top12\left\opened\photo_44_2024-12-19_02-04-55.jpg
162,0,pedestrian crossing,opened,960,1280,photo_22_2024-12-18_02-33-06.jpg,dataset_top12\pedestrian crossing\opened\photo_22_2024-12-18_02-33-06.jpg
2283,1,give way,opened,620,574,photo_5_2024-12-19_02-00-53.jpg,dataset_top12\give way\opened\photo_5_2024-12-19_02-00-53.jpg
502,0,pedestrian crossing,opened,960,1280,photo_58_2024-12-18_02-36-53.jpg,dataset_top12\pedestrian crossing\opened\photo_58_2024-12-18_02-36-53.jpg
2659,1,give way,closed,960,1280,photo_75_2024-12-06_22-24-57.jpg,dataset_top12\give way\closed\photo_75_2024-12-06_22-24-57.jpg
2205,1,give way,opened,825,742,photo_26_2024-12-18_13-02-03.jpg,dataset_top12\give way\opened\photo_26_2024-12-18_13-02-03.jpg
2979,2,tow truck,closed,1224,1215,IMG_20241017_161233.jpg,dataset_top12\tow truck\closed\IMG_20241017_161233.jpg
4451,8,right,opened,322,342,photo_10_2024-11-28_18-39-35.jpg,dataset_top12\right\opened\photo_10_2024-11-28_18-39-35.jpg
1075,0,pedestrian crossing,closed,960,1280,photo_18_2024-10-29_09-42-50.jpg,dataset_top12\pedestrian crossing\closed\photo_18_2024-10-29_09-42-50.jpg
2139,1,give way,opened,759,763,photo_11_2024-12-09_12-50-33.jpg,dataset_top12\give way\opened\photo_11_2024-12-09_12-50-33.jpg
4592,8,right,opened,361,343,photo_72_2024-04-25_12-41-12_6.jpg,dataset_top12\right\opened\photo_72_2024-04-25_12-41-12_6.jpg
58,0,pedestrian crossing,opened,960,1280,photo_14_2024-12-09_12-49-48.jpg,dataset_top12\pedestrian crossing\opened\photo_14_2024-12-09_12-49-48.jpg
4851,10,bus stop,opened,960,1280,photo_41_2024-12-18_12-58-24.jpg,dataset_top12\bus stop\opened\photo_41_2024-12-18_12-58-24.jpg
4117,6,left,opened,450,448,photo_7_2024-12-19_02-04-54.jpg,dataset_top12\left\opened\photo_7_2024-12-19_02-04-54.jpg
1402,0,pedestrian crossing,closed,960,1280,photo_4_2024-10-29_09-53-51.jpg,dataset_top12\pedestrian crossing\closed\photo_4_2024-10-29_09-53-51.jpg
5165,11,no entry,opened,960,1280,photo_9_2024-12-18_02-25-50.jpg,dataset_top12\no entry\opened\photo_9_2024-12-18_02-25-50.jpg
3612,4,parking place,opened,960,1280,photo_90_2024-12-19_01-59-18.jpg,dataset_top12\parking place\opened\photo_90_2024-12-19_01-59-18.jpg
876,0,pedestrian crossing,opened,960,1280,photo_98_2024-12-18_13-05-23.jpg,dataset_top12\pedestrian crossing\opened\photo_98_2024-12-18_13-05-23.jpg
3142,3,no stopping,opened,662,706,photo_69_2024-12-19_02-03-02.jpg,dataset_top12\no stopping\opened\photo_69_2024-12-19_02-03-02.jpg
2967,2,tow truck,closed,1540,1551,20241102_115720.jpg,dataset_top12\tow truck\closed\20241102_115720.jpg
3885,5,maximum speed limit_40,closed,314,355,photo_5278624148517676490_y.jpg,dataset_top12\maximum speed limit_40\closed\photo_5278624148517676490_y.jpg
3581,4,parking place,opened,960,1280,photo_77_2024-12-19_01-59-18.jpg,dataset_top12\parking place\opened\photo_77_2024-12-19_01-59-18.jpg
2435,1,give way,closed,4640,3472,IMG_20241029_175741.jpg,dataset_top12\give way\closed\IMG_20241029_175741.jpg
1883,0,pedestrian crossing,closed,960,1280,photo_73_2024-10-29_09-54-21.jpg,dataset_top12\pedestrian crossing\closed\photo_73_2024-10-29_09-54-21.jpg
1762,0,pedestrian crossing,closed,960,1280,photo_61_2024-10-29_09-54-21.jpg,dataset_top12\pedestrian crossing\closed\photo_61_2024-10-29_09-54-21.jpg
1017,0,pedestrian crossing,closed,1280,925,photo_10_2024-12-05_22-23-10.jpg,dataset_top12\pedestrian crossing\closed\photo_10_2024-12-05_22-23-10.jpg
3256,3,no stopping,closed,960,1280,photo_19_2024-12-06_22-25-22.jpg,dataset_top12\no stopping\closed\photo_19_2024-12-06_22-25-22.jpg
4049,6,left,opened,184,182,photo_32_2024-04-25_12-20-30.jpg,dataset_top12\left\opened\photo_32_2024-04-25_12-20-30.jpg
2595,1,give way,closed,720,1280,photo_5278624148517676668_y.jpg,dataset_top12\give way\closed\photo_5278624148517676668_y.jpg
2087,0,pedestrian crossing,closed,960,1280,photo_92_2024-12-07_12-48-37.jpg,dataset_top12\pedestrian crossing\closed\photo_92_2024-12-07_12-48-37.jpg
3940,6,left,opened,534,858,IMG_0769_1.JPG,dataset_top12\left\opened\IMG_0769_1.JPG
2167,1,give way,opened,497,495,photo_17_2024-12-09_12-49-48.jpg,dataset_top12\give way\opened\photo_17_2024-12-09_12-49-48.jpg
4577,8,right,opened,533,570,photo_65_2024-12-19_02-00-05.jpg,dataset_top12\right\opened\photo_65_2024-12-19_02-00-05.jpg
5019,11,no entry,opened,960,1280,photo_13_2024-12-18_02-17-59.jpg,dataset_top12\no entry\opened\photo_13_2024-12-18_02-17-59.jpg
1944,0,pedestrian crossing,closed,501,467,photo_79_2024-12-07_12-47-32_1.jpg,dataset_top12\pedestrian crossing\closed\photo_79_2024-12-07_12-47-32_1.jpg
4917,10,bus stop,closed,563,566,photo_28_2024-12-09_12-45-24.jpg,dataset_top12\bus stop\closed\photo_28_2024-12-09_12-45-24.jpg
649,0,pedestrian crossing,opened,960,1280,photo_72_2024-12-18_13-05-57.jpg,dataset_top12\pedestrian crossing\opened\photo_72_2024-12-18_13-05-57.jpg
4389,7,stop line,closed,960,1280,photo_66_2024-12-05_22-23-25.jpg,dataset_top12\stop line\closed\photo_66_2024-12-05_22-23-25.jpg
250,0,pedestrian crossing,opened,960,1280,photo_30_2024-12-09_12-46-32.jpg,dataset_top12\pedestrian crossing\opened\photo_30_2024-12-09_12-46-32.jpg
1332,0,pedestrian crossing,closed,960,1280,photo_42_2024-12-07_12-48-37.jpg,dataset_top12\pedestrian crossing\closed\photo_42_2024-12-07_12-48-37.jpg
2846,2,tow truck,opened,611,645,photo_49_2024-12-19_02-00-53.jpg,dataset_top12\tow truck\opened\photo_49_2024-12-19_02-00-53.jpg
2587,1,give way,closed,960,1280,photo_5278624148517676654_y.jpg,dataset_top12\give way\closed\photo_5278624148517676654_y.jpg
4881,10,bus stop,closed,4640,3472,IMG_20241017_162938.jpg,dataset_top12\bus stop\closed\IMG_20241017_162938.jpg
4653,9,straight,opened,451,650,IMG_0797_0.JPG,dataset_top12\straight\opened\IMG_0797_0.JPG
2777,2,tow truck,opened,757,739,photo_28_2024-12-19_02-03-02.jpg,dataset_top12\tow truck\opened\photo_28_2024-12-19_02-03-02.jpg
2195,1,give way,opened,960,1280,photo_24_2024-12-18_13-01-24.jpg,dataset_top12\give way\opened\photo_24_2024-12-18_13-01-24.jpg
212,0,pedestrian crossing,opened,960,1280,photo_27_2024-12-18_13-04-36.jpg,dataset_top12\pedestrian crossing\opened\photo_27_2024-12-18_13-04-36.jpg
4522,8,right,opened,321,301,photo_34_2024-04-25_12-20-30.jpg,dataset_top12\right\opened\photo_34_2024-04-25_12-20-30.jpg
2485,1,give way,closed,960,1280,photo_22_2024-12-07_12-48-36.jpg,dataset_top12\give way\closed\photo_22_2024-12-07_12-48-36.jpg
4607,8,right,opened,235,236,photo_80_2024-04-25_12-41-13.jpg,dataset_top12\right\opened\photo_80_2024-04-25_12-41-13.jpg
1770,0,pedestrian crossing,closed,960,1280,photo_62_2024-10-29_09-54-21.jpg,dataset_top12\pedestrian crossing\closed\photo_62_2024-10-29_09-54-21.jpg
1074,0,pedestrian crossing,closed,960,1280,photo_17_2024-12-07_12-48-36.jpg,dataset_top12\pedestrian crossing\closed\photo_17_2024-12-07_12-48-36.jpg
562,0,pedestrian crossing,opened,960,1280,photo_64_2024-12-18_13-05-23.jpg,dataset_top12\pedestrian crossing\opened\photo_64_2024-12-18_13-05-23.jpg
1469,0,pedestrian crossing,closed,960,1280,photo_5278624148517676348_y.jpg,dataset_top12\pedestrian crossing\closed\photo_5278624148517676348_y.jpg
3307,3,no stopping,closed,960,1280,photo_6_2024-12-06_22-23-51.jpg,dataset_top12\no stopping\closed\photo_6_2024-12-06_22-23-51.jpg
4978,10,bus stop,closed,960,1280,photo_63_2024-10-29_09-54-21.jpg,dataset_top12\bus stop\closed\photo_63_2024-10-29_09-54-21.jpg
3519,4,parking place,opened,960,1280,photo_58_2024-12-18_13-05-57.jpg,dataset_top12\parking place\opened\photo_58_2024-12-18_13-05-57.jpg
4868,10,bus stop,closed,4624,3468,20241102_111934.jpg,dataset_top12\bus stop\closed\20241102_111934.jpg
3306,3,no stopping,closed,1280,1093,photo_69_2024-12-07_12-46-04.jpg,dataset_top12\no stopping\closed\photo_69_2024-12-07_12-46-04.jpg
180,0,pedestrian crossing,opened,960,1280,photo_24_2024-12-18_02-36-53.jpg,dataset_top12\pedestrian crossing\opened\photo_24_2024-12-18_02-36-53.jpg
4346,7,stop line,closed,633,635,photo_27_2024-12-06_22-24-57.jpg,dataset_top12\stop line\closed\photo_27_2024-12-06_22-24-57.jpg
588,0,pedestrian crossing,opened,960,1280,photo_67_2024-12-18_13-05-23.jpg,dataset_top12\pedestrian crossing\opened\photo_67_2024-12-18_13-05-23.jpg
4017,6,left,opened,174,163,photo_20_2024-04-25_12-43-13.jpg,dataset_top12\left\opened\photo_20_2024-04-25_12-43-13.jpg
4821,9,straight,closed,960,1280,photo_16_2024-12-06_22-24-22.jpg,dataset_top12\straight\closed\photo_16_2024-12-06_22-24-22.jpg
1591,0,pedestrian crossing,closed,720,1280,photo_5278624148517676674_y.jpg,dataset_top12\pedestrian crossing\closed\photo_5278624148517676674_y.jpg
4056,6,left,opened,321,336,photo_35_2024-04-25_12-41-12.jpg,dataset_top12\left\opened\photo_35_2024-04-25_12-41-12.jpg
4553,8,right,opened,249,240,photo_44_2024-12-01_22-45-02_1.jpg,dataset_top12\right\opened\photo_44_2024-12-01_22-45-02_1.jpg
2377,1,give way,opened,819,1032,photo_97_2024-12-18_13-05-23.jpg,dataset_top12\give way\opened\photo_97_2024-12-18_13-05-23.jpg
4740,9,straight,opened,458,499,photo_40_2024-04-25_12-43-13.jpg,dataset_top12\straight\opened\photo_40_2024-04-25_12-43-13.jpg
2425,1,give way,closed,3472,3577,IMG_20241029_175200.jpg,dataset_top12\give way\closed\IMG_20241029_175200.jpg
3380,4,parking place,opened,758,741,photo_16_2024-12-19_01-56-44.jpg,dataset_top12\parking place\opened\photo_16_2024-12-19_01-56-44.jpg
4983,10,bus stop,closed,960,1280,photo_69_2024-12-06_22-25-23.jpg,dataset_top12\bus stop\closed\photo_69_2024-12-06_22-25-23.jpg
5136,11,no entry,opened,960,1280,photo_83_2024-12-18_13-06-32.jpg,dataset_top12\no entry\opened\photo_83_2024-12-18_13-06-32.jpg
167,0,pedestrian crossing,opened,960,1280,photo_22_2024-12-18_13-06-32.jpg,dataset_top12\pedestrian crossing\opened\photo_22_2024-12-18_13-06-32.jpg
4892,10,bus stop,closed,960,1280,photo_12_2024-12-05_22-23-50.jpg,dataset_top12\bus stop\closed\photo_12_2024-12-05_22-23-50.jpg
249,0,pedestrian crossing,opened,960,1280,photo_2_2024-12-19_00-11-08.jpg,dataset_top12\pedestrian crossing\opened\photo_2_2024-12-19_00-11-08.jpg
2732,2,tow truck,opened,496,450,photo_17_2024-12-19_01-58-39.jpg,dataset_top12\tow truck\opened\photo_17_2024-12-19_01-58-39.jpg
882,0,pedestrian crossing,opened,960,1280,photo_99_2024-12-19_00-10-31.jpg,dataset_top12\pedestrian crossing\opened\photo_99_2024-12-19_00-10-31.jpg
1118,0,pedestrian crossing,closed,672,608,photo_21_2024-12-07_12-51-07.jpg,dataset_top12\pedestrian crossing\closed\photo_21_2024-12-07_12-51-07.jpg
2201,1,give way,opened,674,673,photo_25_2024-12-18_13-02-03.jpg,dataset_top12\give way\opened\photo_25_2024-12-18_13-02-03.jpg
1312,0,pedestrian crossing,closed,874,883,photo_40_2024-12-07_12-48-02.jpg,dataset_top12\pedestrian crossing\closed\photo_40_2024-12-07_12-48-02.jpg
3631,4,parking place,opened,960,1280,photo_99_2024-12-18_02-27-47.jpg,dataset_top12\parking place\opened\photo_99_2024-12-18_02-27-47.jpg
2250,1,give way,opened,960,1280,photo_43_2024-12-18_12-58-24.jpg,dataset_top12\give way\opened\photo_43_2024-12-18_12-58-24.jpg
711,0,pedestrian crossing,opened,960,1280,photo_7_2024-12-18_02-27-47.jpg,dataset_top12\pedestrian crossing\opened\photo_7_2024-12-18_02-27-47.jpg
1391,0,pedestrian crossing,closed,960,1280,photo_49_2024-10-29_09-54-21.jpg,dataset_top12\pedestrian crossing\closed\photo_49_2024-10-29_09-54-21.jpg
1589,0,pedestrian crossing,closed,720,1280,photo_5278624148517676670_y.jpg,dataset_top12\pedestrian crossing\closed\photo_5278624148517676670_y.jpg
748,0,pedestrian crossing,opened,960,1280,photo_83_2024-12-18_13-05-23.jpg,dataset_top12\pedestrian crossing\opened\photo_83_2024-12-18_13-05-23.jpg
4883,10,bus stop,closed,4640,3472,IMG_20241017_182342.jpg,dataset_top12\bus stop\closed\IMG_20241017_182342.jpg
2454,1,give way,closed,960,1280,photo_12_2024-12-07_12-48-36.jpg,dataset_top12\give way\closed\photo_12_2024-12-07_12-48-36.jpg
757,0,pedestrian crossing,opened,960,1280,photo_84_2024-12-19_02-04-55.jpg,dataset_top12\pedestrian crossing\opened\photo_84_2024-12-19_02-04-55.jpg
2323,1,give way,opened,960,1280,photo_78_2024-12-09_12-46-32.jpg,dataset_top12\give way\opened\photo_78_2024-12-09_12-46-32.jpg
2169,1,give way,opened,960,1280,photo_17_2024-12-18_13-01-24.jpg,dataset_top12\give way\opened\photo_17_2024-12-18_13-01-24.jpg
2436,1,give way,closed,1666,1736,IMG_20241029_181802_1.jpg,dataset_top12\give way\closed\IMG_20241029_181802_1.jpg
4997,10,bus stop,closed,960,1280,photo_80_2024-12-07_12-51-07.jpg,dataset_top12\bus stop\closed\photo_80_2024-12-07_12-51-07.jpg
3233,3,no stopping,closed,2086,2174,20241102_121539_1.jpg,dataset_top12\no stopping\closed\20241102_121539_1.jpg
3076,3,no stopping,opened,883,839,photo_22_2024-12-18_02-36-53.jpg,dataset_top12\no stopping\opened\photo_22_2024-12-18_02-36-53.jpg
1004,0,pedestrian crossing,closed,4640,3472,IMG_20241029_181928.jpg,dataset_top12\pedestrian crossing\closed\IMG_20241029_181928.jpg
2660,1,give way,closed,960,1280,photo_76_2024-12-06_22-24-22.jpg,dataset_top12\give way\closed\photo_76_2024-12-06_22-24-22.jpg
4816,9,straight,opened,172,310,photo_9_2024-04-25_12-43-13_1_7.jpg,dataset_top12\straight\opened\photo_9_2024-04-25_12-43-13_1_7.jpg
4337,7,stop line,closed,1301,1307,IMG_20241029_181336.jpg,dataset_top12\stop line\closed\IMG_20241029_181336.jpg
2441,1,give way,closed,960,1280,photo_100_2024-10-29_09-53-51.jpg,dataset_top12\give way\closed\photo_100_2024-10-29_09-53-51.jpg
2560,1,give way,closed,947,1280,photo_51_2024-12-07_12-47-32.jpg,dataset_top12\give way\closed\photo_51_2024-12-07_12-47-32.jpg
3247,3,no stopping,closed,1204,1280,photo_13_2024-12-07_12-46-52.jpg,dataset_top12\no stopping\closed\photo_13_2024-12-07_12-46-52.jpg
241,0,pedestrian crossing,opened,960,1280,photo_2_2024-12-18_02-29-08.jpg,dataset_top12\pedestrian crossing\opened\photo_2_2024-12-18_02-29-08.jpg
1259,0,pedestrian crossing,closed,960,1280,photo_35_2024-12-07_12-51-07.jpg,dataset_top12\pedestrian crossing\closed\photo_35_2024-12-07_12-51-07.jpg
4407,7,stop line,closed,960,1280,photo_93_2024-12-05_22-23-25.jpg,dataset_top12\stop line\closed\photo_93_2024-12-05_22-23-25.jpg
3540,4,parking place,opened,960,1280,photo_63_2024-12-19_01-59-18.jpg,dataset_top12\parking place\opened\photo_63_2024-12-19_01-59-18.jpg
2728,2,tow truck,opened,542,514,photo_16_2024-12-18_02-25-50.jpg,dataset_top12\tow truck\opened\photo_16_2024-12-18_02-25-50.jpg
3692,5,maximum speed limit_40,opened,543,558,photo_1_2024-12-18_02-22-39.jpg,dataset_top12\maximum speed limit_40\opened\photo_1_2024-12-18_02-22-39.jpg
2321,1,give way,opened,567,566,photo_77_2024-12-09_12-49-48_1.jpg,dataset_top12\give way\opened\photo_77_2024-12-09_12-49-48_1.jpg
4638,9,straight,opened,876,892,IMG_0761_3.JPG,dataset_top12\straight\opened\IMG_0761_3.JPG
1419,0,pedestrian crossing,closed,960,1280,photo_50_2024-12-05_22-23-25.jpg,dataset_top12\pedestrian crossing\closed\photo_50_2024-12-05_22-23-25.jpg
2890,2,tow truck,opened,700,706,photo_65_2024-12-09_12-46-32.jpg,dataset_top12\tow truck\opened\photo_65_2024-12-09_12-46-32.jpg
1508,0,pedestrian crossing,closed,960,1280,photo_5278624148517676403_y.jpg,dataset_top12\pedestrian crossing\closed\photo_5278624148517676403_y.jpg
3660,4,parking place,closed,799,386,photo_83_2024-12-18_02-27-47.jpg,dataset_top12\parking place\closed\photo_83_2024-12-18_02-27-47.jpg
3989,6,left,opened,213,242,photo_11_2024-04-25_12-20-30_9.jpg,dataset_top12\left\opened\photo_11_2024-04-25_12-20-30_9.jpg
4394,7,stop line,closed,802,758,photo_6_2024-12-07_12-49-18.jpg,dataset_top12\stop line\closed\photo_6_2024-12-07_12-49-18.jpg
4735,9,straight,opened,165,173,photo_3_2024-04-25_12-41-12_straight.jpg,dataset_top12\straight\opened\photo_3_2024-04-25_12-41-12_straight.jpg
727,0,pedestrian crossing,opened,960,1280,photo_81_2024-12-18_02-33-06.jpg,dataset_top12\pedestrian crossing\opened\photo_81_2024-12-18_02-33-06.jpg
2927,2,tow truck,opened,349,346,photo_82_2024-12-09_12-46-01.jpg,dataset_top12\tow truck\opened\photo_82_2024-12-09_12-46-01.jpg
5026,11,no entry,opened,960,1280,photo_16_2024-12-18_13-02-03.jpg,dataset_top12\no entry\opened\photo_16_2024-12-18_13-02-03.jpg
1698,0,pedestrian crossing,closed,960,1280,photo_55_2024-12-06_22-25-52.jpg,dataset_top12\pedestrian crossing\closed\photo_55_2024-12-06_22-25-52.jpg
4079,6,left,opened,127,132,photo_44_2024-04-25_12-41-12.jpg,dataset_top12\left\opened\photo_44_2024-04-25_12-41-12.jpg
3265,3,no stopping,closed,960,1007,photo_28_2024-12-06_22-25-22.jpg,dataset_top12\no stopping\closed\photo_28_2024-12-06_22-25-22.jpg
2317,1,give way,opened,960,1117,photo_74_2024-12-18_13-05-23.jpg,dataset_top12\give way\opened\photo_74_2024-12-18_13-05-23.jpg
2242,1,give way,opened,525,480,photo_38_2024-12-19_02-00-53.jpg,dataset_top12\give way\opened\photo_38_2024-12-19_02-00-53.jpg
4061,6,left,opened,98,115,photo_38_2024-04-25_12-20-30_5.jpg,dataset_top12\left\opened\photo_38_2024-04-25_12-20-30_5.jpg
3025,2,tow truck,closed,994,636,photo_84_2024-12-18_02-27-08.jpg,dataset_top12\tow truck\closed\photo_84_2024-12-18_02-27-08.jpg
3942,6,left,opened,373,677,IMG_0770.JPG,dataset_top12\left\opened\IMG_0770.JPG
389,0,pedestrian crossing,opened,960,1280,photo_43_2024-12-09_12-46-32.jpg,dataset_top12\pedestrian crossing\opened\photo_43_2024-12-09_12-46-32.jpg
627,0,pedestrian crossing,opened,960,1280,photo_70_2024-12-18_13-05-23.jpg,dataset_top12\pedestrian crossing\opened\photo_70_2024-12-18_13-05-23.jpg
4437,8,right,opened,687,779,IMG_0816.JPG,dataset_top12\right\opened\IMG_0816.JPG
3012,2,tow truck,closed,960,913,photo_72_2024-12-18_02-27-47.jpg,dataset_top12\tow truck\closed\photo_72_2024-12-18_02-27-47.jpg
5135,11,no entry,opened,960,1280,photo_83_2024-12-18_13-04-36.jpg,dataset_top12\no entry\opened\photo_83_2024-12-18_13-04-36.jpg
2224,1,give way,opened,960,1280,photo_32_2024-12-18_12-58-24.jpg,dataset_top12\give way\opened\photo_32_2024-12-18_12-58-24.jpg
589,0,pedestrian crossing,opened,960,1280,photo_67_2024-12-18_13-05-57.jpg,dataset_top12\pedestrian crossing\opened\photo_67_2024-12-18_13-05-57.jpg
1614,0,pedestrian crossing,closed,720,1280,photo_5278624148517676732_y.jpg,dataset_top12\pedestrian crossing\closed\photo_5278624148517676732_y.jpg
4418,8,right,opened,975,1231,IMG_0780.JPG,dataset_top12\right\opened\IMG_0780.JPG
1742,0,pedestrian crossing,closed,960,1280,photo_5_2024-10-29_09-54-21.jpg,dataset_top12\pedestrian crossing\closed\photo_5_2024-10-29_09-54-21.jpg
4613,8,right,opened,960,1109,photo_8_2024-04-25_12-43-13.jpg,dataset_top12\right\opened\photo_8_2024-04-25_12-43-13.jpg
4741,9,straight,opened,148,145,photo_42_2024-04-25_12-41-12.jpg,dataset_top12\straight\opened\photo_42_2024-04-25_12-41-12.jpg
5078,11,no entry,opened,960,1280,photo_46_2024-12-18_02-17-59.jpg,dataset_top12\no entry\opened\photo_46_2024-12-18_02-17-59.jpg
4952,10,bus stop,closed,1280,1280,photo_43_2024-12-06_22-23-51.jpg,dataset_top12\bus stop\closed\photo_43_2024-12-06_22-23-51.jpg
6,0,pedestrian crossing,opened,960,1047,photo_100_2024-12-18_02-33-06.jpg,dataset_top12\pedestrian crossing\opened\photo_100_2024-12-18_02-33-06.jpg
858,0,pedestrian crossing,opened,960,1280,photo_96_2024-12-18_13-00-25.jpg,dataset_top12\pedestrian crossing\opened\photo_96_2024-12-18_13-00-25.jpg
4361,7,stop line,closed,671,615,photo_43_2024-12-06_22-24-57.jpg,dataset_top12\stop line\closed\photo_43_2024-12-06_22-24-57.jpg
2012,0,pedestrian crossing,closed,1054,1280,photo_85_2024-12-07_12-46-52.jpg,dataset_top12\pedestrian crossing\closed\photo_85_2024-12-07_12-46-52.jpg
641,0,pedestrian crossing,opened,501,506,photo_72_2024-12-09_12-46-01.jpg,dataset_top12\pedestrian crossing\opened\photo_72_2024-12-09_12-46-01.jpg
1654,0,pedestrian crossing,closed,720,1280,photo_5278624148517676775_y.jpg,dataset_top12\pedestrian crossing\closed\photo_5278624148517676775_y.jpg
2754,2,tow truck,opened,628,618,photo_22_2024-12-09_12-49-48.jpg,dataset_top12\tow truck\opened\photo_22_2024-12-09_12-49-48.jpg
3134,3,no stopping,opened,587,584,photo_65_2024-12-09_12-46-32_1.jpg,dataset_top12\no stopping\opened\photo_65_2024-12-09_12-46-32_1.jpg
3788,5,maximum speed limit_40,opened,566,554,photo_65_2024-12-18_13-02-04.jpg,dataset_top12\maximum speed limit_40\opened\photo_65_2024-12-18_13-02-04.jpg
3714,5,maximum speed limit_40,opened,764,694,photo_35_2024-12-19_00-10-31.jpg,dataset_top12\maximum speed limit_40\opened\photo_35_2024-12-19_00-10-31.jpg
2400,1,give way,closed,4640,3472,IMG_20241017_161106.jpg,dataset_top12\give way\closed\IMG_20241017_161106.jpg
1244,0,pedestrian crossing,closed,960,1280,photo_34_2024-10-29_09-54-21.jpg,dataset_top12\pedestrian crossing\closed\photo_34_2024-10-29_09-54-21.jpg
3813,5,maximum speed limit_40,opened,667,629,photo_79_2024-12-18_13-02-04.jpg,dataset_top12\maximum speed limit_40\opened\photo_79_2024-12-18_13-02-04.jpg
3118,3,no stopping,opened,960,1280,photo_55_2024-12-18_12-58-24.jpg,dataset_top12\no stopping\opened\photo_55_2024-12-18_12-58-24.jpg
1404,0,pedestrian crossing,closed,960,1280,photo_4_2024-10-29_09-54-37.jpg,dataset_top12\pedestrian crossing\closed\photo_4_2024-10-29_09-54-37.jpg
1948,0,pedestrian crossing,closed,960,1280,photo_7_2024-10-29_09-53-08.jpg,dataset_top12\pedestrian crossing\closed\photo_7_2024-10-29_09-53-08.jpg
1199,0,pedestrian crossing,closed,960,1280,photo_2_2024-12-07_12-48-02.jpg,dataset_top12\pedestrian crossing\closed\photo_2_2024-12-07_12-48-02.jpg
1661,0,pedestrian crossing,closed,720,1280,photo_5278624148517676784_y.jpg,dataset_top12\pedestrian crossing\closed\photo_5278624148517676784_y.jpg
4399,7,stop line,closed,802,699,photo_79_2024-12-07_12-47-32.jpg,dataset_top12\stop line\closed\photo_79_2024-12-07_12-47-32.jpg
289,0,pedestrian crossing,opened,960,1280,photo_34_2024-12-18_13-03-52.jpg,dataset_top12\pedestrian crossing\opened\photo_34_2024-12-18_13-03-52.jpg
3273,3,no stopping,closed,960,1280,photo_36_2024-12-06_22-25-22.jpg,dataset_top12\no stopping\closed\photo_36_2024-12-06_22-25-22.jpg
693,0,pedestrian crossing,opened,960,1280,photo_78_2024-12-18_02-36-53.jpg,dataset_top12\pedestrian crossing\opened\photo_78_2024-12-18_02-36-53.jpg
2848,2,tow truck,opened,520,481,photo_4_2024-12-19_01-58-39.jpg,dataset_top12\tow truck\opened\photo_4_2024-12-19_01-58-39.jpg
3035,2,tow truck,closed,434,395,photo_90_2024-12-09_12-45-24.jpg,dataset_top12\tow truck\closed\photo_90_2024-12-09_12-45-24.jpg
1616,0,pedestrian crossing,closed,720,1280,photo_5278624148517676734_y.jpg,dataset_top12\pedestrian crossing\closed\photo_5278624148517676734_y.jpg
3729,5,maximum speed limit_40,opened,825,752,photo_41_2024-12-19_01-58-39.jpg,dataset_top12\maximum speed limit_40\opened\photo_41_2024-12-19_01-58-39.jpg
2886,2,tow truck,opened,718,724,photo_64_2024-12-18_02-17-59.jpg,dataset_top12\tow truck\opened\photo_64_2024-12-18_02-17-59.jpg
2946,2,tow truck,opened,529,487,photo_8_2024-12-19_01-58-39.jpg,dataset_top12\tow truck\opened\photo_8_2024-12-19_01-58-39.jpg
4204,7,stop line,opened,750,795,photo_24_2024-12-18_02-11-31.jpg,dataset_top12\stop line\opened\photo_24_2024-12-18_02-11-31.jpg
1755,0,pedestrian crossing,closed,960,1280,photo_60_2024-12-06_22-25-52.jpg,dataset_top12\pedestrian crossing\closed\photo_60_2024-12-06_22-25-52.jpg
4796,9,straight,opened,196,213,photo_7_2024-04-25_12-41-12_s.jpg,dataset_top12\straight\opened\photo_7_2024-04-25_12-41-12_s.jpg
704,0,pedestrian crossing,opened,960,1280,photo_79_2024-12-18_13-00-25.jpg,dataset_top12\pedestrian crossing\opened\photo_79_2024-12-18_13-00-25.jpg
2796,2,tow truck,opened,477,432,photo_33_2024-12-18_02-25-50.jpg,dataset_top12\tow truck\opened\photo_33_2024-12-18_02-25-50.jpg
206,0,pedestrian crossing,opened,1232,1280,photo_27_2024-12-18_02-27-08.jpg,dataset_top12\pedestrian crossing\opened\photo_27_2024-12-18_02-27-08.jpg
1318,0,pedestrian crossing,closed,960,1280,photo_41_2024-10-29_09-53-51.jpg,dataset_top12\pedestrian crossing\closed\photo_41_2024-10-29_09-53-51.jpg
4570,8,right,opened,478,517,photo_58_2024-12-19_02-04-55.jpg,dataset_top12\right\opened\photo_58_2024-12-19_02-04-55.jpg
1367,0,pedestrian crossing,closed,960,1280,photo_46_2024-12-05_22-23-25.jpg,dataset_top12\pedestrian crossing\closed\photo_46_2024-12-05_22-23-25.jpg
2476,1,give way,closed,864,1012,photo_1_2024-12-07_12-47-32.jpg,dataset_top12\give way\closed\photo_1_2024-12-07_12-47-32.jpg
3594,4,parking place,opened,960,1280,photo_85_2024-12-18_02-33-06.jpg,dataset_top12\parking place\opened\photo_85_2024-12-18_02-33-06.jpg
4608,8,right,opened,361,471,photo_80_2024-12-06_22-25-52_1.jpg,dataset_top12\right\opened\photo_80_2024-12-06_22-25-52_1.jpg
1778,0,pedestrian crossing,closed,826,1104,photo_63_2024-10-29_09-53-51.jpg,dataset_top12\pedestrian crossing\closed\photo_63_2024-10-29_09-53-51.jpg
3735,5,maximum speed limit_40,opened,727,713,photo_43_2024-12-19_01-58-39.jpg,dataset_top12\maximum speed limit_40\opened\photo_43_2024-12-19_01-58-39.jpg
4887,10,bus stop,closed,1280,1170,photo_100_2024-12-07_12-46-52.jpg,dataset_top12\bus stop\closed\photo_100_2024-12-07_12-46-52.jpg
4290,7,stop line,opened,794,796,photo_60_2024-12-18_13-06-32.jpg,dataset_top12\stop line\opened\photo_60_2024-12-18_13-06-32.jpg
352,0,pedestrian crossing,opened,792,785,photo_3_2024-12-09_12-50-33.jpg,dataset_top12\pedestrian crossing\opened\photo_3_2024-12-09_12-50-33.jpg
97,0,pedestrian crossing,opened,960,1280,photo_17_2024-12-18_12-58-24.jpg,dataset_top12\pedestrian crossing\opened\photo_17_2024-12-18_12-58-24.jpg
402,0,pedestrian crossing,opened,960,1280,photo_45_2024-12-19_02-04-55.jpg,dataset_top12\pedestrian crossing\opened\photo_45_2024-12-19_02-04-55.jpg
2617,1,give way,closed,960,1280,photo_56_2024-12-06_22-24-57.jpg,dataset_top12\give way\closed\photo_56_2024-12-06_22-24-57.jpg
4710,9,straight,opened,309,312,photo_25_2024-04-25_12-43-13.jpg,dataset_top12\straight\opened\photo_25_2024-04-25_12-43-13.jpg
2217,1,give way,opened,475,482,photo_30_2024-12-18_02-36-53.jpg,dataset_top12\give way\opened\photo_30_2024-12-18_02-36-53.jpg
2975,2,tow truck,closed,2190,2266,20241102_122209.jpg,dataset_top12\tow truck\closed\20241102_122209.jpg
898,0,pedestrian crossing,closed,4624,3468,20241102_114523.jpg,dataset_top12\pedestrian crossing\closed\20241102_114523.jpg
654,0,pedestrian crossing,opened,960,1280,photo_73_2024-12-18_13-00-25.jpg,dataset_top12\pedestrian crossing\opened\photo_73_2024-12-18_13-00-25.jpg
1590,0,pedestrian crossing,closed,338,432,photo_5278624148517676671_y.jpg,dataset_top12\pedestrian crossing\closed\photo_5278624148517676671_y.jpg
3783,5,maximum speed limit_40,opened,593,589,photo_61_2024-12-09_12-46-01.jpg,dataset_top12\maximum speed limit_40\opened\photo_61_2024-12-09_12-46-01.jpg
4672,9,straight,opened,338,326,photo_11_2024-04-25_12-41-12.jpg,dataset_top12\straight\opened\photo_11_2024-04-25_12-41-12.jpg
1057,0,pedestrian crossing,closed,960,1280,photo_16_2024-10-29_09-53-51.jpg,dataset_top12\pedestrian crossing\closed\photo_16_2024-10-29_09-53-51.jpg
645,0,pedestrian crossing,opened,960,1280,photo_72_2024-12-18_12-58-24.jpg,dataset_top12\pedestrian crossing\opened\photo_72_2024-12-18_12-58-24.jpg
4954,10,bus stop,closed,960,1280,photo_44_2024-12-06_22-23-51.jpg,dataset_top12\bus stop\closed\photo_44_2024-12-06_22-23-51.jpg
4157,6,left,closed,960,1280,photo_24_2024-12-06_22-24-22.jpg,dataset_top12\left\closed\photo_24_2024-12-06_22-24-22.jpg
4537,8,right,opened,384,467,photo_39_2024-04-25_12-43-13.jpg,dataset_top12\right\opened\photo_39_2024-04-25_12-43-13.jpg
1615,0,pedestrian crossing,closed,720,1280,photo_5278624148517676733_y.jpg,dataset_top12\pedestrian crossing\closed\photo_5278624148517676733_y.jpg
932,0,pedestrian crossing,closed,2252,2303,IMG_20241017_180352.jpg,dataset_top12\pedestrian crossing\closed\IMG_20241017_180352.jpg
1756,0,pedestrian crossing,closed,1118,1280,photo_60_2024-12-07_12-48-02.jpg,dataset_top12\pedestrian crossing\closed\photo_60_2024-12-07_12-48-02.jpg
2062,0,pedestrian crossing,closed,960,1280,photo_8_2024-12-07_12-48-36.jpg,dataset_top12\pedestrian crossing\closed\photo_8_2024-12-07_12-48-36.jpg
3022,2,tow truck,closed,1280,1049,photo_7_2024-12-06_22-25-22.jpg,dataset_top12\tow truck\closed\photo_7_2024-12-06_22-25-22.jpg
4082,6,left,opened,403,413,photo_46_2024-12-19_02-04-55.jpg,dataset_top12\left\opened\photo_46_2024-12-19_02-04-55.jpg
2734,2,tow truck,opened,715,668,photo_17_2024-12-19_02-00-53.jpg,dataset_top12\tow truck\opened\photo_17_2024-12-19_02-00-53.jpg
3492,4,parking place,opened,960,1280,photo_4_2024-12-19_02-00-05.jpg,dataset_top12\parking place\opened\photo_4_2024-12-19_02-00-05.jpg
4441,8,right,opened,535,689,IMG_0841.JPG,dataset_top12\right\opened\IMG_0841.JPG
2729,2,tow truck,opened,960,841,photo_16_2024-12-19_01-58-39.jpg,dataset_top12\tow truck\opened\photo_16_2024-12-19_01-58-39.jpg
4366,7,stop line,closed,567,650,photo_5278624148517676353_y (1).jpg,dataset_top12\stop line\closed\photo_5278624148517676353_y (1).jpg
3683,5,maximum speed limit_40,opened,538,544,photo_14_2024-12-19_02-03-02.jpg,dataset_top12\maximum speed limit_40\opened\photo_14_2024-12-19_02-03-02.jpg
2373,1,give way,opened,960,1130,photo_95_2024-12-18_13-05-23.jpg,dataset_top12\give way\opened\photo_95_2024-12-18_13-05-23.jpg
2064,0,pedestrian crossing,closed,960,1280,photo_8_2024-12-09_12-45-24.jpg,dataset_top12\pedestrian crossing\closed\photo_8_2024-12-09_12-45-24.jpg
4885,10,bus stop,closed,4640,3472,IMG_20241017_182354.jpg,dataset_top12\bus stop\closed\IMG_20241017_182354.jpg
4197,7,stop line,opened,760,755,photo_21_2024-12-18_02-28-33.jpg,dataset_top12\stop line\opened\photo_21_2024-12-18_02-28-33.jpg
175,0,pedestrian crossing,opened,960,1280,photo_23_2024-12-18_13-06-32.jpg,dataset_top12\pedestrian crossing\opened\photo_23_2024-12-18_13-06-32.jpg
4782,9,straight,opened,167,153,photo_5_2024-05-17_15-34-29_q.jpg,dataset_top12\straight\opened\photo_5_2024-05-17_15-34-29_q.jpg
4370,7,stop line,closed,342,427,photo_5278624148517676367_y (1).jpg,dataset_top12\stop line\closed\photo_5278624148517676367_y (1).jpg
1278,0,pedestrian crossing,closed,960,1280,photo_37_2024-12-07_12-49-18.jpg,dataset_top12\pedestrian crossing\closed\photo_37_2024-12-07_12-49-18.jpg
2527,1,give way,closed,1280,634,photo_3_2024-12-05_22-22-53.jpg,dataset_top12\give way\closed\photo_3_2024-12-05_22-22-53.jpg
3311,3,no stopping,closed,710,748,photo_72_2024-12-06_22-25-52_1.jpg,dataset_top12\no stopping\closed\photo_72_2024-12-06_22-25-52_1.jpg
2517,1,give way,closed,960,1280,photo_36_2024-12-07_12-47-32.jpg,dataset_top12\give way\closed\photo_36_2024-12-07_12-47-32.jpg
2948,2,tow truck,opened,712,625,photo_90_2024-12-18_13-04-36.jpg,dataset_top12\tow truck\opened\photo_90_2024-12-18_13-04-36.jpg
2690,1,give way,closed,960,1280,photo_90_2024-12-07_12-48-37.jpg,dataset_top12\give way\closed\photo_90_2024-12-07_12-48-37.jpg
3546,4,parking place,opened,960,1280,photo_66_2024-12-19_01-59-18.jpg,dataset_top12\parking place\opened\photo_66_2024-12-19_01-59-18.jpg
1432,0,pedestrian crossing,closed,960,1280,photo_51_2024-12-07_12-48-37.jpg,dataset_top12\pedestrian crossing\closed\photo_51_2024-12-07_12-48-37.jpg
3751,5,maximum speed limit_40,opened,533,588,photo_49_2024-12-19_02-03-02.jpg,dataset_top12\maximum speed limit_40\opened\photo_49_2024-12-19_02-03-02.jpg
4027,6,left,opened,331,324,photo_22_2024-04-25_12-20-30.jpg,dataset_top12\left\opened\photo_22_2024-04-25_12-20-30.jpg
4410,8,right,opened,218,334,IMG_0771.JPG,dataset_top12\right\opened\IMG_0771.JPG
857,0,pedestrian crossing,opened,960,1280,photo_96_2024-12-18_02-36-53.jpg,dataset_top12\pedestrian crossing\opened\photo_96_2024-12-18_02-36-53.jpg
1587,0,pedestrian crossing,closed,960,1280,photo_5278624148517676657_y.jpg,dataset_top12\pedestrian crossing\closed\photo_5278624148517676657_y.jpg
4620,8,right,opened,501,519,photo_95_2024-04-25_12-41-13.jpg,dataset_top12\right\opened\photo_95_2024-04-25_12-41-13.jpg
752,0,pedestrian crossing,opened,960,1280,photo_84_2024-12-18_02-36-53.jpg,dataset_top12\pedestrian crossing\opened\photo_84_2024-12-18_02-36-53.jpg
394,0,pedestrian crossing,opened,1280,874,photo_44_2024-12-18_02-27-08.jpg,dataset_top12\pedestrian crossing\opened\photo_44_2024-12-18_02-27-08.jpg
541,0,pedestrian crossing,opened,1280,1137,photo_62_2024-12-18_02-25-50.jpg,dataset_top12\pedestrian crossing\opened\photo_62_2024-12-18_02-25-50.jpg
4093,6,left,opened,81,121,photo_4_2024-04-25_12-43-13_l_7.jpg,dataset_top12\left\opened\photo_4_2024-04-25_12-43-13_l_7.jpg
891,0,pedestrian crossing,opened,960,1280,photo_9_2024-12-18_13-05-23.jpg,dataset_top12\pedestrian crossing\opened\photo_9_2024-12-18_13-05-23.jpg
4352,7,stop line,closed,622,642,photo_35_2024-12-06_22-24-57.jpg,dataset_top12\stop line\closed\photo_35_2024-12-06_22-24-57.jpg
403,0,pedestrian crossing,opened,960,1280,photo_46_2024-12-09_12-46-32.jpg,dataset_top12\pedestrian crossing\opened\photo_46_2024-12-09_12-46-32.jpg
2408,1,give way,closed,1718,1816,IMG_20241017_163831.jpg,dataset_top12\give way\closed\IMG_20241017_163831.jpg
2907,2,tow truck,opened,568,567,photo_71_2024-12-19_02-03-02.jpg,dataset_top12\tow truck\opened\photo_71_2024-12-19_02-03-02.jpg
2707,1,give way,closed,960,1280,photo_98_2024-12-06_22-24-22.jpg,dataset_top12\give way\closed\photo_98_2024-12-06_22-24-22.jpg
4497,8,right,opened,146,149,photo_27_2024-04-25_12-20-30.jpg,dataset_top12\right\opened\photo_27_2024-04-25_12-20-30.jpg
1999,0,pedestrian crossing,closed,960,1280,photo_84_2024-12-05_22-22-53.jpg,dataset_top12\pedestrian crossing\closed\photo_84_2024-12-05_22-22-53.jpg
3653,4,parking place,closed,960,1280,photo_5278624148517676632_y.jpg,dataset_top12\parking place\closed\photo_5278624148517676632_y.jpg
426,0,pedestrian crossing,opened,960,1280,photo_49_2024-12-18_02-17-32.jpg,dataset_top12\pedestrian crossing\opened\photo_49_2024-12-18_02-17-32.jpg
5052,11,no entry,opened,960,1280,photo_30_2024-12-18_13-05-23.jpg,dataset_top12\no entry\opened\photo_30_2024-12-18_13-05-23.jpg
4890,10,bus stop,closed,960,1280,photo_11_2024-10-29_09-54-21.jpg,dataset_top12\bus stop\closed\photo_11_2024-10-29_09-54-21.jpg
4894,10,bus stop,closed,850,846,photo_12_2024-12-09_12-45-24.jpg,dataset_top12\bus stop\closed\photo_12_2024-12-09_12-45-24.jpg
5065,11,no entry,opened,960,1280,photo_3_2024-12-18_02-17-59.jpg,dataset_top12\no entry\opened\photo_3_2024-12-18_02-17-59.jpg
3961,6,left,opened,419,522,IMG_0791_6.JPG,dataset_top12\left\opened\IMG_0791_6.JPG
630,0,pedestrian crossing,opened,960,1280,photo_70_2024-12-19_02-04-55.jpg,dataset_top12\pedestrian crossing\opened\photo_70_2024-12-19_02-04-55.jpg
3201,3,no stopping,opened,960,943,photo_94_2024-12-18_02-27-08.jpg,dataset_top12\no stopping\opened\photo_94_2024-12-18_02-27-08.jpg
4429,8,right,opened,958,1406,IMG_0810.JPG,dataset_top12\right\opened\IMG_0810.JPG
2004,0,pedestrian crossing,closed,464,464,photo_84_2024-12-07_12-48-37.jpg,dataset_top12\pedestrian crossing\closed\photo_84_2024-12-07_12-48-37.jpg
2239,1,give way,opened,855,824,photo_37_2024-12-18_13-05-57.jpg,dataset_top12\give way\opened\photo_37_2024-12-18_13-05-57.jpg
897,0,pedestrian crossing,closed,4624,3468,20241102_113956.jpg,dataset_top12\pedestrian crossing\closed\20241102_113956.jpg
3280,3,no stopping,closed,960,1280,photo_43_2024-12-09_12-46-01.jpg,dataset_top12\no stopping\closed\photo_43_2024-12-09_12-46-01.jpg
4321,7,stop line,opened,741,734,photo_8_2024-12-18_02-28-33.jpg,dataset_top12\stop line\opened\photo_8_2024-12-18_02-28-33.jpg
3767,5,maximum speed limit_40,opened,718,773,photo_52_2024-12-19_01-58-39.jpg,dataset_top12\maximum speed limit_40\opened\photo_52_2024-12-19_01-58-39.jpg
3451,4,parking place,opened,960,1280,photo_35_2024-12-18_13-05-57.jpg,dataset_top12\parking place\opened\photo_35_2024-12-18_13-05-57.jpg
2978,2,tow truck,closed,1064,976,IMG_20241017_160701.jpg,dataset_top12\tow truck\closed\IMG_20241017_160701.jpg
3071,3,no stopping,opened,475,455,photo_1_2024-12-18_02-25-50.jpg,dataset_top12\no stopping\opened\photo_1_2024-12-18_02-25-50.jpg
1211,0,pedestrian crossing,closed,960,1280,photo_30_2024-12-06_22-23-51.jpg,dataset_top12\pedestrian crossing\closed\photo_30_2024-12-06_22-23-51.jpg
1251,0,pedestrian crossing,closed,960,1280,photo_35_2024-10-29_09-54-21.jpg,dataset_top12\pedestrian crossing\closed\photo_35_2024-10-29_09-54-21.jpg
4513,8,right,opened,292,322,photo_30_2024-04-25_12-43-13.jpg,dataset_top12\right\opened\photo_30_2024-04-25_12-43-13.jpg
50,0,pedestrian crossing,opened,682,722,photo_13_2024-12-18_12-58-24.jpg,dataset_top12\pedestrian crossing\opened\photo_13_2024-12-18_12-58-24.jpg
4188,7,stop line,opened,718,872,photo_18_2024-12-18_02-11-31.jpg,dataset_top12\stop line\opened\photo_18_2024-12-18_02-11-31.jpg
1795,0,pedestrian crossing,closed,960,1280,photo_65_2024-10-29_09-42-50.jpg,dataset_top12\pedestrian crossing\closed\photo_65_2024-10-29_09-42-50.jpg
912,0,pedestrian crossing,closed,4624,3468,20241102_121229.jpg,dataset_top12\pedestrian crossing\closed\20241102_121229.jpg
1785,0,pedestrian crossing,closed,960,1280,photo_64_2024-10-29_09-42-50.jpg,dataset_top12\pedestrian crossing\closed\photo_64_2024-10-29_09-42-50.jpg
3742,5,maximum speed limit_40,opened,576,611,photo_46_2024-12-19_02-03-02.jpg,dataset_top12\maximum speed limit_40\opened\photo_46_2024-12-19_02-03-02.jpg
2056,0,pedestrian crossing,closed,960,1280,photo_8_2024-10-29_09-53-51.jpg,dataset_top12\pedestrian crossing\closed\photo_8_2024-10-29_09-53-51.jpg
2663,1,give way,closed,960,1280,photo_77_2024-12-06_22-24-22.jpg,dataset_top12\give way\closed\photo_77_2024-12-06_22-24-22.jpg
837,0,pedestrian crossing,opened,531,625,photo_94_2024-10-29_09-53-51.jpg,dataset_top12\pedestrian crossing\opened\photo_94_2024-10-29_09-53-51.jpg
2704,1,give way,closed,960,1280,photo_96_2024-12-06_22-24-22.jpg,dataset_top12\give way\closed\photo_96_2024-12-06_22-24-22.jpg
437,0,pedestrian crossing,opened,684,850,photo_4_2024-12-18_13-01-24.jpg,dataset_top12\pedestrian crossing\opened\photo_4_2024-12-18_13-01-24.jpg
709,0,pedestrian crossing,opened,960,1280,photo_79_2024-12-19_02-04-55.jpg,dataset_top12\pedestrian crossing\opened\photo_79_2024-12-19_02-04-55.jpg
4263,7,stop line,opened,867,658,photo_49_2024-12-18_12-58-24.jpg,dataset_top12\stop line\opened\photo_49_2024-12-18_12-58-24.jpg
3645,4,parking place,closed,720,1280,photo_5278624148517676515_y.jpg,dataset_top12\parking place\closed\photo_5278624148517676515_y.jpg
3158,3,no stopping,opened,960,1280,photo_75_2024-12-18_02-19-24.jpg,dataset_top12\no stopping\opened\photo_75_2024-12-18_02-19-24.jpg
1745,0,pedestrian crossing,closed,1280,1280,photo_5_2024-12-05_22-23-50.jpg,dataset_top12\pedestrian crossing\closed\photo_5_2024-12-05_22-23-50.jpg
299,0,pedestrian crossing,opened,960,1280,photo_35_2024-12-18_13-03-52.jpg,dataset_top12\pedestrian crossing\opened\photo_35_2024-12-18_13-03-52.jpg
1563,0,pedestrian crossing,closed,960,1280,photo_5278624148517676614_y.jpg,dataset_top12\pedestrian crossing\closed\photo_5278624148517676614_y.jpg
2030,0,pedestrian crossing,closed,960,1280,photo_87_2024-10-29_09-54-21.jpg,dataset_top12\pedestrian crossing\closed\photo_87_2024-10-29_09-54-21.jpg
3386,4,parking place,opened,960,1280,photo_18_2024-12-18_02-17-32.jpg,dataset_top12\parking place\opened\photo_18_2024-12-18_02-17-32.jpg
5077,11,no entry,opened,960,1280,photo_45_2024-12-18_13-05-23.jpg,dataset_top12\no entry\opened\photo_45_2024-12-18_13-05-23.jpg
433,0,pedestrian crossing,opened,960,1280,photo_4_2024-12-18_02-29-08.jpg,dataset_top12\pedestrian crossing\opened\photo_4_2024-12-18_02-29-08.jpg
2379,1,give way,opened,960,1280,photo_98_2024-12-18_13-05-57.jpg,dataset_top12\give way\opened\photo_98_2024-12-18_13-05-57.jpg
2935,2,tow truck,opened,789,720,photo_85_2024-12-18_12-58-24.jpg,dataset_top12\tow truck\opened\photo_85_2024-12-18_12-58-24.jpg
577,0,pedestrian crossing,opened,810,1080,photo_66_2024-12-18_02-27-08.jpg,dataset_top12\pedestrian crossing\opened\photo_66_2024-12-18_02-27-08.jpg
3965,6,left,opened,650,587,IMG_0792_5.JPG,dataset_top12\left\opened\IMG_0792_5.JPG
4567,8,right,opened,144,145,photo_57_2024-04-25_12-41-12.jpg,dataset_top12\right\opened\photo_57_2024-04-25_12-41-12.jpg
5157,11,no entry,opened,960,1280,photo_95_2024-12-18_02-28-33.jpg,dataset_top12\no entry\opened\photo_95_2024-12-18_02-28-33.jpg
5173,11,no entry,closed,554,546,photo_81_2024-12-18_02-25-50.jpg,dataset_top12\no entry\closed\photo_81_2024-12-18_02-25-50.jpg
3605,4,parking place,opened,960,1280,photo_89_2024-12-19_01-59-18.jpg,dataset_top12\parking place\opened\photo_89_2024-12-19_01-59-18.jpg
2863,2,tow truck,opened,579,586,photo_55_2024-12-19_02-03-02.jpg,dataset_top12\tow truck\opened\photo_55_2024-12-19_02-03-02.jpg
4025,6,left,opened,84,89,photo_21_2024-04-25_12-43-13_7.jpg,dataset_top12\left\opened\photo_21_2024-04-25_12-43-13_7.jpg
308,0,pedestrian crossing,opened,1084,1280,photo_36_2024-12-18_02-27-08.jpg,dataset_top12\pedestrian crossing\opened\photo_36_2024-12-18_02-27-08.jpg
1315,0,pedestrian crossing,closed,960,1280,photo_40_2024-12-18_02-36-53.jpg,dataset_top12\pedestrian crossing\closed\photo_40_2024-12-18_02-36-53.jpg
410,0,pedestrian crossing,opened,960,1280,photo_47_2024-12-18_13-03-52.jpg,dataset_top12\pedestrian crossing\opened\photo_47_2024-12-18_13-03-52.jpg
3464,4,parking place,opened,960,1280,photo_3_2024-12-19_02-00-05.jpg,dataset_top12\parking place\opened\photo_3_2024-12-19_02-00-05.jpg
1509,0,pedestrian crossing,closed,960,1280,photo_5278624148517676404_y.jpg,dataset_top12\pedestrian crossing\closed\photo_5278624148517676404_y.jpg
3237,3,no stopping,closed,1698,1756,IMG_20241017_160634_0.jpg,dataset_top12\no stopping\closed\IMG_20241017_160634_0.jpg
3047,3,no stopping,opened,581,546,photo_10_2024-12-19_01-58-39.jpg,dataset_top12\no stopping\opened\photo_10_2024-12-19_01-58-39.jpg
3618,4,parking place,opened,960,1280,photo_93_2024-12-19_01-59-18.jpg,dataset_top12\parking place\opened\photo_93_2024-12-19_01-59-18.jpg
4342,7,stop line,closed,960,1280,photo_1_2024-12-05_22-23-25.jpg,dataset_top12\stop line\closed\photo_1_2024-12-05_22-23-25.jpg
4972,10,bus stop,closed,720,1280,photo_5282859763660611957_y.jpg,dataset_top12\bus stop\closed\photo_5282859763660611957_y.jpg
4829,10,bus stop,opened,1830,2015,IMG_20241017_161348_1.jpg,dataset_top12\bus stop\opened\IMG_20241017_161348_1.jpg
806,0,pedestrian crossing,opened,960,1280,photo_90_2024-12-18_13-03-52.jpg,dataset_top12\pedestrian crossing\opened\photo_90_2024-12-18_13-03-52.jpg
764,0,pedestrian crossing,opened,960,1280,photo_85_2024-12-18_13-06-32.jpg,dataset_top12\pedestrian crossing\opened\photo_85_2024-12-18_13-06-32.jpg
173,0,pedestrian crossing,opened,960,1280,photo_23_2024-12-18_13-04-36.jpg,dataset_top12\pedestrian crossing\opened\photo_23_2024-12-18_13-04-36.jpg
1416,0,pedestrian crossing,closed,960,1280,photo_50_2024-10-29_09-54-21.jpg,dataset_top12\pedestrian crossing\closed\photo_50_2024-10-29_09-54-21.jpg
4736,9,straight,opened,533,533,photo_3_2024-05-17_15-34-29.jpg,dataset_top12\straight\opened\photo_3_2024-05-17_15-34-29.jpg
2736,2,tow truck,opened,680,668,photo_18_2024-12-19_01-58-39.jpg,dataset_top12\tow truck\opened\photo_18_2024-12-19_01-58-39.jpg
3791,5,maximum speed limit_40,opened,624,628,photo_67_2024-12-19_02-00-53.jpg,dataset_top12\maximum speed limit_40\opened\photo_67_2024-12-19_02-00-53.jpg
846,0,pedestrian crossing,opened,960,1280,photo_95_2024-12-09_12-46-33.jpg,dataset_top12\pedestrian crossing\opened\photo_95_2024-12-09_12-46-33.jpg
3610,4,parking place,opened,960,1280,photo_8_2024-12-19_02-00-05.jpg,dataset_top12\parking place\opened\photo_8_2024-12-19_02-00-05.jpg
1305,0,pedestrian crossing,closed,960,1280,photo_40_2024-10-29_09-53-08.jpg,dataset_top12\pedestrian crossing\closed\photo_40_2024-10-29_09-53-08.jpg
1293,0,pedestrian crossing,closed,960,1280,photo_39_2024-12-07_12-47-32.jpg,dataset_top12\pedestrian crossing\closed\photo_39_2024-12-07_12-47-32.jpg
3520,4,parking place,opened,960,1280,photo_58_2024-12-19_01-59-18.jpg,dataset_top12\parking place\opened\photo_58_2024-12-19_01-59-18.jpg
2001,0,pedestrian crossing,closed,960,1280,photo_84_2024-12-06_22-24-22.jpg,dataset_top12\pedestrian crossing\closed\photo_84_2024-12-06_22-24-22.jpg
3889,5,maximum speed limit_40,closed,960,1280,photo_52_2024-12-09_12-46-01.jpg,dataset_top12\maximum speed limit_40\closed\photo_52_2024-12-09_12-46-01.jpg
2803,2,tow truck,opened,627,663,photo_34_2024-12-19_02-00-53.jpg,dataset_top12\tow truck\opened\photo_34_2024-12-19_02-00-53.jpg
5041,11,no entry,opened,960,1280,photo_24_2024-12-18_02-28-33.jpg,dataset_top12\no entry\opened\photo_24_2024-12-18_02-28-33.jpg
236,0,pedestrian crossing,opened,960,1280,photo_29_2024-12-19_02-04-55.jpg,dataset_top12\pedestrian crossing\opened\photo_29_2024-12-19_02-04-55.jpg
2342,1,give way,opened,960,1043,photo_84_2024-12-18_13-05-23.jpg,dataset_top12\give way\opened\photo_84_2024-12-18_13-05-23.jpg
5069,11,no entry,opened,960,1280,photo_41_2024-12-18_02-17-59.jpg,dataset_top12\no entry\opened\photo_41_2024-12-18_02-17-59.jpg
1288,0,pedestrian crossing,closed,960,1280,photo_39_2024-10-29_09-53-08.jpg,dataset_top12\pedestrian crossing\closed\photo_39_2024-10-29_09-53-08.jpg
4719,9,straight,opened,352,463,photo_29_2024-04-25_12-41-12.jpg,dataset_top12\straight\opened\photo_29_2024-04-25_12-41-12.jpg
3646,4,parking place,closed,720,1280,photo_5278624148517676540_y.jpg,dataset_top12\parking place\closed\photo_5278624148517676540_y.jpg
282,0,pedestrian crossing,opened,960,1280,photo_33_2024-12-19_00-11-08.jpg,dataset_top12\pedestrian crossing\opened\photo_33_2024-12-19_00-11-08.jpg
2462,1,give way,closed,1152,1280,photo_15_2024-12-07_12-47-32.jpg,dataset_top12\give way\closed\photo_15_2024-12-07_12-47-32.jpg
2674,1,give way,closed,404,410,photo_82_2024-12-07_12-48-02_1.jpg,dataset_top12\give way\closed\photo_82_2024-12-07_12-48-02_1.jpg
4345,7,stop line,closed,696,706,photo_23_2024-12-07_12-49-18.jpg,dataset_top12\stop line\closed\photo_23_2024-12-07_12-49-18.jpg
2295,1,give way,opened,960,1280,photo_66_2024-12-18_13-04-36.jpg,dataset_top12\give way\opened\photo_66_2024-12-18_13-04-36.jpg
1071,0,pedestrian crossing,closed,960,1280,photo_17_2024-12-06_22-24-57.jpg,dataset_top12\pedestrian crossing\closed\photo_17_2024-12-06_22-24-57.jpg
5045,11,no entry,opened,960,1280,photo_26_2024-12-18_13-07-03.jpg,dataset_top12\no entry\opened\photo_26_2024-12-18_13-07-03.jpg
2670,1,give way,closed,883,1068,photo_81_2024-12-06_22-23-51.jpg,dataset_top12\give way\closed\photo_81_2024-12-06_22-23-51.jpg
288,0,pedestrian crossing,opened,960,1280,photo_34_2024-12-18_02-36-53.jpg,dataset_top12\pedestrian crossing\opened\photo_34_2024-12-18_02-36-53.jpg
3992,6,left,opened,87,117,photo_11_2024-04-25_12-43-13_8.jpg,dataset_top12\left\opened\photo_11_2024-04-25_12-43-13_8.jpg
4938,10,bus stop,closed,889,892,photo_36_2024-12-09_12-45-24.jpg,dataset_top12\bus stop\closed\photo_36_2024-12-09_12-45-24.jpg
872,0,pedestrian crossing,opened,793,794,photo_98_2024-12-18_02-27-08.jpg,dataset_top12\pedestrian crossing\opened\photo_98_2024-12-18_02-27-08.jpg
2294,1,give way,opened,390,399,photo_66_2024-12-18_02-25-50.jpg,dataset_top12\give way\opened\photo_66_2024-12-18_02-25-50.jpg
3330,3,no stopping,closed,1280,1167,photo_85_2024-12-07_12-47-32.jpg,dataset_top12\no stopping\closed\photo_85_2024-12-07_12-47-32.jpg
3814,5,maximum speed limit_40,opened,780,794,photo_79_2024-12-19_02-03-02.jpg,dataset_top12\maximum speed limit_40\opened\photo_79_2024-12-19_02-03-02.jpg
683,0,pedestrian crossing,opened,960,1280,photo_76_2024-12-19_01-58-39.jpg,dataset_top12\pedestrian crossing\opened\photo_76_2024-12-19_01-58-39.jpg
4793,9,straight,opened,208,206,photo_78_2024-04-25_12-41-13_g.jpg,dataset_top12\straight\opened\photo_78_2024-04-25_12-41-13_g.jpg
3475,4,parking place,opened,960,1280,photo_43_2024-12-19_01-59-18.jpg,dataset_top12\parking place\opened\photo_43_2024-12-19_01-59-18.jpg
1434,0,pedestrian crossing,closed,242,240,photo_51_2024-12-09_12-45-24_2.jpg,dataset_top12\pedestrian crossing\closed\photo_51_2024-12-09_12-45-24_2.jpg
5021,11,no entry,opened,960,1280,photo_14_2024-12-18_02-17-59.jpg,dataset_top12\no entry\opened\photo_14_2024-12-18_02-17-59.jpg
4118,6,left,opened,206,205,photo_81_2024-04-25_12-41-13.jpg,dataset_top12\left\opened\photo_81_2024-04-25_12-41-13.jpg
2725,2,tow truck,opened,729,635,photo_15_2024-12-18_13-04-36.jpg,dataset_top12\tow truck\opened\photo_15_2024-12-18_13-04-36.jpg
2614,1,give way,closed,960,1280,photo_54_2024-12-07_12-47-32.jpg,dataset_top12\give way\closed\photo_54_2024-12-07_12-47-32.jpg
3662,4,parking place,closed,960,1280,photo_9_2024-12-19_02-00-05.jpg,dataset_top12\parking place\closed\photo_9_2024-12-19_02-00-05.jpg
2417,1,give way,closed,4640,3472,IMG_20241029_173541.jpg,dataset_top12\give way\closed\IMG_20241029_173541.jpg
4250,7,stop line,opened,857,691,photo_44_2024-12-18_13-01-24.jpg,dataset_top12\stop line\opened\photo_44_2024-12-18_13-01-24.jpg
2265,1,give way,opened,484,492,photo_50_2024-12-09_12-46-32.jpg,dataset_top12\give way\opened\photo_50_2024-12-09_12-46-32.jpg
4098,6,left,opened,113,118,photo_53_2024-04-25_12-41-12_8.jpg,dataset_top12\left\opened\photo_53_2024-04-25_12-41-12_8.jpg
1238,0,pedestrian crossing,closed,960,1280,photo_33_2024-12-07_12-48-36.jpg,dataset_top12\pedestrian crossing\closed\photo_33_2024-12-07_12-48-36.jpg
2608,1,give way,closed,925,1280,photo_52_2024-12-07_12-47-32.jpg,dataset_top12\give way\closed\photo_52_2024-12-07_12-47-32.jpg
1677,0,pedestrian crossing,closed,782,789,photo_52_2024-12-09_12-45-24.jpg,dataset_top12\pedestrian crossing\closed\photo_52_2024-12-09_12-45-24.jpg
4335,7,stop line,closed,1664,1565,20241102_122025.jpg,dataset_top12\stop line\closed\20241102_122025.jpg
1833,0,pedestrian crossing,closed,960,1280,photo_69_2024-10-29_09-42-50.jpg,dataset_top12\pedestrian crossing\closed\photo_69_2024-10-29_09-42-50.jpg
3919,5,maximum speed limit_40,closed,1280,954,photo_7_2024-12-05_22-23-25.jpg,dataset_top12\maximum speed limit_40\closed\photo_7_2024-12-05_22-23-25.jpg
2031,0,pedestrian crossing,closed,960,1280,photo_87_2024-12-05_22-22-53.jpg,dataset_top12\pedestrian crossing\closed\photo_87_2024-12-05_22-22-53.jpg
1230,0,pedestrian crossing,closed,960,1280,photo_33_2024-10-29_09-53-08.jpg,dataset_top12\pedestrian crossing\closed\photo_33_2024-10-29_09-53-08.jpg
4923,10,bus stop,closed,960,1280,photo_30_2024-12-07_12-46-52.jpg,dataset_top12\bus stop\closed\photo_30_2024-12-07_12-46-52.jpg
4173,6,left,closed,960,1280,photo_9_2024-12-06_22-24-22.jpg,dataset_top12\left\closed\photo_9_2024-12-06_22-24-22.jpg
544,0,pedestrian crossing,opened,960,1280,photo_62_2024-12-18_13-05-23.jpg,dataset_top12\pedestrian crossing\opened\photo_62_2024-12-18_13-05-23.jpg
4363,7,stop line,closed,427,420,photo_49_2024-12-09_12-46-01.jpg,dataset_top12\stop line\closed\photo_49_2024-12-09_12-46-01.jpg
4859,10,bus stop,opened,960,1280,photo_62_2024-12-18_02-28-33.jpg,dataset_top12\bus stop\opened\photo_62_2024-12-18_02-28-33.jpg
4189,7,stop line,opened,703,861,photo_19_2024-12-18_02-10-22.jpg,dataset_top12\stop line\opened\photo_19_2024-12-18_02-10-22.jpg
2611,1,give way,closed,1137,1280,photo_53_2024-12-06_22-25-23.jpg,dataset_top12\give way\closed\photo_53_2024-12-06_22-25-23.jpg
1993,0,pedestrian crossing,closed,960,1280,photo_83_2024-12-06_22-25-52.jpg,dataset_top12\pedestrian crossing\closed\photo_83_2024-12-06_22-25-52.jpg
1012,0,pedestrian crossing,closed,843,1121,photo_100_2024-10-29_09-42-50.jpg,dataset_top12\pedestrian crossing\closed\photo_100_2024-10-29_09-42-50.jpg
153,0,pedestrian crossing,opened,960,1280,photo_21_2024-12-09_12-50-33.jpg,dataset_top12\pedestrian crossing\opened\photo_21_2024-12-09_12-50-33.jpg
1495,0,pedestrian crossing,closed,960,1280,photo_5278624148517676385_y.jpg,dataset_top12\pedestrian crossing\closed\photo_5278624148517676385_y.jpg
621,0,pedestrian crossing,opened,960,1280,photo_6_2024-12-19_00-10-31.jpg,dataset_top12\pedestrian crossing\opened\photo_6_2024-12-19_00-10-31.jpg
1599,0,pedestrian crossing,closed,720,1280,photo_5278624148517676693_y.jpg,dataset_top12\pedestrian crossing\closed\photo_5278624148517676693_y.jpg
536,0,pedestrian crossing,opened,960,1280,photo_61_2024-12-18_13-05-23.jpg,dataset_top12\pedestrian crossing\opened\photo_61_2024-12-18_13-05-23.jpg
3676,5,maximum speed limit_40,opened,620,589,photo_13_2024-10-29_09-53-08.jpg,dataset_top12\maximum speed limit_40\opened\photo_13_2024-10-29_09-53-08.jpg
4910,10,bus stop,closed,960,1280,photo_23_2024-10-29_09-54-21.jpg,dataset_top12\bus stop\closed\photo_23_2024-10-29_09-54-21.jpg
3619,4,parking place,opened,960,1280,photo_94_2024-12-19_01-59-18.jpg,dataset_top12\parking place\opened\photo_94_2024-12-19_01-59-18.jpg
4891,10,bus stop,closed,960,1280,photo_12_2024-10-29_09-54-21.jpg,dataset_top12\bus stop\closed\photo_12_2024-10-29_09-54-21.jpg
4901,10,bus stop,closed,960,1280,photo_18_2024-12-09_12-45-24.jpg,dataset_top12\bus stop\closed\photo_18_2024-12-09_12-45-24.jpg
3617,4,parking place,opened,960,1280,photo_93_2024-12-18_12-58-24.jpg,dataset_top12\parking place\opened\photo_93_2024-12-18_12-58-24.jpg
3897,5,maximum speed limit_40,closed,1280,602,photo_59_2024-12-05_22-22-53.jpg,dataset_top12\maximum speed limit_40\closed\photo_59_2024-12-05_22-22-53.jpg
1721,0,pedestrian crossing,closed,960,1280,photo_58_2024-10-29_09-42-50.jpg,dataset_top12\pedestrian crossing\closed\photo_58_2024-10-29_09-42-50.jpg
2676,1,give way,closed,960,1280,photo_83_2024-12-07_12-48-37.jpg,dataset_top12\give way\closed\photo_83_2024-12-07_12-48-37.jpg
1648,0,pedestrian crossing,closed,720,1280,photo_5278624148517676769_y.jpg,dataset_top12\pedestrian crossing\closed\photo_5278624148517676769_y.jpg
134,0,pedestrian crossing,opened,960,1280,photo_1_2024-12-18_13-05-57.jpg,dataset_top12\pedestrian crossing\opened\photo_1_2024-12-18_13-05-57.jpg
1073,0,pedestrian crossing,closed,960,1280,photo_17_2024-12-07_12-48-02.jpg,dataset_top12\pedestrian crossing\closed\photo_17_2024-12-07_12-48-02.jpg
2493,1,give way,closed,960,1280,photo_26_2024-12-07_12-48-36.jpg,dataset_top12\give way\closed\photo_26_2024-12-07_12-48-36.jpg
4349,7,stop line,closed,578,626,photo_31_2024-12-06_22-24-57.jpg,dataset_top12\stop line\closed\photo_31_2024-12-06_22-24-57.jpg
3498,4,parking place,opened,960,1280,photo_52_2024-12-18_12-58-24.jpg,dataset_top12\parking place\opened\photo_52_2024-12-18_12-58-24.jpg
457,0,pedestrian crossing,opened,960,1280,photo_52_2024-12-18_02-17-32.jpg,dataset_top12\pedestrian crossing\opened\photo_52_2024-12-18_02-17-32.jpg
989,0,pedestrian crossing,closed,4640,3472,IMG_20241029_175807.jpg,dataset_top12\pedestrian crossing\closed\IMG_20241029_175807.jpg
2916,2,tow truck,opened,563,515,photo_75_2024-12-18_13-02-04.jpg,dataset_top12\tow truck\opened\photo_75_2024-12-18_13-02-04.jpg
794,0,pedestrian crossing,opened,960,1280,photo_8_2024-12-18_13-03-52.jpg,dataset_top12\pedestrian crossing\opened\photo_8_2024-12-18_13-03-52.jpg
4875,10,bus stop,closed,1153,1273,IMG_20241017_161236_2.jpg,dataset_top12\bus stop\closed\IMG_20241017_161236_2.jpg
783,0,pedestrian crossing,opened,960,1280,photo_88_2024-12-18_13-06-32.jpg,dataset_top12\pedestrian crossing\opened\photo_88_2024-12-18_13-06-32.jpg
583,0,pedestrian crossing,opened,960,1280,photo_66_2024-12-19_00-10-31.jpg,dataset_top12\pedestrian crossing\opened\photo_66_2024-12-19_00-10-31.jpg
1986,0,pedestrian crossing,closed,960,1280,photo_82_2024-12-07_12-49-18.jpg,dataset_top12\pedestrian crossing\closed\photo_82_2024-12-07_12-49-18.jpg
1120,0,pedestrian crossing,closed,960,1280,photo_22_2024-10-29_09-53-51.jpg,dataset_top12\pedestrian crossing\closed\photo_22_2024-10-29_09-53-51.jpg
2297,1,give way,opened,404,382,photo_67_2024-12-18_02-25-50.jpg,dataset_top12\give way\opened\photo_67_2024-12-18_02-25-50.jpg
1912,0,pedestrian crossing,closed,474,476,photo_75_2024-12-09_12-45-24.jpg,dataset_top12\pedestrian crossing\closed\photo_75_2024-12-09_12-45-24.jpg
366,0,pedestrian crossing,opened,960,1280,photo_40_2024-12-18_12-58-24.jpg,dataset_top12\pedestrian crossing\opened\photo_40_2024-12-18_12-58-24.jpg
2472,1,give way,closed,1092,1280,photo_19_2024-12-07_12-47-32.jpg,dataset_top12\give way\closed\photo_19_2024-12-07_12-47-32.jpg
3697,5,maximum speed limit_40,opened,447,427,photo_25_2024-12-18_02-13-44.jpg,dataset_top12\maximum speed limit_40\opened\photo_25_2024-12-18_02-13-44.jpg
1283,0,pedestrian crossing,closed,1007,1280,photo_38_2024-12-05_22-23-50.jpg,dataset_top12\pedestrian crossing\closed\photo_38_2024-12-05_22-23-50.jpg
293,0,pedestrian crossing,opened,960,1280,photo_34_2024-12-19_00-11-08.jpg,dataset_top12\pedestrian crossing\opened\photo_34_2024-12-19_00-11-08.jpg
4057,6,left,opened,104,113,photo_35_2024-04-25_12-41-12_3.jpg,dataset_top12\left\opened\photo_35_2024-04-25_12-41-12_3.jpg
2307,1,give way,opened,311,320,photo_71_2024-12-09_12-46-32_1.jpg,dataset_top12\give way\opened\photo_71_2024-12-09_12-46-32_1.jpg
3568,4,parking place,opened,960,1280,photo_72_2024-12-19_01-59-18.jpg,dataset_top12\parking place\opened\photo_72_2024-12-19_01-59-18.jpg
2709,1,give way,closed,960,1280,photo_99_2024-10-29_09-53-51.jpg,dataset_top12\give way\closed\photo_99_2024-10-29_09-53-51.jpg
938,0,pedestrian crossing,closed,2204,2385,IMG_20241017_190902.jpg,dataset_top12\pedestrian crossing\closed\IMG_20241017_190902.jpg
3806,5,maximum speed limit_40,opened,550,592,photo_76_2024-12-19_02-00-53.jpg,dataset_top12\maximum speed limit_40\opened\photo_76_2024-12-19_02-00-53.jpg
5025,11,no entry,opened,960,1280,photo_16_2024-12-18_02-17-59.jpg,dataset_top12\no entry\opened\photo_16_2024-12-18_02-17-59.jpg
21,0,pedestrian crossing,opened,960,1280,photo_10_2024-12-18_13-05-23.jpg,dataset_top12\pedestrian crossing\opened\photo_10_2024-12-18_13-05-23.jpg
3895,5,maximum speed limit_40,closed,1280,789,photo_57_2024-12-07_12-46-52.jpg,dataset_top12\maximum speed limit_40\closed\photo_57_2024-12-07_12-46-52.jpg
4640,9,straight,opened,969,922,IMG_0762.JPG,dataset_top12\straight\opened\IMG_0762.JPG
4283,7,stop line,opened,862,890,photo_55_2024-12-18_13-04-36.jpg,dataset_top12\stop line\opened\photo_55_2024-12-18_13-04-36.jpg
2714,2,tow truck,opened,884,844,photo_11_2024-12-18_02-33-06.jpg,dataset_top12\tow truck\opened\photo_11_2024-12-18_02-33-06.jpg
3716,5,maximum speed limit_40,opened,754,783,photo_36_2024-12-19_01-58-39.jpg,dataset_top12\maximum speed limit_40\opened\photo_36_2024-12-19_01-58-39.jpg
2370,1,give way,opened,960,1280,photo_94_2024-12-19_02-00-53.jpg,dataset_top12\give way\opened\photo_94_2024-12-19_02-00-53.jpg
3838,5,maximum speed limit_40,opened,688,687,photo_93_2024-12-19_02-03-02.jpg,dataset_top12\maximum speed limit_40\opened\photo_93_2024-12-19_02-03-02.jpg
190,0,pedestrian crossing,opened,960,1280,photo_25_2024-12-18_12-58-24.jpg,dataset_top12\pedestrian crossing\opened\photo_25_2024-12-18_12-58-24.jpg
743,0,pedestrian crossing,opened,960,1280,photo_83_2024-12-18_02-28-33.jpg,dataset_top12\pedestrian crossing\opened\photo_83_2024-12-18_02-28-33.jpg
2575,1,give way,closed,720,1280,photo_5278624148517676562_y.jpg,dataset_top12\give way\closed\photo_5278624148517676562_y.jpg
2293,1,give way,opened,549,561,photo_65_2024-12-19_02-00-53.jpg,dataset_top12\give way\opened\photo_65_2024-12-19_02-00-53.jpg
2013,0,pedestrian crossing,closed,960,1280,photo_85_2024-12-07_12-51-07.jpg,dataset_top12\pedestrian crossing\closed\photo_85_2024-12-07_12-51-07.jpg
3896,5,maximum speed limit_40,closed,654,600,photo_58_2024-12-07_12-46-52.jpg,dataset_top12\maximum speed limit_40\closed\photo_58_2024-12-07_12-46-52.jpg
676,0,pedestrian crossing,opened,960,1280,photo_76_2024-12-18_12-58-24.jpg,dataset_top12\pedestrian crossing\opened\photo_76_2024-12-18_12-58-24.jpg
4122,6,left,opened,632,690,photo_86_2024-12-06_22-25-52.jpg,dataset_top12\left\opened\photo_86_2024-12-06_22-25-52.jpg
1569,0,pedestrian crossing,closed,960,1280,photo_5278624148517676620_y.jpg,dataset_top12\pedestrian crossing\closed\photo_5278624148517676620_y.jpg
4233,7,stop line,opened,477,500,photo_36_2024-12-07_12-51-07.jpg,dataset_top12\stop line\opened\photo_36_2024-12-07_12-51-07.jpg
3212,3,no stopping,closed,1346,1389,20241102_112958_1.jpg,dataset_top12\no stopping\closed\20241102_112958_1.jpg
4403,7,stop line,closed,960,1280,photo_82_2024-12-06_22-24-57.jpg,dataset_top12\stop line\closed\photo_82_2024-12-06_22-24-57.jpg
4031,6,left,opened,129,129,photo_24_2024-04-25_12-43-13.jpg,dataset_top12\left\opened\photo_24_2024-04-25_12-43-13.jpg
616,0,pedestrian crossing,opened,644,767,photo_6_2024-12-18_12-58-24.jpg,dataset_top12\pedestrian crossing\opened\photo_6_2024-12-18_12-58-24.jpg
477,0,pedestrian crossing,opened,960,1280,photo_55_2024-12-18_02-17-32.jpg,dataset_top12\pedestrian crossing\opened\photo_55_2024-12-18_02-17-32.jpg
1378,0,pedestrian crossing,closed,1156,1280,photo_47_2024-12-07_12-48-37.jpg,dataset_top12\pedestrian crossing\closed\photo_47_2024-12-07_12-48-37.jpg
159,0,pedestrian crossing,opened,960,1280,photo_21_2024-12-19_02-04-54.jpg,dataset_top12\pedestrian crossing\opened\photo_21_2024-12-19_02-04-54.jpg
2409,1,give way,closed,1152,1239,IMG_20241017_183235.jpg,dataset_top12\give way\closed\IMG_20241017_183235.jpg
3959,6,left,opened,793,700,IMG_0790_8.JPG,dataset_top12\left\opened\IMG_0790_8.JPG
2073,0,pedestrian crossing,closed,960,1280,photo_91_2024-10-29_09-53-08.jpg,dataset_top12\pedestrian crossing\closed\photo_91_2024-10-29_09-53-08.jpg
3776,5,maximum speed limit_40,opened,710,712,photo_57_2024-12-19_01-58-39.jpg,dataset_top12\maximum speed limit_40\opened\photo_57_2024-12-19_01-58-39.jpg
4724,9,straight,opened,310,327,photo_2_2024-04-25_12-43-13_straight_5.jpg,dataset_top12\straight\opened\photo_2_2024-04-25_12-43-13_straight_5.jpg
24,0,pedestrian crossing,opened,960,1280,photo_11_2024-12-09_12-46-32.jpg,dataset_top12\pedestrian crossing\opened\photo_11_2024-12-09_12-46-32.jpg
1353,0,pedestrian crossing,closed,960,1280,photo_45_2024-10-29_09-53-51.jpg,dataset_top12\pedestrian crossing\closed\photo_45_2024-10-29_09-53-51.jpg
3218,3,no stopping,closed,1962,2054,20241102_114306_1.jpg,dataset_top12\no stopping\closed\20241102_114306_1.jpg
4040,6,left,opened,280,351,photo_28_2024-04-25_12-20-30.jpg,dataset_top12\left\opened\photo_28_2024-04-25_12-20-30.jpg
2757,2,tow truck,opened,410,406,photo_22_2024-12-19_02-03-02.jpg,dataset_top12\tow truck\opened\photo_22_2024-12-19_02-03-02.jpg
2474,1,give way,closed,960,1280,photo_1_2024-10-29_09-53-51.jpg,dataset_top12\give way\closed\photo_1_2024-10-29_09-53-51.jpg
721,0,pedestrian crossing,opened,960,1280,photo_80_2024-12-18_02-36-53.jpg,dataset_top12\pedestrian crossing\opened\photo_80_2024-12-18_02-36-53.jpg
3054,3,no stopping,opened,585,515,photo_12_2024-12-19_02-00-05.jpg,dataset_top12\no stopping\opened\photo_12_2024-12-19_02-00-05.jpg
1637,0,pedestrian crossing,closed,720,1280,photo_5278624148517676755_y.jpg,dataset_top12\pedestrian crossing\closed\photo_5278624148517676755_y.jpg
2470,1,give way,closed,1256,1280,photo_18_2024-12-07_12-46-04.jpg,dataset_top12\give way\closed\photo_18_2024-12-07_12-46-04.jpg
3146,3,no stopping,opened,1044,1280,photo_6_2024-12-18_02-27-08.jpg,dataset_top12\no stopping\opened\photo_6_2024-12-18_02-27-08.jpg
4834,10,bus stop,opened,960,1280,photo_13_2024-12-18_02-33-06.jpg,dataset_top12\bus stop\opened\photo_13_2024-12-18_02-33-06.jpg
1061,0,pedestrian crossing,closed,960,1280,photo_16_2024-12-06_22-23-51.jpg,dataset_top12\pedestrian crossing\closed\photo_16_2024-12-06_22-23-51.jpg
3534,4,parking place,opened,960,1280,photo_61_2024-12-18_13-00-25.jpg,dataset_top12\parking place\opened\photo_61_2024-12-18_13-00-25.jpg
80,0,pedestrian crossing,opened,960,1280,photo_16_2024-12-18_02-27-47.jpg,dataset_top12\pedestrian crossing\opened\photo_16_2024-12-18_02-27-47.jpg
472,0,pedestrian crossing,opened,960,1280,photo_54_2024-12-18_12-58-24.jpg,dataset_top12\pedestrian crossing\opened\photo_54_2024-12-18_12-58-24.jpg
4545,8,right,opened,89,92,photo_3_2024-04-25_12-41-12_9.jpg,dataset_top12\right\opened\photo_3_2024-04-25_12-41-12_9.jpg
496,0,pedestrian crossing,opened,960,1280,photo_57_2024-12-18_13-04-36.jpg,dataset_top12\pedestrian crossing\opened\photo_57_2024-12-18_13-04-36.jpg
3833,5,maximum speed limit_40,opened,515,527,photo_92_2024-10-29_09-53-08.jpg,dataset_top12\maximum speed limit_40\opened\photo_92_2024-10-29_09-53-08.jpg
5062,11,no entry,opened,960,1280,photo_38_2024-12-18_13-07-03.jpg,dataset_top12\no entry\opened\photo_38_2024-12-18_13-07-03.jpg
1950,0,pedestrian crossing,closed,960,1280,photo_7_2024-10-29_09-54-37.jpg,dataset_top12\pedestrian crossing\closed\photo_7_2024-10-29_09-54-37.jpg
1037,0,pedestrian crossing,closed,960,1280,photo_13_2024-12-05_22-22-53.jpg,dataset_top12\pedestrian crossing\closed\photo_13_2024-12-05_22-22-53.jpg
4097,6,left,opened,64,107,photo_53_2024-04-25_12-41-12_6.jpg,dataset_top12\left\opened\photo_53_2024-04-25_12-41-12_6.jpg
4492,8,right,opened,146,154,photo_25_2024-04-25_12-43-13.jpg,dataset_top12\right\opened\photo_25_2024-04-25_12-43-13.jpg
4599,8,right,opened,48,43,photo_7_2024-04-25_12-41-12_4.jpg,dataset_top12\right\opened\photo_7_2024-04-25_12-41-12_4.jpg
1640,0,pedestrian crossing,closed,720,1280,photo_5278624148517676761_y.jpg,dataset_top12\pedestrian crossing\closed\photo_5278624148517676761_y.jpg
3481,4,parking place,opened,960,1280,photo_46_2024-12-19_02-00-05.jpg,dataset_top12\parking place\opened\photo_46_2024-12-19_02-00-05.jpg
4827,10,bus stop,opened,1941,1898,IMG_20241017_161346_1.jpg,dataset_top12\bus stop\opened\IMG_20241017_161346_1.jpg
2330,1,give way,opened,551,551,photo_79_2024-12-19_02-00-53.jpg,dataset_top12\give way\opened\photo_79_2024-12-19_02-00-53.jpg
1099,0,pedestrian crossing,closed,960,1280,photo_20_2024-10-29_09-42-50.jpg,dataset_top12\pedestrian crossing\closed\photo_20_2024-10-29_09-42-50.jpg
463,0,pedestrian crossing,opened,960,1280,photo_52_2024-12-19_00-10-31.jpg,dataset_top12\pedestrian crossing\opened\photo_52_2024-12-19_00-10-31.jpg
4642,9,straight,opened,578,577,IMG_0763.JPG,dataset_top12\straight\opened\IMG_0763.JPG
5,0,pedestrian crossing,opened,960,1280,photo_100_2024-12-18_02-25-50.jpg,dataset_top12\pedestrian crossing\opened\photo_100_2024-12-18_02-25-50.jpg
1085,0,pedestrian crossing,closed,960,1280,photo_19_2024-10-29_09-54-21.jpg,dataset_top12\pedestrian crossing\closed\photo_19_2024-10-29_09-54-21.jpg
3930,6,left,opened,562,655,IMG_0761.JPG,dataset_top12\left\opened\IMG_0761.JPG
4159,6,left,closed,211,299,photo_41_2024-10-29_09-54-21.jpg,dataset_top12\left\closed\photo_41_2024-10-29_09-54-21.jpg
3768,5,maximum speed limit_40,opened,880,877,photo_52_2024-12-19_02-00-53.jpg,dataset_top12\maximum speed limit_40\opened\photo_52_2024-12-19_02-00-53.jpg
28,0,pedestrian crossing,opened,960,1280,photo_11_2024-12-18_13-05-23.jpg,dataset_top12\pedestrian crossing\opened\photo_11_2024-12-18_13-05-23.jpg
1846,0,pedestrian crossing,closed,960,1280,photo_6_2024-10-29_09-54-37.jpg,dataset_top12\pedestrian crossing\closed\photo_6_2024-10-29_09-54-37.jpg
174,0,pedestrian crossing,opened,960,1130,photo_23_2024-12-18_13-05-57.jpg,dataset_top12\pedestrian crossing\opened\photo_23_2024-12-18_13-05-57.jpg
3522,4,parking place,opened,960,1280,photo_59_2024-12-18_02-17-32.jpg,dataset_top12\parking place\opened\photo_59_2024-12-18_02-17-32.jpg
1324,0,pedestrian crossing,closed,960,1280,photo_42_2024-10-29_09-42-50.jpg,dataset_top12\pedestrian crossing\closed\photo_42_2024-10-29_09-42-50.jpg
3062,3,no stopping,opened,960,1280,photo_16_2024-12-18_02-19-40.jpg,dataset_top12\no stopping\opened\photo_16_2024-12-18_02-19-40.jpg
1414,0,pedestrian crossing,closed,960,1280,photo_50_2024-10-29_09-53-08.jpg,dataset_top12\pedestrian crossing\closed\photo_50_2024-10-29_09-53-08.jpg
4506,8,right,opened,109,100,photo_2_2024-04-25_12-43-13.jpg,dataset_top12\right\opened\photo_2_2024-04-25_12-43-13.jpg
362,0,pedestrian crossing,opened,960,1280,photo_40_2024-12-09_12-46-01.jpg,dataset_top12\pedestrian crossing\opened\photo_40_2024-12-09_12-46-01.jpg
2992,2,tow truck,closed,1280,1014,photo_24_2024-12-06_22-25-22.jpg,dataset_top12\tow truck\closed\photo_24_2024-12-06_22-25-22.jpg
4957,10,bus stop,closed,960,1280,photo_44_2024-12-07_12-47-32.jpg,dataset_top12\bus stop\closed\photo_44_2024-12-07_12-47-32.jpg
1649,0,pedestrian crossing,closed,720,1280,photo_5278624148517676770_y.jpg,dataset_top12\pedestrian crossing\closed\photo_5278624148517676770_y.jpg
1361,0,pedestrian crossing,closed,960,1280,photo_45_2024-12-07_12-49-18.jpg,dataset_top12\pedestrian crossing\closed\photo_45_2024-12-07_12-49-18.jpg
4496,8,right,opened,322,400,photo_26_2024-04-25_12-43-13.jpg,dataset_top12\right\opened\photo_26_2024-04-25_12-43-13.jpg
3367,4,parking place,opened,782,734,photo_12_2024-12-19_01-56-44.jpg,dataset_top12\parking place\opened\photo_12_2024-12-19_01-56-44.jpg
1371,0,pedestrian crossing,closed,960,1280,photo_47_2024-10-29_09-42-50.jpg,dataset_top12\pedestrian crossing\closed\photo_47_2024-10-29_09-42-50.jpg
1711,0,pedestrian crossing,closed,960,1280,photo_57_2024-10-29_09-53-08.jpg,dataset_top12\pedestrian crossing\closed\photo_57_2024-10-29_09-53-08.jpg
4076,6,left,opened,202,200,photo_43_2024-04-25_12-41-12.jpg,dataset_top12\left\opened\photo_43_2024-04-25_12-41-12.jpg
2354,1,give way,opened,537,543,photo_88_2024-12-19_02-00-53.jpg,dataset_top12\give way\opened\photo_88_2024-12-19_02-00-53.jpg
682,0,pedestrian crossing,opened,960,1280,photo_76_2024-12-19_00-10-31.jpg,dataset_top12\pedestrian crossing\opened\photo_76_2024-12-19_00-10-31.jpg
2859,2,tow truck,opened,460,386,photo_54_2024-12-18_02-27-08.jpg,dataset_top12\tow truck\opened\photo_54_2024-12-18_02-27-08.jpg
503,0,pedestrian crossing,opened,894,1068,photo_58_2024-12-18_12-58-24.jpg,dataset_top12\pedestrian crossing\opened\photo_58_2024-12-18_12-58-24.jpg
2162,1,give way,opened,523,528,photo_15_2024-12-18_02-36-53.jpg,dataset_top12\give way\opened\photo_15_2024-12-18_02-36-53.jpg
253,0,pedestrian crossing,opened,960,1280,photo_30_2024-12-18_12-58-24.jpg,dataset_top12\pedestrian crossing\opened\photo_30_2024-12-18_12-58-24.jpg
2830,2,tow truck,opened,649,689,photo_42_2024-12-19_02-00-05.jpg,dataset_top12\tow truck\opened\photo_42_2024-12-19_02-00-05.jpg
3968,6,left,opened,869,766,IMG_0795.JPG,dataset_top12\left\opened\IMG_0795.JPG
3846,5,maximum speed limit_40,opened,556,581,photo_97_2024-12-19_02-03-02.jpg,dataset_top12\maximum speed limit_40\opened\photo_97_2024-12-19_02-03-02.jpg
2554,1,give way,closed,960,1280,photo_49_2024-12-07_12-48-37.jpg,dataset_top12\give way\closed\photo_49_2024-12-07_12-48-37.jpg
3991,6,left,opened,65,85,photo_11_2024-04-25_12-43-13_5.jpg,dataset_top12\left\opened\photo_11_2024-04-25_12-43-13_5.jpg
4050,6,left,opened,120,142,photo_33_2024-04-25_12-20-30.jpg,dataset_top12\left\opened\photo_33_2024-04-25_12-20-30.jpg
518,0,pedestrian crossing,opened,960,1280,photo_5_2024-12-18_02-29-08.jpg,dataset_top12\pedestrian crossing\opened\photo_5_2024-12-18_02-29-08.jpg
4902,10,bus stop,closed,1063,1280,photo_19_2024-12-07_12-46-52.jpg,dataset_top12\bus stop\closed\photo_19_2024-12-07_12-46-52.jpg
1875,0,pedestrian crossing,closed,1280,1269,photo_72_2024-12-07_12-46-04.jpg,dataset_top12\pedestrian crossing\closed\photo_72_2024-12-07_12-46-04.jpg
3221,3,no stopping,closed,2023,2082,20241102_114923_1.jpg,dataset_top12\no stopping\closed\20241102_114923_1.jpg
1739,0,pedestrian crossing,closed,565,566,photo_59_2024-12-09_12-45-24.jpg,dataset_top12\pedestrian crossing\closed\photo_59_2024-12-09_12-45-24.jpg
240,0,pedestrian crossing,opened,960,1280,photo_2_2024-12-09_12-50-33.jpg,dataset_top12\pedestrian crossing\opened\photo_2_2024-12-09_12-50-33.jpg
779,0,pedestrian crossing,opened,960,1280,photo_88_2024-12-18_13-00-25.jpg,dataset_top12\pedestrian crossing\opened\photo_88_2024-12-18_13-00-25.jpg
3266,3,no stopping,closed,960,1280,photo_29_2024-12-06_22-25-22.jpg,dataset_top12\no stopping\closed\photo_29_2024-12-06_22-25-22.jpg
3453,4,parking place,opened,960,1280,photo_36_2024-12-19_01-59-18.jpg,dataset_top12\parking place\opened\photo_36_2024-12-19_01-59-18.jpg
1492,0,pedestrian crossing,closed,960,1280,photo_5278624148517676381_y.jpg,dataset_top12\pedestrian crossing\closed\photo_5278624148517676381_y.jpg
199,0,pedestrian crossing,opened,960,1280,photo_26_2024-12-18_13-04-36.jpg,dataset_top12\pedestrian crossing\opened\photo_26_2024-12-18_13-04-36.jpg
4323,7,stop line,opened,836,830,photo_93_2024-12-18_02-27-08.jpg,dataset_top12\stop line\opened\photo_93_2024-12-18_02-27-08.jpg
2592,1,give way,closed,560,624,photo_5278624148517676663_y.jpg,dataset_top12\give way\closed\photo_5278624148517676663_y.jpg
2272,1,give way,opened,731,709,photo_54_2024-12-18_13-02-04.jpg,dataset_top12\give way\opened\photo_54_2024-12-18_13-02-04.jpg
332,0,pedestrian crossing,opened,960,1280,photo_38_2024-12-18_02-36-53.jpg,dataset_top12\pedestrian crossing\opened\photo_38_2024-12-18_02-36-53.jpg
4446,8,right,opened,960,1280,photo_10_2024-04-25_12-20-30.jpg,dataset_top12\right\opened\photo_10_2024-04-25_12-20-30.jpg
4315,7,stop line,opened,960,992,photo_82_2024-12-18_13-00-25.jpg,dataset_top12\stop line\opened\photo_82_2024-12-18_13-00-25.jpg
738,0,pedestrian crossing,opened,960,1280,photo_82_2024-12-18_13-05-23.jpg,dataset_top12\pedestrian crossing\opened\photo_82_2024-12-18_13-05-23.jpg
2784,2,tow truck,opened,749,727,photo_30_2024-12-18_02-17-59.jpg,dataset_top12\tow truck\opened\photo_30_2024-12-18_02-17-59.jpg
2691,1,give way,closed,960,1280,photo_91_2024-10-29_09-53-51.jpg,dataset_top12\give way\closed\photo_91_2024-10-29_09-53-51.jpg
1133,0,pedestrian crossing,closed,1139,1280,photo_23_2024-12-07_12-46-52.jpg,dataset_top12\pedestrian crossing\closed\photo_23_2024-12-07_12-46-52.jpg
528,0,pedestrian crossing,opened,960,1280,photo_60_2024-12-18_13-05-23.jpg,dataset_top12\pedestrian crossing\opened\photo_60_2024-12-18_13-05-23.jpg
4484,8,right,opened,86,86,photo_21_2024-04-25_12-43-13_7.jpg,dataset_top12\right\opened\photo_21_2024-04-25_12-43-13_7.jpg
790,0,pedestrian crossing,opened,960,1280,photo_89_2024-12-18_13-06-32.jpg,dataset_top12\pedestrian crossing\opened\photo_89_2024-12-18_13-06-32.jpg
4382,7,stop line,closed,960,1280,photo_54_2024-12-05_22-23-25.jpg,dataset_top12\stop line\closed\photo_54_2024-12-05_22-23-25.jpg
4988,10,bus stop,closed,578,590,photo_72_2024-12-06_22-25-23.jpg,dataset_top12\bus stop\closed\photo_72_2024-12-06_22-25-23.jpg
1152,0,pedestrian crossing,closed,878,877,photo_25_2024-12-06_22-24-57.jpg,dataset_top12\pedestrian crossing\closed\photo_25_2024-12-06_22-24-57.jpg
4252,7,stop line,opened,504,493,photo_45_2024-12-18_02-27-47.jpg,dataset_top12\stop line\opened\photo_45_2024-12-18_02-27-47.jpg
3565,4,parking place,opened,960,1280,photo_71_2024-12-18_13-03-52.jpg,dataset_top12\parking place\opened\photo_71_2024-12-18_13-03-52.jpg
3467,4,parking place,opened,960,1280,photo_41_2024-12-18_13-01-24.jpg,dataset_top12\parking place\opened\photo_41_2024-12-18_13-01-24.jpg
3178,3,no stopping,opened,960,1280,photo_84_2024-12-18_02-19-24.jpg,dataset_top12\no stopping\opened\photo_84_2024-12-18_02-19-24.jpg
1466,0,pedestrian crossing,closed,960,1280,photo_5278624148517676345_y.jpg,dataset_top12\pedestrian crossing\closed\photo_5278624148517676345_y.jpg
4162,6,left,closed,960,1280,photo_54_2024-12-06_22-25-52.jpg,dataset_top12\left\closed\photo_54_2024-12-06_22-25-52.jpg
1287,0,pedestrian crossing,closed,960,982,photo_38_2024-12-07_12-49-18.jpg,dataset_top12\pedestrian crossing\closed\photo_38_2024-12-07_12-49-18.jpg
3431,4,parking place,opened,852,775,photo_28_2024-12-19_01-56-44.jpg,dataset_top12\parking place\opened\photo_28_2024-12-19_01-56-44.jpg
4089,6,left,opened,65,103,photo_48_2024-04-25_12-41-12_9.jpg,dataset_top12\left\opened\photo_48_2024-04-25_12-41-12_9.jpg
4401,7,stop line,closed,960,1280,photo_80_2024-12-06_22-24-57.jpg,dataset_top12\stop line\closed\photo_80_2024-12-06_22-24-57.jpg
3615,4,parking place,opened,960,1280,photo_91_2024-12-19_02-00-05.jpg,dataset_top12\parking place\opened\photo_91_2024-12-19_02-00-05.jpg
2880,2,tow truck,opened,777,665,photo_61_2024-12-18_02-17-59.jpg,dataset_top12\tow truck\opened\photo_61_2024-12-18_02-17-59.jpg
3440,4,parking place,opened,960,1280,photo_30_2024-12-18_13-05-57.jpg,dataset_top12\parking place\opened\photo_30_2024-12-18_13-05-57.jpg
2870,2,tow truck,opened,429,429,photo_58_2024-12-09_12-46-01.jpg,dataset_top12\tow truck\opened\photo_58_2024-12-09_12-46-01.jpg
371,0,pedestrian crossing,opened,960,1280,photo_40_2024-12-19_00-10-31.jpg,dataset_top12\pedestrian crossing\opened\photo_40_2024-12-19_00-10-31.jpg
2026,0,pedestrian crossing,closed,960,1280,photo_86_2024-12-07_12-49-18.jpg,dataset_top12\pedestrian crossing\closed\photo_86_2024-12-07_12-49-18.jpg
1575,0,pedestrian crossing,closed,960,1280,photo_5278624148517676626_y.jpg,dataset_top12\pedestrian crossing\closed\photo_5278624148517676626_y.jpg
2721,2,tow truck,opened,492,461,photo_13_2024-12-19_02-00-05.jpg,dataset_top12\tow truck\opened\photo_13_2024-12-19_02-00-05.jpg
925,0,pedestrian crossing,closed,4640,3472,IMG_20241017_162233.jpg,dataset_top12\pedestrian crossing\closed\IMG_20241017_162233.jpg
3902,5,maximum speed limit_40,closed,1280,865,photo_61_2024-12-07_12-46-52.jpg,dataset_top12\maximum speed limit_40\closed\photo_61_2024-12-07_12-46-52.jpg
2942,2,tow truck,opened,582,576,photo_88_2024-12-19_02-03-02.jpg,dataset_top12\tow truck\opened\photo_88_2024-12-19_02-03-02.jpg
5054,11,no entry,opened,960,1280,photo_32_2024-12-18_02-27-47.jpg,dataset_top12\no entry\opened\photo_32_2024-12-18_02-27-47.jpg
1613,0,pedestrian crossing,closed,722,1280,photo_5278624148517676731_y.jpg,dataset_top12\pedestrian crossing\closed\photo_5278624148517676731_y.jpg
534,0,pedestrian crossing,opened,960,1280,photo_61_2024-12-18_02-27-47.jpg,dataset_top12\pedestrian crossing\opened\photo_61_2024-12-18_02-27-47.jpg
2925,2,tow truck,opened,618,602,photo_81_2024-12-18_13-02-04.jpg,dataset_top12\tow truck\opened\photo_81_2024-12-18_13-02-04.jpg
2522,1,give way,closed,416,428,photo_37_2024-12-07_12-48-02_1.jpg,dataset_top12\give way\closed\photo_37_2024-12-07_12-48-02_1.jpg
3925,5,maximum speed limit_40,closed,652,587,photo_9_2024-10-29_09-53-08.jpg,dataset_top12\maximum speed limit_40\closed\photo_9_2024-10-29_09-53-08.jpg
607,0,pedestrian crossing,opened,960,1280,photo_69_2024-12-18_12-58-24.jpg,dataset_top12\pedestrian crossing\opened\photo_69_2024-12-18_12-58-24.jpg
700,0,pedestrian crossing,opened,960,1280,photo_78_2024-12-19_01-58-39.jpg,dataset_top12\pedestrian crossing\opened\photo_78_2024-12-19_01-58-39.jpg
633,0,pedestrian crossing,opened,960,1280,photo_71_2024-12-18_02-17-32.jpg,dataset_top12\pedestrian crossing\opened\photo_71_2024-12-18_02-17-32.jpg
945,0,pedestrian crossing,closed,2469,2853,IMG_20241029_174013.jpg,dataset_top12\pedestrian crossing\closed\IMG_20241029_174013.jpg
3724,5,maximum speed limit_40,opened,310,277,photo_3_2024-12-19_02-03-02.jpg,dataset_top12\maximum speed limit_40\opened\photo_3_2024-12-19_02-03-02.jpg
828,0,pedestrian crossing,opened,960,1280,photo_92_2024-12-19_02-04-55.jpg,dataset_top12\pedestrian crossing\opened\photo_92_2024-12-19_02-04-55.jpg
181,0,pedestrian crossing,opened,840,900,photo_24_2024-12-18_13-00-25.jpg,dataset_top12\pedestrian crossing\opened\photo_24_2024-12-18_13-00-25.jpg
3176,3,no stopping,opened,960,1280,photo_83_2024-12-18_02-19-24.jpg,dataset_top12\no stopping\opened\photo_83_2024-12-18_02-19-24.jpg
1303,0,pedestrian crossing,closed,960,1280,photo_3_2024-12-18_02-36-53.jpg,dataset_top12\pedestrian crossing\closed\photo_3_2024-12-18_02-36-53.jpg
3530,4,parking place,opened,960,1280,photo_60_2024-12-18_02-17-32.jpg,dataset_top12\parking place\opened\photo_60_2024-12-18_02-17-32.jpg
4125,6,left,opened,100,124,photo_88_2024-04-25_12-41-13_0.jpg,dataset_top12\left\opened\photo_88_2024-04-25_12-41-13_0.jpg
931,0,pedestrian crossing,closed,2258,2265,IMG_20241017_180351.jpg,dataset_top12\pedestrian crossing\closed\IMG_20241017_180351.jpg
2908,2,tow truck,opened,960,688,photo_72_2024-12-18_02-17-59.jpg,dataset_top12\tow truck\opened\photo_72_2024-12-18_02-17-59.jpg
1586,0,pedestrian crossing,closed,960,1280,photo_5278624148517676656_y.jpg,dataset_top12\pedestrian crossing\closed\photo_5278624148517676656_y.jpg
2953,2,tow truck,opened,773,727,photo_92_2024-12-18_12-58-24.jpg,dataset_top12\tow truck\opened\photo_92_2024-12-18_12-58-24.jpg
4962,10,bus stop,closed,1035,1280,photo_46_2024-12-07_12-46-52.jpg,dataset_top12\bus stop\closed\photo_46_2024-12-07_12-46-52.jpg
4356,7,stop line,closed,613,624,photo_38_2024-12-06_22-24-57.jpg,dataset_top12\stop line\closed\photo_38_2024-12-06_22-24-57.jpg
5034,11,no entry,opened,960,1280,photo_1_2024-12-18_13-02-03.jpg,dataset_top12\no entry\opened\photo_1_2024-12-18_13-02-03.jpg
1202,0,pedestrian crossing,closed,960,1280,photo_2_2024-12-09_12-45-24.jpg,dataset_top12\pedestrian crossing\closed\photo_2_2024-12-09_12-45-24.jpg
3905,5,maximum speed limit_40,closed,1280,920,photo_63_2024-12-07_12-46-52.jpg,dataset_top12\maximum speed limit_40\closed\photo_63_2024-12-07_12-46-52.jpg
2647,1,give way,closed,464,467,photo_68_2024-12-09_12-46-32.jpg,dataset_top12\give way\closed\photo_68_2024-12-09_12-46-32.jpg
3204,3,no stopping,opened,960,1280,photo_96_2024-12-18_02-19-24.jpg,dataset_top12\no stopping\opened\photo_96_2024-12-18_02-19-24.jpg
1629,0,pedestrian crossing,closed,720,1280,photo_5278624148517676747_y.jpg,dataset_top12\pedestrian crossing\closed\photo_5278624148517676747_y.jpg
2808,2,tow truck,opened,815,770,photo_36_2024-12-18_02-25-50.jpg,dataset_top12\tow truck\opened\photo_36_2024-12-18_02-25-50.jpg
2790,2,tow truck,opened,489,512,photo_31_2024-12-19_02-00-53.jpg,dataset_top12\tow truck\opened\photo_31_2024-12-19_02-00-53.jpg
768,0,pedestrian crossing,opened,960,1280,photo_87_2024-12-07_12-51-07.jpg,dataset_top12\pedestrian crossing\opened\photo_87_2024-12-07_12-51-07.jpg
4358,7,stop line,closed,606,602,photo_39_2024-12-06_22-24-57.jpg,dataset_top12\stop line\closed\photo_39_2024-12-06_22-24-57.jpg
4636,9,straight,opened,481,679,IMG_0760_9.JPG,dataset_top12\straight\opened\IMG_0760_9.JPG
4781,9,straight,opened,121,122,photo_5_2024-05-17_15-34-29_i.jpg,dataset_top12\straight\opened\photo_5_2024-05-17_15-34-29_i.jpg
1260,0,pedestrian crossing,closed,960,1280,photo_35_2024-12-09_12-46-32.jpg,dataset_top12\pedestrian crossing\closed\photo_35_2024-12-09_12-46-32.jpg
3604,4,parking place,opened,960,1280,photo_88_2024-12-19_01-59-18.jpg,dataset_top12\parking place\opened\photo_88_2024-12-19_01-59-18.jpg
4364,7,stop line,closed,960,1280,photo_50_2024-12-06_22-24-57.jpg,dataset_top12\stop line\closed\photo_50_2024-12-06_22-24-57.jpg
3466,4,parking place,opened,960,1280,photo_40_2024-12-18_13-05-57.jpg,dataset_top12\parking place\opened\photo_40_2024-12-18_13-05-57.jpg
270,0,pedestrian crossing,opened,960,1280,photo_32_2024-12-18_13-07-03.jpg,dataset_top12\pedestrian crossing\opened\photo_32_2024-12-18_13-07-03.jpg
3066,3,no stopping,opened,774,768,photo_18_2024-12-18_02-27-08.jpg,dataset_top12\no stopping\opened\photo_18_2024-12-18_02-27-08.jpg
3818,5,maximum speed limit_40,opened,617,628,photo_80_2024-12-19_02-03-02.jpg,dataset_top12\maximum speed limit_40\opened\photo_80_2024-12-19_02-03-02.jpg
2360,1,give way,opened,594,569,photo_8_2024-12-19_02-00-53.jpg,dataset_top12\give way\opened\photo_8_2024-12-19_02-00-53.jpg
3104,3,no stopping,opened,960,1280,photo_42_2024-12-18_13-00-25.jpg,dataset_top12\no stopping\opened\photo_42_2024-12-18_13-00-25.jpg
1634,0,pedestrian crossing,closed,720,1280,photo_5278624148517676752_y.jpg,dataset_top12\pedestrian crossing\closed\photo_5278624148517676752_y.jpg
1658,0,pedestrian crossing,closed,720,1280,photo_5278624148517676780_y.jpg,dataset_top12\pedestrian crossing\closed\photo_5278624148517676780_y.jpg
848,0,pedestrian crossing,opened,960,1280,photo_95_2024-12-18_12-58-24.jpg,dataset_top12\pedestrian crossing\opened\photo_95_2024-12-18_12-58-24.jpg
530,0,pedestrian crossing,opened,960,1280,photo_60_2024-12-19_01-58-39.jpg,dataset_top12\pedestrian crossing\opened\photo_60_2024-12-19_01-58-39.jpg
4610,8,right,opened,538,578,photo_83_2024-04-25_12-41-13.jpg,dataset_top12\right\opened\photo_83_2024-04-25_12-41-13.jpg
3405,4,parking place,opened,733,716,photo_21_2024-12-19_01-56-44.jpg,dataset_top12\parking place\opened\photo_21_2024-12-19_01-56-44.jpg
90,0,pedestrian crossing,opened,960,1280,photo_17_2024-12-09_12-46-01.jpg,dataset_top12\pedestrian crossing\opened\photo_17_2024-12-09_12-46-01.jpg
4131,6,left,opened,229,333,photo_8_2024-04-25_12-20-30_0.jpg,dataset_top12\left\opened\photo_8_2024-04-25_12-20-30_0.jpg
3168,3,no stopping,opened,960,1280,photo_7_2024-12-18_02-19-40.jpg,dataset_top12\no stopping\opened\photo_7_2024-12-18_02-19-40.jpg
1431,0,pedestrian crossing,closed,1238,1280,photo_51_2024-12-07_12-48-02.jpg,dataset_top12\pedestrian crossing\closed\photo_51_2024-12-07_12-48-02.jpg
3809,5,maximum speed limit_40,opened,703,761,photo_77_2024-12-19_02-03-02.jpg,dataset_top12\maximum speed limit_40\opened\photo_77_2024-12-19_02-03-02.jpg
1411,0,pedestrian crossing,closed,960,1280,photo_4_2024-12-18_02-27-08.jpg,dataset_top12\pedestrian crossing\closed\photo_4_2024-12-18_02-27-08.jpg
2288,1,give way,opened,960,1280,photo_62_2024-12-09_12-46-32.jpg,dataset_top12\give way\opened\photo_62_2024-12-09_12-46-32.jpg
45,0,pedestrian crossing,opened,960,1280,photo_12_2024-12-19_00-10-31.jpg,dataset_top12\pedestrian crossing\opened\photo_12_2024-12-19_00-10-31.jpg
2067,0,pedestrian crossing,closed,960,1280,photo_90_2024-10-29_09-53-51.jpg,dataset_top12\pedestrian crossing\closed\photo_90_2024-10-29_09-53-51.jpg
2634,1,give way,closed,444,418,photo_63_2024-12-07_12-48-37_1.jpg,dataset_top12\give way\closed\photo_63_2024-12-07_12-48-37_1.jpg
3275,3,no stopping,closed,1265,1280,photo_38_2024-12-06_22-25-22.jpg,dataset_top12\no stopping\closed\photo_38_2024-12-06_22-25-22.jpg
1691,0,pedestrian crossing,closed,960,1280,photo_54_2024-12-07_12-49-18.jpg,dataset_top12\pedestrian crossing\closed\photo_54_2024-12-07_12-49-18.jpg
1437,0,pedestrian crossing,closed,960,1280,photo_5278624148517676312_y (1).jpg,dataset_top12\pedestrian crossing\closed\photo_5278624148517676312_y (1).jpg
1793,0,pedestrian crossing,closed,960,1280,photo_64_2024-12-07_12-49-18.jpg,dataset_top12\pedestrian crossing\closed\photo_64_2024-12-07_12-49-18.jpg
3717,5,maximum speed limit_40,opened,416,416,photo_37_2024-12-18_02-13-44.jpg,dataset_top12\maximum speed limit_40\opened\photo_37_2024-12-18_02-13-44.jpg
3374,4,parking place,opened,960,1280,photo_15_2024-12-18_02-33-06.jpg,dataset_top12\parking place\opened\photo_15_2024-12-18_02-33-06.jpg
220,0,pedestrian crossing,opened,960,896,photo_28_2024-12-18_02-27-47.jpg,dataset_top12\pedestrian crossing\opened\photo_28_2024-12-18_02-27-47.jpg
531,0,pedestrian crossing,opened,451,421,photo_61_2024-12-07_12-47-32.jpg,dataset_top12\pedestrian crossing\opened\photo_61_2024-12-07_12-47-32.jpg
4127,6,left,opened,569,566,photo_88_2024-12-06_22-25-52_1.jpg,dataset_top12\left\opened\photo_88_2024-12-06_22-25-52_1.jpg
15,0,pedestrian crossing,opened,960,1280,photo_10_2024-12-18_02-27-47.jpg,dataset_top12\pedestrian crossing\opened\photo_10_2024-12-18_02-27-47.jpg
3310,3,no stopping,closed,568,545,photo_71_2024-12-18_02-27-08.jpg,dataset_top12\no stopping\closed\photo_71_2024-12-18_02-27-08.jpg
1091,0,pedestrian crossing,closed,960,1280,photo_1_2024-10-29_09-54-21.jpg,dataset_top12\pedestrian crossing\closed\photo_1_2024-10-29_09-54-21.jpg
4111,6,left,opened,503,595,photo_66_2024-12-19_02-04-55.jpg,dataset_top12\left\opened\photo_66_2024-12-19_02-04-55.jpg
4807,9,straight,opened,179,262,photo_8_2024-04-25_12-41-12_7.jpg,dataset_top12\straight\opened\photo_8_2024-04-25_12-41-12_7.jpg
3021,2,tow truck,closed,845,737,photo_79_2024-12-07_12-46-52.jpg,dataset_top12\tow truck\closed\photo_79_2024-12-07_12-46-52.jpg
2465,1,give way,closed,960,1280,photo_16_2024-12-07_12-48-36.jpg,dataset_top12\give way\closed\photo_16_2024-12-07_12-48-36.jpg
632,0,pedestrian crossing,opened,960,1280,photo_71_2024-12-09_12-49-48.jpg,dataset_top12\pedestrian crossing\opened\photo_71_2024-12-09_12-49-48.jpg
1114,0,pedestrian crossing,closed,960,1280,photo_21_2024-12-06_22-23-51.jpg,dataset_top12\pedestrian crossing\closed\photo_21_2024-12-06_22-23-51.jpg
3704,5,maximum speed limit_40,opened,386,350,photo_28_2024-12-18_02-29-08.jpg,dataset_top12\maximum speed limit_40\opened\photo_28_2024-12-18_02-29-08.jpg
4181,7,stop line,opened,659,650,photo_12_2024-12-18_02-28-33.jpg,dataset_top12\stop line\opened\photo_12_2024-12-18_02-28-33.jpg
2143,1,give way,opened,361,341,photo_12_2024-12-18_02-37-13.jpg,dataset_top12\give way\opened\photo_12_2024-12-18_02-37-13.jpg
3087,3,no stopping,opened,960,1280,photo_2_2024-12-18_13-02-03.jpg,dataset_top12\no stopping\opened\photo_2_2024-12-18_13-02-03.jpg
2915,2,tow truck,opened,669,627,photo_75_2024-12-18_02-36-53.jpg,dataset_top12\tow truck\opened\photo_75_2024-12-18_02-36-53.jpg
4792,9,straight,opened,216,217,photo_78_2024-04-25_12-41-13_1.jpg,dataset_top12\straight\opened\photo_78_2024-04-25_12-41-13_1.jpg
2504,1,give way,closed,960,1280,photo_30_2024-12-07_12-48-36.jpg,dataset_top12\give way\closed\photo_30_2024-12-07_12-48-36.jpg
1248,0,pedestrian crossing,closed,960,1280,photo_35_2024-10-29_09-42-50.jpg,dataset_top12\pedestrian crossing\closed\photo_35_2024-10-29_09-42-50.jpg
5000,10,bus stop,closed,830,1107,photo_83_2024-10-29_09-42-50.jpg,dataset_top12\bus stop\closed\photo_83_2024-10-29_09-42-50.jpg
1104,0,pedestrian crossing,closed,1109,1280,photo_20_2024-12-07_12-46-52.jpg,dataset_top12\pedestrian crossing\closed\photo_20_2024-12-07_12-46-52.jpg
2544,1,give way,closed,1280,486,photo_46_2024-12-05_22-22-53.jpg,dataset_top12\give way\closed\photo_46_2024-12-05_22-22-53.jpg
3159,3,no stopping,opened,960,895,photo_75_2024-12-18_12-58-24.jpg,dataset_top12\no stopping\opened\photo_75_2024-12-18_12-58-24.jpg
3860,5,maximum speed limit_40,closed,1280,789,photo_12_2024-12-07_12-46-52.jpg,dataset_top12\maximum speed limit_40\closed\photo_12_2024-12-07_12-46-52.jpg
827,0,pedestrian crossing,opened,960,1280,photo_92_2024-12-19_01-58-39.jpg,dataset_top12\pedestrian crossing\opened\photo_92_2024-12-19_01-58-39.jpg
610,0,pedestrian crossing,opened,960,1280,photo_69_2024-12-19_00-10-31.jpg,dataset_top12\pedestrian crossing\opened\photo_69_2024-12-19_00-10-31.jpg
2281,1,give way,opened,960,1280,photo_59_2024-12-18_02-25-50.jpg,dataset_top12\give way\opened\photo_59_2024-12-18_02-25-50.jpg
2711,1,give way,closed,990,1280,photo_9_2024-12-07_12-46-04.jpg,dataset_top12\give way\closed\photo_9_2024-12-07_12-46-04.jpg
5055,11,no entry,opened,960,1280,photo_34_2024-12-18_02-17-59.jpg,dataset_top12\no entry\opened\photo_34_2024-12-18_02-17-59.jpg
5146,11,no entry,opened,960,1280,photo_8_2024-12-18_02-17-59.jpg,dataset_top12\no entry\opened\photo_8_2024-12-18_02-17-59.jpg
1889,0,pedestrian crossing,closed,960,1280,photo_73_2024-12-07_12-51-07.jpg,dataset_top12\pedestrian crossing\closed\photo_73_2024-12-07_12-51-07.jpg
425,0,pedestrian crossing,opened,960,1280,photo_49_2024-12-09_12-49-48.jpg,dataset_top12\pedestrian crossing\opened\photo_49_2024-12-09_12-49-48.jpg
70,0,pedestrian crossing,opened,960,1280,photo_15_2024-12-18_02-28-33.jpg,dataset_top12\pedestrian crossing\opened\photo_15_2024-12-18_02-28-33.jpg
3655,4,parking place,closed,635,640,photo_55_2024-12-09_12-45-24.jpg,dataset_top12\parking place\closed\photo_55_2024-12-09_12-45-24.jpg
1169,0,pedestrian crossing,closed,960,1280,photo_27_2024-12-06_22-23-51.jpg,dataset_top12\pedestrian crossing\closed\photo_27_2024-12-06_22-23-51.jpg
1825,0,pedestrian crossing,closed,960,1280,photo_68_2024-10-29_09-53-08.jpg,dataset_top12\pedestrian crossing\closed\photo_68_2024-10-29_09-53-08.jpg
4831,10,bus stop,opened,960,1280,photo_10_2024-12-18_02-28-33.jpg,dataset_top12\bus stop\opened\photo_10_2024-12-18_02-28-33.jpg
4373,7,stop line,closed,960,1280,photo_5278624148517676419_y.jpg,dataset_top12\stop line\closed\photo_5278624148517676419_y.jpg
1878,0,pedestrian crossing,closed,960,1280,photo_72_2024-12-07_12-48-37.jpg,dataset_top12\pedestrian crossing\closed\photo_72_2024-12-07_12-48-37.jpg
3503,4,parking place,opened,1280,917,photo_53_2024-12-18_02-27-08.jpg,dataset_top12\parking place\opened\photo_53_2024-12-18_02-27-08.jpg
3489,4,parking place,opened,960,1280,photo_49_2024-12-19_02-00-05.jpg,dataset_top12\parking place\opened\photo_49_2024-12-19_02-00-05.jpg
3345,3,no stopping,closed,544,548,photo_90_2024-12-09_12-45-24_1.jpg,dataset_top12\no stopping\closed\photo_90_2024-12-09_12-45-24_1.jpg
3608,4,parking place,opened,960,1280,photo_8_2024-12-18_13-06-32.jpg,dataset_top12\parking place\opened\photo_8_2024-12-18_13-06-32.jpg
2629,1,give way,closed,960,1280,photo_60_2024-12-06_22-24-57.jpg,dataset_top12\give way\closed\photo_60_2024-12-06_22-24-57.jpg
879,0,pedestrian crossing,opened,960,1280,photo_99_2024-12-18_13-00-25.jpg,dataset_top12\pedestrian crossing\opened\photo_99_2024-12-18_13-00-25.jpg
1777,0,pedestrian crossing,closed,960,1280,photo_63_2024-10-29_09-53-08.jpg,dataset_top12\pedestrian crossing\closed\photo_63_2024-10-29_09-53-08.jpg
2743,2,tow truck,opened,536,477,photo_1_2024-12-19_01-58-39.jpg,dataset_top12\tow truck\opened\photo_1_2024-12-19_01-58-39.jpg
698,0,pedestrian crossing,opened,960,1280,photo_78_2024-12-18_13-05-57.jpg,dataset_top12\pedestrian crossing\opened\photo_78_2024-12-18_13-05-57.jpg
142,0,pedestrian crossing,opened,960,1280,photo_20_2024-12-18_02-36-53.jpg,dataset_top12\pedestrian crossing\opened\photo_20_2024-12-18_02-36-53.jpg
436,0,pedestrian crossing,opened,960,967,photo_4_2024-12-18_13-00-25.jpg,dataset_top12\pedestrian crossing\opened\photo_4_2024-12-18_13-00-25.jpg
1176,0,pedestrian crossing,closed,960,1280,photo_28_2024-12-05_22-23-10.jpg,dataset_top12\pedestrian crossing\closed\photo_28_2024-12-05_22-23-10.jpg
851,0,pedestrian crossing,opened,960,1280,photo_95_2024-12-19_01-58-39.jpg,dataset_top12\pedestrian crossing\opened\photo_95_2024-12-19_01-58-39.jpg
346,0,pedestrian crossing,opened,960,1280,photo_39_2024-12-18_13-05-23.jpg,dataset_top12\pedestrian crossing\opened\photo_39_2024-12-18_13-05-23.jpg
1214,0,pedestrian crossing,closed,908,959,photo_30_2024-12-07_12-48-02_1.jpg,dataset_top12\pedestrian crossing\closed\photo_30_2024-12-07_12-48-02_1.jpg
3024,2,tow truck,closed,1024,564,photo_83_2024-12-07_12-46-04.jpg,dataset_top12\tow truck\closed\photo_83_2024-12-07_12-46-04.jpg
1272,0,pedestrian crossing,closed,960,1280,photo_37_2024-10-29_09-53-08.jpg,dataset_top12\pedestrian crossing\closed\photo_37_2024-10-29_09-53-08.jpg
849,0,pedestrian crossing,opened,960,1280,photo_95_2024-12-18_13-06-32.jpg,dataset_top12\pedestrian crossing\opened\photo_95_2024-12-18_13-06-32.jpg
623,0,pedestrian crossing,opened,960,1280,photo_70_2024-12-09_12-49-48.jpg,dataset_top12\pedestrian crossing\opened\photo_70_2024-12-09_12-49-48.jpg
1871,0,pedestrian crossing,closed,960,1280,photo_72_2024-10-29_09-53-08.jpg,dataset_top12\pedestrian crossing\closed\photo_72_2024-10-29_09-53-08.jpg
538,0,pedestrian crossing,opened,960,1280,photo_61_2024-12-19_01-58-39.jpg,dataset_top12\pedestrian crossing\opened\photo_61_2024-12-19_01-58-39.jpg
2758,2,tow truck,opened,819,720,photo_23_2024-12-18_02-17-59.jpg,dataset_top12\tow truck\opened\photo_23_2024-12-18_02-17-59.jpg
418,0,pedestrian crossing,opened,960,1280,photo_48_2024-12-18_02-33-06.jpg,dataset_top12\pedestrian crossing\opened\photo_48_2024-12-18_02-33-06.jpg
4116,6,left,opened,402,495,photo_79_2024-12-19_02-00-05.jpg,dataset_top12\left\opened\photo_79_2024-12-19_02-00-05.jpg
1055,0,pedestrian crossing,closed,960,1280,photo_16_2024-10-29_09-42-50.jpg,dataset_top12\pedestrian crossing\closed\photo_16_2024-10-29_09-42-50.jpg
2960,2,tow truck,opened,566,518,photo_9_2024-12-19_01-58-39.jpg,dataset_top12\tow truck\opened\photo_9_2024-12-19_01-58-39.jpg
3472,4,parking place,opened,960,1280,photo_43_2024-12-18_02-17-32.jpg,dataset_top12\parking place\opened\photo_43_2024-12-18_02-17-32.jpg
1322,0,pedestrian crossing,closed,960,1280,photo_41_2024-12-07_12-49-18.jpg,dataset_top12\pedestrian crossing\closed\photo_41_2024-12-07_12-49-18.jpg
8,0,pedestrian crossing,opened,960,1280,photo_100_2024-12-18_13-06-32.jpg,dataset_top12\pedestrian crossing\opened\photo_100_2024-12-18_13-06-32.jpg
2675,1,give way,closed,1098,1280,photo_83_2024-12-07_12-47-32.jpg,dataset_top12\give way\closed\photo_83_2024-12-07_12-47-32.jpg
3048,3,no stopping,opened,960,1280,photo_11_2024-12-18_02-19-40.jpg,dataset_top12\no stopping\opened\photo_11_2024-12-18_02-19-40.jpg
2290,1,give way,opened,549,535,photo_63_2024-12-19_02-00-53.jpg,dataset_top12\give way\opened\photo_63_2024-12-19_02-00-53.jpg
2791,2,tow truck,opened,545,552,photo_31_2024-12-19_02-03-02.jpg,dataset_top12\tow truck\opened\photo_31_2024-12-19_02-03-02.jpg
4835,10,bus stop,opened,960,1280,photo_15_2024-12-18_13-07-03.jpg,dataset_top12\bus stop\opened\photo_15_2024-12-18_13-07-03.jpg
145,0,pedestrian crossing,opened,960,1280,photo_20_2024-12-18_13-03-52.jpg,dataset_top12\pedestrian crossing\opened\photo_20_2024-12-18_13-03-52.jpg
573,0,pedestrian crossing,opened,960,1280,photo_65_2024-12-19_02-04-55.jpg,dataset_top12\pedestrian crossing\opened\photo_65_2024-12-19_02-04-55.jpg
3732,5,maximum speed limit_40,opened,750,745,photo_42_2024-12-19_01-58-39.jpg,dataset_top12\maximum speed limit_40\opened\photo_42_2024-12-19_01-58-39.jpg
1117,0,pedestrian crossing,closed,960,1280,photo_21_2024-12-07_12-48-36.jpg,dataset_top12\pedestrian crossing\closed\photo_21_2024-12-07_12-48-36.jpg
2938,2,tow truck,opened,602,612,photo_86_2024-12-19_02-03-02.jpg,dataset_top12\tow truck\opened\photo_86_2024-12-19_02-03-02.jpg
3426,4,parking place,opened,889,831,photo_26_2024-12-19_01-56-44.jpg,dataset_top12\parking place\opened\photo_26_2024-12-19_01-56-44.jpg
1124,0,pedestrian crossing,closed,960,1280,photo_22_2024-12-06_22-25-52.jpg,dataset_top12\pedestrian crossing\closed\photo_22_2024-12-06_22-25-52.jpg
136,0,pedestrian crossing,opened,960,1280,photo_1_2024-12-18_13-07-03.jpg,dataset_top12\pedestrian crossing\opened\photo_1_2024-12-18_13-07-03.jpg
3192,3,no stopping,opened,563,575,photo_91_2024-12-09_12-49-48_1.jpg,dataset_top12\no stopping\opened\photo_91_2024-12-09_12-49-48_1.jpg
3805,5,maximum speed limit_40,opened,738,769,photo_75_2024-12-19_02-03-02.jpg,dataset_top12\maximum speed limit_40\opened\photo_75_2024-12-19_02-03-02.jpg
315,0,pedestrian crossing,opened,960,1280,photo_36_2024-12-19_00-11-08.jpg,dataset_top12\pedestrian crossing\opened\photo_36_2024-12-19_00-11-08.jpg
3916,5,maximum speed limit_40,closed,1280,850,photo_76_2024-12-05_22-23-50.jpg,dataset_top12\maximum speed limit_40\closed\photo_76_2024-12-05_22-23-50.jpg
2985,2,tow truck,closed,1377,1387,IMG_20241017_161349.jpg,dataset_top12\tow truck\closed\IMG_20241017_161349.jpg
4138,6,left,opened,441,555,photo_98_2024-12-19_02-00-05.jpg,dataset_top12\left\opened\photo_98_2024-12-19_02-00-05.jpg
3055,3,no stopping,opened,960,1280,photo_13_2024-12-18_02-19-40.jpg,dataset_top12\no stopping\opened\photo_13_2024-12-18_02-19-40.jpg
852,0,pedestrian crossing,opened,960,1280,photo_95_2024-12-19_02-04-55.jpg,dataset_top12\pedestrian crossing\opened\photo_95_2024-12-19_02-04-55.jpg
4425,8,right,opened,1211,1608,IMG_0802.JPG,dataset_top12\right\opened\IMG_0802.JPG
2685,1,give way,closed,1280,1188,photo_87_2024-12-07_12-47-32.jpg,dataset_top12\give way\closed\photo_87_2024-12-07_12-47-32.jpg
723,0,pedestrian crossing,opened,960,1280,photo_80_2024-12-18_13-03-52.jpg,dataset_top12\pedestrian crossing\opened\photo_80_2024-12-18_13-03-52.jpg
4878,10,bus stop,closed,4640,3472,IMG_20241017_162923.jpg,dataset_top12\bus stop\closed\IMG_20241017_162923.jpg
4391,7,stop line,closed,860,843,photo_67_2024-12-07_12-47-32.jpg,dataset_top12\stop line\closed\photo_67_2024-12-07_12-47-32.jpg
442,0,pedestrian crossing,opened,960,1280,photo_4_2024-12-19_00-11-08.jpg,dataset_top12\pedestrian crossing\opened\photo_4_2024-12-19_00-11-08.jpg
186,0,pedestrian crossing,opened,960,1280,photo_24_2024-12-19_02-04-55.jpg,dataset_top12\pedestrian crossing\opened\photo_24_2024-12-19_02-04-55.jpg
2682,1,give way,closed,960,1280,photo_86_2024-12-06_22-24-22.jpg,dataset_top12\give way\closed\photo_86_2024-12-06_22-24-22.jpg
4940,10,bus stop,closed,960,1280,photo_37_2024-12-06_22-23-51.jpg,dataset_top12\bus stop\closed\photo_37_2024-12-06_22-23-51.jpg
2922,2,tow truck,opened,431,368,photo_7_2024-12-19_02-03-02.jpg,dataset_top12\tow truck\opened\photo_7_2024-12-19_02-03-02.jpg
4994,10,bus stop,closed,960,1280,photo_77_2024-12-07_12-51-07.jpg,dataset_top12\bus stop\closed\photo_77_2024-12-07_12-51-07.jpg
3866,5,maximum speed limit_40,closed,1280,590,photo_1_2024-12-05_22-22-53.jpg,dataset_top12\maximum speed limit_40\closed\photo_1_2024-12-05_22-22-53.jpg
5030,11,no entry,opened,960,1280,photo_18_2024-12-18_13-02-03.jpg,dataset_top12\no entry\opened\photo_18_2024-12-18_13-02-03.jpg
4819,9,straight,opened,228,235,photo_9_2024-11-28_18-31-49.jpg,dataset_top12\straight\opened\photo_9_2024-11-28_18-31-49.jpg
892,0,pedestrian crossing,opened,960,1280,photo_9_2024-12-19_02-04-54.jpg,dataset_top12\pedestrian crossing\opened\photo_9_2024-12-19_02-04-54.jpg
2028,0,pedestrian crossing,closed,960,1280,photo_87_2024-10-29_09-53-08.jpg,dataset_top12\pedestrian crossing\closed\photo_87_2024-10-29_09-53-08.jpg
2875,2,tow truck,opened,557,586,photo_59_2024-12-19_02-03-02.jpg,dataset_top12\tow truck\opened\photo_59_2024-12-19_02-03-02.jpg
880,0,pedestrian crossing,opened,960,1280,photo_99_2024-12-18_13-05-23.jpg,dataset_top12\pedestrian crossing\opened\photo_99_2024-12-18_13-05-23.jpg
3644,4,parking place,closed,720,1280,photo_5278624148517676514_y.jpg,dataset_top12\parking place\closed\photo_5278624148517676514_y.jpg
1683,0,pedestrian crossing,closed,1280,1231,photo_53_2024-12-07_12-46-04.jpg,dataset_top12\pedestrian crossing\closed\photo_53_2024-12-07_12-46-04.jpg
3490,4,parking place,opened,960,1280,photo_4_2024-12-18_02-17-32.jpg,dataset_top12\parking place\opened\photo_4_2024-12-18_02-17-32.jpg
5011,10,bus stop,closed,897,878,photo_95_2024-12-06_22-25-52.jpg,dataset_top12\bus stop\closed\photo_95_2024-12-06_22-25-52.jpg
3132,3,no stopping,opened,865,826,photo_63_2024-12-19_00-10-31.jpg,dataset_top12\no stopping\opened\photo_63_2024-12-19_00-10-31.jpg
4864,10,bus stop,opened,960,1280,photo_93_2024-12-09_12-46-33.jpg,dataset_top12\bus stop\opened\photo_93_2024-12-09_12-46-33.jpg
3424,4,parking place,opened,728,788,photo_25_2024-12-19_01-56-44.jpg,dataset_top12\parking place\opened\photo_25_2024-12-19_01-56-44.jpg
4008,6,left,opened,99,107,photo_17_2024-04-25_12-20-30_0.jpg,dataset_top12\left\opened\photo_17_2024-04-25_12-20-30_0.jpg
1397,0,pedestrian crossing,closed,960,1280,photo_49_2024-12-07_12-48-02.jpg,dataset_top12\pedestrian crossing\closed\photo_49_2024-12-07_12-48-02.jpg
910,0,pedestrian crossing,closed,4624,3468,20241102_121150.jpg,dataset_top12\pedestrian crossing\closed\20241102_121150.jpg
2196,1,give way,opened,736,716,photo_24_2024-12-18_13-02-03.jpg,dataset_top12\give way\opened\photo_24_2024-12-18_13-02-03.jpg
4539,8,right,opened,129,203,photo_3_2024-04-25_12-20-30_1.jpg,dataset_top12\right\opened\photo_3_2024-04-25_12-20-30_1.jpg
338,0,pedestrian crossing,opened,960,1280,photo_38_2024-12-18_13-05-57.jpg,dataset_top12\pedestrian crossing\opened\photo_38_2024-12-18_13-05-57.jpg
227,0,pedestrian crossing,opened,960,1280,photo_28_2024-12-18_13-05-57.jpg,dataset_top12\pedestrian crossing\opened\photo_28_2024-12-18_13-05-57.jpg
1812,0,pedestrian crossing,closed,960,1280,photo_66_2024-12-07_12-49-18.jpg,dataset_top12\pedestrian crossing\closed\photo_66_2024-12-07_12-49-18.jpg
2570,1,give way,closed,720,1280,photo_5278624148517676541_y.jpg,dataset_top12\give way\closed\photo_5278624148517676541_y.jpg
3983,6,left,opened,448,478,photo_100_2024-12-06_22-25-52.jpg,dataset_top12\left\opened\photo_100_2024-12-06_22-25-52.jpg
801,0,pedestrian crossing,opened,960,1280,photo_90_2024-12-09_12-49-48.jpg,dataset_top12\pedestrian crossing\opened\photo_90_2024-12-09_12-49-48.jpg
1443,0,pedestrian crossing,closed,960,1280,photo_5278624148517676314_y (2).jpg,dataset_top12\pedestrian crossing\closed\photo_5278624148517676314_y (2).jpg
4913,10,bus stop,closed,960,1280,photo_25_2024-12-09_12-45-24.jpg,dataset_top12\bus stop\closed\photo_25_2024-12-09_12-45-24.jpg
4150,6,left,closed,960,1280,photo_19_2024-12-06_22-24-22.jpg,dataset_top12\left\closed\photo_19_2024-12-06_22-24-22.jpg
46,0,pedestrian crossing,opened,960,1280,photo_12_2024-12-19_02-04-54.jpg,dataset_top12\pedestrian crossing\opened\photo_12_2024-12-19_02-04-54.jpg
4893,10,bus stop,closed,960,1280,photo_12_2024-12-07_12-47-32.jpg,dataset_top12\bus stop\closed\photo_12_2024-12-07_12-47-32.jpg
2020,0,pedestrian crossing,closed,960,1280,photo_86_2024-12-05_22-22-53.jpg,dataset_top12\pedestrian crossing\closed\photo_86_2024-12-05_22-22-53.jpg
158,0,pedestrian crossing,opened,960,1280,photo_21_2024-12-19_00-11-08.jpg,dataset_top12\pedestrian crossing\opened\photo_21_2024-12-19_00-11-08.jpg
1302,0,pedestrian crossing,closed,960,1280,photo_3_2024-12-09_12-45-24.jpg,dataset_top12\pedestrian crossing\closed\photo_3_2024-12-09_12-45-24.jpg
1301,0,pedestrian crossing,closed,960,1280,photo_3_2024-12-07_12-48-36.jpg,dataset_top12\pedestrian crossing\closed\photo_3_2024-12-07_12-48-36.jpg
200,0,pedestrian crossing,opened,960,1280,photo_26_2024-12-18_13-06-32.jpg,dataset_top12\pedestrian crossing\opened\photo_26_2024-12-18_13-06-32.jpg
3181,3,no stopping,opened,960,1280,photo_86_2024-12-18_02-28-33.jpg,dataset_top12\no stopping\opened\photo_86_2024-12-18_02-28-33.jpg
5162,11,no entry,opened,960,1280,photo_98_2024-12-18_02-17-59.jpg,dataset_top12\no entry\opened\photo_98_2024-12-18_02-17-59.jpg
1218,0,pedestrian crossing,closed,960,1280,photo_31_2024-12-05_22-23-25.jpg,dataset_top12\pedestrian crossing\closed\photo_31_2024-12-05_22-23-25.jpg
2774,2,tow truck,opened,775,736,photo_28_2024-12-18_02-17-59.jpg,dataset_top12\tow truck\opened\photo_28_2024-12-18_02-17-59.jpg
328,0,pedestrian crossing,opened,960,1280,photo_37_2024-12-19_02-04-55.jpg,dataset_top12\pedestrian crossing\opened\photo_37_2024-12-19_02-04-55.jpg
1644,0,pedestrian crossing,closed,720,1280,photo_5278624148517676765_y.jpg,dataset_top12\pedestrian crossing\closed\photo_5278624148517676765_y.jpg
3148,3,no stopping,opened,960,1280,photo_70_2024-12-18_02-19-24.jpg,dataset_top12\no stopping\opened\photo_70_2024-12-18_02-19-24.jpg
131,0,pedestrian crossing,opened,960,1280,photo_1_2024-12-18_13-01-24.jpg,dataset_top12\pedestrian crossing\opened\photo_1_2024-12-18_13-01-24.jpg
1694,0,pedestrian crossing,closed,960,1280,photo_55_2024-10-29_09-53-51.jpg,dataset_top12\pedestrian crossing\closed\photo_55_2024-10-29_09-53-51.jpg
1543,0,pedestrian crossing,closed,720,1280,photo_5278624148517676534_y.jpg,dataset_top12\pedestrian crossing\closed\photo_5278624148517676534_y.jpg
921,0,pedestrian crossing,closed,4624,3468,20241102_123500.jpg,dataset_top12\pedestrian crossing\closed\20241102_123500.jpg
374,0,pedestrian crossing,opened,960,1280,photo_41_2024-12-09_12-46-01.jpg,dataset_top12\pedestrian crossing\opened\photo_41_2024-12-09_12-46-01.jpg
4253,7,stop line,opened,960,1280,photo_45_2024-12-18_13-00-25.jpg,dataset_top12\stop line\opened\photo_45_2024-12-18_13-00-25.jpg
3678,5,maximum speed limit_40,opened,537,574,photo_13_2024-12-18_02-22-39.jpg,dataset_top12\maximum speed limit_40\opened\photo_13_2024-12-18_02-22-39.jpg
4199,7,stop line,opened,797,745,photo_22_2024-12-18_02-11-31.jpg,dataset_top12\stop line\opened\photo_22_2024-12-18_02-11-31.jpg
4266,7,stop line,opened,747,757,photo_4_2024-12-18_13-05-57.jpg,dataset_top12\stop line\opened\photo_4_2024-12-18_13-05-57.jpg
4701,9,straight,opened,215,189,photo_1_2024-05-17_15-34-29.jpg,dataset_top12\straight\opened\photo_1_2024-05-17_15-34-29.jpg
543,0,pedestrian crossing,opened,960,1280,photo_62_2024-12-18_02-33-06.jpg,dataset_top12\pedestrian crossing\opened\photo_62_2024-12-18_02-33-06.jpg
4604,8,right,opened,147,144,photo_7_2024-04-25_12-43-13_7.jpg,dataset_top12\right\opened\photo_7_2024-04-25_12-43-13_7.jpg
3654,4,parking place,closed,960,1280,photo_5278624148517676640_y.jpg,dataset_top12\parking place\closed\photo_5278624148517676640_y.jpg
4135,6,left,opened,117,165,photo_8_2024-04-25_12-41-12_1_7.jpg,dataset_top12\left\opened\photo_8_2024-04-25_12-41-12_1_7.jpg
4046,6,left,opened,86,83,photo_2_2024-04-25_12-43-13_left_9.jpg,dataset_top12\left\opened\photo_2_2024-04-25_12-43-13_left_9.jpg
4167,6,left,closed,641,695,photo_82_2024-12-05_22-22-53_1.jpg,dataset_top12\left\closed\photo_82_2024-12-05_22-22-53_1.jpg
4932,10,bus stop,closed,894,1280,photo_34_2024-12-07_12-46-52.jpg,dataset_top12\bus stop\closed\photo_34_2024-12-07_12-46-52.jpg
3259,3,no stopping,closed,1280,955,photo_20_2024-12-07_12-49-18.jpg,dataset_top12\no stopping\closed\photo_20_2024-12-07_12-49-18.jpg
467,0,pedestrian crossing,opened,960,1280,photo_53_2024-12-18_13-03-52.jpg,dataset_top12\pedestrian crossing\opened\photo_53_2024-12-18_13-03-52.jpg
4414,8,right,opened,733,930,IMG_0776.JPG,dataset_top12\right\opened\IMG_0776.JPG
3442,4,parking place,opened,960,1280,photo_30_2024-12-19_02-00-05.jpg,dataset_top12\parking place\opened\photo_30_2024-12-19_02-00-05.jpg
4800,9,straight,opened,392,395,photo_7_2024-05-17_15-34-29_10.jpg,dataset_top12\straight\opened\photo_7_2024-05-17_15-34-29_10.jpg
3137,3,no stopping,opened,960,1280,photo_66_2024-12-18_12-58-24.jpg,dataset_top12\no stopping\opened\photo_66_2024-12-18_12-58-24.jpg
3899,5,maximum speed limit_40,closed,1280,952,photo_5_2024-12-05_22-23-25.jpg,dataset_top12\maximum speed limit_40\closed\photo_5_2024-12-05_22-23-25.jpg
2208,1,give way,opened,960,1280,photo_27_2024-12-09_12-49-48.jpg,dataset_top12\give way\opened\photo_27_2024-12-09_12-49-48.jpg
205,0,pedestrian crossing,opened,960,916,photo_27_2024-12-18_02-25-50.jpg,dataset_top12\pedestrian crossing\opened\photo_27_2024-12-18_02-25-50.jpg
4203,7,stop line,opened,687,683,photo_23_2024-12-18_02-29-08.jpg,dataset_top12\stop line\opened\photo_23_2024-12-18_02-29-08.jpg
1939,0,pedestrian crossing,closed,960,1280,photo_78_2024-12-07_12-51-07.jpg,dataset_top12\pedestrian crossing\closed\photo_78_2024-12-07_12-51-07.jpg
3300,3,no stopping,closed,1121,831,photo_64_2024-12-07_12-46-04.jpg,dataset_top12\no stopping\closed\photo_64_2024-12-07_12-46-04.jpg
4231,7,stop line,opened,960,1280,photo_35_2024-12-18_13-02-03.jpg,dataset_top12\stop line\opened\photo_35_2024-12-18_13-02-03.jpg
586,0,pedestrian crossing,opened,960,1280,photo_67_2024-12-18_02-27-47.jpg,dataset_top12\pedestrian crossing\opened\photo_67_2024-12-18_02-27-47.jpg
4919,10,bus stop,closed,867,1280,photo_29_2024-12-07_12-46-52.jpg,dataset_top12\bus stop\closed\photo_29_2024-12-07_12-46-52.jpg
456,0,pedestrian crossing,opened,960,1280,photo_5278624148517676661_y.jpg,dataset_top12\pedestrian crossing\opened\photo_5278624148517676661_y.jpg
2415,1,give way,closed,4640,3472,IMG_20241029_173515.jpg,dataset_top12\give way\closed\IMG_20241029_173515.jpg
3263,3,no stopping,closed,960,1280,photo_26_2024-12-06_22-25-22.jpg,dataset_top12\no stopping\closed\photo_26_2024-12-06_22-25-22.jpg
3648,4,parking place,closed,720,1280,photo_5278624148517676549_y.jpg,dataset_top12\parking place\closed\photo_5278624148517676549_y.jpg
5159,11,no entry,opened,960,1280,photo_96_2024-12-18_02-17-59.jpg,dataset_top12\no entry\opened\photo_96_2024-12-18_02-17-59.jpg
1718,0,pedestrian crossing,closed,960,1280,photo_57_2024-12-07_12-48-02.jpg,dataset_top12\pedestrian crossing\closed\photo_57_2024-12-07_12-48-02.jpg
2257,1,give way,opened,805,734,photo_45_2024-12-18_13-05-57.jpg,dataset_top12\give way\opened\photo_45_2024-12-18_13-05-57.jpg
2039,0,pedestrian crossing,closed,1280,1003,photo_88_2024-12-05_22-23-10.jpg,dataset_top12\pedestrian crossing\closed\photo_88_2024-12-05_22-23-10.jpg
4026,6,left,opened,364,374,photo_21_2024-11-28_18-39-35.jpg,dataset_top12\left\opened\photo_21_2024-11-28_18-39-35.jpg
4936,10,bus stop,closed,756,762,photo_35_2024-12-09_12-45-24.jpg,dataset_top12\bus stop\closed\photo_35_2024-12-09_12-45-24.jpg
1535,0,pedestrian crossing,closed,960,1280,photo_5278624148517676477_y.jpg,dataset_top12\pedestrian crossing\closed\photo_5278624148517676477_y.jpg
138,0,pedestrian crossing,opened,960,1280,photo_1_2024-12-19_00-11-08.jpg,dataset_top12\pedestrian crossing\opened\photo_1_2024-12-19_00-11-08.jpg
4912,10,bus stop,closed,929,1280,photo_25_2024-12-07_12-46-04.jpg,dataset_top12\bus stop\closed\photo_25_2024-12-07_12-46-04.jpg
2347,1,give way,opened,960,1280,photo_86_2024-12-18_13-05-57.jpg,dataset_top12\give way\opened\photo_86_2024-12-18_13-05-57.jpg
1300,0,pedestrian crossing,closed,1038,1280,photo_3_2024-12-07_12-47-32.jpg,dataset_top12\pedestrian crossing\closed\photo_3_2024-12-07_12-47-32.jpg
401,0,pedestrian crossing,opened,960,1280,photo_45_2024-12-19_00-10-31.jpg,dataset_top12\pedestrian crossing\opened\photo_45_2024-12-19_00-10-31.jpg
2976,2,tow truck,closed,1556,1552,IMG_20241017_160634.jpg,dataset_top12\tow truck\closed\IMG_20241017_160634.jpg
405,0,pedestrian crossing,opened,960,1280,photo_46_2024-12-18_02-33-06.jpg,dataset_top12\pedestrian crossing\opened\photo_46_2024-12-18_02-33-06.jpg
4757,9,straight,opened,315,264,photo_4_2024-04-25_12-41-12_st.jpg,dataset_top12\straight\opened\photo_4_2024-04-25_12-41-12_st.jpg
157,0,pedestrian crossing,opened,960,1280,photo_21_2024-12-19_00-10-31.jpg,dataset_top12\pedestrian crossing\opened\photo_21_2024-12-19_00-10-31.jpg
1709,0,pedestrian crossing,closed,524,520,photo_56_2024-12-09_12-45-24.jpg,dataset_top12\pedestrian crossing\closed\photo_56_2024-12-09_12-45-24.jpg
1277,0,pedestrian crossing,closed,1002,1065,photo_37_2024-12-07_12-48-02.jpg,dataset_top12\pedestrian crossing\closed\photo_37_2024-12-07_12-48-02.jpg
4251,7,stop line,opened,960,882,photo_44_2024-12-18_13-05-23.jpg,dataset_top12\stop line\opened\photo_44_2024-12-18_13-05-23.jpg
478,0,pedestrian crossing,opened,960,1280,photo_55_2024-12-18_02-25-50.jpg,dataset_top12\pedestrian crossing\opened\photo_55_2024-12-18_02-25-50.jpg
4549,8,right,opened,1172,1280,photo_41_2024-12-18_02-27-08.jpg,dataset_top12\right\opened\photo_41_2024-12-18_02-27-08.jpg
3017,2,tow truck,closed,1280,848,photo_76_2024-12-05_22-23-25.jpg,dataset_top12\tow truck\closed\photo_76_2024-12-05_22-23-25.jpg
2940,2,tow truck,opened,763,646,photo_87_2024-12-18_02-27-47.jpg,dataset_top12\tow truck\opened\photo_87_2024-12-18_02-27-47.jpg
2229,1,give way,opened,834,829,photo_33_2024-12-18_13-05-57.jpg,dataset_top12\give way\opened\photo_33_2024-12-18_13-05-57.jpg
3606,4,parking place,opened,960,1280,photo_89_2024-12-19_02-00-05.jpg,dataset_top12\parking place\opened\photo_89_2024-12-19_02-00-05.jpg
570,0,pedestrian crossing,opened,960,1280,photo_65_2024-12-18_13-05-23.jpg,dataset_top12\pedestrian crossing\opened\photo_65_2024-12-18_13-05-23.jpg
4861,10,bus stop,opened,960,1280,photo_6_2024-12-09_12-46-01.jpg,dataset_top12\bus stop\opened\photo_6_2024-12-09_12-46-01.jpg
1156,0,pedestrian crossing,closed,960,928,photo_26_2024-10-29_09-53-51.jpg,dataset_top12\pedestrian crossing\closed\photo_26_2024-10-29_09-53-51.jpg
1368,0,pedestrian crossing,closed,960,1280,photo_46_2024-12-07_12-47-32.jpg,dataset_top12\pedestrian crossing\closed\photo_46_2024-12-07_12-47-32.jpg
492,0,pedestrian crossing,opened,960,1280,photo_57_2024-12-18_02-33-06.jpg,dataset_top12\pedestrian crossing\opened\photo_57_2024-12-18_02-33-06.jpg
2344,1,give way,opened,502,530,photo_85_2024-12-19_02-00-53.jpg,dataset_top12\give way\opened\photo_85_2024-12-19_02-00-53.jpg
5117,11,no entry,opened,960,1280,photo_6_2024-12-18_13-02-03.jpg,dataset_top12\no entry\opened\photo_6_2024-12-18_13-02-03.jpg
4083,6,left,opened,250,245,photo_47_2024-04-25_12-41-12.jpg,dataset_top12\left\opened\photo_47_2024-04-25_12-41-12.jpg
1956,0,pedestrian crossing,closed,960,1280,photo_7_2024-12-09_12-45-24.jpg,dataset_top12\pedestrian crossing\closed\photo_7_2024-12-09_12-45-24.jpg
5144,11,no entry,opened,960,1280,photo_88_2024-12-18_02-17-59.jpg,dataset_top12\no entry\opened\photo_88_2024-12-18_02-17-59.jpg
2961,2,tow truck,closed,946,904,20241102_112958.jpg,dataset_top12\tow truck\closed\20241102_112958.jpg
4721,9,straight,opened,76,122,photo_2_2024-04-25_12-41-12_0.jpg,dataset_top12\straight\opened\photo_2_2024-04-25_12-41-12_0.jpg
3457,4,parking place,opened,960,1280,photo_37_2024-12-19_02-00-05.jpg,dataset_top12\parking place\opened\photo_37_2024-12-19_02-00-05.jpg
4148,6,left,closed,960,1280,photo_18_2024-12-06_22-24-22.jpg,dataset_top12\left\closed\photo_18_2024-12-06_22-24-22.jpg
4236,7,stop line,opened,835,824,photo_39_2024-12-18_02-25-50.jpg,dataset_top12\stop line\opened\photo_39_2024-12-18_02-25-50.jpg
3686,5,maximum speed limit_40,opened,647,627,photo_17_2024-12-18_02-22-06.jpg,dataset_top12\maximum speed limit_40\opened\photo_17_2024-12-18_02-22-06.jpg
3419,4,parking place,opened,822,788,photo_24_2024-12-19_01-56-44.jpg,dataset_top12\parking place\opened\photo_24_2024-12-19_01-56-44.jpg
519,0,pedestrian crossing,opened,960,949,photo_5_2024-12-18_13-00-25.jpg,dataset_top12\pedestrian crossing\opened\photo_5_2024-12-18_13-00-25.jpg
2134,0,pedestrian crossing,closed,960,1280,photo_9_2024-12-18_02-36-53.jpg,dataset_top12\pedestrian crossing\closed\photo_9_2024-12-18_02-36-53.jpg
1828,0,pedestrian crossing,closed,960,1280,photo_68_2024-12-05_22-23-25.jpg,dataset_top12\pedestrian crossing\closed\photo_68_2024-12-05_22-23-25.jpg
62,0,pedestrian crossing,opened,960,1280,photo_14_2024-12-18_13-00-25.jpg,dataset_top12\pedestrian crossing\opened\photo_14_2024-12-18_13-00-25.jpg
4499,8,right,opened,345,361,photo_28_2024-11-28_18-39-35_1.jpg,dataset_top12\right\opened\photo_28_2024-11-28_18-39-35_1.jpg
1732,0,pedestrian crossing,closed,830,1148,photo_59_2024-10-29_09-53-51.jpg,dataset_top12\pedestrian crossing\closed\photo_59_2024-10-29_09-53-51.jpg
4896,10,bus stop,closed,690,726,photo_14_2024-12-09_12-45-24.jpg,dataset_top12\bus stop\closed\photo_14_2024-12-09_12-45-24.jpg
3252,3,no stopping,closed,1280,1151,photo_16_2024-12-07_12-49-18.jpg,dataset_top12\no stopping\closed\photo_16_2024-12-07_12-49-18.jpg
2698,1,give way,closed,891,1081,photo_94_2024-12-06_22-23-51.jpg,dataset_top12\give way\closed\photo_94_2024-12-06_22-23-51.jpg
2320,1,give way,opened,537,543,photo_76_2024-12-18_02-33-06.jpg,dataset_top12\give way\opened\photo_76_2024-12-18_02-33-06.jpg
3404,4,parking place,opened,960,1280,photo_21_2024-12-18_13-05-57.jpg,dataset_top12\parking place\opened\photo_21_2024-12-18_13-05-57.jpg
4524,8,right,opened,448,449,photo_34_2024-12-19_02-04-55.jpg,dataset_top12\right\opened\photo_34_2024-12-19_02-04-55.jpg
819,0,pedestrian crossing,opened,960,1280,photo_92_2024-12-18_02-27-47.jpg,dataset_top12\pedestrian crossing\opened\photo_92_2024-12-18_02-27-47.jpg
187,0,pedestrian crossing,opened,960,1280,photo_25_2024-12-09_12-46-01.jpg,dataset_top12\pedestrian crossing\opened\photo_25_2024-12-09_12-46-01.jpg
1601,0,pedestrian crossing,closed,720,1280,photo_5278624148517676711_y.jpg,dataset_top12\pedestrian crossing\closed\photo_5278624148517676711_y.jpg
3682,5,maximum speed limit_40,opened,960,1280,photo_14_2024-12-18_02-27-47.jpg,dataset_top12\maximum speed limit_40\opened\photo_14_2024-12-18_02-27-47.jpg
3837,5,maximum speed limit_40,opened,782,556,photo_93_2024-12-18_13-02-04.jpg,dataset_top12\maximum speed limit_40\opened\photo_93_2024-12-18_13-02-04.jpg
960,0,pedestrian crossing,closed,4640,3472,IMG_20241029_174328.jpg,dataset_top12\pedestrian crossing\closed\IMG_20241029_174328.jpg
2382,1,give way,opened,960,1015,photo_99_2024-12-18_13-05-57.jpg,dataset_top12\give way\opened\photo_99_2024-12-18_13-05-57.jpg
4578,8,right,opened,529,578,photo_66_2024-12-19_02-00-05.jpg,dataset_top12\right\opened\photo_66_2024-12-19_02-00-05.jpg
3334,3,no stopping,closed,679,724,photo_87_2024-12-09_12-45-24_1.jpg,dataset_top12\no stopping\closed\photo_87_2024-12-09_12-45-24_1.jpg
2931,2,tow truck,opened,582,592,photo_83_2024-12-19_02-03-02.jpg,dataset_top12\tow truck\opened\photo_83_2024-12-19_02-03-02.jpg
2269,1,give way,opened,568,548,photo_53_2024-12-19_02-00-53.jpg,dataset_top12\give way\opened\photo_53_2024-12-19_02-00-53.jpg
2597,1,give way,closed,720,1280,photo_5278624148517676676_y (1).jpg,dataset_top12\give way\closed\photo_5278624148517676676_y (1).jpg
2615,1,give way,closed,960,1280,photo_55_2024-10-29_09-53-08.jpg,dataset_top12\give way\closed\photo_55_2024-10-29_09-53-08.jpg
137,0,pedestrian crossing,opened,960,1280,photo_1_2024-12-19_00-10-31.jpg,dataset_top12\pedestrian crossing\opened\photo_1_2024-12-19_00-10-31.jpg
2401,1,give way,closed,4640,3472,IMG_20241017_161109.jpg,dataset_top12\give way\closed\IMG_20241017_161109.jpg
3290,3,no stopping,closed,989,794,photo_58_2024-12-07_12-46-04.jpg,dataset_top12\no stopping\closed\photo_58_2024-12-07_12-46-04.jpg
4689,9,straight,opened,344,420,photo_14_2024-04-25_12-43-13.jpg,dataset_top12\straight\opened\photo_14_2024-04-25_12-43-13.jpg
717,0,pedestrian crossing,opened,820,1022,photo_7_2024-12-18_13-05-23.jpg,dataset_top12\pedestrian crossing\opened\photo_7_2024-12-18_13-05-23.jpg
2958,2,tow truck,opened,764,750,photo_97_2024-12-18_02-27-08.jpg,dataset_top12\tow truck\opened\photo_97_2024-12-18_02-27-08.jpg
1493,0,pedestrian crossing,closed,960,1280,photo_5278624148517676382_y.jpg,dataset_top12\pedestrian crossing\closed\photo_5278624148517676382_y.jpg
1182,0,pedestrian crossing,closed,960,1280,photo_28_2024-12-07_12-51-07.jpg,dataset_top12\pedestrian crossing\closed\photo_28_2024-12-07_12-51-07.jpg
3727,5,maximum speed limit_40,opened,773,752,photo_40_2024-12-19_01-58-39.jpg,dataset_top12\maximum speed limit_40\opened\photo_40_2024-12-19_01-58-39.jpg
1185,0,pedestrian crossing,closed,960,1280,photo_29_2024-10-29_09-53-08.jpg,dataset_top12\pedestrian crossing\closed\photo_29_2024-10-29_09-53-08.jpg
4341,7,stop line,closed,787,743,photo_18_2024-12-07_12-49-18.jpg,dataset_top12\stop line\closed\photo_18_2024-12-07_12-49-18.jpg
3074,3,no stopping,opened,960,1280,photo_21_2024-12-18_13-00-25.jpg,dataset_top12\no stopping\opened\photo_21_2024-12-18_13-00-25.jpg
2103,0,pedestrian crossing,closed,456,456,photo_94_2024-12-09_12-45-24.jpg,dataset_top12\pedestrian crossing\closed\photo_94_2024-12-09_12-45-24.jpg
244,0,pedestrian crossing,opened,960,1280,photo_2_2024-12-18_12-58-24.jpg,dataset_top12\pedestrian crossing\opened\photo_2_2024-12-18_12-58-24.jpg
1968,0,pedestrian crossing,closed,960,1280,photo_81_2024-10-29_09-53-08.jpg,dataset_top12\pedestrian crossing\closed\photo_81_2024-10-29_09-53-08.jpg
133,0,pedestrian crossing,opened,960,1280,photo_1_2024-12-18_13-05-22.jpg,dataset_top12\pedestrian crossing\opened\photo_1_2024-12-18_13-05-22.jpg
4573,8,right,opened,525,613,photo_61_2024-12-19_02-00-05.jpg,dataset_top12\right\opened\photo_61_2024-12-19_02-00-05.jpg
2386,1,give way,closed,1660,1822,20241102_111922.jpg,dataset_top12\give way\closed\20241102_111922.jpg
2206,1,give way,opened,960,1030,photo_26_2024-12-18_13-05-57.jpg,dataset_top12\give way\opened\photo_26_2024-12-18_13-05-57.jpg
1262,0,pedestrian crossing,closed,960,1280,photo_36_2024-10-29_09-53-08.jpg,dataset_top12\pedestrian crossing\closed\photo_36_2024-10-29_09-53-08.jpg
5169,11,no entry,closed,599,637,photo_67_2024-12-06_22-25-23.jpg,dataset_top12\no entry\closed\photo_67_2024-12-06_22-25-23.jpg
1726,0,pedestrian crossing,closed,960,1280,photo_58_2024-12-05_22-23-25.jpg,dataset_top12\pedestrian crossing\closed\photo_58_2024-12-05_22-23-25.jpg
1532,0,pedestrian crossing,closed,960,1280,photo_5278624148517676471_y.jpg,dataset_top12\pedestrian crossing\closed\photo_5278624148517676471_y.jpg
2388,1,give way,closed,1779,1888,20241102_115737.jpg,dataset_top12\give way\closed\20241102_115737.jpg
1377,0,pedestrian crossing,closed,960,1280,photo_47_2024-12-07_12-48-02.jpg,dataset_top12\pedestrian crossing\closed\photo_47_2024-12-07_12-48-02.jpg
93,0,pedestrian crossing,opened,1058,1280,photo_17_2024-12-18_02-27-08.jpg,dataset_top12\pedestrian crossing\opened\photo_17_2024-12-18_02-27-08.jpg
4557,8,right,opened,103,101,photo_4_2024-04-25_12-41-12_r_0.jpg,dataset_top12\right\opened\photo_4_2024-04-25_12-41-12_r_0.jpg
653,0,pedestrian crossing,opened,960,1280,photo_73_2024-12-18_02-27-47.jpg,dataset_top12\pedestrian crossing\opened\photo_73_2024-12-18_02-27-47.jpg
1604,0,pedestrian crossing,closed,720,1280,photo_5278624148517676716_y.jpg,dataset_top12\pedestrian crossing\closed\photo_5278624148517676716_y.jpg
909,0,pedestrian crossing,closed,4624,3468,20241102_120722.jpg,dataset_top12\pedestrian crossing\closed\20241102_120722.jpg
1062,0,pedestrian crossing,closed,960,1280,photo_16_2024-12-06_22-24-57.jpg,dataset_top12\pedestrian crossing\closed\photo_16_2024-12-06_22-24-57.jpg
1168,0,pedestrian crossing,closed,1280,1001,photo_27_2024-12-05_22-23-10.jpg,dataset_top12\pedestrian crossing\closed\photo_27_2024-12-05_22-23-10.jpg
746,0,pedestrian crossing,opened,960,1280,photo_83_2024-12-18_12-58-24.jpg,dataset_top12\pedestrian crossing\opened\photo_83_2024-12-18_12-58-24.jpg
792,0,pedestrian crossing,opened,650,655,photo_8_2024-12-18_12-58-24.jpg,dataset_top12\pedestrian crossing\opened\photo_8_2024-12-18_12-58-24.jpg
1922,0,pedestrian crossing,closed,960,1280,photo_77_2024-12-05_22-23-10.jpg,dataset_top12\pedestrian crossing\closed\photo_77_2024-12-05_22-23-10.jpg
656,0,pedestrian crossing,opened,960,1280,photo_73_2024-12-18_13-05-23.jpg,dataset_top12\pedestrian crossing\opened\photo_73_2024-12-18_13-05-23.jpg
883,0,pedestrian crossing,opened,960,1280,photo_99_2024-12-19_01-58-39.jpg,dataset_top12\pedestrian crossing\opened\photo_99_2024-12-19_01-58-39.jpg
4582,8,right,opened,154,151,photo_6_2024-04-25_12-41-12_3.jpg,dataset_top12\right\opened\photo_6_2024-04-25_12-41-12_3.jpg
79,0,pedestrian crossing,opened,960,1280,photo_16_2024-12-09_12-49-48.jpg,dataset_top12\pedestrian crossing\opened\photo_16_2024-12-09_12-49-48.jpg
3669,5,maximum speed limit_40,opened,582,587,photo_11_2024-12-18_02-13-44.jpg,dataset_top12\maximum speed limit_40\opened\photo_11_2024-12-18_02-13-44.jpg
5152,11,no entry,opened,960,1280,photo_93_2024-12-18_02-17-59.jpg,dataset_top12\no entry\opened\photo_93_2024-12-18_02-17-59.jpg
3216,3,no stopping,closed,1399,1253,20241102_113612_2.jpg,dataset_top12\no stopping\closed\20241102_113612_2.jpg
3909,5,maximum speed limit_40,closed,1280,832,photo_66_2024-12-05_22-23-50.jpg,dataset_top12\maximum speed limit_40\closed\photo_66_2024-12-05_22-23-50.jpg
545,0,pedestrian crossing,opened,960,1280,photo_62_2024-12-18_13-05-57.jpg,dataset_top12\pedestrian crossing\opened\photo_62_2024-12-18_13-05-57.jpg
5075,11,no entry,opened,960,1280,photo_44_2024-12-18_02-28-33.jpg,dataset_top12\no entry\opened\photo_44_2024-12-18_02-28-33.jpg
4619,8,right,opened,477,493,photo_93_2024-12-19_02-00-05.jpg,dataset_top12\right\opened\photo_93_2024-12-19_02-00-05.jpg
2173,1,give way,opened,960,1280,photo_18_2024-12-18_13-01-24.jpg,dataset_top12\give way\opened\photo_18_2024-12-18_13-01-24.jpg
1531,0,pedestrian crossing,closed,960,1280,photo_5278624148517676469_y.jpg,dataset_top12\pedestrian crossing\closed\photo_5278624148517676469_y.jpg
4169,6,left,closed,603,645,photo_88_2024-12-05_22-22-53_1.jpg,dataset_top12\left\closed\photo_88_2024-12-05_22-22-53_1.jpg
54,0,pedestrian crossing,opened,960,931,photo_13_2024-12-18_13-06-32.jpg,dataset_top12\pedestrian crossing\opened\photo_13_2024-12-18_13-06-32.jpg
1921,0,pedestrian crossing,closed,960,1280,photo_77_2024-10-29_09-53-08.jpg,dataset_top12\pedestrian crossing\closed\photo_77_2024-10-29_09-53-08.jpg
2132,0,pedestrian crossing,closed,896,869,photo_9_2024-12-07_12-48-02.jpg,dataset_top12\pedestrian crossing\closed\photo_9_2024-12-07_12-48-02.jpg
3250,3,no stopping,closed,1280,1214,photo_15_2024-12-07_12-49-18.jpg,dataset_top12\no stopping\closed\photo_15_2024-12-07_12-49-18.jpg
2821,2,tow truck,opened,570,578,photo_40_2024-12-19_02-00-05.jpg,dataset_top12\tow truck\opened\photo_40_2024-12-19_02-00-05.jpg
3599,4,parking place,opened,960,1280,photo_86_2024-12-19_02-00-05.jpg,dataset_top12\parking place\opened\photo_86_2024-12-19_02-00-05.jpg
4965,10,bus stop,closed,827,1280,photo_47_2024-12-07_12-46-52.jpg,dataset_top12\bus stop\closed\photo_47_2024-12-07_12-46-52.jpg
1729,0,pedestrian crossing,closed,960,1280,photo_58_2024-12-07_12-49-18.jpg,dataset_top12\pedestrian crossing\closed\photo_58_2024-12-07_12-49-18.jpg
4170,6,left,closed,510,510,photo_89_2024-12-05_22-22-53_1.jpg,dataset_top12\left\closed\photo_89_2024-12-05_22-22-53_1.jpg
3262,3,no stopping,closed,1163,1280,photo_25_2024-12-06_22-25-22.jpg,dataset_top12\no stopping\closed\photo_25_2024-12-06_22-25-22.jpg
3898,5,maximum speed limit_40,closed,929,857,photo_59_2024-12-07_12-46-52.jpg,dataset_top12\maximum speed limit_40\closed\photo_59_2024-12-07_12-46-52.jpg
4705,9,straight,opened,330,319,photo_20_2024-04-25_12-43-13.jpg,dataset_top12\straight\opened\photo_20_2024-04-25_12-43-13.jpg
4297,7,stop line,opened,495,497,photo_69_2024-12-09_12-45-24.jpg,dataset_top12\stop line\opened\photo_69_2024-12-09_12-45-24.jpg
923,0,pedestrian crossing,closed,4640,3472,IMG_20241017_162231.jpg,dataset_top12\pedestrian crossing\closed\IMG_20241017_162231.jpg
1702,0,pedestrian crossing,closed,960,1280,photo_56_2024-10-29_09-42-50.jpg,dataset_top12\pedestrian crossing\closed\photo_56_2024-10-29_09-42-50.jpg
2406,1,give way,closed,1066,970,IMG_20241017_163824.jpg,dataset_top12\give way\closed\IMG_20241017_163824.jpg
2110,0,pedestrian crossing,closed,960,1280,photo_96_2024-12-05_22-23-10.jpg,dataset_top12\pedestrian crossing\closed\photo_96_2024-12-05_22-23-10.jpg
2898,2,tow truck,opened,772,688,photo_68_2024-12-18_02-33-06.jpg,dataset_top12\tow truck\opened\photo_68_2024-12-18_02-33-06.jpg
4430,8,right,opened,893,1382,IMG_0810_4.JPG,dataset_top12\right\opened\IMG_0810_4.JPG
4175,7,stop line,opened,730,671,photo_10_2024-12-18_02-10-22.jpg,dataset_top12\stop line\opened\photo_10_2024-12-18_02-10-22.jpg
3962,6,left,opened,307,402,IMG_0791_9.JPG,dataset_top12\left\opened\IMG_0791_9.JPG
1363,0,pedestrian crossing,closed,960,1280,photo_45_2024-12-09_12-46-01.jpg,dataset_top12\pedestrian crossing\closed\photo_45_2024-12-09_12-46-01.jpg
4074,6,left,opened,143,145,photo_42_2024-04-25_12-41-12.jpg,dataset_top12\left\opened\photo_42_2024-04-25_12-41-12.jpg
665,0,pedestrian crossing,opened,960,1280,photo_75_2024-12-09_12-46-32.jpg,dataset_top12\pedestrian crossing\opened\photo_75_2024-12-09_12-46-32.jpg
3010,2,tow truck,closed,930,503,photo_68_2024-12-07_12-46-52.jpg,dataset_top12\tow truck\closed\photo_68_2024-12-07_12-46-52.jpg
4256,7,stop line,opened,848,829,photo_46_2024-12-18_02-27-08.jpg,dataset_top12\stop line\opened\photo_46_2024-12-18_02-27-08.jpg
144,0,pedestrian crossing,opened,960,1280,photo_20_2024-12-18_12-58-24.jpg,dataset_top12\pedestrian crossing\opened\photo_20_2024-12-18_12-58-24.jpg
221,0,pedestrian crossing,opened,960,1280,photo_28_2024-12-18_02-36-53.jpg,dataset_top12\pedestrian crossing\opened\photo_28_2024-12-18_02-36-53.jpg
3264,3,no stopping,closed,960,1280,photo_27_2024-12-06_22-25-22.jpg,dataset_top12\no stopping\closed\photo_27_2024-12-06_22-25-22.jpg
3005,2,tow truck,closed,215,134,photo_58_2024-12-06_22-25-52.jpg,dataset_top12\tow truck\closed\photo_58_2024-12-06_22-25-52.jpg
2328,1,give way,opened,960,1280,photo_79_2024-12-18_13-05-23.jpg,dataset_top12\give way\opened\photo_79_2024-12-18_13-05-23.jpg
2853,2,tow truck,opened,588,586,photo_52_2024-12-19_02-03-02.jpg,dataset_top12\tow truck\opened\photo_52_2024-12-19_02-03-02.jpg
340,0,pedestrian crossing,opened,960,1280,photo_39_2024-12-18_02-17-32.jpg,dataset_top12\pedestrian crossing\opened\photo_39_2024-12-18_02-17-32.jpg
4815,9,straight,opened,664,657,photo_9_2024-04-25_12-43-13_1.jpg,dataset_top12\straight\opened\photo_9_2024-04-25_12-43-13_1.jpg
2786,2,tow truck,opened,408,406,photo_30_2024-12-19_02-03-02.jpg,dataset_top12\tow truck\opened\photo_30_2024-12-19_02-03-02.jpg
4114,6,left,opened,226,224,photo_75_2024-04-25_12-41-12.jpg,dataset_top12\left\opened\photo_75_2024-04-25_12-41-12.jpg
2060,0,pedestrian crossing,closed,1280,779,photo_8_2024-12-05_22-23-10.jpg,dataset_top12\pedestrian crossing\closed\photo_8_2024-12-05_22-23-10.jpg
2730,2,tow truck,opened,715,673,photo_16_2024-12-19_02-00-53.jpg,dataset_top12\tow truck\opened\photo_16_2024-12-19_02-00-53.jpg
322,0,pedestrian crossing,opened,960,1280,photo_37_2024-12-18_02-36-53.jpg,dataset_top12\pedestrian crossing\opened\photo_37_2024-12-18_02-36-53.jpg
958,0,pedestrian crossing,closed,4640,3472,IMG_20241029_174314.jpg,dataset_top12\pedestrian crossing\closed\IMG_20241029_174314.jpg
1489,0,pedestrian crossing,closed,960,1280,photo_5278624148517676379_y (1).jpg,dataset_top12\pedestrian crossing\closed\photo_5278624148517676379_y (1).jpg
3382,4,parking place,opened,960,1280,photo_17_2024-12-18_02-17-32.jpg,dataset_top12\parking place\opened\photo_17_2024-12-18_02-17-32.jpg
4760,9,straight,opened,123,117,photo_4_2024-04-25_12-43-13_0.jpg,dataset_top12\straight\opened\photo_4_2024-04-25_12-43-13_0.jpg
1768,0,pedestrian crossing,closed,960,1280,photo_62_2024-10-29_09-42-50.jpg,dataset_top12\pedestrian crossing\closed\photo_62_2024-10-29_09-42-50.jpg
2860,2,tow truck,opened,699,704,photo_54_2024-12-19_02-00-05.jpg,dataset_top12\tow truck\opened\photo_54_2024-12-19_02-00-05.jpg
4365,7,stop line,closed,960,1280,photo_5278624148517676317_y.jpg,dataset_top12\stop line\closed\photo_5278624148517676317_y.jpg
1086,0,pedestrian crossing,closed,960,1280,photo_19_2024-12-05_22-23-10.jpg,dataset_top12\pedestrian crossing\closed\photo_19_2024-12-05_22-23-10.jpg
4035,6,left,opened,599,600,photo_25_2024-12-09_12-49-48_1.jpg,dataset_top12\left\opened\photo_25_2024-12-09_12-49-48_1.jpg
1850,0,pedestrian crossing,closed,740,752,photo_6_2024-12-07_12-51-07.jpg,dataset_top12\pedestrian crossing\closed\photo_6_2024-12-07_12-51-07.jpg
3573,4,parking place,opened,960,1280,photo_74_2024-12-19_02-00-05.jpg,dataset_top12\parking place\opened\photo_74_2024-12-19_02-00-05.jpg
3721,5,maximum speed limit_40,opened,762,757,photo_38_2024-12-19_01-58-39.jpg,dataset_top12\maximum speed limit_40\opened\photo_38_2024-12-19_01-58-39.jpg
3196,3,no stopping,opened,960,1280,photo_91_2024-12-18_12-58-24.jpg,dataset_top12\no stopping\opened\photo_91_2024-12-18_12-58-24.jpg
3037,2,tow truck,closed,592,597,photo_92_2024-12-09_12-45-24.jpg,dataset_top12\tow truck\closed\photo_92_2024-12-09_12-45-24.jpg
5134,11,no entry,opened,960,1280,photo_83_2024-12-18_13-01-24.jpg,dataset_top12\no entry\opened\photo_83_2024-12-18_13-01-24.jpg
2384,1,give way,opened,960,1280,photo_9_2024-12-18_13-01-24.jpg,dataset_top12\give way\opened\photo_9_2024-12-18_13-01-24.jpg
2074,0,pedestrian crossing,closed,960,1280,photo_91_2024-10-29_09-54-21.jpg,dataset_top12\pedestrian crossing\closed\photo_91_2024-10-29_09-54-21.jpg
578,0,pedestrian crossing,opened,960,1280,photo_66_2024-12-18_02-27-47.jpg,dataset_top12\pedestrian crossing\opened\photo_66_2024-12-18_02-27-47.jpg
1707,0,pedestrian crossing,closed,960,1280,photo_56_2024-12-07_12-48-02.jpg,dataset_top12\pedestrian crossing\closed\photo_56_2024-12-07_12-48-02.jpg
474,0,pedestrian crossing,opened,960,1280,photo_54_2024-12-18_13-05-57.jpg,dataset_top12\pedestrian crossing\opened\photo_54_2024-12-18_13-05-57.jpg
2291,1,give way,opened,960,1280,photo_64_2024-12-18_12-58-24.jpg,dataset_top12\give way\opened\photo_64_2024-12-18_12-58-24.jpg
2304,1,give way,opened,960,1280,photo_70_2024-12-09_12-46-32.jpg,dataset_top12\give way\opened\photo_70_2024-12-09_12-46-32.jpg
4033,6,left,opened,340,347,photo_25_2024-04-25_12-41-12.jpg,dataset_top12\left\opened\photo_25_2024-04-25_12-41-12.jpg
3446,4,parking place,opened,960,1280,photo_32_2024-12-18_02-17-32.jpg,dataset_top12\parking place\opened\photo_32_2024-12-18_02-17-32.jpg
3203,3,no stopping,opened,960,1280,photo_95_2024-12-18_02-19-24.jpg,dataset_top12\no stopping\opened\photo_95_2024-12-18_02-19-24.jpg
256,0,pedestrian crossing,opened,960,1280,photo_30_2024-12-19_00-10-31.jpg,dataset_top12\pedestrian crossing\opened\photo_30_2024-12-19_00-10-31.jpg
209,0,pedestrian crossing,opened,960,1280,photo_27_2024-12-18_02-36-53.jpg,dataset_top12\pedestrian crossing\opened\photo_27_2024-12-18_02-36-53.jpg
3532,4,parking place,opened,960,1280,photo_60_2024-12-19_01-59-18.jpg,dataset_top12\parking place\opened\photo_60_2024-12-19_01-59-18.jpg
3348,3,no stopping,closed,568,561,photo_92_2024-12-09_12-45-24_1.jpg,dataset_top12\no stopping\closed\photo_92_2024-12-09_12-45-24_1.jpg
1938,0,pedestrian crossing,closed,960,1280,photo_78_2024-12-07_12-48-37.jpg,dataset_top12\pedestrian crossing\closed\photo_78_2024-12-07_12-48-37.jpg
675,0,pedestrian crossing,opened,960,1280,photo_76_2024-12-18_02-28-33.jpg,dataset_top12\pedestrian crossing\opened\photo_76_2024-12-18_02-28-33.jpg
3550,4,parking place,opened,960,1280,photo_68_2024-12-18_13-01-24.jpg,dataset_top12\parking place\opened\photo_68_2024-12-18_13-01-24.jpg
4296,7,stop line,opened,704,663,photo_67_2024-12-18_13-01-24.jpg,dataset_top12\stop line\opened\photo_67_2024-12-18_13-01-24.jpg
1268,0,pedestrian crossing,closed,1020,946,photo_36_2024-12-07_12-48-02.jpg,dataset_top12\pedestrian crossing\closed\photo_36_2024-12-07_12-48-02.jpg
3183,3,no stopping,opened,960,1280,photo_87_2024-12-18_02-19-24.jpg,dataset_top12\no stopping\opened\photo_87_2024-12-18_02-19-24.jpg
564,0,pedestrian crossing,opened,960,1280,photo_64_2024-12-19_02-04-55.jpg,dataset_top12\pedestrian crossing\opened\photo_64_2024-12-19_02-04-55.jpg
32,0,pedestrian crossing,opened,960,1280,photo_11_2024-12-19_02-04-54.jpg,dataset_top12\pedestrian crossing\opened\photo_11_2024-12-19_02-04-54.jpg
4062,6,left,opened,190,188,photo_38_2024-04-25_12-41-12.jpg,dataset_top12\left\opened\photo_38_2024-04-25_12-41-12.jpg
1748,0,pedestrian crossing,closed,960,1280,photo_5_2024-12-09_12-45-24.jpg,dataset_top12\pedestrian crossing\closed\photo_5_2024-12-09_12-45-24.jpg
4579,8,right,opened,518,648,photo_67_2024-12-19_02-00-05.jpg,dataset_top12\right\opened\photo_67_2024-12-19_02-00-05.jpg
3193,3,no stopping,opened,960,1280,photo_91_2024-12-18_02-19-24.jpg,dataset_top12\no stopping\opened\photo_91_2024-12-18_02-19-24.jpg
51,0,pedestrian crossing,opened,960,1280,photo_13_2024-12-18_13-00-25.jpg,dataset_top12\pedestrian crossing\opened\photo_13_2024-12-18_13-00-25.jpg
5167,11,no entry,closed,578,442,photo_55_2024-12-06_22-25-23.jpg,dataset_top12\no entry\closed\photo_55_2024-12-06_22-25-23.jpg
4643,9,straight,opened,417,471,IMG_0763_9.JPG,dataset_top12\straight\opened\IMG_0763_9.JPG
182,0,pedestrian crossing,opened,960,1280,photo_24_2024-12-18_13-05-57.jpg,dataset_top12\pedestrian crossing\opened\photo_24_2024-12-18_13-05-57.jpg
4756,9,straight,opened,98,88,photo_4_2024-04-25_12-41-12_s_4.jpg,dataset_top12\straight\opened\photo_4_2024-04-25_12-41-12_s_4.jpg
707,0,pedestrian crossing,opened,960,1280,photo_79_2024-12-18_13-06-32.jpg,dataset_top12\pedestrian crossing\opened\photo_79_2024-12-18_13-06-32.jpg
85,0,pedestrian crossing,opened,960,1280,photo_16_2024-12-18_13-05-57.jpg,dataset_top12\pedestrian crossing\opened\photo_16_2024-12-18_13-05-57.jpg
1105,0,pedestrian crossing,closed,1160,1280,photo_20_2024-12-07_12-48-02.jpg,dataset_top12\pedestrian crossing\closed\photo_20_2024-12-07_12-48-02.jpg
5036,11,no entry,opened,960,1280,photo_21_2024-12-18_02-17-59.jpg,dataset_top12\no entry\opened\photo_21_2024-12-18_02-17-59.jpg
2271,1,give way,opened,519,516,photo_54_2024-12-09_12-49-48_1.jpg,dataset_top12\give way\opened\photo_54_2024-12-09_12-49-48_1.jpg
3229,3,no stopping,closed,1778,1805,20241102_120353_1.jpg,dataset_top12\no stopping\closed\20241102_120353_1.jpg
4222,7,stop line,opened,960,844,photo_30_2024-12-18_02-11-31.jpg,dataset_top12\stop line\opened\photo_30_2024-12-18_02-11-31.jpg
4758,9,straight,opened,121,125,photo_4_2024-04-25_12-41-12_st_8.jpg,dataset_top12\straight\opened\photo_4_2024-04-25_12-41-12_st_8.jpg
3516,4,parking place,opened,960,1280,photo_57_2024-12-19_01-59-18.jpg,dataset_top12\parking place\opened\photo_57_2024-12-19_01-59-18.jpg
639,0,pedestrian crossing,opened,960,1280,photo_71_2024-12-19_01-58-39.jpg,dataset_top12\pedestrian crossing\opened\photo_71_2024-12-19_01-58-39.jpg
908,0,pedestrian crossing,closed,4624,3468,20241102_120653.jpg,dataset_top12\pedestrian crossing\closed\20241102_120653.jpg
331,0,pedestrian crossing,opened,960,1280,photo_38_2024-12-18_02-29-08.jpg,dataset_top12\pedestrian crossing\opened\photo_38_2024-12-18_02-29-08.jpg
2440,1,give way,closed,2113,2209,IMG_20241029_181814.jpg,dataset_top12\give way\closed\IMG_20241029_181814.jpg
3354,3,no stopping,closed,1280,560,photo_97_2024-12-05_22-23-25.jpg,dataset_top12\no stopping\closed\photo_97_2024-12-05_22-23-25.jpg
569,0,pedestrian crossing,opened,960,1280,photo_65_2024-12-18_13-00-25.jpg,dataset_top12\pedestrian crossing\opened\photo_65_2024-12-18_13-00-25.jpg
3090,3,no stopping,opened,960,1280,photo_31_2024-12-18_02-29-08.jpg,dataset_top12\no stopping\opened\photo_31_2024-12-18_02-29-08.jpg
4730,9,straight,opened,497,481,photo_38_2024-04-25_12-43-13.jpg,dataset_top12\straight\opened\photo_38_2024-04-25_12-43-13.jpg
854,0,pedestrian crossing,opened,960,1280,photo_96_2024-12-09_12-46-33.jpg,dataset_top12\pedestrian crossing\opened\photo_96_2024-12-09_12-46-33.jpg
2878,2,tow truck,opened,294,281,photo_60_2024-12-18_02-27-47.jpg,dataset_top12\tow truck\opened\photo_60_2024-12-18_02-27-47.jpg
1512,0,pedestrian crossing,closed,960,1280,photo_5278624148517676410_y.jpg,dataset_top12\pedestrian crossing\closed\photo_5278624148517676410_y.jpg
2397,1,give way,closed,4640,3472,IMG_20241017_160832.jpg,dataset_top12\give way\closed\IMG_20241017_160832.jpg
905,0,pedestrian crossing,closed,2599,2727,20241102_120245.jpg,dataset_top12\pedestrian crossing\closed\20241102_120245.jpg
4185,7,stop line,opened,735,740,photo_15_2024-12-09_12-46-01_1.jpg,dataset_top12\stop line\opened\photo_15_2024-12-09_12-46-01_1.jpg
86,0,pedestrian crossing,opened,960,1280,photo_16_2024-12-18_13-06-32.jpg,dataset_top12\pedestrian crossing\opened\photo_16_2024-12-18_13-06-32.jpg
4344,7,stop line,closed,749,706,photo_22_2024-12-07_12-49-18.jpg,dataset_top12\stop line\closed\photo_22_2024-12-07_12-49-18.jpg
5174,11,no entry,closed,960,1280,photo_84_2024-12-06_22-23-51.jpg,dataset_top12\no entry\closed\photo_84_2024-12-06_22-23-51.jpg
2874,2,tow truck,opened,474,426,photo_59_2024-12-19_00-10-31.jpg,dataset_top12\tow truck\opened\photo_59_2024-12-19_00-10-31.jpg
1222,0,pedestrian crossing,closed,960,1280,photo_31_2024-12-09_12-49-48.jpg,dataset_top12\pedestrian crossing\closed\photo_31_2024-12-09_12-49-48.jpg
1161,0,pedestrian crossing,closed,960,1280,photo_26_2024-12-06_22-25-52.jpg,dataset_top12\pedestrian crossing\closed\photo_26_2024-12-06_22-25-52.jpg
4822,9,straight,closed,960,1280,photo_46_2024-12-06_22-25-52.jpg,dataset_top12\straight\closed\photo_46_2024-12-06_22-25-52.jpg
2413,1,give way,closed,4640,3472,IMG_20241021_175445.jpg,dataset_top12\give way\closed\IMG_20241021_175445.jpg
3147,3,no stopping,opened,572,553,photo_6_2024-12-19_01-58-39.jpg,dataset_top12\no stopping\opened\photo_6_2024-12-19_01-58-39.jpg
4088,6,left,opened,73,83,photo_48_2024-04-25_12-41-12_8.jpg,dataset_top12\left\opened\photo_48_2024-04-25_12-41-12_8.jpg
2078,0,pedestrian crossing,closed,960,1280,photo_91_2024-12-07_12-48-02.jpg,dataset_top12\pedestrian crossing\closed\photo_91_2024-12-07_12-48-02.jpg
3084,3,no stopping,opened,960,1280,photo_29_2024-12-18_13-00-25.jpg,dataset_top12\no stopping\opened\photo_29_2024-12-18_13-00-25.jpg
4657,9,straight,opened,1078,1257,IMG_0804.JPG,dataset_top12\straight\opened\IMG_0804.JPG
276,0,pedestrian crossing,opened,960,1280,photo_33_2024-12-18_02-36-53.jpg,dataset_top12\pedestrian crossing\opened\photo_33_2024-12-18_02-36-53.jpg
2227,1,give way,opened,960,1280,photo_33_2024-12-09_12-49-48.jpg,dataset_top12\give way\opened\photo_33_2024-12-09_12-49-48.jpg
2576,1,give way,closed,593,631,photo_5278624148517676581_y.jpg,dataset_top12\give way\closed\photo_5278624148517676581_y.jpg
761,0,pedestrian crossing,opened,960,1280,photo_85_2024-12-18_02-36-53.jpg,dataset_top12\pedestrian crossing\opened\photo_85_2024-12-18_02-36-53.jpg
3739,5,maximum speed limit_40,opened,740,755,photo_45_2024-12-19_01-58-39.jpg,dataset_top12\maximum speed limit_40\opened\photo_45_2024-12-19_01-58-39.jpg
1243,0,pedestrian crossing,closed,960,1280,photo_34_2024-10-29_09-53-51.jpg,dataset_top12\pedestrian crossing\closed\photo_34_2024-10-29_09-53-51.jpg
3855,5,maximum speed limit_40,closed,396,376,IMG_20241017_181533.jpg,dataset_top12\maximum speed limit_40\closed\IMG_20241017_181533.jpg
324,0,pedestrian crossing,opened,960,1280,photo_37_2024-12-18_13-00-25.jpg,dataset_top12\pedestrian crossing\opened\photo_37_2024-12-18_13-00-25.jpg
4668,9,straight,opened,762,1351,IMG_20241017_183705_66.jpg,dataset_top12\straight\opened\IMG_20241017_183705_66.jpg
3114,3,no stopping,opened,960,1280,photo_48_2024-12-18_02-25-50.jpg,dataset_top12\no stopping\opened\photo_48_2024-12-18_02-25-50.jpg
52,0,pedestrian crossing,opened,893,928,photo_13_2024-12-18_13-02-03.jpg,dataset_top12\pedestrian crossing\opened\photo_13_2024-12-18_13-02-03.jpg
1638,0,pedestrian crossing,closed,720,1280,photo_5278624148517676756_y.jpg,dataset_top12\pedestrian crossing\closed\photo_5278624148517676756_y.jpg
1420,0,pedestrian crossing,closed,960,1280,photo_50_2024-12-06_22-23-51.jpg,dataset_top12\pedestrian crossing\closed\photo_50_2024-12-06_22-23-51.jpg
1995,0,pedestrian crossing,closed,960,1280,photo_83_2024-12-07_12-48-02.jpg,dataset_top12\pedestrian crossing\closed\photo_83_2024-12-07_12-48-02.jpg
593,0,pedestrian crossing,opened,960,1280,photo_67_2024-12-19_02-04-55.jpg,dataset_top12\pedestrian crossing\opened\photo_67_2024-12-19_02-04-55.jpg
4129,6,left,opened,420,530,photo_89_2024-12-06_22-25-52.jpg,dataset_top12\left\opened\photo_89_2024-12-06_22-25-52.jpg
4249,7,stop line,opened,729,676,photo_44_2024-12-18_13-00-25.jpg,dataset_top12\stop line\opened\photo_44_2024-12-18_13-00-25.jpg
2414,1,give way,closed,4640,3472,IMG_20241021_175448.jpg,dataset_top12\give way\closed\IMG_20241021_175448.jpg
4930,10,bus stop,closed,1268,1280,photo_34_2024-12-06_22-23-51.jpg,dataset_top12\bus stop\closed\photo_34_2024-12-06_22-23-51.jpg
3344,3,no stopping,closed,378,397,photo_90_2024-12-07_12-46-04.jpg,dataset_top12\no stopping\closed\photo_90_2024-12-07_12-46-04.jpg
4158,6,left,closed,375,359,photo_25_2024-11-28_18-31-49.jpg,dataset_top12\left\closed\photo_25_2024-11-28_18-31-49.jpg
4753,9,straight,opened,268,283,photo_4_2024-04-25_12-20-30_6.jpg,dataset_top12\straight\opened\photo_4_2024-04-25_12-20-30_6.jpg
4493,8,right,opened,69,77,photo_25_2024-04-25_12-43-13_0.jpg,dataset_top12\right\opened\photo_25_2024-04-25_12-43-13_0.jpg
4381,7,stop line,closed,720,1280,photo_5282859763660611961_y.jpg,dataset_top12\stop line\closed\photo_5282859763660611961_y.jpg
2767,2,tow truck,opened,960,824,photo_25_2024-12-19_01-58-39.jpg,dataset_top12\tow truck\opened\photo_25_2024-12-19_01-58-39.jpg
856,0,pedestrian crossing,opened,960,1280,photo_96_2024-12-18_02-33-06.jpg,dataset_top12\pedestrian crossing\opened\photo_96_2024-12-18_02-33-06.jpg
3171,3,no stopping,opened,960,1280,photo_81_2024-12-18_02-19-24.jpg,dataset_top12\no stopping\opened\photo_81_2024-12-18_02-19-24.jpg
5089,11,no entry,opened,960,1280,photo_50_2024-12-18_02-17-59.jpg,dataset_top12\no entry\opened\photo_50_2024-12-18_02-17-59.jpg
2140,1,give way,opened,960,937,photo_11_2024-12-18_02-29-08.jpg,dataset_top12\give way\opened\photo_11_2024-12-18_02-29-08.jpg
150,0,pedestrian crossing,opened,960,1280,photo_21_2024-12-09_12-46-01.jpg,dataset_top12\pedestrian crossing\opened\photo_21_2024-12-09_12-46-01.jpg
4915,10,bus stop,closed,899,908,photo_26_2024-12-09_12-45-24.jpg,dataset_top12\bus stop\closed\photo_26_2024-12-09_12-45-24.jpg
3231,3,no stopping,closed,1773,1851,20241102_120809.jpg,dataset_top12\no stopping\closed\20241102_120809.jpg
3928,6,left,opened,533,685,IMG_0760.JPG,dataset_top12\left\opened\IMG_0760.JPG
3092,3,no stopping,opened,734,739,photo_32_2024-12-09_12-46-32.jpg,dataset_top12\no stopping\opened\photo_32_2024-12-09_12-46-32.jpg
5130,11,no entry,opened,960,1280,photo_7_2024-12-18_02-17-59.jpg,dataset_top12\no entry\opened\photo_7_2024-12-18_02-17-59.jpg
4108,6,left,opened,462,533,photo_63_2024-12-19_02-00-05.jpg,dataset_top12\left\opened\photo_63_2024-12-19_02-00-05.jpg
1096,0,pedestrian crossing,closed,960,1280,photo_1_2024-12-09_12-46-32.jpg,dataset_top12\pedestrian crossing\closed\photo_1_2024-12-09_12-46-32.jpg
729,0,pedestrian crossing,opened,960,1280,photo_81_2024-12-18_13-03-52.jpg,dataset_top12\pedestrian crossing\opened\photo_81_2024-12-18_13-03-52.jpg
4566,8,right,opened,405,440,photo_56_2024-04-25_12-41-12.jpg,dataset_top12\right\opened\photo_56_2024-04-25_12-41-12.jpg
1123,0,pedestrian crossing,closed,960,1280,photo_22_2024-12-06_22-23-51.jpg,dataset_top12\pedestrian crossing\closed\photo_22_2024-12-06_22-23-51.jpg
4282,7,stop line,opened,960,1280,photo_55_2024-12-18_02-27-47.jpg,dataset_top12\stop line\opened\photo_55_2024-12-18_02-27-47.jpg
643,0,pedestrian crossing,opened,960,1280,photo_72_2024-12-18_02-17-32.jpg,dataset_top12\pedestrian crossing\opened\photo_72_2024-12-18_02-17-32.jpg
2635,1,give way,closed,837,1119,photo_64_2024-10-29_09-53-51.jpg,dataset_top12\give way\closed\photo_64_2024-10-29_09-53-51.jpg
2421,1,give way,closed,2615,2625,IMG_20241029_175140.jpg,dataset_top12\give way\closed\IMG_20241029_175140.jpg
4674,9,straight,opened,88,88,photo_11_2024-04-25_12-41-12_1_4.jpg,dataset_top12\straight\opened\photo_11_2024-04-25_12-41-12_1_4.jpg
1308,0,pedestrian crossing,closed,960,1280,photo_40_2024-12-05_22-23-50.jpg,dataset_top12\pedestrian crossing\closed\photo_40_2024-12-05_22-23-50.jpg
3184,3,no stopping,opened,960,1280,photo_88_2024-12-18_02-19-24.jpg,dataset_top12\no stopping\opened\photo_88_2024-12-18_02-19-24.jpg
836,0,pedestrian crossing,opened,960,1280,photo_93_2024-12-19_01-58-39.jpg,dataset_top12\pedestrian crossing\opened\photo_93_2024-12-19_01-58-39.jpg
2534,1,give way,closed,323,317,photo_40_2024-12-07_12-48-02_1.jpg,dataset_top12\give way\closed\photo_40_2024-12-07_12-48-02_1.jpg
2200,1,give way,opened,960,1280,photo_25_2024-12-18_13-01-24.jpg,dataset_top12\give way\opened\photo_25_2024-12-18_13-01-24.jpg
39,0,pedestrian crossing,opened,960,1280,photo_12_2024-12-18_13-02-03.jpg,dataset_top12\pedestrian crossing\opened\photo_12_2024-12-18_13-02-03.jpg
2220,1,give way,opened,881,1280,photo_31_2024-12-07_12-46-04.jpg,dataset_top12\give way\opened\photo_31_2024-12-07_12-46-04.jpg
3383,4,parking place,opened,960,1280,photo_17_2024-12-18_13-05-57.jpg,dataset_top12\parking place\opened\photo_17_2024-12-18_13-05-57.jpg
378,0,pedestrian crossing,opened,960,1280,photo_41_2024-12-18_02-27-47.jpg,dataset_top12\pedestrian crossing\opened\photo_41_2024-12-18_02-27-47.jpg
2053,0,pedestrian crossing,closed,960,1280,photo_89_2024-12-07_12-51-07.jpg,dataset_top12\pedestrian crossing\closed\photo_89_2024-12-07_12-51-07.jpg
5115,11,no entry,opened,960,1280,photo_69_2024-12-18_13-04-36.jpg,dataset_top12\no entry\opened\photo_69_2024-12-18_13-04-36.jpg
807,0,pedestrian crossing,opened,960,1280,photo_90_2024-12-18_13-06-32.jpg,dataset_top12\pedestrian crossing\opened\photo_90_2024-12-18_13-06-32.jpg
1806,0,pedestrian crossing,closed,844,1105,photo_66_2024-10-29_09-53-51.jpg,dataset_top12\pedestrian crossing\closed\photo_66_2024-10-29_09-53-51.jpg
3285,3,no stopping,closed,778,834,photo_52_2024-12-07_12-46-04.jpg,dataset_top12\no stopping\closed\photo_52_2024-12-07_12-46-04.jpg
4751,9,straight,opened,509,522,photo_4_2024-04-25_12-20-30.jpg,dataset_top12\straight\opened\photo_4_2024-04-25_12-20-30.jpg
342,0,pedestrian crossing,opened,960,1280,photo_39_2024-12-18_02-36-53.jpg,dataset_top12\pedestrian crossing\opened\photo_39_2024-12-18_02-36-53.jpg
598,0,pedestrian crossing,opened,960,1280,photo_68_2024-12-18_13-03-52.jpg,dataset_top12\pedestrian crossing\opened\photo_68_2024-12-18_13-03-52.jpg
4239,7,stop line,opened,960,903,photo_3_2024-12-18_13-05-57.jpg,dataset_top12\stop line\opened\photo_3_2024-12-18_13-05-57.jpg
4561,8,right,opened,960,1280,photo_4_2024-12-18_02-27-47.jpg,dataset_top12\right\opened\photo_4_2024-12-18_02-27-47.jpg
4627,8,right,closed,1281,1496,20241102_113824_66.jpg,dataset_top12\right\closed\20241102_113824_66.jpg
1003,0,pedestrian crossing,closed,4640,3472,IMG_20241029_181927.jpg,dataset_top12\pedestrian crossing\closed\IMG_20241029_181927.jpg
4338,7,stop line,closed,1270,1264,IMG_20241029_181338.jpg,dataset_top12\stop line\closed\IMG_20241029_181338.jpg
841,0,pedestrian crossing,opened,960,1280,photo_94_2024-12-18_13-00-25.jpg,dataset_top12\pedestrian crossing\opened\photo_94_2024-12-18_13-00-25.jpg
3415,4,parking place,opened,960,1280,photo_23_2024-12-19_01-59-18.jpg,dataset_top12\parking place\opened\photo_23_2024-12-19_01-59-18.jpg
817,0,pedestrian crossing,opened,960,1280,photo_92_2024-12-18_02-17-32.jpg,dataset_top12\pedestrian crossing\opened\photo_92_2024-12-18_02-17-32.jpg
1837,0,pedestrian crossing,closed,960,1280,photo_69_2024-12-05_22-23-50.jpg,dataset_top12\pedestrian crossing\closed\photo_69_2024-12-05_22-23-50.jpg
2215,1,give way,opened,639,620,photo_2_2024-12-19_02-00-53.jpg,dataset_top12\give way\opened\photo_2_2024-12-19_02-00-53.jpg
2065,0,pedestrian crossing,closed,960,1280,photo_8_2024-12-18_02-36-53.jpg,dataset_top12\pedestrian crossing\closed\photo_8_2024-12-18_02-36-53.jpg
1803,0,pedestrian crossing,closed,960,1280,photo_65_2024-12-07_12-51-07.jpg,dataset_top12\pedestrian crossing\closed\photo_65_2024-12-07_12-51-07.jpg
2209,1,give way,opened,960,1280,photo_27_2024-12-18_13-01-24.jpg,dataset_top12\give way\opened\photo_27_2024-12-18_13-01-24.jpg
3884,5,maximum speed limit_40,closed,1280,1154,photo_51_2024-12-05_22-23-10.jpg,dataset_top12\maximum speed limit_40\closed\photo_51_2024-12-05_22-23-10.jpg
2050,0,pedestrian crossing,closed,1280,1252,photo_89_2024-12-07_12-46-52.jpg,dataset_top12\pedestrian crossing\closed\photo_89_2024-12-07_12-46-52.jpg
4404,7,stop line,closed,577,576,photo_82_2024-12-07_12-47-32.jpg,dataset_top12\stop line\closed\photo_82_2024-12-07_12-47-32.jpg
2556,1,give way,closed,519,497,photo_49_2024-12-09_12-46-01_1.jpg,dataset_top12\give way\closed\photo_49_2024-12-09_12-46-01_1.jpg
1723,0,pedestrian crossing,closed,842,1123,photo_58_2024-10-29_09-53-51.jpg,dataset_top12\pedestrian crossing\closed\photo_58_2024-10-29_09-53-51.jpg
4682,9,straight,opened,318,337,photo_13_2024-04-25_12-41-12_7.jpg,dataset_top12\straight\opened\photo_13_2024-04-25_12-41-12_7.jpg
2923,2,tow truck,opened,1280,1218,photo_80_2024-12-18_02-27-08.jpg,dataset_top12\tow truck\opened\photo_80_2024-12-18_02-27-08.jpg
4818,9,straight,opened,245,246,photo_9_2024-05-17_15-34-29_5.jpg,dataset_top12\straight\opened\photo_9_2024-05-17_15-34-29_5.jpg
2893,2,tow truck,opened,770,700,photo_66_2024-12-18_02-17-59.jpg,dataset_top12\tow truck\opened\photo_66_2024-12-18_02-17-59.jpg
2563,1,give way,closed,720,1280,photo_5278624148517676521_y.jpg,dataset_top12\give way\closed\photo_5278624148517676521_y.jpg
930,0,pedestrian crossing,closed,4640,3472,IMG_20241017_162427.jpg,dataset_top12\pedestrian crossing\closed\IMG_20241017_162427.jpg
4462,8,right,opened,427,415,photo_15_2024-12-19_02-04-54.jpg,dataset_top12\right\opened\photo_15_2024-12-19_02-04-54.jpg
3323,3,no stopping,closed,1269,1280,photo_78_2024-12-07_12-47-32.jpg,dataset_top12\no stopping\closed\photo_78_2024-12-07_12-47-32.jpg
1719,0,pedestrian crossing,closed,772,775,photo_57_2024-12-07_12-48-37.jpg,dataset_top12\pedestrian crossing\closed\photo_57_2024-12-07_12-48-37.jpg
703,0,pedestrian crossing,opened,960,1280,photo_79_2024-12-18_12-58-24.jpg,dataset_top12\pedestrian crossing\opened\photo_79_2024-12-18_12-58-24.jpg
890,0,pedestrian crossing,opened,960,1280,photo_9_2024-12-18_13-04-36.jpg,dataset_top12\pedestrian crossing\opened\photo_9_2024-12-18_13-04-36.jpg
3598,4,parking place,opened,960,1280,photo_86_2024-12-19_01-59-18.jpg,dataset_top12\parking place\opened\photo_86_2024-12-19_01-59-18.jpg
2126,0,pedestrian crossing,closed,960,1280,photo_99_2024-12-07_12-48-37.jpg,dataset_top12\pedestrian crossing\closed\photo_99_2024-12-07_12-48-37.jpg
2633,1,give way,closed,1170,1280,photo_63_2024-12-07_12-47-32.jpg,dataset_top12\give way\closed\photo_63_2024-12-07_12-47-32.jpg
1163,0,pedestrian crossing,closed,960,1280,photo_26_2024-12-07_12-49-18.jpg,dataset_top12\pedestrian crossing\closed\photo_26_2024-12-07_12-49-18.jpg
3373,4,parking place,opened,960,1280,photo_15_2024-12-18_02-17-32.jpg,dataset_top12\parking place\opened\photo_15_2024-12-18_02-17-32.jpg
2804,2,tow truck,opened,412,421,photo_34_2024-12-19_02-03-02.jpg,dataset_top12\tow truck\opened\photo_34_2024-12-19_02-03-02.jpg
1838,0,pedestrian crossing,closed,960,1280,photo_69_2024-12-06_22-25-52.jpg,dataset_top12\pedestrian crossing\closed\photo_69_2024-12-06_22-25-52.jpg
4742,9,straight,opened,175,180,photo_43_2024-04-25_12-41-12.jpg,dataset_top12\straight\opened\photo_43_2024-04-25_12-41-12.jpg
179,0,pedestrian crossing,opened,960,1280,photo_24_2024-12-18_02-27-47.jpg,dataset_top12\pedestrian crossing\opened\photo_24_2024-12-18_02-27-47.jpg
1817,0,pedestrian crossing,closed,960,1280,photo_67_2024-10-29_09-54-21.jpg,dataset_top12\pedestrian crossing\closed\photo_67_2024-10-29_09-54-21.jpg
622,0,pedestrian crossing,opened,960,1280,photo_70_2024-12-09_12-46-01.jpg,dataset_top12\pedestrian crossing\opened\photo_70_2024-12-09_12-46-01.jpg
821,0,pedestrian crossing,opened,960,1280,photo_92_2024-12-18_02-33-06.jpg,dataset_top12\pedestrian crossing\opened\photo_92_2024-12-18_02-33-06.jpg
5028,11,no entry,opened,960,1280,photo_17_2024-12-18_13-02-03.jpg,dataset_top12\no entry\opened\photo_17_2024-12-18_13-02-03.jpg
1016,0,pedestrian crossing,closed,960,1280,photo_10_2024-10-29_09-54-37.jpg,dataset_top12\pedestrian crossing\closed\photo_10_2024-10-29_09-54-37.jpg
4395,7,stop line,closed,745,660,photo_72_2024-12-07_12-47-32.jpg,dataset_top12\stop line\closed\photo_72_2024-12-07_12-47-32.jpg
2403,1,give way,closed,4640,3472,IMG_20241017_161115.jpg,dataset_top12\give way\closed\IMG_20241017_161115.jpg
1915,0,pedestrian crossing,closed,960,1280,photo_76_2024-10-29_09-54-21.jpg,dataset_top12\pedestrian crossing\closed\photo_76_2024-10-29_09-54-21.jpg
4985,10,bus stop,closed,960,1280,photo_71_2024-10-29_09-54-21.jpg,dataset_top12\bus stop\closed\photo_71_2024-10-29_09-54-21.jpg
1147,0,pedestrian crossing,closed,960,1280,photo_25_2024-10-29_09-53-08.jpg,dataset_top12\pedestrian crossing\closed\photo_25_2024-10-29_09-53-08.jpg
795,0,pedestrian crossing,opened,960,1280,photo_8_2024-12-18_13-04-36.jpg,dataset_top12\pedestrian crossing\opened\photo_8_2024-12-18_13-04-36.jpg
5001,10,bus stop,closed,960,1280,photo_83_2024-12-07_12-51-07.jpg,dataset_top12\bus stop\closed\photo_83_2024-12-07_12-51-07.jpg
1267,0,pedestrian crossing,closed,960,1280,photo_36_2024-12-06_22-25-52.jpg,dataset_top12\pedestrian crossing\closed\photo_36_2024-12-06_22-25-52.jpg
1109,0,pedestrian crossing,closed,960,1280,photo_20_2024-12-09_12-50-33.jpg,dataset_top12\pedestrian crossing\closed\photo_20_2024-12-09_12-50-33.jpg
232,0,pedestrian crossing,opened,960,1280,photo_29_2024-12-18_02-27-47.jpg,dataset_top12\pedestrian crossing\opened\photo_29_2024-12-18_02-27-47.jpg
112,0,pedestrian crossing,opened,960,1280,photo_18_2024-12-19_00-10-31.jpg,dataset_top12\pedestrian crossing\opened\photo_18_2024-12-19_00-10-31.jpg
1229,0,pedestrian crossing,closed,812,795,photo_32_2024-12-07_12-49-18.jpg,dataset_top12\pedestrian crossing\closed\photo_32_2024-12-07_12-49-18.jpg
2410,1,give way,closed,1351,1331,IMG_20241017_183237.jpg,dataset_top12\give way\closed\IMG_20241017_183237.jpg
712,0,pedestrian crossing,opened,960,1280,photo_7_2024-12-18_02-28-33.jpg,dataset_top12\pedestrian crossing\opened\photo_7_2024-12-18_02-28-33.jpg
4558,8,right,opened,100,96,photo_4_2024-04-25_12-41-12_r_1.jpg,dataset_top12\right\opened\photo_4_2024-04-25_12-41-12_r_1.jpg
3966,6,left,opened,533,746,IMG_0793.JPG,dataset_top12\left\opened\IMG_0793.JPG
3436,4,parking place,opened,960,1280,photo_2_2024-12-18_13-06-32.jpg,dataset_top12\parking place\opened\photo_2_2024-12-18_13-06-32.jpg
259,0,pedestrian crossing,opened,960,1280,photo_31_2024-12-18_02-27-47.jpg,dataset_top12\pedestrian crossing\opened\photo_31_2024-12-18_02-27-47.jpg
211,0,pedestrian crossing,opened,960,1280,photo_27_2024-12-18_13-03-52.jpg,dataset_top12\pedestrian crossing\opened\photo_27_2024-12-18_13-03-52.jpg
1399,0,pedestrian crossing,closed,349,346,photo_49_2024-12-09_12-46-01_2.jpg,dataset_top12\pedestrian crossing\closed\photo_49_2024-12-09_12-46-01_2.jpg
4795,9,straight,opened,54,58,photo_7_2024-04-25_12-41-12_l_9.jpg,dataset_top12\straight\opened\photo_7_2024-04-25_12-41-12_l_9.jpg
526,0,pedestrian crossing,opened,960,1280,photo_60_2024-12-18_02-33-06.jpg,dataset_top12\pedestrian crossing\opened\photo_60_2024-12-18_02-33-06.jpg
4036,6,left,opened,152,152,photo_26_2024-04-25_12-20-30.jpg,dataset_top12\left\opened\photo_26_2024-04-25_12-20-30.jpg
2353,1,give way,opened,960,1280,photo_88_2024-12-18_13-04-36.jpg,dataset_top12\give way\opened\photo_88_2024-12-18_13-04-36.jpg
4051,6,left,opened,403,404,photo_33_2024-11-28_18-39-35.jpg,dataset_top12\left\opened\photo_33_2024-11-28_18-39-35.jpg
2933,2,tow truck,opened,669,593,photo_84_2024-12-18_02-27-47.jpg,dataset_top12\tow truck\opened\photo_84_2024-12-18_02-27-47.jpg
2119,0,pedestrian crossing,closed,960,1280,photo_97_2024-12-07_12-48-02.jpg,dataset_top12\pedestrian crossing\closed\photo_97_2024-12-07_12-48-02.jpg
3804,5,maximum speed limit_40,opened,649,608,photo_75_2024-12-19_02-00-53.jpg,dataset_top12\maximum speed limit_40\opened\photo_75_2024-12-19_02-00-53.jpg
1533,0,pedestrian crossing,closed,960,1280,photo_5278624148517676473_y.jpg,dataset_top12\pedestrian crossing\closed\photo_5278624148517676473_y.jpg
4276,7,stop line,opened,845,732,photo_52_2024-12-18_13-04-36.jpg,dataset_top12\stop line\opened\photo_52_2024-12-18_13-04-36.jpg
861,0,pedestrian crossing,opened,960,1280,photo_96_2024-12-18_13-06-32.jpg,dataset_top12\pedestrian crossing\opened\photo_96_2024-12-18_13-06-32.jpg
1910,0,pedestrian crossing,closed,960,1280,photo_75_2024-12-07_12-49-18.jpg,dataset_top12\pedestrian crossing\closed\photo_75_2024-12-07_12-49-18.jpg
484,0,pedestrian crossing,opened,960,1280,photo_56_2024-12-18_02-17-32.jpg,dataset_top12\pedestrian crossing\opened\photo_56_2024-12-18_02-17-32.jpg
4208,7,stop line,opened,487,483,photo_27_2024-12-09_12-46-01.jpg,dataset_top12\stop line\opened\photo_27_2024-12-09_12-46-01.jpg
1107,0,pedestrian crossing,closed,960,1280,photo_20_2024-12-09_12-45-24.jpg,dataset_top12\pedestrian crossing\closed\photo_20_2024-12-09_12-45-24.jpg
3139,3,no stopping,opened,960,1280,photo_67_2024-12-18_12-58-24.jpg,dataset_top12\no stopping\opened\photo_67_2024-12-18_12-58-24.jpg
3623,4,parking place,opened,960,1280,photo_96_2024-12-18_12-58-24.jpg,dataset_top12\parking place\opened\photo_96_2024-12-18_12-58-24.jpg
5091,11,no entry,opened,960,1280,photo_50_2024-12-18_13-01-24.jpg,dataset_top12\no entry\opened\photo_50_2024-12-18_13-01-24.jpg
4353,7,stop line,closed,673,731,photo_36_2024-12-06_22-24-57.jpg,dataset_top12\stop line\closed\photo_36_2024-12-06_22-24-57.jpg
3981,6,left,opened,683,771,IMG_0838.JPG,dataset_top12\left\opened\IMG_0838.JPG
720,0,pedestrian crossing,opened,960,1280,photo_80_2024-12-18_02-17-32.jpg,dataset_top12\pedestrian crossing\opened\photo_80_2024-12-18_02-17-32.jpg
1043,0,pedestrian crossing,closed,960,1280,photo_14_2024-10-29_09-53-08.jpg,dataset_top12\pedestrian crossing\closed\photo_14_2024-10-29_09-53-08.jpg
1125,0,pedestrian crossing,closed,746,602,photo_22_2024-12-07_12-51-07.jpg,dataset_top12\pedestrian crossing\closed\photo_22_2024-12-07_12-51-07.jpg
481,0,pedestrian crossing,opened,960,1280,photo_55_2024-12-18_13-03-52.jpg,dataset_top12\pedestrian crossing\opened\photo_55_2024-12-18_13-03-52.jpg
40,0,pedestrian crossing,opened,960,1280,photo_12_2024-12-18_13-03-52.jpg,dataset_top12\pedestrian crossing\opened\photo_12_2024-12-18_13-03-52.jpg
1239,0,pedestrian crossing,closed,960,1280,photo_33_2024-12-07_12-49-18.jpg,dataset_top12\pedestrian crossing\closed\photo_33_2024-12-07_12-49-18.jpg
4979,10,bus stop,closed,515,486,photo_63_2024-12-06_22-25-23.jpg,dataset_top12\bus stop\closed\photo_63_2024-12-06_22-25-23.jpg
1991,0,pedestrian crossing,closed,960,1280,photo_83_2024-12-05_22-23-10.jpg,dataset_top12\pedestrian crossing\closed\photo_83_2024-12-05_22-23-10.jpg
3006,2,tow truck,closed,649,468,photo_5_2024-12-07_12-46-04.jpg,dataset_top12\tow truck\closed\photo_5_2024-12-07_12-46-04.jpg
1802,0,pedestrian crossing,closed,960,1280,photo_65_2024-12-07_12-49-18.jpg,dataset_top12\pedestrian crossing\closed\photo_65_2024-12-07_12-49-18.jpg
154,0,pedestrian crossing,opened,960,1280,photo_21_2024-12-18_02-36-53.jpg,dataset_top12\pedestrian crossing\opened\photo_21_2024-12-18_02-36-53.jpg
4449,8,right,opened,223,214,photo_10_2024-04-25_12-41-12_7.jpg,dataset_top12\right\opened\photo_10_2024-04-25_12-41-12_7.jpg
2203,1,give way,opened,642,627,photo_26_2024-12-07_12-46-52.jpg,dataset_top12\give way\opened\photo_26_2024-12-07_12-46-52.jpg
120,0,pedestrian crossing,opened,960,1280,photo_19_2024-12-18_13-03-52.jpg,dataset_top12\pedestrian crossing\opened\photo_19_2024-12-18_13-03-52.jpg
3281,3,no stopping,closed,799,824,photo_49_2024-12-07_12-46-04_1.jpg,dataset_top12\no stopping\closed\photo_49_2024-12-07_12-46-04_1.jpg
3396,4,parking place,opened,744,742,photo_1_2024-12-19_01-56-44.jpg,dataset_top12\parking place\opened\photo_1_2024-12-19_01-56-44.jpg
2443,1,give way,closed,1280,1223,photo_10_2024-12-06_22-24-22.jpg,dataset_top12\give way\closed\photo_10_2024-12-06_22-24-22.jpg
3042,3,no stopping,opened,2347,2357,IMG_20241017_161854_1.jpg,dataset_top12\no stopping\opened\IMG_20241017_161854_1.jpg
1063,0,pedestrian crossing,closed,960,1280,photo_16_2024-12-07_12-48-02.jpg,dataset_top12\pedestrian crossing\closed\photo_16_2024-12-07_12-48-02.jpg
4836,10,bus stop,opened,960,1280,photo_18_2024-12-09_12-46-32.jpg,dataset_top12\bus stop\opened\photo_18_2024-12-09_12-46-32.jpg
1249,0,pedestrian crossing,closed,960,1280,photo_35_2024-10-29_09-53-08.jpg,dataset_top12\pedestrian crossing\closed\photo_35_2024-10-29_09-53-08.jpg
1847,0,pedestrian crossing,closed,960,1280,photo_6_2024-12-06_22-24-57.jpg,dataset_top12\pedestrian crossing\closed\photo_6_2024-12-06_22-24-57.jpg
4445,8,right,opened,551,558,photo_100_2024-12-19_02-00-05.jpg,dataset_top12\right\opened\photo_100_2024-12-19_02-00-05.jpg
3063,3,no stopping,opened,960,1280,photo_16_2024-12-18_02-37-13.jpg,dataset_top12\no stopping\opened\photo_16_2024-12-18_02-37-13.jpg
98,0,pedestrian crossing,opened,733,885,photo_17_2024-12-18_13-03-52.jpg,dataset_top12\pedestrian crossing\opened\photo_17_2024-12-18_13-03-52.jpg
4331,7,stop line,closed,2248,2200,20241102_113927.jpg,dataset_top12\stop line\closed\20241102_113927.jpg
2019,0,pedestrian crossing,closed,960,1280,photo_86_2024-10-29_09-54-21.jpg,dataset_top12\pedestrian crossing\closed\photo_86_2024-10-29_09-54-21.jpg
3358,4,parking place,opened,960,1280,photo_100_2024-12-19_01-59-18.jpg,dataset_top12\parking place\opened\photo_100_2024-12-19_01-59-18.jpg
4039,6,left,opened,198,191,photo_27_2024-04-25_12-41-12_5.jpg,dataset_top12\left\opened\photo_27_2024-04-25_12-41-12_5.jpg
1090,0,pedestrian crossing,closed,960,1280,photo_1_2024-10-29_09-42-50.jpg,dataset_top12\pedestrian crossing\closed\photo_1_2024-10-29_09-42-50.jpg
1110,0,pedestrian crossing,closed,960,1280,photo_21_2024-10-29_09-42-50.jpg,dataset_top12\pedestrian crossing\closed\photo_21_2024-10-29_09-42-50.jpg
2348,1,give way,opened,542,553,photo_86_2024-12-19_02-00-53.jpg,dataset_top12\give way\opened\photo_86_2024-12-19_02-00-53.jpg
4261,7,stop line,opened,818,747,photo_48_2024-12-18_13-06-32.jpg,dataset_top12\stop line\opened\photo_48_2024-12-18_13-06-32.jpg
4616,8,right,opened,523,494,photo_8_2024-12-19_02-04-54.jpg,dataset_top12\right\opened\photo_8_2024-12-19_02-04-54.jpg
3958,6,left,opened,686,680,IMG_0790_5.JPG,dataset_top12\left\opened\IMG_0790_5.JPG
4094,6,left,opened,142,143,photo_50_2024-04-25_12-41-12.jpg,dataset_top12\left\opened\photo_50_2024-04-25_12-41-12.jpg
1633,0,pedestrian crossing,closed,720,1280,photo_5278624148517676751_y.jpg,dataset_top12\pedestrian crossing\closed\photo_5278624148517676751_y.jpg
4444,8,right,opened,530,526,IMG_0846.JPG,dataset_top12\right\opened\IMG_0846.JPG
314,0,pedestrian crossing,opened,960,1280,photo_36_2024-12-18_13-03-52.jpg,dataset_top12\pedestrian crossing\opened\photo_36_2024-12-18_13-03-52.jpg
2241,1,give way,opened,960,1280,photo_38_2024-12-18_02-10-22.jpg,dataset_top12\give way\opened\photo_38_2024-12-18_02-10-22.jpg
3271,3,no stopping,closed,960,1280,photo_32_2024-12-06_22-25-22.jpg,dataset_top12\no stopping\closed\photo_32_2024-12-06_22-25-22.jpg
3427,4,parking place,opened,960,1280,photo_27_2024-12-18_02-17-32.jpg,dataset_top12\parking place\opened\photo_27_2024-12-18_02-17-32.jpg
5031,11,no entry,opened,960,1280,photo_19_2024-12-18_02-17-59.jpg,dataset_top12\no entry\opened\photo_19_2024-12-18_02-17-59.jpg
808,0,pedestrian crossing,opened,960,1280,photo_90_2024-12-19_00-10-31.jpg,dataset_top12\pedestrian crossing\opened\photo_90_2024-12-19_00-10-31.jpg
4480,8,right,opened,561,543,photo_1_2024-11-28_18-39-35.jpg,dataset_top12\right\opened\photo_1_2024-11-28_18-39-35.jpg
2105,0,pedestrian crossing,closed,831,1107,photo_95_2024-10-29_09-42-50.jpg,dataset_top12\pedestrian crossing\closed\photo_95_2024-10-29_09-42-50.jpg
3151,3,no stopping,opened,960,1280,photo_71_2024-12-18_02-19-24.jpg,dataset_top12\no stopping\opened\photo_71_2024-12-18_02-19-24.jpg
4205,7,stop line,opened,720,834,photo_25_2024-12-18_02-11-31.jpg,dataset_top12\stop line\opened\photo_25_2024-12-18_02-11-31.jpg
4534,8,right,opened,136,130,photo_37_2024-04-25_12-41-12.jpg,dataset_top12\right\opened\photo_37_2024-04-25_12-41-12.jpg
990,0,pedestrian crossing,closed,4640,3472,IMG_20241029_180424.jpg,dataset_top12\pedestrian crossing\closed\IMG_20241029_180424.jpg
556,0,pedestrian crossing,opened,960,1280,photo_64_2024-12-09_12-46-01.jpg,dataset_top12\pedestrian crossing\opened\photo_64_2024-12-09_12-46-01.jpg
906,0,pedestrian crossing,closed,4624,3468,20241102_120259.jpg,dataset_top12\pedestrian crossing\closed\20241102_120259.jpg
225,0,pedestrian crossing,opened,960,1280,photo_28_2024-12-18_13-03-52.jpg,dataset_top12\pedestrian crossing\opened\photo_28_2024-12-18_13-03-52.jpg
2918,2,tow truck,opened,686,665,photo_76_2024-12-18_02-36-53.jpg,dataset_top12\tow truck\opened\photo_76_2024-12-18_02-36-53.jpg
3816,5,maximum speed limit_40,opened,258,251,photo_7_2024-12-18_02-13-44.jpg,dataset_top12\maximum speed limit_40\opened\photo_7_2024-12-18_02-13-44.jpg
3157,3,no stopping,opened,960,1280,photo_74_2024-12-18_02-19-24.jpg,dataset_top12\no stopping\opened\photo_74_2024-12-18_02-19-24.jpg
4628,8,right,closed,617,611,photo_81_2024-12-05_22-22-53.jpg,dataset_top12\right\closed\photo_81_2024-12-05_22-22-53.jpg
523,0,pedestrian crossing,opened,960,1280,photo_5_2024-12-19_00-10-31.jpg,dataset_top12\pedestrian crossing\opened\photo_5_2024-12-19_00-10-31.jpg
1722,0,pedestrian crossing,closed,960,1280,photo_58_2024-10-29_09-53-08.jpg,dataset_top12\pedestrian crossing\closed\photo_58_2024-10-29_09-53-08.jpg
1873,0,pedestrian crossing,closed,1280,1021,photo_72_2024-12-05_22-23-10.jpg,dataset_top12\pedestrian crossing\closed\photo_72_2024-12-05_22-23-10.jpg
1201,0,pedestrian crossing,closed,960,1280,photo_2_2024-12-07_12-49-18.jpg,dataset_top12\pedestrian crossing\closed\photo_2_2024-12-07_12-49-18.jpg
89,0,pedestrian crossing,opened,960,1280,photo_16_2024-12-19_02-04-54.jpg,dataset_top12\pedestrian crossing\opened\photo_16_2024-12-19_02-04-54.jpg
2577,1,give way,closed,585,579,photo_5278624148517676584_y.jpg,dataset_top12\give way\closed\photo_5278624148517676584_y.jpg
2085,0,pedestrian crossing,closed,960,1280,photo_92_2024-12-05_22-23-10.jpg,dataset_top12\pedestrian crossing\closed\photo_92_2024-12-05_22-23-10.jpg
5047,11,no entry,opened,960,1280,photo_27_2024-12-18_13-07-03.jpg,dataset_top12\no entry\opened\photo_27_2024-12-18_13-07-03.jpg
4681,9,straight,opened,314,319,photo_13_2024-04-25_12-41-12.jpg,dataset_top12\straight\opened\photo_13_2024-04-25_12-41-12.jpg
3681,5,maximum speed limit_40,opened,515,559,photo_14_2024-12-18_02-22-39.jpg,dataset_top12\maximum speed limit_40\opened\photo_14_2024-12-18_02-22-39.jpg
439,0,pedestrian crossing,opened,960,1280,photo_4_2024-12-18_13-06-32.jpg,dataset_top12\pedestrian crossing\opened\photo_4_2024-12-18_13-06-32.jpg
4565,8,right,opened,314,319,photo_54_2024-12-01_22-45-02.jpg,dataset_top12\right\opened\photo_54_2024-12-01_22-45-02.jpg
1490,0,pedestrian crossing,closed,960,1280,photo_5278624148517676379_y.jpg,dataset_top12\pedestrian crossing\closed\photo_5278624148517676379_y.jpg
1040,0,pedestrian crossing,closed,842,816,photo_13_2024-12-06_22-24-57.jpg,dataset_top12\pedestrian crossing\closed\photo_13_2024-12-06_22-24-57.jpg
4844,10,bus stop,opened,960,1280,photo_31_2024-12-18_12-58-24.jpg,dataset_top12\bus stop\opened\photo_31_2024-12-18_12-58-24.jpg
1678,0,pedestrian crossing,closed,960,1280,photo_53_2024-10-29_09-42-50.jpg,dataset_top12\pedestrian crossing\closed\photo_53_2024-10-29_09-42-50.jpg
3110,3,no stopping,opened,960,1280,photo_45_2024-12-18_13-03-52.jpg,dataset_top12\no stopping\opened\photo_45_2024-12-18_13-03-52.jpg
3239,3,no stopping,closed,1351,1388,IMG_20241017_160701_1.jpg,dataset_top12\no stopping\closed\IMG_20241017_160701_1.jpg
1517,0,pedestrian crossing,closed,960,1280,photo_5278624148517676439_y.jpg,dataset_top12\pedestrian crossing\closed\photo_5278624148517676439_y.jpg
171,0,pedestrian crossing,opened,960,1280,photo_23_2024-12-18_13-00-25.jpg,dataset_top12\pedestrian crossing\opened\photo_23_2024-12-18_13-00-25.jpg
3495,4,parking place,opened,960,1280,photo_51_2024-12-18_13-01-24.jpg,dataset_top12\parking place\opened\photo_51_2024-12-18_13-01-24.jpg
1264,0,pedestrian crossing,closed,960,1280,photo_36_2024-12-05_22-23-10.jpg,dataset_top12\pedestrian crossing\closed\photo_36_2024-12-05_22-23-10.jpg
491,0,pedestrian crossing,opened,612,607,photo_57_2024-12-09_12-45-24.jpg,dataset_top12\pedestrian crossing\opened\photo_57_2024-12-09_12-45-24.jpg
3115,3,no stopping,opened,960,1280,photo_4_2024-12-18_02-19-40.jpg,dataset_top12\no stopping\opened\photo_4_2024-12-18_02-19-40.jpg
132,0,pedestrian crossing,opened,960,1280,photo_1_2024-12-18_13-03-52.jpg,dataset_top12\pedestrian crossing\opened\photo_1_2024-12-18_13-03-52.jpg
895,0,pedestrian crossing,closed,4624,3468,20241102_112340.jpg,dataset_top12\pedestrian crossing\closed\20241102_112340.jpg
1650,0,pedestrian crossing,closed,720,1280,photo_5278624148517676771_y.jpg,dataset_top12\pedestrian crossing\closed\photo_5278624148517676771_y.jpg
2429,1,give way,closed,4640,3472,IMG_20241029_175728.jpg,dataset_top12\give way\closed\IMG_20241029_175728.jpg
1789,0,pedestrian crossing,closed,960,1280,photo_64_2024-12-05_22-23-50.jpg,dataset_top12\pedestrian crossing\closed\photo_64_2024-12-05_22-23-50.jpg
2190,1,give way,opened,960,1280,photo_22_2024-12-18_13-07-03.jpg,dataset_top12\give way\opened\photo_22_2024-12-18_13-07-03.jpg
3392,4,parking place,opened,960,1280,photo_19_2024-12-18_13-07-03.jpg,dataset_top12\parking place\opened\photo_19_2024-12-18_13-07-03.jpg
2761,2,tow truck,opened,960,1280,photo_24_2024-12-18_02-25-50.jpg,dataset_top12\tow truck\opened\photo_24_2024-12-18_02-25-50.jpg
2007,0,pedestrian crossing,closed,960,1280,photo_85_2024-10-29_09-53-51.jpg,dataset_top12\pedestrian crossing\closed\photo_85_2024-10-29_09-53-51.jpg
2835,2,tow truck,opened,655,689,photo_44_2024-12-19_02-00-05.jpg,dataset_top12\tow truck\opened\photo_44_2024-12-19_02-00-05.jpg
4622,8,right,opened,334,360,photo_96_2024-04-25_12-41-13.jpg,dataset_top12\right\opened\photo_96_2024-04-25_12-41-13.jpg
4456,8,right,opened,240,343,photo_12_2024-04-25_12-41-12.jpg,dataset_top12\right\opened\photo_12_2024-04-25_12-41-12.jpg
868,0,pedestrian crossing,opened,960,1280,photo_97_2024-12-18_13-05-57.jpg,dataset_top12\pedestrian crossing\opened\photo_97_2024-12-18_13-05-57.jpg
2112,0,pedestrian crossing,closed,960,1280,photo_96_2024-12-07_12-48-02.jpg,dataset_top12\pedestrian crossing\closed\photo_96_2024-12-07_12-48-02.jpg
3011,2,tow truck,closed,235,136,photo_72_2024-12-06_22-25-52.jpg,dataset_top12\tow truck\closed\photo_72_2024-12-06_22-25-52.jpg
1864,0,pedestrian crossing,closed,851,1105,photo_71_2024-10-29_09-53-51.jpg,dataset_top12\pedestrian crossing\closed\photo_71_2024-10-29_09-53-51.jpg
590,0,pedestrian crossing,opened,960,1280,photo_67_2024-12-18_13-06-32.jpg,dataset_top12\pedestrian crossing\opened\photo_67_2024-12-18_13-06-32.jpg
1715,0,pedestrian crossing,closed,960,1280,photo_57_2024-12-05_22-23-25.jpg,dataset_top12\pedestrian crossing\closed\photo_57_2024-12-05_22-23-25.jpg
1940,0,pedestrian crossing,closed,825,1127,photo_79_2024-10-29_09-42-50.jpg,dataset_top12\pedestrian crossing\closed\photo_79_2024-10-29_09-42-50.jpg
1094,0,pedestrian crossing,closed,960,1280,photo_1_2024-12-07_12-48-36.jpg,dataset_top12\pedestrian crossing\closed\photo_1_2024-12-07_12-48-36.jpg
4322,7,stop line,opened,960,1280,photo_92_2024-12-18_02-25-50.jpg,dataset_top12\stop line\opened\photo_92_2024-12-18_02-25-50.jpg
1657,0,pedestrian crossing,closed,720,1280,photo_5278624148517676779_y.jpg,dataset_top12\pedestrian crossing\closed\photo_5278624148517676779_y.jpg
2404,1,give way,closed,4640,3472,IMG_20241017_161122.jpg,dataset_top12\give way\closed\IMG_20241017_161122.jpg
1690,0,pedestrian crossing,closed,960,1280,photo_54_2024-12-07_12-48-02.jpg,dataset_top12\pedestrian crossing\closed\photo_54_2024-12-07_12-48-02.jpg
3756,5,maximum speed limit_40,opened,960,1280,photo_50_2024-12-18_02-29-08.jpg,dataset_top12\maximum speed limit_40\opened\photo_50_2024-12-18_02-29-08.jpg
1621,0,pedestrian crossing,closed,722,1280,photo_5278624148517676739_y.jpg,dataset_top12\pedestrian crossing\closed\photo_5278624148517676739_y.jpg
652,0,pedestrian crossing,opened,823,780,photo_73_2024-12-18_02-27-08.jpg,dataset_top12\pedestrian crossing\opened\photo_73_2024-12-18_02-27-08.jpg
4227,7,stop line,opened,771,839,photo_32_2024-12-18_02-11-31.jpg,dataset_top12\stop line\opened\photo_32_2024-12-18_02-11-31.jpg
44,0,pedestrian crossing,opened,661,834,photo_12_2024-12-18_13-07-03.jpg,dataset_top12\pedestrian crossing\opened\photo_12_2024-12-18_13-07-03.jpg
1826,0,pedestrian crossing,closed,834,1108,photo_68_2024-10-29_09-53-51.jpg,dataset_top12\pedestrian crossing\closed\photo_68_2024-10-29_09-53-51.jpg
4177,7,stop line,opened,700,747,photo_11_2024-12-18_02-11-31.jpg,dataset_top12\stop line\opened\photo_11_2024-12-18_02-11-31.jpg
3041,3,no stopping,opened,2694,2699,20241102_123018_1.jpg,dataset_top12\no stopping\opened\20241102_123018_1.jpg
4163,6,left,closed,294,276,photo_58_2024-11-28_18-39-35.jpg,dataset_top12\left\closed\photo_58_2024-11-28_18-39-35.jpg
2332,1,give way,opened,583,564,photo_7_2024-12-19_02-00-53.jpg,dataset_top12\give way\opened\photo_7_2024-12-19_02-00-53.jpg
4034,6,left,opened,107,106,photo_25_2024-04-25_12-43-13.jpg,dataset_top12\left\opened\photo_25_2024-04-25_12-43-13.jpg
1425,0,pedestrian crossing,closed,960,1280,photo_50_2024-12-18_02-36-53.jpg,dataset_top12\pedestrian crossing\closed\photo_50_2024-12-18_02-36-53.jpg
4211,7,stop line,opened,764,758,photo_27_2024-12-18_02-29-08.jpg,dataset_top12\stop line\opened\photo_27_2024-12-18_02-29-08.jpg
2573,1,give way,closed,720,1280,photo_5278624148517676550_y.jpg,dataset_top12\give way\closed\photo_5278624148517676550_y.jpg
2669,1,give way,closed,897,900,photo_80_2024-12-07_12-48-02.jpg,dataset_top12\give way\closed\photo_80_2024-12-07_12-48-02.jpg
2861,2,tow truck,opened,670,588,photo_55_2024-12-18_02-17-59.jpg,dataset_top12\tow truck\opened\photo_55_2024-12-18_02-17-59.jpg
697,0,pedestrian crossing,opened,960,1280,photo_78_2024-12-18_13-05-23.jpg,dataset_top12\pedestrian crossing\opened\photo_78_2024-12-18_13-05-23.jpg
5029,11,no entry,opened,960,1280,photo_18_2024-12-18_02-17-59.jpg,dataset_top12\no entry\opened\photo_18_2024-12-18_02-17-59.jpg
4119,6,left,opened,447,521,photo_81_2024-12-19_02-00-05.jpg,dataset_top12\left\opened\photo_81_2024-12-19_02-00-05.jpg
3584,4,parking place,opened,960,1280,photo_7_2024-12-18_02-17-32.jpg,dataset_top12\parking place\opened\photo_7_2024-12-18_02-17-32.jpg
4872,10,bus stop,closed,4624,3468,20241102_120836.jpg,dataset_top12\bus stop\closed\20241102_120836.jpg
4950,10,bus stop,closed,960,1280,photo_42_2024-10-29_09-54-21.jpg,dataset_top12\bus stop\closed\photo_42_2024-10-29_09-54-21.jpg
42,0,pedestrian crossing,opened,960,1280,photo_12_2024-12-18_13-05-57.jpg,dataset_top12\pedestrian crossing\opened\photo_12_2024-12-18_13-05-57.jpg
4587,8,right,opened,100,142,photo_6_2024-04-25_12-43-13_1.jpg,dataset_top12\right\opened\photo_6_2024-04-25_12-43-13_1.jpg
4475,8,right,opened,126,101,photo_19_2024-04-25_12-43-13_0.jpg,dataset_top12\right\opened\photo_19_2024-04-25_12-43-13_0.jpg
3569,4,parking place,opened,960,1280,photo_73_2024-12-18_13-01-24.jpg,dataset_top12\parking place\opened\photo_73_2024-12-18_13-01-24.jpg
4634,9,straight,opened,830,776,IMG_0760.JPG,dataset_top12\straight\opened\IMG_0760.JPG
1334,0,pedestrian crossing,closed,960,1280,photo_43_2024-10-29_09-42-50.jpg,dataset_top12\pedestrian crossing\closed\photo_43_2024-10-29_09-42-50.jpg
5016,11,no entry,opened,960,1280,photo_10_2024-12-18_02-17-59.jpg,dataset_top12\no entry\opened\photo_10_2024-12-18_02-17-59.jpg
3784,5,maximum speed limit_40,opened,564,574,photo_61_2024-12-19_02-03-02.jpg,dataset_top12\maximum speed limit_40\opened\photo_61_2024-12-19_02-03-02.jpg
3456,4,parking place,opened,960,1280,photo_37_2024-12-18_13-06-32.jpg,dataset_top12\parking place\opened\photo_37_2024-12-18_13-06-32.jpg
535,0,pedestrian crossing,opened,960,1280,photo_61_2024-12-18_02-33-06.jpg,dataset_top12\pedestrian crossing\opened\photo_61_2024-12-18_02-33-06.jpg
907,0,pedestrian crossing,closed,4624,3468,20241102_120635.jpg,dataset_top12\pedestrian crossing\closed\20241102_120635.jpg
1686,0,pedestrian crossing,closed,960,1280,photo_53_2024-12-07_12-48-37.jpg,dataset_top12\pedestrian crossing\closed\photo_53_2024-12-07_12-48-37.jpg
4825,9,straight,closed,960,1280,photo_63_2024-12-06_22-25-52.jpg,dataset_top12\straight\closed\photo_63_2024-12-06_22-25-52.jpg
4691,9,straight,opened,315,340,photo_15_2024-04-25_12-43-13.jpg,dataset_top12\straight\opened\photo_15_2024-04-25_12-43-13.jpg
5093,11,no entry,opened,960,1280,photo_51_2024-12-18_13-02-04.jpg,dataset_top12\no entry\opened\photo_51_2024-12-18_13-02-04.jpg
2451,1,give way,closed,960,1280,photo_11_2024-12-07_12-49-18.jpg,dataset_top12\give way\closed\photo_11_2024-12-07_12-49-18.jpg
2170,1,give way,opened,960,1280,photo_18_2024-12-18_02-10-22.jpg,dataset_top12\give way\opened\photo_18_2024-12-18_02-10-22.jpg
1369,0,pedestrian crossing,closed,960,1280,photo_46_2024-12-07_12-48-37.jpg,dataset_top12\pedestrian crossing\closed\photo_46_2024-12-07_12-48-37.jpg
2624,1,give way,closed,960,1280,photo_59_2024-10-29_09-53-08.jpg,dataset_top12\give way\closed\photo_59_2024-10-29_09-53-08.jpg
2447,1,give way,closed,675,1280,photo_11_2024-12-05_22-23-10.jpg,dataset_top12\give way\closed\photo_11_2024-12-05_22-23-10.jpg
4362,7,stop line,closed,960,1280,photo_46_2024-12-09_12-46-01.jpg,dataset_top12\stop line\closed\photo_46_2024-12-09_12-46-01.jpg
3592,4,parking place,opened,960,1280,photo_83_2024-12-19_02-00-05.jpg,dataset_top12\parking place\opened\photo_83_2024-12-19_02-00-05.jpg
88,0,pedestrian crossing,opened,960,1280,photo_16_2024-12-19_00-11-08.jpg,dataset_top12\pedestrian crossing\opened\photo_16_2024-12-19_00-11-08.jpg
961,0,pedestrian crossing,closed,4640,3472,IMG_20241029_174330.jpg,dataset_top12\pedestrian crossing\closed\IMG_20241029_174330.jpg
4428,8,right,opened,1292,1657,IMG_0803_9.JPG,dataset_top12\right\opened\IMG_0803_9.JPG
1189,0,pedestrian crossing,closed,960,1280,photo_29_2024-12-06_22-25-52.jpg,dataset_top12\pedestrian crossing\closed\photo_29_2024-12-06_22-25-52.jpg
940,0,pedestrian crossing,closed,4640,3472,IMG_20241021_174821.jpg,dataset_top12\pedestrian crossing\closed\IMG_20241021_174821.jpg
4329,7,stop line,opened,960,1280,photo_9_2024-12-18_13-07-03.jpg,dataset_top12\stop line\opened\photo_9_2024-12-18_13-07-03.jpg
3027,2,tow truck,closed,1209,601,photo_86_2024-12-07_12-46-04.jpg,dataset_top12\tow truck\closed\photo_86_2024-12-07_12-46-04.jpg
1258,0,pedestrian crossing,closed,960,1280,photo_35_2024-12-07_12-49-18.jpg,dataset_top12\pedestrian crossing\closed\photo_35_2024-12-07_12-49-18.jpg
2381,1,give way,opened,960,1114,photo_99_2024-12-18_02-33-06.jpg,dataset_top12\give way\opened\photo_99_2024-12-18_02-33-06.jpg
1528,0,pedestrian crossing,closed,960,1280,photo_5278624148517676461_y.jpg,dataset_top12\pedestrian crossing\closed\photo_5278624148517676461_y.jpg
1121,0,pedestrian crossing,closed,1280,957,photo_22_2024-12-05_22-23-10.jpg,dataset_top12\pedestrian crossing\closed\photo_22_2024-12-05_22-23-10.jpg
1498,0,pedestrian crossing,closed,960,1280,photo_5278624148517676391_y.jpg,dataset_top12\pedestrian crossing\closed\photo_5278624148517676391_y.jpg
3061,3,no stopping,opened,715,714,photo_16_2024-12-09_12-50-33_1.jpg,dataset_top12\no stopping\opened\photo_16_2024-12-09_12-50-33_1.jpg
3663,5,maximum speed limit_40,opened,2496,2496,IMG_20241029_175454.jpg,dataset_top12\maximum speed limit_40\opened\IMG_20241029_175454.jpg
3881,5,maximum speed limit_40,closed,960,1280,photo_45_2024-12-18_02-29-08.jpg,dataset_top12\maximum speed limit_40\closed\photo_45_2024-12-18_02-29-08.jpg
2831,2,tow truck,opened,671,678,photo_42_2024-12-19_02-00-53.jpg,dataset_top12\tow truck\opened\photo_42_2024-12-19_02-00-53.jpg
4559,8,right,opened,102,97,photo_4_2024-04-25_12-41-12_r_7.jpg,dataset_top12\right\opened\photo_4_2024-04-25_12-41-12_r_7.jpg
618,0,pedestrian crossing,opened,960,1280,photo_6_2024-12-18_13-01-24.jpg,dataset_top12\pedestrian crossing\opened\photo_6_2024-12-18_13-01-24.jpg
887,0,pedestrian crossing,opened,960,1280,photo_9_2024-12-18_02-37-13.jpg,dataset_top12\pedestrian crossing\opened\photo_9_2024-12-18_02-37-13.jpg
2857,2,tow truck,opened,570,574,photo_53_2024-12-19_02-03-02.jpg,dataset_top12\tow truck\opened\photo_53_2024-12-19_02-03-02.jpg
237,0,pedestrian crossing,opened,960,1280,photo_2_2024-12-09_12-46-01.jpg,dataset_top12\pedestrian crossing\opened\photo_2_2024-12-09_12-46-01.jpg
17,0,pedestrian crossing,opened,960,1280,photo_10_2024-12-18_02-37-13.jpg,dataset_top12\pedestrian crossing\opened\photo_10_2024-12-18_02-37-13.jpg
119,0,pedestrian crossing,opened,960,1280,photo_19_2024-12-18_02-36-53.jpg,dataset_top12\pedestrian crossing\opened\photo_19_2024-12-18_02-36-53.jpg
1174,0,pedestrian crossing,closed,960,1280,photo_28_2024-10-29_09-53-51.jpg,dataset_top12\pedestrian crossing\closed\photo_28_2024-10-29_09-53-51.jpg
3095,3,no stopping,opened,1100,1280,photo_34_2024-12-18_02-27-08.jpg,dataset_top12\no stopping\opened\photo_34_2024-12-18_02-27-08.jpg
1507,0,pedestrian crossing,closed,960,1280,photo_5278624148517676402_y.jpg,dataset_top12\pedestrian crossing\closed\photo_5278624148517676402_y.jpg
2601,1,give way,closed,634,739,photo_5278624148517676683_y.jpg,dataset_top12\give way\closed\photo_5278624148517676683_y.jpg
2535,1,give way,closed,960,1280,photo_41_2024-12-06_22-24-22.jpg,dataset_top12\give way\closed\photo_41_2024-12-06_22-24-22.jpg
946,0,pedestrian crossing,closed,2309,2782,IMG_20241029_174016.jpg,dataset_top12\pedestrian crossing\closed\IMG_20241029_174016.jpg
933,0,pedestrian crossing,closed,3163,3094,IMG_20241017_180354.jpg,dataset_top12\pedestrian crossing\closed\IMG_20241017_180354.jpg
3743,5,maximum speed limit_40,opened,960,1280,photo_47_2024-12-09_12-46-01.jpg,dataset_top12\maximum speed limit_40\opened\photo_47_2024-12-09_12-46-01.jpg
2936,2,tow truck,opened,443,412,photo_86_2024-12-18_02-27-08.jpg,dataset_top12\tow truck\opened\photo_86_2024-12-18_02-27-08.jpg
1191,0,pedestrian crossing,closed,960,1280,photo_2_2024-10-29_09-42-50.jpg,dataset_top12\pedestrian crossing\closed\photo_2_2024-10-29_09-42-50.jpg
516,0,pedestrian crossing,opened,960,1280,photo_5_2024-12-09_12-49-47.jpg,dataset_top12\pedestrian crossing\opened\photo_5_2024-12-09_12-49-47.jpg
3086,3,no stopping,opened,960,1280,photo_2_2024-12-18_02-19-40.jpg,dataset_top12\no stopping\opened\photo_2_2024-12-18_02-19-40.jpg
1421,0,pedestrian crossing,closed,960,1280,photo_50_2024-12-06_22-25-52.jpg,dataset_top12\pedestrian crossing\closed\photo_50_2024-12-06_22-25-52.jpg
1460,0,pedestrian crossing,closed,960,1280,photo_5278624148517676326_y.jpg,dataset_top12\pedestrian crossing\closed\photo_5278624148517676326_y.jpg
2824,2,tow truck,opened,590,495,photo_41_2024-12-18_02-25-50.jpg,dataset_top12\tow truck\opened\photo_41_2024-12-18_02-25-50.jpg
3028,2,tow truck,closed,776,773,photo_86_2024-12-09_12-45-24.jpg,dataset_top12\tow truck\closed\photo_86_2024-12-09_12-45-24.jpg
4588,8,right,opened,123,160,photo_6_2024-04-25_12-43-13_5.jpg,dataset_top12\right\opened\photo_6_2024-04-25_12-43-13_5.jpg
5129,11,no entry,opened,960,1280,photo_79_2024-12-18_02-28-33.jpg,dataset_top12\no entry\opened\photo_79_2024-12-18_02-28-33.jpg
2550,1,give way,closed,903,1280,photo_47_2024-12-05_22-23-10.jpg,dataset_top12\give way\closed\photo_47_2024-12-05_22-23-10.jpg
3715,5,maximum speed limit_40,opened,779,783,photo_35_2024-12-19_01-58-39.jpg,dataset_top12\maximum speed limit_40\opened\photo_35_2024-12-19_01-58-39.jpg
1659,0,pedestrian crossing,closed,720,1280,photo_5278624148517676781_y.jpg,dataset_top12\pedestrian crossing\closed\photo_5278624148517676781_y.jpg
1972,0,pedestrian crossing,closed,960,1280,photo_81_2024-12-06_22-24-22.jpg,dataset_top12\pedestrian crossing\closed\photo_81_2024-12-06_22-24-22.jpg
1961,0,pedestrian crossing,closed,960,1280,photo_80_2024-12-05_22-22-53.jpg,dataset_top12\pedestrian crossing\closed\photo_80_2024-12-05_22-22-53.jpg
1552,0,pedestrian crossing,closed,960,1280,photo_5278624148517676594_y.jpg,dataset_top12\pedestrian crossing\closed\photo_5278624148517676594_y.jpg
3483,4,parking place,opened,960,1280,photo_47_2024-12-18_13-05-57.jpg,dataset_top12\parking place\opened\photo_47_2024-12-18_13-05-57.jpg
4443,8,right,opened,544,727,IMG_0845.JPG,dataset_top12\right\opened\IMG_0845.JPG
3111,3,no stopping,opened,960,1280,photo_46_2024-12-18_13-03-52.jpg,dataset_top12\no stopping\opened\photo_46_2024-12-18_13-03-52.jpg
4704,9,straight,opened,198,198,photo_1_2024-05-17_15-34-29_y.jpg,dataset_top12\straight\opened\photo_1_2024-05-17_15-34-29_y.jpg
47,0,pedestrian crossing,opened,960,1280,photo_13_2024-12-09_12-49-48.jpg,dataset_top12\pedestrian crossing\opened\photo_13_2024-12-09_12-49-48.jpg
1025,0,pedestrian crossing,closed,960,1280,photo_11_2024-12-06_22-25-52.jpg,dataset_top12\pedestrian crossing\closed\photo_11_2024-12-06_22-25-52.jpg
3986,6,left,opened,159,201,photo_11_2024-04-25_12-20-30_1.jpg,dataset_top12\left\opened\photo_11_2024-04-25_12-20-30_1.jpg
423,0,pedestrian crossing,opened,960,1280,photo_48_2024-12-19_00-10-31.jpg,dataset_top12\pedestrian crossing\opened\photo_48_2024-12-19_00-10-31.jpg
3170,3,no stopping,opened,960,1280,photo_80_2024-12-18_02-19-24.jpg,dataset_top12\no stopping\opened\photo_80_2024-12-18_02-19-24.jpg
648,0,pedestrian crossing,opened,960,1280,photo_72_2024-12-18_13-05-23.jpg,dataset_top12\pedestrian crossing\opened\photo_72_2024-12-18_13-05-23.jpg
4500,8,right,opened,316,353,photo_29_2024-04-25_12-20-30.jpg,dataset_top12\right\opened\photo_29_2024-04-25_12-20-30.jpg
2199,1,give way,opened,960,928,photo_25_2024-12-18_02-29-08.jpg,dataset_top12\give way\opened\photo_25_2024-12-18_02-29-08.jpg
512,0,pedestrian crossing,opened,960,1280,photo_59_2024-12-18_02-33-06.jpg,dataset_top12\pedestrian crossing\opened\photo_59_2024-12-18_02-33-06.jpg
2540,1,give way,closed,960,1280,photo_43_2024-12-06_22-24-22.jpg,dataset_top12\give way\closed\photo_43_2024-12-06_22-24-22.jpg
1712,0,pedestrian crossing,closed,849,1107,photo_57_2024-10-29_09-53-51.jpg,dataset_top12\pedestrian crossing\closed\photo_57_2024-10-29_09-53-51.jpg
1225,0,pedestrian crossing,closed,960,1280,photo_32_2024-10-29_09-53-51.jpg,dataset_top12\pedestrian crossing\closed\photo_32_2024-10-29_09-53-51.jpg
2571,1,give way,closed,720,1280,photo_5278624148517676546_y.jpg,dataset_top12\give way\closed\photo_5278624148517676546_y.jpg
3954,6,left,opened,1054,1203,IMG_0782.JPG,dataset_top12\left\opened\IMG_0782.JPG
4228,7,stop line,opened,619,665,photo_33_2024-12-18_02-10-22.jpg,dataset_top12\stop line\opened\photo_33_2024-12-18_02-10-22.jpg
4301,7,stop line,opened,810,966,photo_6_2024-12-18_13-05-57.jpg,dataset_top12\stop line\opened\photo_6_2024-12-18_13-05-57.jpg
1483,0,pedestrian crossing,closed,866,972,photo_5278624148517676368_y_1.jpg,dataset_top12\pedestrian crossing\closed\photo_5278624148517676368_y_1.jpg
207,0,pedestrian crossing,opened,960,1280,photo_27_2024-12-18_02-27-47.jpg,dataset_top12\pedestrian crossing\opened\photo_27_2024-12-18_02-27-47.jpg
2872,2,tow truck,opened,570,594,photo_58_2024-12-19_02-03-02.jpg,dataset_top12\tow truck\opened\photo_58_2024-12-19_02-03-02.jpg
3318,3,no stopping,closed,593,594,photo_75_2024-12-18_02-27-47.jpg,dataset_top12\no stopping\closed\photo_75_2024-12-18_02-27-47.jpg
3420,4,parking place,opened,960,1280,photo_24_2024-12-19_01-59-18.jpg,dataset_top12\parking place\opened\photo_24_2024-12-19_01-59-18.jpg
353,0,pedestrian crossing,opened,960,1280,photo_3_2024-12-18_02-27-08.jpg,dataset_top12\pedestrian crossing\opened\photo_3_2024-12-18_02-27-08.jpg
522,0,pedestrian crossing,opened,759,848,photo_5_2024-12-18_13-07-03.jpg,dataset_top12\pedestrian crossing\opened\photo_5_2024-12-18_13-07-03.jpg
2480,1,give way,closed,983,1280,photo_20_2024-12-07_12-46-04.jpg,dataset_top12\give way\closed\photo_20_2024-12-07_12-46-04.jpg
1496,0,pedestrian crossing,closed,960,1280,photo_5278624148517676386_y.jpg,dataset_top12\pedestrian crossing\closed\photo_5278624148517676386_y.jpg
4467,8,right,opened,316,331,photo_17_2024-04-25_12-43-13.jpg,dataset_top12\right\opened\photo_17_2024-04-25_12-43-13.jpg
1664,0,pedestrian crossing,closed,720,1280,photo_5278624148517676788_y.jpg,dataset_top12\pedestrian crossing\closed\photo_5278624148517676788_y.jpg
4523,8,right,opened,164,173,photo_34_2024-04-25_12-43-13.jpg,dataset_top12\right\opened\photo_34_2024-04-25_12-43-13.jpg
412,0,pedestrian crossing,opened,960,1280,photo_47_2024-12-18_13-06-32.jpg,dataset_top12\pedestrian crossing\opened\photo_47_2024-12-18_13-06-32.jpg
3535,4,parking place,opened,960,1280,photo_61_2024-12-19_01-59-18.jpg,dataset_top12\parking place\opened\photo_61_2024-12-19_01-59-18.jpg
867,0,pedestrian crossing,opened,960,1280,photo_97_2024-12-18_13-01-24.jpg,dataset_top12\pedestrian crossing\opened\photo_97_2024-12-18_13-01-24.jpg
3075,3,no stopping,opened,679,676,photo_22_2024-12-09_12-49-48_1.jpg,dataset_top12\no stopping\opened\photo_22_2024-12-09_12-49-48_1.jpg
2175,1,give way,opened,1117,1280,photo_19_2024-12-18_02-27-08.jpg,dataset_top12\give way\opened\photo_19_2024-12-18_02-27-08.jpg
1275,0,pedestrian crossing,closed,960,1280,photo_37_2024-12-05_22-23-10.jpg,dataset_top12\pedestrian crossing\closed\photo_37_2024-12-05_22-23-10.jpg
1667,0,pedestrian crossing,closed,720,1280,photo_5278624148517676795_y.jpg,dataset_top12\pedestrian crossing\closed\photo_5278624148517676795_y.jpg
4509,8,right,opened,80,86,photo_2_2024-04-25_12-43-13_7.jpg,dataset_top12\right\opened\photo_2_2024-04-25_12-43-13_7.jpg
1236,0,pedestrian crossing,closed,960,1280,photo_33_2024-12-06_22-23-51.jpg,dataset_top12\pedestrian crossing\closed\photo_33_2024-12-06_22-23-51.jpg
927,0,pedestrian crossing,closed,4640,3472,IMG_20241017_162244.jpg,dataset_top12\pedestrian crossing\closed\IMG_20241017_162244.jpg
3879,5,maximum speed limit_40,closed,1220,623,photo_42_2024-12-07_12-46-52.jpg,dataset_top12\maximum speed limit_40\closed\photo_42_2024-12-07_12-46-52.jpg
1459,0,pedestrian crossing,closed,960,1280,photo_5278624148517676326_y (1).jpg,dataset_top12\pedestrian crossing\closed\photo_5278624148517676326_y (1).jpg
2,0,pedestrian crossing,opened,1309,1596,IMG_20241029_173844.jpg,dataset_top12\pedestrian crossing\opened\IMG_20241029_173844.jpg
5082,11,no entry,opened,960,1280,photo_49_2024-12-18_02-17-59.jpg,dataset_top12\no entry\opened\photo_49_2024-12-18_02-17-59.jpg
2596,1,give way,closed,720,1280,photo_5278624148517676672_y.jpg,dataset_top12\give way\closed\photo_5278624148517676672_y.jpg
1962,0,pedestrian crossing,closed,960,1280,photo_80_2024-12-05_22-23-10.jpg,dataset_top12\pedestrian crossing\closed\photo_80_2024-12-05_22-23-10.jpg
4817,9,straight,opened,328,328,photo_9_2024-05-17_15-34-29.jpg,dataset_top12\straight\opened\photo_9_2024-05-17_15-34-29.jpg
4455,8,right,opened,96,90,photo_11_2024-04-25_12-41-12_4_9.jpg,dataset_top12\right\opened\photo_11_2024-04-25_12-41-12_4_9.jpg
1014,0,pedestrian crossing,closed,960,1280,photo_100_2024-12-07_12-48-02.jpg,dataset_top12\pedestrian crossing\closed\photo_100_2024-12-07_12-48-02.jpg
3580,4,parking place,opened,960,1280,photo_77_2024-12-18_13-01-24.jpg,dataset_top12\parking place\opened\photo_77_2024-12-18_13-01-24.jpg
3923,5,maximum speed limit_40,closed,1280,1114,photo_99_2024-12-05_22-22-53.jpg,dataset_top12\maximum speed limit_40\closed\photo_99_2024-12-05_22-22-53.jpg
2261,1,give way,opened,960,1280,photo_4_2024-12-09_12-49-47.jpg,dataset_top12\give way\opened\photo_4_2024-12-09_12-49-47.jpg
455,0,pedestrian crossing,opened,960,1280,photo_5278624148517676655_y.jpg,dataset_top12\pedestrian crossing\opened\photo_5278624148517676655_y.jpg
3978,6,left,opened,748,683,IMG_0833.JPG,dataset_top12\left\opened\IMG_0833.JPG
5057,11,no entry,opened,960,1280,photo_36_2024-12-18_02-17-59.jpg,dataset_top12\no entry\opened\photo_36_2024-12-18_02-17-59.jpg
1307,0,pedestrian crossing,closed,960,1280,photo_40_2024-12-05_22-23-25.jpg,dataset_top12\pedestrian crossing\closed\photo_40_2024-12-05_22-23-25.jpg
5074,11,no entry,opened,960,1280,photo_44_2024-12-18_02-17-59.jpg,dataset_top12\no entry\opened\photo_44_2024-12-18_02-17-59.jpg
3082,3,no stopping,opened,960,1280,photo_27_2024-12-18_13-00-25.jpg,dataset_top12\no stopping\opened\photo_27_2024-12-18_13-00-25.jpg
1894,0,pedestrian crossing,closed,960,1280,photo_74_2024-12-06_22-24-57.jpg,dataset_top12\pedestrian crossing\closed\photo_74_2024-12-06_22-24-57.jpg
254,0,pedestrian crossing,opened,960,1280,photo_30_2024-12-18_13-00-25.jpg,dataset_top12\pedestrian crossing\opened\photo_30_2024-12-18_13-00-25.jpg
3990,6,left,opened,145,143,photo_11_2024-04-25_12-43-13.jpg,dataset_top12\left\opened\photo_11_2024-04-25_12-43-13.jpg
3774,5,maximum speed limit_40,opened,745,742,photo_56_2024-12-19_01-58-39.jpg,dataset_top12\maximum speed limit_40\opened\photo_56_2024-12-19_01-58-39.jpg
2130,0,pedestrian crossing,closed,960,1280,photo_9_2024-10-29_09-54-37.jpg,dataset_top12\pedestrian crossing\closed\photo_9_2024-10-29_09-54-37.jpg
2826,2,tow truck,opened,632,688,photo_41_2024-12-19_02-00-05.jpg,dataset_top12\tow truck\opened\photo_41_2024-12-19_02-00-05.jpg
274,0,pedestrian crossing,opened,960,1280,photo_33_2024-12-09_12-46-32.jpg,dataset_top12\pedestrian crossing\opened\photo_33_2024-12-09_12-46-32.jpg
1602,0,pedestrian crossing,closed,720,1280,photo_5278624148517676712_y.jpg,dataset_top12\pedestrian crossing\closed\photo_5278624148517676712_y.jpg
2237,1,give way,opened,960,1280,photo_37_2024-12-18_02-10-22.jpg,dataset_top12\give way\opened\photo_37_2024-12-18_02-10-22.jpg
1223,0,pedestrian crossing,closed,960,1280,photo_32_2024-10-29_09-42-50.jpg,dataset_top12\pedestrian crossing\closed\photo_32_2024-10-29_09-42-50.jpg
4067,6,left,opened,161,162,photo_39_2024-04-25_12-20-30.jpg,dataset_top12\left\opened\photo_39_2024-04-25_12-20-30.jpg
2412,1,give way,closed,4640,3472,IMG_20241021_175439.jpg,dataset_top12\give way\closed\IMG_20241021_175439.jpg
3210,3,no stopping,opened,960,1280,photo_9_2024-12-18_13-00-25.jpg,dataset_top12\no stopping\opened\photo_9_2024-12-18_13-00-25.jpg
760,0,pedestrian crossing,opened,960,1280,photo_85_2024-12-18_02-28-33.jpg,dataset_top12\pedestrian crossing\opened\photo_85_2024-12-18_02-28-33.jpg
957,0,pedestrian crossing,closed,4640,3472,IMG_20241029_174307.jpg,dataset_top12\pedestrian crossing\closed\IMG_20241029_174307.jpg
2260,1,give way,opened,367,352,photo_48_2024-12-18_02-36-53.jpg,dataset_top12\give way\opened\photo_48_2024-12-18_02-36-53.jpg
2226,1,give way,opened,960,1280,photo_32_2024-12-19_02-00-53.jpg,dataset_top12\give way\opened\photo_32_2024-12-19_02-00-53.jpg
2687,1,give way,closed,960,1280,photo_89_2024-12-07_12-48-37.jpg,dataset_top12\give way\closed\photo_89_2024-12-07_12-48-37.jpg
501,0,pedestrian crossing,opened,960,1280,photo_58_2024-12-18_02-33-06.jpg,dataset_top12\pedestrian crossing\opened\photo_58_2024-12-18_02-33-06.jpg
937,0,pedestrian crossing,closed,2083,1984,IMG_20241017_190901.jpg,dataset_top12\pedestrian crossing\closed\IMG_20241017_190901.jpg
2243,1,give way,opened,960,1280,photo_39_2024-12-09_12-46-01.jpg,dataset_top12\give way\opened\photo_39_2024-12-09_12-46-01.jpg
4560,8,right,opened,572,570,photo_4_2024-12-09_12-46-32.jpg,dataset_top12\right\opened\photo_4_2024-12-09_12-46-32.jpg
269,0,pedestrian crossing,opened,960,1280,photo_32_2024-12-18_13-03-52.jpg,dataset_top12\pedestrian crossing\opened\photo_32_2024-12-18_13-03-52.jpg
5073,11,no entry,opened,960,1280,photo_42_2024-12-18_13-02-04.jpg,dataset_top12\no entry\opened\photo_42_2024-12-18_13-02-04.jpg
4483,8,right,opened,52,75,photo_21_2024-04-25_12-43-13_1.jpg,dataset_top12\right\opened\photo_21_2024-04-25_12-43-13_1.jpg
3963,6,left,opened,488,602,IMG_0792.JPG,dataset_top12\left\opened\IMG_0792.JPG
1703,0,pedestrian crossing,closed,960,1280,photo_56_2024-10-29_09-53-08.jpg,dataset_top12\pedestrian crossing\closed\photo_56_2024-10-29_09-53-08.jpg
4324,7,stop line,opened,838,785,photo_93_2024-12-18_02-33-06.jpg,dataset_top12\stop line\opened\photo_93_2024-12-18_02-33-06.jpg
445,0,pedestrian crossing,opened,960,1280,photo_50_2024-12-18_13-05-23.jpg,dataset_top12\pedestrian crossing\opened\photo_50_2024-12-18_13-05-23.jpg
2775,2,tow truck,opened,960,1280,photo_28_2024-12-18_02-25-50.jpg,dataset_top12\tow truck\opened\photo_28_2024-12-18_02-25-50.jpg
681,0,pedestrian crossing,opened,960,1280,photo_76_2024-12-18_13-06-32.jpg,dataset_top12\pedestrian crossing\opened\photo_76_2024-12-18_13-06-32.jpg
2442,1,give way,closed,1013,1280,photo_100_2024-12-07_12-47-32.jpg,dataset_top12\give way\closed\photo_100_2024-12-07_12-47-32.jpg
2521,1,give way,closed,960,873,photo_37_2024-12-07_12-47-32.jpg,dataset_top12\give way\closed\photo_37_2024-12-07_12-47-32.jpg
3710,5,maximum speed limit_40,opened,626,613,photo_31_2024-12-18_02-13-44.jpg,dataset_top12\maximum speed limit_40\opened\photo_31_2024-12-18_02-13-44.jpg
552,0,pedestrian crossing,opened,960,1280,photo_63_2024-12-18_13-05-23.jpg,dataset_top12\pedestrian crossing\opened\photo_63_2024-12-18_13-05-23.jpg
1655,0,pedestrian crossing,closed,720,1280,photo_5278624148517676777_y.jpg,dataset_top12\pedestrian crossing\closed\photo_5278624148517676777_y.jpg
3284,3,no stopping,closed,1077,874,photo_50_2024-12-07_12-46-04.jpg,dataset_top12\no stopping\closed\photo_50_2024-12-07_12-46-04.jpg
5158,11,no entry,opened,960,1280,photo_95_2024-12-18_13-00-25.jpg,dataset_top12\no entry\opened\photo_95_2024-12-18_13-00-25.jpg
4160,6,left,closed,960,1280,photo_47_2024-12-06_22-25-52.jpg,dataset_top12\left\closed\photo_47_2024-12-06_22-25-52.jpg
2431,1,give way,closed,4640,3472,IMG_20241029_175735.jpg,dataset_top12\give way\closed\IMG_20241029_175735.jpg
786,0,pedestrian crossing,opened,622,630,photo_89_2024-12-18_02-25-50.jpg,dataset_top12\pedestrian crossing\opened\photo_89_2024-12-18_02-25-50.jpg
3892,5,maximum speed limit_40,closed,1141,1280,photo_54_2024-12-07_12-48-37.jpg,dataset_top12\maximum speed limit_40\closed\photo_54_2024-12-07_12-48-37.jpg
3750,5,maximum speed limit_40,opened,647,636,photo_49_2024-12-19_01-58-39.jpg,dataset_top12\maximum speed limit_40\opened\photo_49_2024-12-19_01-58-39.jpg
886,0,pedestrian crossing,opened,960,1280,photo_9_2024-12-18_02-28-33.jpg,dataset_top12\pedestrian crossing\opened\photo_9_2024-12-18_02-28-33.jpg
1687,0,pedestrian crossing,closed,953,935,photo_53_2024-12-07_12-49-18.jpg,dataset_top12\pedestrian crossing\closed\photo_53_2024-12-07_12-49-18.jpg
2829,2,tow truck,opened,907,899,photo_42_2024-12-18_02-25-50.jpg,dataset_top12\tow truck\opened\photo_42_2024-12-18_02-25-50.jpg
662,0,pedestrian crossing,opened,960,1280,photo_74_2024-12-18_13-06-32.jpg,dataset_top12\pedestrian crossing\opened\photo_74_2024-12-18_13-06-32.jpg
4759,9,straight,opened,173,172,photo_4_2024-04-25_12-43-13.jpg,dataset_top12\straight\opened\photo_4_2024-04-25_12-43-13.jpg
2228,1,give way,opened,960,1280,photo_33_2024-12-18_02-33-06.jpg,dataset_top12\give way\opened\photo_33_2024-12-18_02-33-06.jpg
1665,0,pedestrian crossing,closed,720,1280,photo_5278624148517676789_y.jpg,dataset_top12\pedestrian crossing\closed\photo_5278624148517676789_y.jpg
151,0,pedestrian crossing,opened,960,1280,photo_21_2024-12-09_12-46-32.jpg,dataset_top12\pedestrian crossing\opened\photo_21_2024-12-09_12-46-32.jpg
1485,0,pedestrian crossing,closed,662,709,photo_5278624148517676370_y.jpg,dataset_top12\pedestrian crossing\closed\photo_5278624148517676370_y.jpg
3333,3,no stopping,closed,424,442,photo_87_2024-12-07_12-46-04.jpg,dataset_top12\no stopping\closed\photo_87_2024-12-07_12-46-04.jpg
2510,1,give way,closed,1280,736,photo_33_2024-12-05_22-22-53.jpg,dataset_top12\give way\closed\photo_33_2024-12-05_22-22-53.jpg
2114,0,pedestrian crossing,closed,960,1280,photo_96_2024-12-18_02-28-33.jpg,dataset_top12\pedestrian crossing\closed\photo_96_2024-12-18_02-28-33.jpg
4843,10,bus stop,opened,960,1280,photo_29_2024-12-18_02-28-33.jpg,dataset_top12\bus stop\opened\photo_29_2024-12-18_02-28-33.jpg
2361,1,give way,opened,960,1280,photo_90_2024-12-18_13-05-23.jpg,dataset_top12\give way\opened\photo_90_2024-12-18_13-05-23.jpg
4011,6,left,opened,89,95,photo_18_2024-04-25_12-41-12_8.jpg,dataset_top12\left\opened\photo_18_2024-04-25_12-41-12_8.jpg
2850,2,tow truck,opened,501,492,photo_50_2024-12-18_02-27-08.jpg,dataset_top12\tow truck\opened\photo_50_2024-12-18_02-27-08.jpg
2043,0,pedestrian crossing,closed,960,1280,photo_88_2024-12-07_12-48-37.jpg,dataset_top12\pedestrian crossing\closed\photo_88_2024-12-07_12-48-37.jpg
4334,7,stop line,closed,4624,3468,20241102_121511.jpg,dataset_top12\stop line\closed\20241102_121511.jpg
4137,6,left,opened,531,602,photo_94_2024-12-06_22-25-52.jpg,dataset_top12\left\opened\photo_94_2024-12-06_22-25-52.jpg
4961,10,bus stop,closed,960,1280,photo_46_2024-12-05_22-23-50.jpg,dataset_top12\bus stop\closed\photo_46_2024-12-05_22-23-50.jpg
1231,0,pedestrian crossing,closed,960,1280,photo_33_2024-10-29_09-53-51.jpg,dataset_top12\pedestrian crossing\closed\photo_33_2024-10-29_09-53-51.jpg
1192,0,pedestrian crossing,closed,960,1280,photo_2_2024-10-29_09-53-08.jpg,dataset_top12\pedestrian crossing\closed\photo_2_2024-10-29_09-53-08.jpg
135,0,pedestrian crossing,opened,960,1280,photo_1_2024-12-18_13-06-32.jpg,dataset_top12\pedestrian crossing\opened\photo_1_2024-12-18_13-06-32.jpg
1688,0,pedestrian crossing,closed,675,688,photo_53_2024-12-09_12-45-24.jpg,dataset_top12\pedestrian crossing\closed\photo_53_2024-12-09_12-45-24.jpg
1276,0,pedestrian crossing,closed,960,1280,photo_37_2024-12-05_22-23-25.jpg,dataset_top12\pedestrian crossing\closed\photo_37_2024-12-05_22-23-25.jpg
2098,0,pedestrian crossing,closed,825,1121,photo_94_2024-10-29_09-42-50.jpg,dataset_top12\pedestrian crossing\closed\photo_94_2024-10-29_09-42-50.jpg
510,0,pedestrian crossing,opened,960,1280,photo_59_2024-12-09_12-49-48.jpg,dataset_top12\pedestrian crossing\opened\photo_59_2024-12-09_12-49-48.jpg
2477,1,give way,closed,960,1280,photo_1_2024-12-07_12-49-18.jpg,dataset_top12\give way\closed\photo_1_2024-12-07_12-49-18.jpg
2542,1,give way,closed,477,474,photo_43_2024-12-07_12-48-37_1.jpg,dataset_top12\give way\closed\photo_43_2024-12-07_12-48-37_1.jpg
4284,7,stop line,opened,829,807,photo_56_2024-12-18_02-27-08.jpg,dataset_top12\stop line\opened\photo_56_2024-12-18_02-27-08.jpg
1790,0,pedestrian crossing,closed,960,1280,photo_64_2024-12-06_22-25-52.jpg,dataset_top12\pedestrian crossing\closed\photo_64_2024-12-06_22-25-52.jpg
198,0,pedestrian crossing,opened,960,1280,photo_26_2024-12-18_02-36-53.jpg,dataset_top12\pedestrian crossing\opened\photo_26_2024-12-18_02-36-53.jpg
1166,0,pedestrian crossing,closed,960,1280,photo_27_2024-10-29_09-53-51.jpg,dataset_top12\pedestrian crossing\closed\photo_27_2024-10-29_09-53-51.jpg
2606,1,give way,closed,296,333,photo_5278624148517676793_y.jpg,dataset_top12\give way\closed\photo_5278624148517676793_y.jpg
3384,4,parking place,opened,960,827,photo_17_2024-12-19_01-56-44.jpg,dataset_top12\parking place\opened\photo_17_2024-12-19_01-56-44.jpg
954,0,pedestrian crossing,closed,4640,3472,IMG_20241029_174155.jpg,dataset_top12\pedestrian crossing\closed\IMG_20241029_174155.jpg
3658,4,parking place,closed,680,674,photo_78_2024-12-09_12-45-24.jpg,dataset_top12\parking place\closed\photo_78_2024-12-09_12-45-24.jpg
3488,4,parking place,opened,960,1280,photo_49_2024-12-18_13-05-57.jpg,dataset_top12\parking place\opened\photo_49_2024-12-18_13-05-57.jpg
3868,5,maximum speed limit_40,closed,1280,1152,photo_21_2024-12-05_22-23-25.jpg,dataset_top12\maximum speed limit_40\closed\photo_21_2024-12-05_22-23-25.jpg
4572,8,right,opened,553,620,photo_60_2024-12-19_02-00-05.jpg,dataset_top12\right\opened\photo_60_2024-12-19_02-00-05.jpg
5056,11,no entry,opened,960,1280,photo_35_2024-12-18_02-17-59.jpg,dataset_top12\no entry\opened\photo_35_2024-12-18_02-17-59.jpg
2884,2,tow truck,opened,589,586,photo_63_2024-12-19_02-03-02.jpg,dataset_top12\tow truck\opened\photo_63_2024-12-19_02-03-02.jpg
2145,1,give way,opened,960,1280,photo_12_2024-12-18_13-04-36.jpg,dataset_top12\give way\opened\photo_12_2024-12-18_13-04-36.jpg
339,0,pedestrian crossing,opened,960,1280,photo_38_2024-12-19_00-11-08.jpg,dataset_top12\pedestrian crossing\opened\photo_38_2024-12-19_00-11-08.jpg
2146,1,give way,opened,973,1280,photo_13_2024-12-07_12-46-04.jpg,dataset_top12\give way\opened\photo_13_2024-12-07_12-46-04.jpg
3336,3,no stopping,closed,555,830,photo_88_2024-12-07_12-46-04.jpg,dataset_top12\no stopping\closed\photo_88_2024-12-07_12-46-04.jpg
391,0,pedestrian crossing,opened,960,1280,photo_43_2024-12-19_02-04-55.jpg,dataset_top12\pedestrian crossing\opened\photo_43_2024-12-19_02-04-55.jpg
2780,2,tow truck,opened,659,655,photo_29_2024-12-19_02-00-53.jpg,dataset_top12\tow truck\opened\photo_29_2024-12-19_02-00-53.jpg
874,0,pedestrian crossing,opened,960,1280,photo_98_2024-12-18_13-00-25.jpg,dataset_top12\pedestrian crossing\opened\photo_98_2024-12-18_13-00-25.jpg
3639,4,parking place,closed,960,1280,photo_16_2024-12-09_12-46-32.jpg,dataset_top12\parking place\closed\photo_16_2024-12-09_12-46-32.jpg
3758,5,maximum speed limit_40,opened,860,877,photo_50_2024-12-19_02-00-53.jpg,dataset_top12\maximum speed limit_40\opened\photo_50_2024-12-19_02-00-53.jpg
335,0,pedestrian crossing,opened,960,915,photo_38_2024-12-18_13-02-04.jpg,dataset_top12\pedestrian crossing\opened\photo_38_2024-12-18_13-02-04.jpg
2097,0,pedestrian crossing,closed,960,1280,photo_93_2024-12-07_12-49-18.jpg,dataset_top12\pedestrian crossing\closed\photo_93_2024-12-07_12-49-18.jpg
2783,2,tow truck,opened,608,446,photo_2_2024-12-19_01-58-39.jpg,dataset_top12\tow truck\opened\photo_2_2024-12-19_01-58-39.jpg
2468,1,give way,closed,1280,629,photo_18_2024-12-05_22-22-53.jpg,dataset_top12\give way\closed\photo_18_2024-12-05_22-22-53.jpg
76,0,pedestrian crossing,opened,960,1280,photo_15_2024-12-18_13-06-32.jpg,dataset_top12\pedestrian crossing\opened\photo_15_2024-12-18_13-06-32.jpg
3337,3,no stopping,closed,782,765,photo_88_2024-12-09_12-45-24_1.jpg,dataset_top12\no stopping\closed\photo_88_2024-12-09_12-45-24_1.jpg
2844,2,tow truck,opened,421,424,photo_48_2024-12-09_12-49-48.jpg,dataset_top12\tow truck\opened\photo_48_2024-12-09_12-49-48.jpg
5124,11,no entry,opened,960,1280,photo_74_2024-12-18_13-04-36.jpg,dataset_top12\no entry\opened\photo_74_2024-12-18_13-04-36.jpg
2452,1,give way,closed,1280,874,photo_12_2024-12-05_22-23-10.jpg,dataset_top12\give way\closed\photo_12_2024-12-05_22-23-10.jpg
3339,3,no stopping,closed,1215,1280,photo_89_2024-12-06_22-25-23.jpg,dataset_top12\no stopping\closed\photo_89_2024-12-06_22-25-23.jpg
809,0,pedestrian crossing,opened,960,1280,photo_91_2024-12-09_12-46-33.jpg,dataset_top12\pedestrian crossing\opened\photo_91_2024-12-09_12-46-33.jpg
3775,5,maximum speed limit_40,opened,558,564,photo_57_2024-12-18_02-22-06.jpg,dataset_top12\maximum speed limit_40\opened\photo_57_2024-12-18_02-22-06.jpg
1269,0,pedestrian crossing,closed,960,1280,photo_36_2024-12-07_12-49-18.jpg,dataset_top12\pedestrian crossing\closed\photo_36_2024-12-07_12-49-18.jpg
1585,0,pedestrian crossing,closed,960,1280,photo_5278624148517676652_y.jpg,dataset_top12\pedestrian crossing\closed\photo_5278624148517676652_y.jpg
3314,3,no stopping,closed,1280,1092,photo_74_2024-12-07_12-47-32.jpg,dataset_top12\no stopping\closed\photo_74_2024-12-07_12-47-32.jpg
1029,0,pedestrian crossing,closed,960,1280,photo_12_2024-10-29_09-42-50.jpg,dataset_top12\pedestrian crossing\closed\photo_12_2024-10-29_09-42-50.jpg
2987,2,tow truck,closed,1342,1331,IMG_20241017_161856.jpg,dataset_top12\tow truck\closed\IMG_20241017_161856.jpg
1731,0,pedestrian crossing,closed,960,1280,photo_59_2024-10-29_09-42-50.jpg,dataset_top12\pedestrian crossing\closed\photo_59_2024-10-29_09-42-50.jpg
2021,0,pedestrian crossing,closed,960,1280,photo_86_2024-12-05_22-23-10.jpg,dataset_top12\pedestrian crossing\closed\photo_86_2024-12-05_22-23-10.jpg
3187,3,no stopping,opened,960,1280,photo_89_2024-12-18_02-19-24.jpg,dataset_top12\no stopping\opened\photo_89_2024-12-18_02-19-24.jpg
441,0,pedestrian crossing,opened,960,1280,photo_4_2024-12-19_00-10-31.jpg,dataset_top12\pedestrian crossing\opened\photo_4_2024-12-19_00-10-31.jpg
1286,0,pedestrian crossing,closed,960,1040,photo_38_2024-12-07_12-48-36.jpg,dataset_top12\pedestrian crossing\closed\photo_38_2024-12-07_12-48-36.jpg
4045,6,left,opened,123,127,photo_2_2024-04-25_12-43-13_left.jpg,dataset_top12\left\opened\photo_2_2024-04-25_12-43-13_left.jpg
4750,9,straight,opened,292,375,photo_48_2024-04-25_12-41-12_8.jpg,dataset_top12\straight\opened\photo_48_2024-04-25_12-41-12_8.jpg
230,0,pedestrian crossing,opened,960,1280,photo_28_2024-12-19_02-04-55.jpg,dataset_top12\pedestrian crossing\opened\photo_28_2024-12-19_02-04-55.jpg
2566,1,give way,closed,720,1280,photo_5278624148517676530_y.jpg,dataset_top12\give way\closed\photo_5278624148517676530_y.jpg
1171,0,pedestrian crossing,closed,960,1280,photo_27_2024-12-07_12-49-18.jpg,dataset_top12\pedestrian crossing\closed\photo_27_2024-12-07_12-49-18.jpg
1548,0,pedestrian crossing,closed,720,1280,photo_5278624148517676561_y.jpg,dataset_top12\pedestrian crossing\closed\photo_5278624148517676561_y.jpg
2398,1,give way,closed,4640,3472,IMG_20241017_161021.jpg,dataset_top12\give way\closed\IMG_20241017_161021.jpg
1772,0,pedestrian crossing,closed,960,1280,photo_62_2024-12-05_22-23-25.jpg,dataset_top12\pedestrian crossing\closed\photo_62_2024-12-05_22-23-25.jpg
1849,0,pedestrian crossing,closed,960,1280,photo_6_2024-12-07_12-48-36.jpg,dataset_top12\pedestrian crossing\closed\photo_6_2024-12-07_12-48-36.jpg
1805,0,pedestrian crossing,closed,960,1280,photo_66_2024-10-29_09-42-50.jpg,dataset_top12\pedestrian crossing\closed\photo_66_2024-10-29_09-42-50.jpg
684,0,pedestrian crossing,opened,960,1280,photo_77_2024-12-18_02-36-53.jpg,dataset_top12\pedestrian crossing\opened\photo_77_2024-12-18_02-36-53.jpg
4804,9,straight,opened,388,560,photo_86_2024-04-25_12-41-13.jpg,dataset_top12\straight\opened\photo_86_2024-04-25_12-41-13.jpg
1119,0,pedestrian crossing,closed,960,1280,photo_22_2024-10-29_09-53-08.jpg,dataset_top12\pedestrian crossing\closed\photo_22_2024-10-29_09-53-08.jpg
1684,0,pedestrian crossing,closed,1049,1280,photo_53_2024-12-07_12-46-52.jpg,dataset_top12\pedestrian crossing\closed\photo_53_2024-12-07_12-46-52.jpg
3152,3,no stopping,opened,960,1280,photo_72_2024-12-18_02-19-24.jpg,dataset_top12\no stopping\opened\photo_72_2024-12-18_02-19-24.jpg
915,0,pedestrian crossing,closed,4624,3468,20241102_121655.jpg,dataset_top12\pedestrian crossing\closed\20241102_121655.jpg
4899,10,bus stop,closed,960,1280,photo_17_2024-12-09_12-45-24.jpg,dataset_top12\bus stop\closed\photo_17_2024-12-09_12-45-24.jpg
2815,2,tow truck,opened,769,727,photo_38_2024-12-19_02-00-05.jpg,dataset_top12\tow truck\opened\photo_38_2024-12-19_02-00-05.jpg
3974,6,left,opened,424,504,IMG_0826.JPG,dataset_top12\left\opened\IMG_0826.JPG
2041,0,pedestrian crossing,closed,1202,1280,photo_88_2024-12-07_12-46-52.jpg,dataset_top12\pedestrian crossing\closed\photo_88_2024-12-07_12-46-52.jpg
2891,2,tow truck,opened,615,577,photo_65_2024-12-18_02-17-59.jpg,dataset_top12\tow truck\opened\photo_65_2024-12-18_02-17-59.jpg
2745,2,tow truck,opened,804,681,photo_20_2024-12-18_02-33-06.jpg,dataset_top12\tow truck\opened\photo_20_2024-12-18_02-33-06.jpg
1456,0,pedestrian crossing,closed,960,1280,photo_5278624148517676324_y.jpg,dataset_top12\pedestrian crossing\closed\photo_5278624148517676324_y.jpg
2906,2,tow truck,opened,606,589,photo_70_2024-12-19_02-03-02.jpg,dataset_top12\tow truck\opened\photo_70_2024-12-19_02-03-02.jpg
1336,0,pedestrian crossing,closed,960,1280,photo_43_2024-10-29_09-53-51.jpg,dataset_top12\pedestrian crossing\closed\photo_43_2024-10-29_09-53-51.jpg
2999,2,tow truck,closed,1280,928,photo_38_2024-12-05_22-23-25.jpg,dataset_top12\tow truck\closed\photo_38_2024-12-05_22-23-25.jpg
884,0,pedestrian crossing,opened,960,1280,photo_9_2024-12-09_12-50-33.jpg,dataset_top12\pedestrian crossing\opened\photo_9_2024-12-09_12-50-33.jpg
1744,0,pedestrian crossing,closed,960,1280,photo_5_2024-12-05_22-23-10.jpg,dataset_top12\pedestrian crossing\closed\photo_5_2024-12-05_22-23-10.jpg
4179,7,stop line,opened,525,520,photo_11_2024-12-18_02-28-33.jpg,dataset_top12\stop line\opened\photo_11_2024-12-18_02-28-33.jpg
3556,4,parking place,opened,960,1280,photo_6_2024-12-18_02-33-06.jpg,dataset_top12\parking place\opened\photo_6_2024-12-18_02-33-06.jpg
4024,6,left,opened,110,111,photo_21_2024-04-25_12-43-13.jpg,dataset_top12\left\opened\photo_21_2024-04-25_12-43-13.jpg
1430,0,pedestrian crossing,closed,960,1280,photo_51_2024-12-06_22-25-52.jpg,dataset_top12\pedestrian crossing\closed\photo_51_2024-12-06_22-25-52.jpg
4686,9,straight,opened,139,141,photo_14_2024-04-25_12-41-12.jpg,dataset_top12\straight\opened\photo_14_2024-04-25_12-41-12.jpg
4481,8,right,opened,960,1280,photo_1_2024-12-18_02-27-47.jpg,dataset_top12\right\opened\photo_1_2024-12-18_02-27-47.jpg
3985,6,left,opened,260,267,photo_11_2024-04-25_12-20-30.jpg,dataset_top12\left\opened\photo_11_2024-04-25_12-20-30.jpg
3039,2,tow truck,closed,805,510,photo_94_2024-12-07_12-46-52.jpg,dataset_top12\tow truck\closed\photo_94_2024-12-07_12-46-52.jpg
4248,7,stop line,opened,960,1280,photo_43_2024-12-18_13-02-04.jpg,dataset_top12\stop line\opened\photo_43_2024-12-18_13-02-04.jpg
490,0,pedestrian crossing,opened,960,1280,photo_56_2024-12-19_02-04-55.jpg,dataset_top12\pedestrian crossing\opened\photo_56_2024-12-19_02-04-55.jpg
2340,1,give way,opened,533,528,photo_82_2024-12-19_02-00-53.jpg,dataset_top12\give way\opened\photo_82_2024-12-19_02-00-53.jpg
3808,5,maximum speed limit_40,opened,684,635,photo_77_2024-12-19_00-10-31.jpg,dataset_top12\maximum speed limit_40\opened\photo_77_2024-12-19_00-10-31.jpg
1504,0,pedestrian crossing,closed,960,1280,photo_5278624148517676399_y.jpg,dataset_top12\pedestrian crossing\closed\photo_5278624148517676399_y.jpg
1441,0,pedestrian crossing,closed,960,1280,photo_5278624148517676313_y.jpg,dataset_top12\pedestrian crossing\closed\photo_5278624148517676313_y.jpg
919,0,pedestrian crossing,closed,4624,3468,20241102_123336.jpg,dataset_top12\pedestrian crossing\closed\20241102_123336.jpg
2672,1,give way,closed,960,1280,photo_81_2024-12-07_12-48-37.jpg,dataset_top12\give way\closed\photo_81_2024-12-07_12-48-37.jpg
1079,0,pedestrian crossing,closed,960,1280,photo_18_2024-12-06_22-23-51.jpg,dataset_top12\pedestrian crossing\closed\photo_18_2024-12-06_22-23-51.jpg
60,0,pedestrian crossing,opened,686,668,photo_14_2024-12-18_02-37-13.jpg,dataset_top12\pedestrian crossing\opened\photo_14_2024-12-18_02-37-13.jpg
4242,7,stop line,opened,603,594,photo_41_2024-12-18_02-28-33.jpg,dataset_top12\stop line\opened\photo_41_2024-12-18_02-28-33.jpg
5102,11,no entry,opened,407,394,photo_58_2024-12-18_02-25-50.jpg,dataset_top12\no entry\opened\photo_58_2024-12-18_02-25-50.jpg
4648,9,straight,opened,351,466,IMG_0790_6.JPG,dataset_top12\straight\opened\IMG_0790_6.JPG
2081,0,pedestrian crossing,closed,819,1116,photo_92_2024-10-29_09-42-50.jpg,dataset_top12\pedestrian crossing\closed\photo_92_2024-10-29_09-42-50.jpg
3207,3,no stopping,opened,960,1280,photo_99_2024-12-18_02-19-24.jpg,dataset_top12\no stopping\opened\photo_99_2024-12-18_02-19-24.jpg
4945,10,bus stop,closed,960,1280,photo_3_2024-12-07_12-46-52.jpg,dataset_top12\bus stop\closed\photo_3_2024-12-07_12-46-52.jpg
2285,1,give way,opened,570,566,photo_60_2024-12-19_02-00-53.jpg,dataset_top12\give way\opened\photo_60_2024-12-19_02-00-53.jpg
3778,5,maximum speed limit_40,opened,546,581,photo_58_2024-12-19_02-00-53.jpg,dataset_top12\maximum speed limit_40\opened\photo_58_2024-12-19_02-00-53.jpg
2899,2,tow truck,opened,533,586,photo_68_2024-12-19_02-03-02.jpg,dataset_top12\tow truck\opened\photo_68_2024-12-19_02-03-02.jpg
3013,2,tow truck,closed,773,768,photo_73_2024-12-09_12-45-24_1.jpg,dataset_top12\tow truck\closed\photo_73_2024-12-09_12-45-24_1.jpg
3781,5,maximum speed limit_40,opened,299,268,photo_5_2024-12-18_02-13-44.jpg,dataset_top12\maximum speed limit_40\opened\photo_5_2024-12-18_02-13-44.jpg
4953,10,bus stop,closed,1183,1280,photo_43_2024-12-07_12-46-04.jpg,dataset_top12\bus stop\closed\photo_43_2024-12-07_12-46-04.jpg
3744,5,maximum speed limit_40,opened,777,803,photo_47_2024-12-19_01-58-39.jpg,dataset_top12\maximum speed limit_40\opened\photo_47_2024-12-19_01-58-39.jpg
4544,8,right,opened,93,86,photo_3_2024-04-25_12-41-12_4.jpg,dataset_top12\right\opened\photo_3_2024-04-25_12-41-12_4.jpg
1255,0,pedestrian crossing,closed,960,1280,photo_35_2024-12-07_12-47-32.jpg,dataset_top12\pedestrian crossing\closed\photo_35_2024-12-07_12-47-32.jpg
602,0,pedestrian crossing,opened,960,1280,photo_68_2024-12-19_00-10-31.jpg,dataset_top12\pedestrian crossing\opened\photo_68_2024-12-19_00-10-31.jpg
3946,6,left,opened,405,660,IMG_0774.JPG,dataset_top12\left\opened\IMG_0774.JPG
826,0,pedestrian crossing,opened,960,1280,photo_92_2024-12-18_13-06-32.jpg,dataset_top12\pedestrian crossing\opened\photo_92_2024-12-18_13-06-32.jpg
2319,1,give way,opened,472,525,photo_74_2024-12-19_02-00-53.jpg,dataset_top12\give way\opened\photo_74_2024-12-19_02-00-53.jpg
1252,0,pedestrian crossing,closed,960,1280,photo_35_2024-12-05_22-23-10.jpg,dataset_top12\pedestrian crossing\closed\photo_35_2024-12-05_22-23-10.jpg
3975,6,left,opened,381,406,IMG_0827.JPG,dataset_top12\left\opened\IMG_0827.JPG
4801,9,straight,opened,389,365,photo_7_2024-05-17_15-34-29_2.jpg,dataset_top12\straight\opened\photo_7_2024-05-17_15-34-29_2.jpg
9,0,pedestrian crossing,opened,960,1280,photo_100_2024-12-19_00-10-31.jpg,dataset_top12\pedestrian crossing\opened\photo_100_2024-12-19_00-10-31.jpg
3486,4,parking place,opened,1280,1236,photo_48_2024-12-18_02-27-08.jpg,dataset_top12\parking place\opened\photo_48_2024-12-18_02-27-08.jpg
4092,6,left,opened,92,104,photo_4_2024-04-25_12-43-13_l_6.jpg,dataset_top12\left\opened\photo_4_2024-04-25_12-43-13_l_6.jpg
1032,0,pedestrian crossing,closed,960,1280,photo_12_2024-12-06_22-24-57.jpg,dataset_top12\pedestrian crossing\closed\photo_12_2024-12-06_22-24-57.jpg
1468,0,pedestrian crossing,closed,960,1280,photo_5278624148517676347_y.jpg,dataset_top12\pedestrian crossing\closed\photo_5278624148517676347_y.jpg
1250,0,pedestrian crossing,closed,960,1280,photo_35_2024-10-29_09-53-51.jpg,dataset_top12\pedestrian crossing\closed\photo_35_2024-10-29_09-53-51.jpg
110,0,pedestrian crossing,opened,960,1280,photo_18_2024-12-18_13-06-32.jpg,dataset_top12\pedestrian crossing\opened\photo_18_2024-12-18_13-06-32.jpg
3533,4,parking place,opened,960,1280,photo_61_2024-12-18_02-17-32.jpg,dataset_top12\parking place\opened\photo_61_2024-12-18_02-17-32.jpg
5101,11,no entry,opened,960,1280,photo_57_2024-12-18_13-05-23.jpg,dataset_top12\no entry\opened\photo_57_2024-12-18_13-05-23.jpg
336,0,pedestrian crossing,opened,960,1280,photo_38_2024-12-18_13-03-52.jpg,dataset_top12\pedestrian crossing\opened\photo_38_2024-12-18_13-03-52.jpg
4729,9,straight,opened,439,487,photo_37_2024-04-25_12-43-13.jpg,dataset_top12\straight\opened\photo_37_2024-04-25_12-43-13.jpg
1598,0,pedestrian crossing,closed,720,1280,photo_5278624148517676692_y.jpg,dataset_top12\pedestrian crossing\closed\photo_5278624148517676692_y.jpg
4722,9,straight,opened,139,152,photo_2_2024-04-25_12-41-12_6.jpg,dataset_top12\straight\opened\photo_2_2024-04-25_12-41-12_6.jpg
4293,7,stop line,opened,845,770,photo_64_2024-12-18_02-36-53.jpg,dataset_top12\stop line\opened\photo_64_2024-12-18_02-36-53.jpg
820,0,pedestrian crossing,opened,728,701,photo_92_2024-12-18_02-28-33.jpg,dataset_top12\pedestrian crossing\opened\photo_92_2024-12-18_02-28-33.jpg
5104,11,no entry,opened,960,1280,photo_58_2024-12-18_13-01-24.jpg,dataset_top12\no entry\opened\photo_58_2024-12-18_13-01-24.jpg
594,0,pedestrian crossing,opened,960,1280,photo_68_2024-12-09_12-46-01.jpg,dataset_top12\pedestrian crossing\opened\photo_68_2024-12-09_12-46-01.jpg
3577,4,parking place,opened,960,1280,photo_76_2024-12-19_01-59-18.jpg,dataset_top12\parking place\opened\photo_76_2024-12-19_01-59-18.jpg
4838,10,bus stop,opened,960,1280,photo_21_2024-12-18_12-58-24.jpg,dataset_top12\bus stop\opened\photo_21_2024-12-18_12-58-24.jpg
2253,1,give way,opened,505,506,photo_44_2024-12-09_12-49-48.jpg,dataset_top12\give way\opened\photo_44_2024-12-09_12-49-48.jpg
4087,6,left,opened,67,93,photo_48_2024-04-25_12-41-12_7.jpg,dataset_top12\left\opened\photo_48_2024-04-25_12-41-12_7.jpg
4594,8,right,opened,828,705,photo_79_2024-12-06_22-25-52.jpg,dataset_top12\right\opened\photo_79_2024-12-06_22-25-52.jpg
2929,2,tow truck,opened,564,569,photo_82_2024-12-19_02-03-02.jpg,dataset_top12\tow truck\opened\photo_82_2024-12-19_02-03-02.jpg
4505,8,right,opened,122,145,photo_2_2024-04-25_12-20-30_9_9.jpg,dataset_top12\right\opened\photo_2_2024-04-25_12-20-30_9_9.jpg
2627,1,give way,closed,590,540,photo_5_2024-12-07_12-51-07.jpg,dataset_top12\give way\closed\photo_5_2024-12-07_12-51-07.jpg
4450,8,right,opened,181,199,photo_10_2024-04-25_12-41-12_9.jpg,dataset_top12\right\opened\photo_10_2024-04-25_12-41-12_9.jpg
728,0,pedestrian crossing,opened,960,1280,photo_81_2024-12-18_02-36-53.jpg,dataset_top12\pedestrian crossing\opened\photo_81_2024-12-18_02-36-53.jpg
2198,1,give way,opened,960,1280,photo_25_2024-12-09_12-46-32.jpg,dataset_top12\give way\opened\photo_25_2024-12-09_12-46-32.jpg
3377,4,parking place,opened,960,1280,photo_15_2024-12-19_02-00-05.jpg,dataset_top12\parking place\opened\photo_15_2024-12-19_02-00-05.jpg
565,0,pedestrian crossing,opened,960,1280,photo_65_2024-12-18_02-17-32.jpg,dataset_top12\pedestrian crossing\opened\photo_65_2024-12-18_02-17-32.jpg
4326,7,stop line,opened,637,627,photo_99_2024-12-18_02-28-33.jpg,dataset_top12\stop line\opened\photo_99_2024-12-18_02-28-33.jpg
1357,0,pedestrian crossing,closed,960,1280,photo_45_2024-12-06_22-23-51.jpg,dataset_top12\pedestrian crossing\closed\photo_45_2024-12-06_22-23-51.jpg
1773,0,pedestrian crossing,closed,960,1280,photo_62_2024-12-07_12-48-02.jpg,dataset_top12\pedestrian crossing\closed\photo_62_2024-12-07_12-48-02.jpg
1395,0,pedestrian crossing,closed,960,1280,photo_49_2024-12-06_22-25-52.jpg,dataset_top12\pedestrian crossing\closed\photo_49_2024-12-06_22-25-52.jpg
4995,10,bus stop,closed,960,1280,photo_79_2024-10-29_09-54-21.jpg,dataset_top12\bus stop\closed\photo_79_2024-10-29_09-54-21.jpg
1396,0,pedestrian crossing,closed,960,1280,photo_49_2024-12-07_12-47-32.jpg,dataset_top12\pedestrian crossing\closed\photo_49_2024-12-07_12-47-32.jpg
1101,0,pedestrian crossing,closed,960,1280,photo_20_2024-12-05_22-23-10.jpg,dataset_top12\pedestrian crossing\closed\photo_20_2024-12-05_22-23-10.jpg
3208,3,no stopping,opened,960,941,photo_99_2024-12-18_02-25-50.jpg,dataset_top12\no stopping\opened\photo_99_2024-12-18_02-25-50.jpg
2567,1,give way,closed,720,1280,photo_5278624148517676531_y.jpg,dataset_top12\give way\closed\photo_5278624148517676531_y.jpg
482,0,pedestrian crossing,opened,960,1280,photo_55_2024-12-19_02-04-55.jpg,dataset_top12\pedestrian crossing\opened\photo_55_2024-12-19_02-04-55.jpg
4770,9,straight,opened,329,334,photo_51_2024-11-28_18-39-35.jpg,dataset_top12\straight\opened\photo_51_2024-11-28_18-39-35.jpg
2989,2,tow truck,closed,1233,1280,photo_10_2024-12-06_22-25-22.jpg,dataset_top12\tow truck\closed\photo_10_2024-12-06_22-25-22.jpg
1340,0,pedestrian crossing,closed,1197,1280,photo_43_2024-12-05_22-23-50.jpg,dataset_top12\pedestrian crossing\closed\photo_43_2024-12-05_22-23-50.jpg
1034,0,pedestrian crossing,closed,960,1280,photo_13_2024-10-29_09-42-50.jpg,dataset_top12\pedestrian crossing\closed\photo_13_2024-10-29_09-42-50.jpg
233,0,pedestrian crossing,opened,960,1280,photo_29_2024-12-18_02-29-08.jpg,dataset_top12\pedestrian crossing\opened\photo_29_2024-12-18_02-29-08.jpg
143,0,pedestrian crossing,opened,960,1280,photo_20_2024-12-18_02-37-13.jpg,dataset_top12\pedestrian crossing\opened\photo_20_2024-12-18_02-37-13.jpg
2661,1,give way,closed,960,1280,photo_76_2024-12-07_12-48-37.jpg,dataset_top12\give way\closed\photo_76_2024-12-07_12-48-37.jpg
3793,5,maximum speed limit_40,opened,659,675,photo_68_2024-12-19_02-00-53.jpg,dataset_top12\maximum speed limit_40\opened\photo_68_2024-12-19_02-00-53.jpg
1455,0,pedestrian crossing,closed,960,1280,photo_5278624148517676324_y (1).jpg,dataset_top12\pedestrian crossing\closed\photo_5278624148517676324_y (1).jpg
26,0,pedestrian crossing,opened,790,663,photo_11_2024-12-18_12-58-24.jpg,dataset_top12\pedestrian crossing\opened\photo_11_2024-12-18_12-58-24.jpg
453,0,pedestrian crossing,opened,960,1280,photo_51_2024-12-19_00-10-31.jpg,dataset_top12\pedestrian crossing\opened\photo_51_2024-12-19_00-10-31.jpg
2280,1,give way,opened,960,1280,photo_58_2024-12-09_12-46-32.jpg,dataset_top12\give way\opened\photo_58_2024-12-09_12-46-32.jpg
3356,3,no stopping,closed,1280,812,photo_98_2024-12-05_22-23-25.jpg,dataset_top12\no stopping\closed\photo_98_2024-12-05_22-23-25.jpg
4113,6,left,opened,437,437,photo_6_2024-12-19_02-04-54.jpg,dataset_top12\left\opened\photo_6_2024-12-19_02-04-54.jpg
1045,0,pedestrian crossing,closed,960,1280,photo_14_2024-10-29_09-54-21.jpg,dataset_top12\pedestrian crossing\closed\photo_14_2024-10-29_09-54-21.jpg
4257,7,stop line,opened,766,701,photo_46_2024-12-18_13-00-25.jpg,dataset_top12\stop line\opened\photo_46_2024-12-18_13-00-25.jpg
2766,2,tow truck,opened,827,774,photo_25_2024-12-18_02-17-59.jpg,dataset_top12\tow truck\opened\photo_25_2024-12-18_02-17-59.jpg
3002,2,tow truck,closed,357,268,photo_49_2024-12-07_12-46-04.jpg,dataset_top12\tow truck\closed\photo_49_2024-12-07_12-46-04.jpg
2120,0,pedestrian crossing,closed,960,1280,photo_97_2024-12-07_12-48-37.jpg,dataset_top12\pedestrian crossing\closed\photo_97_2024-12-07_12-48-37.jpg
4408,8,right,opened,550,616,IMG_0769.JPG,dataset_top12\right\opened\IMG_0769.JPG
4001,6,left,opened,101,101,photo_14_2024-04-25_12-41-12.jpg,dataset_top12\left\opened\photo_14_2024-04-25_12-41-12.jpg
5010,10,bus stop,closed,912,1240,photo_92_2024-12-06_22-25-52.jpg,dataset_top12\bus stop\closed\photo_92_2024-12-06_22-25-52.jpg
3712,5,maximum speed limit_40,opened,487,504,photo_32_2024-12-18_02-13-44.jpg,dataset_top12\maximum speed limit_40\opened\photo_32_2024-12-18_02-13-44.jpg
2842,2,tow truck,opened,477,511,photo_47_2024-12-19_02-00-53.jpg,dataset_top12\tow truck\opened\photo_47_2024-12-19_02-00-53.jpg
626,0,pedestrian crossing,opened,960,1280,photo_70_2024-12-18_12-58-24.jpg,dataset_top12\pedestrian crossing\opened\photo_70_2024-12-18_12-58-24.jpg
4234,7,stop line,opened,731,737,photo_38_2024-12-18_02-28-33.jpg,dataset_top12\stop line\opened\photo_38_2024-12-18_02-28-33.jpg
2310,1,give way,opened,399,360,photo_72_2024-12-18_02-25-50.jpg,dataset_top12\give way\opened\photo_72_2024-12-18_02-25-50.jpg
2641,1,give way,closed,960,1280,photo_65_2024-12-06_22-24-57.jpg,dataset_top12\give way\closed\photo_65_2024-12-06_22-24-57.jpg
4193,7,stop line,opened,586,548,photo_2024-12-18_02-09-28.jpg,dataset_top12\stop line\opened\photo_2024-12-18_02-09-28.jpg
4102,6,left,opened,429,583,photo_59_2024-12-19_02-00-05.jpg,dataset_top12\left\opened\photo_59_2024-12-19_02-00-05.jpg
2883,2,tow truck,opened,912,847,photo_63_2024-12-18_02-27-08.jpg,dataset_top12\tow truck\opened\photo_63_2024-12-18_02-27-08.jpg
4183,7,stop line,opened,833,1153,photo_13_2024-12-18_02-11-31.jpg,dataset_top12\stop line\opened\photo_13_2024-12-18_02-11-31.jpg
1934,0,pedestrian crossing,closed,960,1280,photo_78_2024-12-05_22-23-10.jpg,dataset_top12\pedestrian crossing\closed\photo_78_2024-12-05_22-23-10.jpg
2737,2,tow truck,opened,412,412,photo_18_2024-12-19_02-00-53.jpg,dataset_top12\tow truck\opened\photo_18_2024-12-19_02-00-53.jpg
2543,1,give way,closed,960,1280,photo_44_2024-12-07_12-49-18.jpg,dataset_top12\give way\closed\photo_44_2024-12-07_12-49-18.jpg
1737,0,pedestrian crossing,closed,960,1280,photo_59_2024-12-07_12-48-37.jpg,dataset_top12\pedestrian crossing\closed\photo_59_2024-12-07_12-48-37.jpg
3554,4,parking place,opened,960,1280,photo_69_2024-12-19_01-59-18.jpg,dataset_top12\parking place\opened\photo_69_2024-12-19_01-59-18.jpg
4725,9,straight,opened,144,151,photo_2_2024-04-25_12-43-13_straight_9.jpg,dataset_top12\straight\opened\photo_2_2024-04-25_12-43-13_straight_9.jpg
459,0,pedestrian crossing,opened,960,1280,photo_52_2024-12-18_02-28-33.jpg,dataset_top12\pedestrian crossing\opened\photo_52_2024-12-18_02-28-33.jpg
2184,1,give way,opened,960,1280,photo_20_2024-12-18_13-01-24.jpg,dataset_top12\give way\opened\photo_20_2024-12-18_13-01-24.jpg
2395,1,give way,closed,4640,3472,IMG_20241017_160731.jpg,dataset_top12\give way\closed\IMG_20241017_160731.jpg
2871,2,tow truck,opened,804,710,photo_58_2024-12-18_02-17-59.jpg,dataset_top12\tow truck\opened\photo_58_2024-12-18_02-17-59.jpg
2888,2,tow truck,opened,661,602,photo_64_2024-12-18_13-04-36.jpg,dataset_top12\tow truck\opened\photo_64_2024-12-18_13-04-36.jpg
2296,1,give way,opened,539,571,photo_66_2024-12-19_02-00-53.jpg,dataset_top12\give way\opened\photo_66_2024-12-19_02-00-53.jpg
507,0,pedestrian crossing,opened,960,1280,photo_58_2024-12-19_00-10-31.jpg,dataset_top12\pedestrian crossing\opened\photo_58_2024-12-19_00-10-31.jpg
4141,6,left,closed,1244,1372,IMG_20241017_183715_88.jpg,dataset_top12\left\closed\IMG_20241017_183715_88.jpg
3394,4,parking place,opened,960,1280,photo_19_2024-12-19_02-00-05.jpg,dataset_top12\parking place\opened\photo_19_2024-12-19_02-00-05.jpg
3634,4,parking place,opened,960,1280,photo_9_2024-12-18_13-05-57.jpg,dataset_top12\parking place\opened\photo_9_2024-12-18_13-05-57.jpg
3030,2,tow truck,closed,1107,532,photo_87_2024-12-07_12-46-52.jpg,dataset_top12\tow truck\closed\photo_87_2024-12-07_12-46-52.jpg
3679,5,maximum speed limit_40,opened,960,1280,photo_13_2024-12-18_02-28-33.jpg,dataset_top12\maximum speed limit_40\opened\photo_13_2024-12-18_02-28-33.jpg
1167,0,pedestrian crossing,closed,960,1280,photo_27_2024-10-29_09-54-21.jpg,dataset_top12\pedestrian crossing\closed\photo_27_2024-10-29_09-54-21.jpg
4716,9,straight,opened,454,450,photo_27_2024-04-25_12-43-13.jpg,dataset_top12\straight\opened\photo_27_2024-04-25_12-43-13.jpg
2598,1,give way,closed,720,1280,photo_5278624148517676676_y.jpg,dataset_top12\give way\closed\photo_5278624148517676676_y.jpg
2306,1,give way,opened,590,569,photo_70_2024-12-19_02-00-53.jpg,dataset_top12\give way\opened\photo_70_2024-12-19_02-00-53.jpg
3830,5,maximum speed limit_40,opened,654,665,photo_90_2024-12-19_02-00-53.jpg,dataset_top12\maximum speed limit_40\opened\photo_90_2024-12-19_02-00-53.jpg
3083,3,no stopping,opened,622,581,photo_27_2024-12-19_02-03-02.jpg,dataset_top12\no stopping\opened\photo_27_2024-12-19_02-03-02.jpg
956,0,pedestrian crossing,closed,4640,3472,IMG_20241029_174210.jpg,dataset_top12\pedestrian crossing\closed\IMG_20241029_174210.jpg
2866,2,tow truck,opened,627,630,photo_57_2024-12-09_12-49-48.jpg,dataset_top12\tow truck\opened\photo_57_2024-12-09_12-49-48.jpg
2995,2,tow truck,closed,1235,740,photo_33_2024-12-07_12-46-04.jpg,dataset_top12\tow truck\closed\photo_33_2024-12-07_12-46-04.jpg
1193,0,pedestrian crossing,closed,960,1280,photo_2_2024-10-29_09-53-51.jpg,dataset_top12\pedestrian crossing\closed\photo_2_2024-10-29_09-53-51.jpg
3994,6,left,opened,302,348,photo_12_2024-04-25_12-43-13.jpg,dataset_top12\left\opened\photo_12_2024-04-25_12-43-13.jpg
4546,8,right,opened,367,350,photo_40_2024-04-25_12-20-30.jpg,dataset_top12\right\opened\photo_40_2024-04-25_12-20-30.jpg
2055,0,pedestrian crossing,closed,960,1280,photo_8_2024-10-29_09-53-08.jpg,dataset_top12\pedestrian crossing\closed\photo_8_2024-10-29_09-53-08.jpg
414,0,pedestrian crossing,opened,960,1280,photo_47_2024-12-19_02-04-55.jpg,dataset_top12\pedestrian crossing\opened\photo_47_2024-12-19_02-04-55.jpg
609,0,pedestrian crossing,opened,960,1280,photo_69_2024-12-18_13-05-57.jpg,dataset_top12\pedestrian crossing\opened\photo_69_2024-12-18_13-05-57.jpg
731,0,pedestrian crossing,opened,960,1280,photo_81_2024-12-18_13-06-32.jpg,dataset_top12\pedestrian crossing\opened\photo_81_2024-12-18_13-06-32.jpg
4372,7,stop line,closed,960,1280,photo_5278624148517676415_y.jpg,dataset_top12\stop line\closed\photo_5278624148517676415_y.jpg
4964,10,bus stop,closed,1237,1280,photo_47_2024-12-07_12-46-04.jpg,dataset_top12\bus stop\closed\photo_47_2024-12-07_12-46-04.jpg
330,0,pedestrian crossing,opened,960,1280,photo_38_2024-12-18_02-17-32.jpg,dataset_top12\pedestrian crossing\opened\photo_38_2024-12-18_02-17-32.jpg
3079,3,no stopping,opened,917,910,photo_25_2024-12-18_02-36-53.jpg,dataset_top12\no stopping\opened\photo_25_2024-12-18_02-36-53.jpg
3675,5,maximum speed limit_40,opened,560,516,photo_12_2024-12-19_02-03-02.jpg,dataset_top12\maximum speed limit_40\opened\photo_12_2024-12-19_02-03-02.jpg
782,0,pedestrian crossing,opened,960,1280,photo_88_2024-12-18_13-05-57.jpg,dataset_top12\pedestrian crossing\opened\photo_88_2024-12-18_13-05-57.jpg
871,0,pedestrian crossing,opened,960,1280,photo_98_2024-12-18_02-17-32.jpg,dataset_top12\pedestrian crossing\opened\photo_98_2024-12-18_02-17-32.jpg
3189,3,no stopping,opened,960,1280,photo_8_2024-12-18_13-00-25.jpg,dataset_top12\no stopping\opened\photo_8_2024-12-18_13-00-25.jpg
4680,9,straight,opened,322,373,photo_12_2024-04-25_12-43-13.jpg,dataset_top12\straight\opened\photo_12_2024-04-25_12-43-13.jpg
3504,4,parking place,opened,960,1280,photo_53_2024-12-18_13-00-25.jpg,dataset_top12\parking place\opened\photo_53_2024-12-18_13-00-25.jpg
460,0,pedestrian crossing,opened,960,1280,photo_52_2024-12-18_02-29-08.jpg,dataset_top12\pedestrian crossing\opened\photo_52_2024-12-18_02-29-08.jpg
406,0,pedestrian crossing,opened,960,1280,photo_46_2024-12-18_13-06-32.jpg,dataset_top12\pedestrian crossing\opened\photo_46_2024-12-18_13-06-32.jpg
4325,7,stop line,opened,784,800,photo_96_2024-12-18_02-25-50.jpg,dataset_top12\stop line\opened\photo_96_2024-12-18_02-25-50.jpg
4154,6,left,closed,358,350,photo_22_2024-11-28_18-31-49.jpg,dataset_top12\left\closed\photo_22_2024-11-28_18-31-49.jpg
2693,1,give way,closed,960,1280,photo_91_2024-12-06_22-24-22.jpg,dataset_top12\give way\closed\photo_91_2024-12-06_22-24-22.jpg
3423,4,parking place,opened,960,1280,photo_25_2024-12-18_13-05-57.jpg,dataset_top12\parking place\opened\photo_25_2024-12-18_13-05-57.jpg
753,0,pedestrian crossing,opened,960,1280,photo_84_2024-12-18_12-58-24.jpg,dataset_top12\pedestrian crossing\opened\photo_84_2024-12-18_12-58-24.jpg
5061,11,no entry,opened,960,1280,photo_38_2024-12-18_02-27-47.jpg,dataset_top12\no entry\opened\photo_38_2024-12-18_02-27-47.jpg
2621,1,give way,closed,511,513,photo_57_2024-12-07_12-51-07.jpg,dataset_top12\give way\closed\photo_57_2024-12-07_12-51-07.jpg
3441,4,parking place,opened,960,1280,photo_30_2024-12-18_13-06-32.jpg,dataset_top12\parking place\opened\photo_30_2024-12-18_13-06-32.jpg
1746,0,pedestrian crossing,closed,960,1280,photo_5_2024-12-06_22-24-57.jpg,dataset_top12\pedestrian crossing\closed\photo_5_2024-12-06_22-24-57.jpg
2589,1,give way,closed,459,491,photo_5278624148517676659_y.jpg,dataset_top12\give way\closed\photo_5278624148517676659_y.jpg
3740,5,maximum speed limit_40,opened,707,666,photo_46_2024-12-18_02-29-08.jpg,dataset_top12\maximum speed limit_40\opened\photo_46_2024-12-18_02-29-08.jpg
5103,11,no entry,opened,960,1280,photo_58_2024-12-18_02-27-47.jpg,dataset_top12\no entry\opened\photo_58_2024-12-18_02-27-47.jpg
1103,0,pedestrian crossing,closed,960,1280,photo_20_2024-12-06_22-24-57.jpg,dataset_top12\pedestrian crossing\closed\photo_20_2024-12-06_22-24-57.jpg
5141,11,no entry,opened,960,1280,photo_86_2024-12-18_13-06-32.jpg,dataset_top12\no entry\opened\photo_86_2024-12-18_13-06-32.jpg
2523,1,give way,closed,960,1280,photo_38_2024-12-06_22-24-22.jpg,dataset_top12\give way\closed\photo_38_2024-12-06_22-24-22.jpg
735,0,pedestrian crossing,opened,810,1080,photo_82_2024-12-18_02-27-08.jpg,dataset_top12\pedestrian crossing\opened\photo_82_2024-12-18_02-27-08.jpg
4934,10,bus stop,closed,960,1280,photo_35_2024-12-06_22-23-51.jpg,dataset_top12\bus stop\closed\photo_35_2024-12-06_22-23-51.jpg
2426,1,give way,closed,4640,3472,IMG_20241029_175209.jpg,dataset_top12\give way\closed\IMG_20241029_175209.jpg
974,0,pedestrian crossing,closed,4640,3472,IMG_20241029_174858.jpg,dataset_top12\pedestrian crossing\closed\IMG_20241029_174858.jpg
847,0,pedestrian crossing,opened,960,1280,photo_95_2024-12-18_02-36-53.jpg,dataset_top12\pedestrian crossing\opened\photo_95_2024-12-18_02-36-53.jpg
1438,0,pedestrian crossing,closed,960,1280,photo_5278624148517676312_y.jpg,dataset_top12\pedestrian crossing\closed\photo_5278624148517676312_y.jpg
4845,10,bus stop,opened,960,1280,photo_35_2024-12-18_02-28-33.jpg,dataset_top12\bus stop\opened\photo_35_2024-12-18_02-28-33.jpg
3097,3,no stopping,opened,596,564,photo_38_2024-12-19_02-03-02.jpg,dataset_top12\no stopping\opened\photo_38_2024-12-19_02-03-02.jpg
1376,0,pedestrian crossing,closed,960,1280,photo_47_2024-12-07_12-47-32.jpg,dataset_top12\pedestrian crossing\closed\photo_47_2024-12-07_12-47-32.jpg
4217,7,stop line,opened,960,933,photo_29_2024-12-18_13-06-32.jpg,dataset_top12\stop line\opened\photo_29_2024-12-18_13-06-32.jpg
2057,0,pedestrian crossing,closed,960,1280,photo_8_2024-10-29_09-54-21.jpg,dataset_top12\pedestrian crossing\closed\photo_8_2024-10-29_09-54-21.jpg
4678,9,straight,opened,259,307,photo_12_2024-04-25_12-41-12.jpg,dataset_top12\straight\opened\photo_12_2024-04-25_12-41-12.jpg
3186,3,no stopping,opened,960,1280,photo_88_2024-12-18_02-28-33.jpg,dataset_top12\no stopping\opened\photo_88_2024-12-18_02-28-33.jpg
4474,8,right,opened,312,307,photo_19_2024-04-25_12-43-13.jpg,dataset_top12\right\opened\photo_19_2024-04-25_12-43-13.jpg
3537,4,parking place,opened,960,1280,photo_62_2024-12-19_01-59-18.jpg,dataset_top12\parking place\opened\photo_62_2024-12-19_01-59-18.jpg
2966,2,tow truck,closed,2312,2230,20241102_114923.jpg,dataset_top12\tow truck\closed\20241102_114923.jpg
3093,3,no stopping,opened,960,1280,photo_32_2024-12-18_13-00-25.jpg,dataset_top12\no stopping\opened\photo_32_2024-12-18_13-00-25.jpg
1936,0,pedestrian crossing,closed,1177,1280,photo_78_2024-12-07_12-46-52.jpg,dataset_top12\pedestrian crossing\closed\photo_78_2024-12-07_12-46-52.jpg
4417,8,right,opened,897,1288,IMG_0779.JPG,dataset_top12\right\opened\IMG_0779.JPG
3007,2,tow truck,closed,242,147,photo_62_2024-12-06_22-25-52.jpg,dataset_top12\tow truck\closed\photo_62_2024-12-06_22-25-52.jpg
2183,1,give way,opened,960,1280,photo_20_2024-12-18_02-29-08.jpg,dataset_top12\give way\opened\photo_20_2024-12-18_02-29-08.jpg
3057,3,no stopping,opened,960,1280,photo_14_2024-12-18_02-19-40.jpg,dataset_top12\no stopping\opened\photo_14_2024-12-18_02-19-40.jpg
103,0,pedestrian crossing,opened,960,1280,photo_18_2024-12-09_12-49-48.jpg,dataset_top12\pedestrian crossing\opened\photo_18_2024-12-09_12-49-48.jpg
2326,1,give way,opened,504,508,photo_79_2024-12-09_12-46-32.jpg,dataset_top12\give way\opened\photo_79_2024-12-09_12-46-32.jpg
3060,3,no stopping,opened,524,502,photo_15_2024-12-19_01-58-39.jpg,dataset_top12\no stopping\opened\photo_15_2024-12-19_01-58-39.jpg
4105,6,left,opened,441,454,photo_5_2024-12-19_02-04-54.jpg,dataset_top12\left\opened\photo_5_2024-12-19_02-04-54.jpg
1663,0,pedestrian crossing,closed,720,1280,photo_5278624148517676787_y.jpg,dataset_top12\pedestrian crossing\closed\photo_5278624148517676787_y.jpg
1350,0,pedestrian crossing,closed,960,1280,photo_44_2024-12-07_12-48-02.jpg,dataset_top12\pedestrian crossing\closed\photo_44_2024-12-07_12-48-02.jpg
4354,7,stop line,closed,602,620,photo_37_2024-12-06_22-24-57.jpg,dataset_top12\stop line\closed\photo_37_2024-12-06_22-24-57.jpg
307,0,pedestrian crossing,opened,960,1280,photo_36_2024-12-18_02-17-32.jpg,dataset_top12\pedestrian crossing\opened\photo_36_2024-12-18_02-17-32.jpg
1186,0,pedestrian crossing,closed,960,1280,photo_29_2024-10-29_09-53-51.jpg,dataset_top12\pedestrian crossing\closed\photo_29_2024-10-29_09-53-51.jpg
248,0,pedestrian crossing,opened,960,1280,photo_2_2024-12-19_00-10-31.jpg,dataset_top12\pedestrian crossing\opened\photo_2_2024-12-19_00-10-31.jpg
924,0,pedestrian crossing,closed,4640,3472,IMG_20241017_162232.jpg,dataset_top12\pedestrian crossing\closed\IMG_20241017_162232.jpg
4416,8,right,opened,693,901,IMG_0778.JPG,dataset_top12\right\opened\IMG_0778.JPG
1645,0,pedestrian crossing,closed,720,1280,photo_5278624148517676766_y.jpg,dataset_top12\pedestrian crossing\closed\photo_5278624148517676766_y.jpg
2733,2,tow truck,opened,694,662,photo_17_2024-12-19_02-00-05.jpg,dataset_top12\tow truck\opened\photo_17_2024-12-19_02-00-05.jpg
3018,2,tow truck,closed,984,476,photo_76_2024-12-07_12-46-52.jpg,dataset_top12\tow truck\closed\photo_76_2024-12-07_12-46-52.jpg
838,0,pedestrian crossing,opened,960,1280,photo_94_2024-12-09_12-46-33.jpg,dataset_top12\pedestrian crossing\opened\photo_94_2024-12-09_12-46-33.jpg
1925,0,pedestrian crossing,closed,952,1280,photo_77_2024-12-07_12-46-52.jpg,dataset_top12\pedestrian crossing\closed\photo_77_2024-12-07_12-46-52.jpg
2816,2,tow truck,opened,754,699,photo_39_2024-12-19_02-00-53.jpg,dataset_top12\tow truck\opened\photo_39_2024-12-19_02-00-53.jpg
1964,0,pedestrian crossing,closed,1131,1280,photo_80_2024-12-07_12-46-52.jpg,dataset_top12\pedestrian crossing\closed\photo_80_2024-12-07_12-46-52.jpg
2383,1,give way,opened,960,1280,photo_99_2024-12-19_02-00-53.jpg,dataset_top12\give way\opened\photo_99_2024-12-19_02-00-53.jpg
3512,4,parking place,opened,960,1280,photo_57_2024-12-18_02-17-32.jpg,dataset_top12\parking place\opened\photo_57_2024-12-18_02-17-32.jpg
3232,3,no stopping,closed,1910,1990,20241102_120917.jpg,dataset_top12\no stopping\closed\20241102_120917.jpg
2399,1,give way,closed,4640,3472,IMG_20241017_161104.jpg,dataset_top12\give way\closed\IMG_20241017_161104.jpg
381,0,pedestrian crossing,opened,960,1280,photo_41_2024-12-19_00-10-31.jpg,dataset_top12\pedestrian crossing\opened\photo_41_2024-12-19_00-10-31.jpg
1818,0,pedestrian crossing,closed,960,1280,photo_67_2024-12-05_22-22-53.jpg,dataset_top12\pedestrian crossing\closed\photo_67_2024-12-05_22-22-53.jpg
785,0,pedestrian crossing,opened,960,1280,photo_89_2024-12-09_12-46-01.jpg,dataset_top12\pedestrian crossing\opened\photo_89_2024-12-09_12-46-01.jpg
985,0,pedestrian crossing,closed,4640,3472,IMG_20241029_175753.jpg,dataset_top12\pedestrian crossing\closed\IMG_20241029_175753.jpg
4802,9,straight,opened,440,451,photo_84_2024-04-25_12-41-13.jpg,dataset_top12\straight\opened\photo_84_2024-04-25_12-41-13.jpg
4621,8,right,opened,559,534,photo_95_2024-12-19_02-00-53.jpg,dataset_top12\right\opened\photo_95_2024-12-19_02-00-53.jpg
4272,7,stop line,opened,720,1280,photo_5278624148517676544_y.jpg,dataset_top12\stop line\opened\photo_5278624148517676544_y.jpg
5105,11,no entry,opened,960,1280,photo_58_2024-12-18_13-05-23.jpg,dataset_top12\no entry\opened\photo_58_2024-12-18_13-05-23.jpg
3450,4,parking place,opened,960,1280,photo_35_2024-12-18_02-17-32.jpg,dataset_top12\parking place\opened\photo_35_2024-12-18_02-17-32.jpg
4084,6,left,opened,149,154,photo_47_2024-04-25_12-41-12_0.jpg,dataset_top12\left\opened\photo_47_2024-04-25_12-41-12_0.jpg
318,0,pedestrian crossing,opened,960,1280,photo_37_2024-12-09_12-46-32.jpg,dataset_top12\pedestrian crossing\opened\photo_37_2024-12-09_12-46-32.jpg
1465,0,pedestrian crossing,closed,960,1280,photo_5278624148517676344_y.jpg,dataset_top12\pedestrian crossing\closed\photo_5278624148517676344_y.jpg
2116,0,pedestrian crossing,closed,960,1280,photo_97_2024-12-05_22-23-10.jpg,dataset_top12\pedestrian crossing\closed\photo_97_2024-12-05_22-23-10.jpg
1309,0,pedestrian crossing,closed,960,1280,photo_40_2024-12-06_22-23-51.jpg,dataset_top12\pedestrian crossing\closed\photo_40_2024-12-06_22-23-51.jpg
3760,5,maximum speed limit_40,opened,787,748,photo_51_2024-12-19_01-58-39.jpg,dataset_top12\maximum speed limit_40\opened\photo_51_2024-12-19_01-58-39.jpg
373,0,pedestrian crossing,opened,960,1280,photo_40_2024-12-19_02-04-55.jpg,dataset_top12\pedestrian crossing\opened\photo_40_2024-12-19_02-04-55.jpg
1313,0,pedestrian crossing,closed,960,1280,photo_40_2024-12-07_12-49-18.jpg,dataset_top12\pedestrian crossing\closed\photo_40_2024-12-07_12-49-18.jpg
2779,2,tow truck,opened,778,761,photo_29_2024-12-19_02-00-05.jpg,dataset_top12\tow truck\opened\photo_29_2024-12-19_02-00-05.jpg
1884,0,pedestrian crossing,closed,960,1280,photo_73_2024-12-05_22-23-25.jpg,dataset_top12\pedestrian crossing\closed\photo_73_2024-12-05_22-23-25.jpg
4924,10,bus stop,closed,748,745,photo_30_2024-12-09_12-45-24.jpg,dataset_top12\bus stop\closed\photo_30_2024-12-09_12-45-24.jpg
4380,7,stop line,closed,720,1280,photo_5282859763660611959_y.jpg,dataset_top12\stop line\closed\photo_5282859763660611959_y.jpg
5163,11,no entry,opened,960,1280,photo_99_2024-12-18_02-17-59.jpg,dataset_top12\no entry\opened\photo_99_2024-12-18_02-17-59.jpg
4562,8,right,opened,548,527,photo_4_2024-12-19_02-04-54.jpg,dataset_top12\right\opened\photo_4_2024-12-19_02-04-54.jpg
4209,7,stop line,opened,662,709,photo_27_2024-12-18_02-10-22.jpg,dataset_top12\stop line\opened\photo_27_2024-12-18_02-10-22.jpg
2539,1,give way,closed,1280,795,photo_43_2024-12-05_22-22-53.jpg,dataset_top12\give way\closed\photo_43_2024-12-05_22-22-53.jpg
4605,8,right,opened,154,153,photo_7_2024-04-25_12-43-13_8.jpg,dataset_top12\right\opened\photo_7_2024-04-25_12-43-13_8.jpg
3127,3,no stopping,opened,960,1280,photo_5_2024-12-18_02-19-40.jpg,dataset_top12\no stopping\opened\photo_5_2024-12-18_02-19-40.jpg
3684,5,maximum speed limit_40,opened,567,541,photo_15_2024-12-19_02-03-02.jpg,dataset_top12\maximum speed limit_40\opened\photo_15_2024-12-19_02-03-02.jpg
3733,5,maximum speed limit_40,opened,610,627,photo_43_2024-12-18_02-22-06.jpg,dataset_top12\maximum speed limit_40\opened\photo_43_2024-12-18_02-22-06.jpg
4198,7,stop line,opened,659,678,photo_21_2024-12-18_13-01-24.jpg,dataset_top12\stop line\opened\photo_21_2024-12-18_13-01-24.jpg
1344,0,pedestrian crossing,closed,960,1280,photo_43_2024-12-09_12-49-48.jpg,dataset_top12\pedestrian crossing\closed\photo_43_2024-12-09_12-49-48.jpg
2688,1,give way,closed,1280,621,photo_90_2024-12-05_22-23-25.jpg,dataset_top12\give way\closed\photo_90_2024-12-05_22-23-25.jpg
4472,8,right,opened,91,112,photo_19_2024-04-25_12-41-12_4.jpg,dataset_top12\right\opened\photo_19_2024-04-25_12-41-12_4.jpg
922,0,pedestrian crossing,closed,4624,3468,20241102_123625.jpg,dataset_top12\pedestrian crossing\closed\20241102_123625.jpg
1713,0,pedestrian crossing,closed,960,1280,photo_57_2024-10-29_09-54-21.jpg,dataset_top12\pedestrian crossing\closed\photo_57_2024-10-29_09-54-21.jpg
4907,10,bus stop,closed,960,1280,photo_21_2024-12-09_12-45-24.jpg,dataset_top12\bus stop\closed\photo_21_2024-12-09_12-45-24.jpg
4538,8,right,opened,282,289,photo_3_2024-04-25_12-20-30.jpg,dataset_top12\right\opened\photo_3_2024-04-25_12-20-30.jpg
4103,6,left,opened,505,517,photo_5_2024-04-25_12-20-30_l.jpg,dataset_top12\left\opened\photo_5_2024-04-25_12-20-30_l.jpg
2151,1,give way,opened,960,1280,photo_14_2024-12-09_12-46-32.jpg,dataset_top12\give way\opened\photo_14_2024-12-09_12-46-32.jpg
1379,0,pedestrian crossing,closed,1280,1055,photo_47_2024-12-07_12-49-18.jpg,dataset_top12\pedestrian crossing\closed\photo_47_2024-12-07_12-49-18.jpg
2599,1,give way,closed,606,709,photo_5278624148517676677_y.jpg,dataset_top12\give way\closed\photo_5278624148517676677_y.jpg
2457,1,give way,closed,960,1280,photo_14_2024-12-07_12-47-32.jpg,dataset_top12\give way\closed\photo_14_2024-12-07_12-47-32.jpg
452,0,pedestrian crossing,opened,960,1280,photo_51_2024-12-18_13-03-52.jpg,dataset_top12\pedestrian crossing\opened\photo_51_2024-12-18_13-03-52.jpg
3410,4,parking place,opened,960,1280,photo_22_2024-12-19_02-00-05.jpg,dataset_top12\parking place\opened\photo_22_2024-12-19_02-00-05.jpg
2981,2,tow truck,closed,1340,1276,IMG_20241017_161341.jpg,dataset_top12\tow truck\closed\IMG_20241017_161341.jpg
3332,3,no stopping,closed,533,531,photo_86_2024-12-09_12-45-24_1.jpg,dataset_top12\no stopping\closed\photo_86_2024-12-09_12-45-24_1.jpg
5067,11,no entry,opened,960,1280,photo_40_2024-12-18_02-17-59.jpg,dataset_top12\no entry\opened\photo_40_2024-12-18_02-17-59.jpg
918,0,pedestrian crossing,closed,4624,3468,20241102_123312.jpg,dataset_top12\pedestrian crossing\closed\20241102_123312.jpg
461,0,pedestrian crossing,opened,960,1280,photo_52_2024-12-18_02-33-06.jpg,dataset_top12\pedestrian crossing\opened\photo_52_2024-12-18_02-33-06.jpg
5020,11,no entry,opened,960,1280,photo_13_2024-12-18_13-05-23.jpg,dataset_top12\no entry\opened\photo_13_2024-12-18_13-05-23.jpg
4196,7,stop line,opened,830,831,photo_20_2024-12-18_13-02-03.jpg,dataset_top12\stop line\opened\photo_20_2024-12-18_13-02-03.jpg
1646,0,pedestrian crossing,closed,720,1280,photo_5278624148517676767_y.jpg,dataset_top12\pedestrian crossing\closed\photo_5278624148517676767_y.jpg
3988,6,left,opened,197,234,photo_11_2024-04-25_12-20-30_8.jpg,dataset_top12\left\opened\photo_11_2024-04-25_12-20-30_8.jpg
631,0,pedestrian crossing,opened,557,555,photo_71_2024-12-09_12-46-32.jpg,dataset_top12\pedestrian crossing\opened\photo_71_2024-12-09_12-46-32.jpg
745,0,pedestrian crossing,opened,960,1280,photo_83_2024-12-18_02-36-53.jpg,dataset_top12\pedestrian crossing\opened\photo_83_2024-12-18_02-36-53.jpg
3900,5,maximum speed limit_40,closed,1280,1114,photo_60_2024-12-05_22-23-10.jpg,dataset_top12\maximum speed limit_40\closed\photo_60_2024-12-05_22-23-10.jpg
4951,10,bus stop,closed,960,1280,photo_42_2024-12-09_12-45-24.jpg,dataset_top12\bus stop\closed\photo_42_2024-12-09_12-45-24.jpg
920,0,pedestrian crossing,closed,4624,3468,20241102_123426.jpg,dataset_top12\pedestrian crossing\closed\20241102_123426.jpg
2164,1,give way,opened,960,1280,photo_16_2024-12-18_13-01-24.jpg,dataset_top12\give way\opened\photo_16_2024-12-18_13-01-24.jpg
4439,8,right,opened,724,804,IMG_0836.JPG,dataset_top12\right\opened\IMG_0836.JPG
1605,0,pedestrian crossing,closed,720,1280,photo_5278624148517676721_y.jpg,dataset_top12\pedestrian crossing\closed\photo_5278624148517676721_y.jpg
2178,1,give way,opened,960,1280,photo_19_2024-12-18_13-01-24.jpg,dataset_top12\give way\opened\photo_19_2024-12-18_13-01-24.jpg
2166,1,give way,opened,960,1280,photo_17_2024-12-07_12-47-32.jpg,dataset_top12\give way\opened\photo_17_2024-12-07_12-47-32.jpg
2427,1,give way,closed,4640,3472,IMG_20241029_175724.jpg,dataset_top12\give way\closed\IMG_20241029_175724.jpg
3240,3,no stopping,closed,2382,2329,IMG_20241017_161901_1.jpg,dataset_top12\no stopping\closed\IMG_20241017_161901_1.jpg
4886,10,bus stop,closed,4640,3472,IMG_20241021_174525.jpg,dataset_top12\bus stop\closed\IMG_20241021_174525.jpg
1160,0,pedestrian crossing,closed,960,1280,photo_26_2024-12-06_22-23-51.jpg,dataset_top12\pedestrian crossing\closed\photo_26_2024-12-06_22-23-51.jpg
2594,1,give way,closed,720,1280,photo_5278624148517676667_y.jpg,dataset_top12\give way\closed\photo_5278624148517676667_y.jpg
996,0,pedestrian crossing,closed,4640,3472,IMG_20241029_180612.jpg,dataset_top12\pedestrian crossing\closed\IMG_20241029_180612.jpg
3754,5,maximum speed limit_40,opened,350,326,photo_4_2024-12-19_02-03-02.jpg,dataset_top12\maximum speed limit_40\opened\photo_4_2024-12-19_02-03-02.jpg
4593,8,right,opened,411,413,photo_75_2024-12-09_12-49-48.jpg,dataset_top12\right\opened\photo_75_2024-12-09_12-49-48.jpg
4745,9,straight,opened,248,248,photo_44_2024-12-01_22-45-02.jpg,dataset_top12\straight\opened\photo_44_2024-12-01_22-45-02.jpg
1070,0,pedestrian crossing,closed,960,1280,photo_17_2024-12-06_22-23-51.jpg,dataset_top12\pedestrian crossing\closed\photo_17_2024-12-06_22-23-51.jpg
1560,0,pedestrian crossing,closed,649,725,photo_5278624148517676611_y.jpg,dataset_top12\pedestrian crossing\closed\photo_5278624148517676611_y.jpg
504,0,pedestrian crossing,opened,960,1280,photo_58_2024-12-18_13-02-04.jpg,dataset_top12\pedestrian crossing\opened\photo_58_2024-12-18_13-02-04.jpg
1005,0,pedestrian crossing,closed,4640,3472,IMG_20241029_181929.jpg,dataset_top12\pedestrian crossing\closed\IMG_20241029_181929.jpg
4107,6,left,opened,218,213,photo_61_2024-04-25_12-41-12.jpg,dataset_top12\left\opened\photo_61_2024-04-25_12-41-12.jpg
845,0,pedestrian crossing,opened,960,1280,photo_94_2024-12-19_02-04-55.jpg,dataset_top12\pedestrian crossing\opened\photo_94_2024-12-19_02-04-55.jpg
3840,5,maximum speed limit_40,opened,810,790,photo_94_2024-12-19_00-10-31.jpg,dataset_top12\maximum speed limit_40\opened\photo_94_2024-12-19_00-10-31.jpg
719,0,pedestrian crossing,opened,960,1280,photo_80_2024-10-29_09-53-08.jpg,dataset_top12\pedestrian crossing\opened\photo_80_2024-10-29_09-53-08.jpg
1810,0,pedestrian crossing,closed,960,1280,photo_66_2024-12-07_12-48-02.jpg,dataset_top12\pedestrian crossing\closed\photo_66_2024-12-07_12-48-02.jpg
4532,8,right,opened,226,224,photo_37_2024-04-25_12-20-30.jpg,dataset_top12\right\opened\photo_37_2024-04-25_12-20-30.jpg
2029,0,pedestrian crossing,closed,960,1280,photo_87_2024-10-29_09-53-51.jpg,dataset_top12\pedestrian crossing\closed\photo_87_2024-10-29_09-53-51.jpg
3378,4,parking place,opened,960,1280,photo_16_2024-12-18_02-17-32.jpg,dataset_top12\parking place\opened\photo_16_2024-12-18_02-17-32.jpg
4921,10,bus stop,closed,960,1280,photo_29_2024-12-09_12-45-24.jpg,dataset_top12\bus stop\closed\photo_29_2024-12-09_12-45-24.jpg
396,0,pedestrian crossing,opened,960,1280,photo_44_2024-12-18_02-33-06.jpg,dataset_top12\pedestrian crossing\opened\photo_44_2024-12-18_02-33-06.jpg
275,0,pedestrian crossing,opened,710,654,photo_33_2024-12-18_02-29-08.jpg,dataset_top12\pedestrian crossing\opened\photo_33_2024-12-18_02-29-08.jpg
2488,1,give way,closed,1096,1280,photo_24_2024-12-07_12-47-32.jpg,dataset_top12\give way\closed\photo_24_2024-12-07_12-47-32.jpg
2358,1,give way,opened,960,1280,photo_8_2024-12-09_12-46-01.jpg,dataset_top12\give way\opened\photo_8_2024-12-09_12-46-01.jpg
2191,1,give way,opened,1271,1280,photo_23_2024-12-07_12-46-04.jpg,dataset_top12\give way\opened\photo_23_2024-12-07_12-46-04.jpg
3600,4,parking place,opened,960,1280,photo_87_2024-12-09_12-46-01.jpg,dataset_top12\parking place\opened\photo_87_2024-12-09_12-46-01.jpg
5108,11,no entry,opened,960,1280,photo_62_2024-12-18_13-00-25.jpg,dataset_top12\no entry\opened\photo_62_2024-12-18_13-00-25.jpg
1501,0,pedestrian crossing,closed,960,1280,photo_5278624148517676393_y.jpg,dataset_top12\pedestrian crossing\closed\photo_5278624148517676393_y.jpg
495,0,pedestrian crossing,opened,960,1280,photo_57_2024-12-18_13-03-52.jpg,dataset_top12\pedestrian crossing\opened\photo_57_2024-12-18_13-03-52.jpg
2086,0,pedestrian crossing,closed,960,1280,photo_92_2024-12-07_12-48-02.jpg,dataset_top12\pedestrian crossing\closed\photo_92_2024-12-07_12-48-02.jpg
4731,9,straight,opened,392,468,photo_39_2024-04-25_12-41-12.jpg,dataset_top12\straight\opened\photo_39_2024-04-25_12-41-12.jpg
3288,3,no stopping,closed,1280,1073,photo_57_2024-12-07_12-47-32.jpg,dataset_top12\no stopping\closed\photo_57_2024-12-07_12-47-32.jpg
2182,1,give way,opened,960,1280,photo_20_2024-12-18_02-10-22.jpg,dataset_top12\give way\opened\photo_20_2024-12-18_02-10-22.jpg
4244,7,stop line,opened,687,676,photo_42_2024-12-18_02-10-22.jpg,dataset_top12\stop line\opened\photo_42_2024-12-18_02-10-22.jpg
1102,0,pedestrian crossing,closed,960,1280,photo_20_2024-12-06_22-23-51.jpg,dataset_top12\pedestrian crossing\closed\photo_20_2024-12-06_22-23-51.jpg
2578,1,give way,closed,960,1280,photo_5278624148517676587_y.jpg,dataset_top12\give way\closed\photo_5278624148517676587_y.jpg
3761,5,maximum speed limit_40,opened,692,605,photo_51_2024-12-19_02-03-02.jpg,dataset_top12\maximum speed limit_40\opened\photo_51_2024-12-19_02-03-02.jpg
3501,4,parking place,opened,960,1280,photo_52_2024-12-18_13-06-32.jpg,dataset_top12\parking place\opened\photo_52_2024-12-18_13-06-32.jpg
4589,8,right,opened,139,165,photo_6_2024-04-25_12-43-13_8.jpg,dataset_top12\right\opened\photo_6_2024-04-25_12-43-13_8.jpg
1095,0,pedestrian crossing,closed,960,1280,photo_1_2024-12-09_12-45-24.jpg,dataset_top12\pedestrian crossing\closed\photo_1_2024-12-09_12-45-24.jpg
5023,11,no entry,opened,960,1280,photo_14_2024-12-18_13-05-23.jpg,dataset_top12\no entry\opened\photo_14_2024-12-18_13-05-23.jpg
3849,5,maximum speed limit_40,opened,648,659,photo_99_2024-12-18_13-01-24.jpg,dataset_top12\maximum speed limit_40\opened\photo_99_2024-12-18_13-01-24.jpg
2027,0,pedestrian crossing,closed,960,1280,photo_86_2024-12-18_02-36-53.jpg,dataset_top12\pedestrian crossing\closed\photo_86_2024-12-18_02-36-53.jpg
755,0,pedestrian crossing,opened,960,1280,photo_84_2024-12-18_13-06-32.jpg,dataset_top12\pedestrian crossing\opened\photo_84_2024-12-18_13-06-32.jpg
1444,0,pedestrian crossing,closed,960,1280,photo_5278624148517676314_y.jpg,dataset_top12\pedestrian crossing\closed\photo_5278624148517676314_y.jpg
1573,0,pedestrian crossing,closed,960,1280,photo_5278624148517676624_y.jpg,dataset_top12\pedestrian crossing\closed\photo_5278624148517676624_y.jpg
4468,8,right,opened,536,531,photo_17_2024-12-19_02-04-54.jpg,dataset_top12\right\opened\photo_17_2024-12-19_02-04-54.jpg
4712,9,straight,opened,557,555,photo_25_2024-12-09_12-49-48_2.jpg,dataset_top12\straight\opened\photo_25_2024-12-09_12-49-48_2.jpg
2836,2,tow truck,opened,548,552,photo_44_2024-12-19_02-00-53.jpg,dataset_top12\tow truck\opened\photo_44_2024-12-19_02-00-53.jpg
4776,9,straight,opened,192,202,photo_59_2024-04-25_12-41-12.jpg,dataset_top12\straight\opened\photo_59_2024-04-25_12-41-12.jpg
3929,6,left,opened,668,663,IMG_0760_1.JPG,dataset_top12\left\opened\IMG_0760_1.JPG
367,0,pedestrian crossing,opened,960,1280,photo_40_2024-12-18_13-00-25.jpg,dataset_top12\pedestrian crossing\opened\photo_40_2024-12-18_13-00-25.jpg
901,0,pedestrian crossing,closed,4624,3468,20241102_115435.jpg,dataset_top12\pedestrian crossing\closed\20241102_115435.jpg
1975,0,pedestrian crossing,closed,1240,1280,photo_81_2024-12-07_12-46-52.jpg,dataset_top12\pedestrian crossing\closed\photo_81_2024-12-07_12-46-52.jpg
1448,0,pedestrian crossing,closed,960,1280,photo_5278624148517676319_y (1).jpg,dataset_top12\pedestrian crossing\closed\photo_5278624148517676319_y (1).jpg
1011,0,pedestrian crossing,closed,4640,3472,IMG_20241029_182127.jpg,dataset_top12\pedestrian crossing\closed\IMG_20241029_182127.jpg
1931,0,pedestrian crossing,closed,960,1280,photo_78_2024-10-29_09-53-08.jpg,dataset_top12\pedestrian crossing\closed\photo_78_2024-10-29_09-53-08.jpg
1839,0,pedestrian crossing,closed,877,1280,photo_69_2024-12-07_12-46-52.jpg,dataset_top12\pedestrian crossing\closed\photo_69_2024-12-07_12-46-52.jpg
4854,10,bus stop,opened,960,1280,photo_51_2024-12-18_02-29-08.jpg,dataset_top12\bus stop\opened\photo_51_2024-12-18_02-29-08.jpg
3397,4,parking place,opened,960,1280,photo_1_2024-12-19_02-00-05.jpg,dataset_top12\parking place\opened\photo_1_2024-12-19_02-00-05.jpg
3353,3,no stopping,closed,574,576,photo_96_2024-12-09_12-45-24.jpg,dataset_top12\no stopping\closed\photo_96_2024-12-09_12-45-24.jpg
1514,0,pedestrian crossing,closed,960,1280,photo_5278624148517676413_y.jpg,dataset_top12\pedestrian crossing\closed\photo_5278624148517676413_y.jpg
415,0,pedestrian crossing,opened,960,1280,photo_48_2024-12-09_12-46-32.jpg,dataset_top12\pedestrian crossing\opened\photo_48_2024-12-09_12-46-32.jpg
2346,1,give way,opened,960,1200,photo_86_2024-12-18_13-05-23.jpg,dataset_top12\give way\opened\photo_86_2024-12-18_13-05-23.jpg
2813,2,tow truck,opened,440,416,photo_37_2024-12-19_02-03-02.jpg,dataset_top12\tow truck\opened\photo_37_2024-12-19_02-03-02.jpg
3417,4,parking place,opened,960,1280,photo_24_2024-12-18_02-17-32.jpg,dataset_top12\parking place\opened\photo_24_2024-12-18_02-17-32.jpg
3261,3,no stopping,closed,960,1280,photo_23_2024-12-06_22-25-22.jpg,dataset_top12\no stopping\closed\photo_23_2024-12-06_22-25-22.jpg
3865,5,maximum speed limit_40,closed,575,586,photo_1_2024-10-29_09-53-08.jpg,dataset_top12\maximum speed limit_40\closed\photo_1_2024-10-29_09-53-08.jpg
1951,0,pedestrian crossing,closed,960,1280,photo_7_2024-12-05_22-22-53.jpg,dataset_top12\pedestrian crossing\closed\photo_7_2024-12-05_22-22-53.jpg
2902,2,tow truck,opened,544,544,photo_6_2024-12-09_12-49-48.jpg,dataset_top12\tow truck\opened\photo_6_2024-12-09_12-49-48.jpg
2136,1,give way,opened,960,1280,photo_100_2024-12-19_02-00-53.jpg,dataset_top12\give way\opened\photo_100_2024-12-19_02-00-53.jpg
2926,2,tow truck,opened,597,616,photo_81_2024-12-19_02-03-02.jpg,dataset_top12\tow truck\opened\photo_81_2024-12-19_02-03-02.jpg
949,0,pedestrian crossing,closed,1586,1960,IMG_20241029_174028.jpg,dataset_top12\pedestrian crossing\closed\IMG_20241029_174028.jpg
4583,8,right,opened,160,146,photo_6_2024-04-25_12-41-12_8.jpg,dataset_top12\right\opened\photo_6_2024-04-25_12-41-12_8.jpg
493,0,pedestrian crossing,opened,830,826,photo_57_2024-12-18_02-36-53.jpg,dataset_top12\pedestrian crossing\opened\photo_57_2024-12-18_02-36-53.jpg
4879,10,bus stop,closed,4640,3472,IMG_20241017_162924.jpg,dataset_top12\bus stop\closed\IMG_20241017_162924.jpg
1857,0,pedestrian crossing,closed,960,1280,photo_70_2024-12-06_22-25-52.jpg,dataset_top12\pedestrian crossing\closed\photo_70_2024-12-06_22-25-52.jpg
3482,4,parking place,opened,960,1280,photo_47_2024-12-18_02-17-32.jpg,dataset_top12\parking place\opened\photo_47_2024-12-18_02-17-32.jpg
265,0,pedestrian crossing,opened,960,1280,photo_32_2024-12-18_02-25-50.jpg,dataset_top12\pedestrian crossing\opened\photo_32_2024-12-18_02-25-50.jpg
4359,7,stop line,closed,681,742,photo_40_2024-12-06_22-24-57.jpg,dataset_top12\stop line\closed\photo_40_2024-12-06_22-24-57.jpg
3346,3,no stopping,closed,786,610,photo_91_2024-12-07_12-46-04.jpg,dataset_top12\no stopping\closed\photo_91_2024-12-07_12-46-04.jpg
4847,10,bus stop,opened,960,1280,photo_3_2024-12-18_02-29-08.jpg,dataset_top12\bus stop\opened\photo_3_2024-12-18_02-29-08.jpg
3253,3,no stopping,closed,1280,1267,photo_17_2024-12-06_22-25-22.jpg,dataset_top12\no stopping\closed\photo_17_2024-12-06_22-25-22.jpg
3904,5,maximum speed limit_40,closed,1280,433,photo_62_2024-12-05_22-22-53.jpg,dataset_top12\maximum speed limit_40\closed\photo_62_2024-12-05_22-22-53.jpg
1398,0,pedestrian crossing,closed,960,1280,photo_49_2024-12-07_12-49-18.jpg,dataset_top12\pedestrian crossing\closed\photo_49_2024-12-07_12-49-18.jpg
3779,5,maximum speed limit_40,opened,626,648,photo_59_2024-12-18_13-02-04.jpg,dataset_top12\maximum speed limit_40\opened\photo_59_2024-12-18_13-02-04.jpg
1752,0,pedestrian crossing,closed,960,1280,photo_60_2024-10-29_09-53-08.jpg,dataset_top12\pedestrian crossing\closed\photo_60_2024-10-29_09-53-08.jpg
1112,0,pedestrian crossing,closed,960,1280,photo_21_2024-10-29_09-53-51.jpg,dataset_top12\pedestrian crossing\closed\photo_21_2024-10-29_09-53-51.jpg
1227,0,pedestrian crossing,closed,960,1280,photo_32_2024-12-05_22-23-10.jpg,dataset_top12\pedestrian crossing\closed\photo_32_2024-12-05_22-23-10.jpg
2622,1,give way,closed,868,1085,photo_58_2024-12-06_22-23-51.jpg,dataset_top12\give way\closed\photo_58_2024-12-06_22-23-51.jpg
3980,6,left,opened,537,642,IMG_0835.JPG,dataset_top12\left\opened\IMG_0835.JPG
1306,0,pedestrian crossing,closed,960,1280,photo_40_2024-10-29_09-53-51.jpg,dataset_top12\pedestrian crossing\closed\photo_40_2024-10-29_09-53-51.jpg
3369,4,parking place,opened,776,757,photo_13_2024-12-19_01-56-44.jpg,dataset_top12\parking place\opened\photo_13_2024-12-19_01-56-44.jpg
1578,0,pedestrian crossing,closed,426,465,photo_5278624148517676637_y.jpg,dataset_top12\pedestrian crossing\closed\photo_5278624148517676637_y.jpg
2912,2,tow truck,opened,697,658,photo_74_2024-12-18_02-17-59.jpg,dataset_top12\tow truck\opened\photo_74_2024-12-18_02-17-59.jpg
229,0,pedestrian crossing,opened,960,1280,photo_28_2024-12-19_00-11-08.jpg,dataset_top12\pedestrian crossing\opened\photo_28_2024-12-19_00-11-08.jpg
5059,11,no entry,opened,960,1280,photo_37_2024-12-18_13-07-03.jpg,dataset_top12\no entry\opened\photo_37_2024-12-18_13-07-03.jpg
3741,5,maximum speed limit_40,opened,688,729,photo_46_2024-12-19_01-58-39.jpg,dataset_top12\maximum speed limit_40\opened\photo_46_2024-12-19_01-58-39.jpg
386,0,pedestrian crossing,opened,960,1280,photo_42_2024-12-18_13-05-23.jpg,dataset_top12\pedestrian crossing\opened\photo_42_2024-12-18_13-05-23.jpg
1140,0,pedestrian crossing,closed,960,1280,photo_24_2024-12-05_22-22-53.jpg,dataset_top12\pedestrian crossing\closed\photo_24_2024-12-05_22-22-53.jpg
900,0,pedestrian crossing,closed,2229,2193,20241102_114935.jpg,dataset_top12\pedestrian crossing\closed\20241102_114935.jpg
3205,3,no stopping,opened,960,1280,photo_97_2024-12-18_02-19-24.jpg,dataset_top12\no stopping\opened\photo_97_2024-12-18_02-19-24.jpg
835,0,pedestrian crossing,opened,960,1280,photo_93_2024-12-19_00-10-31.jpg,dataset_top12\pedestrian crossing\opened\photo_93_2024-12-19_00-10-31.jpg
3873,5,maximum speed limit_40,closed,1280,960,photo_27_2024-12-05_22-23-25.jpg,dataset_top12\maximum speed limit_40\closed\photo_27_2024-12-05_22-23-25.jpg
317,0,pedestrian crossing,opened,559,561,photo_37_2024-12-09_12-46-01.jpg,dataset_top12\pedestrian crossing\opened\photo_37_2024-12-09_12-46-01.jpg
5084,11,no entry,opened,960,1280,photo_49_2024-12-18_13-01-24.jpg,dataset_top12\no entry\opened\photo_49_2024-12-18_13-01-24.jpg
3707,5,maximum speed limit_40,opened,408,400,photo_30_2024-12-18_02-13-44.jpg,dataset_top12\maximum speed limit_40\opened\photo_30_2024-12-18_02-13-44.jpg
231,0,pedestrian crossing,opened,960,1280,photo_29_2024-12-09_12-46-32.jpg,dataset_top12\pedestrian crossing\opened\photo_29_2024-12-09_12-46-32.jpg
1226,0,pedestrian crossing,closed,960,1280,photo_32_2024-10-29_09-54-21.jpg,dataset_top12\pedestrian crossing\closed\photo_32_2024-10-29_09-54-21.jpg
5080,11,no entry,opened,960,1280,photo_47_2024-12-18_02-17-59.jpg,dataset_top12\no entry\opened\photo_47_2024-12-18_02-17-59.jpg
4688,9,straight,opened,72,63,photo_14_2024-04-25_12-41-12_9.jpg,dataset_top12\straight\opened\photo_14_2024-04-25_12-41-12_9.jpg
4306,7,stop line,opened,960,755,photo_75_2024-12-18_13-01-24.jpg,dataset_top12\stop line\opened\photo_75_2024-12-18_13-01-24.jpg
3379,4,parking place,opened,960,1280,photo_16_2024-12-18_13-07-03.jpg,dataset_top12\parking place\opened\photo_16_2024-12-18_13-07-03.jpg
3800,5,maximum speed limit_40,opened,1216,1280,photo_74_2024-12-18_02-27-08.jpg,dataset_top12\maximum speed limit_40\opened\photo_74_2024-12-18_02-27-08.jpg
4287,7,stop line,opened,960,1280,photo_5_2024-12-18_12-58-24.jpg,dataset_top12\stop line\opened\photo_5_2024-12-18_12-58-24.jpg
3851,5,maximum speed limit_40,opened,565,607,photo_9_2024-12-18_02-13-44.jpg,dataset_top12\maximum speed limit_40\opened\photo_9_2024-12-18_02-13-44.jpg
2264,1,give way,opened,572,546,photo_4_2024-12-19_02-00-53.jpg,dataset_top12\give way\opened\photo_4_2024-12-19_02-00-53.jpg
762,0,pedestrian crossing,opened,802,877,photo_85_2024-12-18_13-00-25.jpg,dataset_top12\pedestrian crossing\opened\photo_85_2024-12-18_13-00-25.jpg
572,0,pedestrian crossing,opened,960,1280,photo_65_2024-12-19_01-58-39.jpg,dataset_top12\pedestrian crossing\opened\photo_65_2024-12-19_01-58-39.jpg
3294,3,no stopping,closed,960,880,photo_61_2024-12-18_02-28-33.jpg,dataset_top12\no stopping\closed\photo_61_2024-12-18_02-28-33.jpg
3649,4,parking place,closed,720,1280,photo_5278624148517676560_y.jpg,dataset_top12\parking place\closed\photo_5278624148517676560_y.jpg
3059,3,no stopping,opened,960,1280,photo_15_2024-12-18_02-19-40.jpg,dataset_top12\no stopping\opened\photo_15_2024-12-18_02-19-40.jpg
1370,0,pedestrian crossing,closed,475,467,photo_46_2024-12-09_12-45-24.jpg,dataset_top12\pedestrian crossing\closed\photo_46_2024-12-09_12-45-24.jpg
2356,1,give way,opened,960,1280,photo_89_2024-12-18_13-05-57.jpg,dataset_top12\give way\opened\photo_89_2024-12-18_13-05-57.jpg
4112,6,left,opened,617,619,photo_6_2024-04-25_12-20-30_l.jpg,dataset_top12\left\opened\photo_6_2024-04-25_12-20-30_l.jpg
2742,2,tow truck,opened,701,635,photo_1_2024-12-18_13-04-36.jpg,dataset_top12\tow truck\opened\photo_1_2024-12-18_13-04-36.jpg
1700,0,pedestrian crossing,closed,960,1280,photo_55_2024-12-07_12-48-37.jpg,dataset_top12\pedestrian crossing\closed\photo_55_2024-12-07_12-48-37.jpg
4214,7,stop line,opened,776,762,photo_28_2024-12-18_13-04-36.jpg,dataset_top12\stop line\opened\photo_28_2024-12-18_13-04-36.jpg
1177,0,pedestrian crossing,closed,1280,773,photo_28_2024-12-05_22-23-50.jpg,dataset_top12\pedestrian crossing\closed\photo_28_2024-12-05_22-23-50.jpg
2471,1,give way,closed,1117,1280,photo_18_2024-12-07_12-47-32.jpg,dataset_top12\give way\closed\photo_18_2024-12-07_12-47-32.jpg
1724,0,pedestrian crossing,closed,960,1280,photo_58_2024-10-29_09-54-21.jpg,dataset_top12\pedestrian crossing\closed\photo_58_2024-10-29_09-54-21.jpg
4581,8,right,opened,210,198,photo_6_2024-04-25_12-41-12.jpg,dataset_top12\right\opened\photo_6_2024-04-25_12-41-12.jpg
4302,7,stop line,opened,960,1007,photo_70_2024-12-18_13-06-32.jpg,dataset_top12\stop line\opened\photo_70_2024-12-18_13-06-32.jpg
4612,8,right,opened,487,488,photo_88_2024-12-06_22-25-52.jpg,dataset_top12\right\opened\photo_88_2024-12-06_22-25-52.jpg
469,0,pedestrian crossing,opened,699,702,photo_54_2024-12-09_12-46-01.jpg,dataset_top12\pedestrian crossing\opened\photo_54_2024-12-09_12-46-01.jpg
432,0,pedestrian crossing,opened,960,1280,photo_49_2024-12-19_02-04-55.jpg,dataset_top12\pedestrian crossing\opened\photo_49_2024-12-19_02-04-55.jpg
1039,0,pedestrian crossing,closed,1117,1280,photo_13_2024-12-05_22-23-50.jpg,dataset_top12\pedestrian crossing\closed\photo_13_2024-12-05_22-23-50.jpg
970,0,pedestrian crossing,closed,4640,3472,IMG_20241029_174706_1.jpg,dataset_top12\pedestrian crossing\closed\IMG_20241029_174706_1.jpg
192,0,pedestrian crossing,opened,960,1280,photo_25_2024-12-18_13-04-36.jpg,dataset_top12\pedestrian crossing\opened\photo_25_2024-12-18_13-04-36.jpg
2305,1,give way,opened,516,474,photo_70_2024-12-19_00-10-31.jpg,dataset_top12\give way\opened\photo_70_2024-12-19_00-10-31.jpg
33,0,pedestrian crossing,opened,960,1280,photo_12_2024-12-09_12-46-32.jpg,dataset_top12\pedestrian crossing\opened\photo_12_2024-12-09_12-46-32.jpg
1958,0,pedestrian crossing,closed,960,1280,photo_7_2024-12-19_00-11-08.jpg,dataset_top12\pedestrian crossing\closed\photo_7_2024-12-19_00-11-08.jpg
4699,9,straight,opened,130,88,photo_18_2024-04-25_12-41-12_9.jpg,dataset_top12\straight\opened\photo_18_2024-04-25_12-41-12_9.jpg
859,0,pedestrian crossing,opened,960,1280,photo_96_2024-12-18_13-03-52.jpg,dataset_top12\pedestrian crossing\opened\photo_96_2024-12-18_13-03-52.jpg
2194,1,give way,opened,960,1280,photo_23_2024-12-19_02-00-53.jpg,dataset_top12\give way\opened\photo_23_2024-12-19_02-00-53.jpg
149,0,pedestrian crossing,opened,960,1280,photo_20_2024-12-19_02-04-54.jpg,dataset_top12\pedestrian crossing\opened\photo_20_2024-12-19_02-04-54.jpg
3099,3,no stopping,opened,687,663,photo_3_2024-12-18_02-25-50.jpg,dataset_top12\no stopping\opened\photo_3_2024-12-18_02-25-50.jpg
260,0,pedestrian crossing,opened,806,800,photo_31_2024-12-18_02-36-53.jpg,dataset_top12\pedestrian crossing\opened\photo_31_2024-12-18_02-36-53.jpg
4126,6,left,opened,100,116,photo_88_2024-04-25_12-41-13_3.jpg,dataset_top12\left\opened\photo_88_2024-04-25_12-41-13_3.jpg
4747,9,straight,opened,327,309,photo_47_2024-11-28_18-39-35.jpg,dataset_top12\straight\opened\photo_47_2024-11-28_18-39-35.jpg
1576,0,pedestrian crossing,closed,960,1280,photo_5278624148517676634_y.jpg,dataset_top12\pedestrian crossing\closed\photo_5278624148517676634_y.jpg
428,0,pedestrian crossing,opened,960,1280,photo_49_2024-12-18_02-29-08.jpg,dataset_top12\pedestrian crossing\opened\photo_49_2024-12-18_02-29-08.jpg
4569,8,right,opened,146,135,photo_58_2024-04-25_12-41-12.jpg,dataset_top12\right\opened\photo_58_2024-04-25_12-41-12.jpg
3166,3,no stopping,opened,960,1280,photo_79_2024-12-18_02-19-24.jpg,dataset_top12\no stopping\opened\photo_79_2024-12-18_02-19-24.jpg
5149,11,no entry,opened,960,1280,photo_91_2024-12-18_02-17-59.jpg,dataset_top12\no entry\opened\photo_91_2024-12-18_02-17-59.jpg
4846,10,bus stop,opened,960,1280,photo_3_2024-12-18_02-28-33.jpg,dataset_top12\bus stop\opened\photo_3_2024-12-18_02-28-33.jpg
780,0,pedestrian crossing,opened,960,1280,photo_88_2024-12-18_13-03-52.jpg,dataset_top12\pedestrian crossing\opened\photo_88_2024-12-18_13-03-52.jpg
3772,5,maximum speed limit_40,opened,683,660,photo_55_2024-12-19_00-10-31.jpg,dataset_top12\maximum speed limit_40\opened\photo_55_2024-12-19_00-10-31.jpg
61,0,pedestrian crossing,opened,960,1280,photo_14_2024-12-18_12-58-24.jpg,dataset_top12\pedestrian crossing\opened\photo_14_2024-12-18_12-58-24.jpg
5154,11,no entry,opened,960,1280,photo_93_2024-12-18_13-04-36.jpg,dataset_top12\no entry\opened\photo_93_2024-12-18_13-04-36.jpg
1792,0,pedestrian crossing,closed,960,1280,photo_64_2024-12-07_12-48-37.jpg,dataset_top12\pedestrian crossing\closed\photo_64_2024-12-07_12-48-37.jpg
1200,0,pedestrian crossing,closed,960,1280,photo_2_2024-12-07_12-48-36.jpg,dataset_top12\pedestrian crossing\closed\photo_2_2024-12-07_12-48-36.jpg
1092,0,pedestrian crossing,closed,960,1280,photo_1_2024-10-29_09-54-37.jpg,dataset_top12\pedestrian crossing\closed\photo_1_2024-10-29_09-54-37.jpg
2651,1,give way,closed,1158,1280,photo_6_2024-12-07_12-46-04.jpg,dataset_top12\give way\closed\photo_6_2024-12-07_12-46-04.jpg
3665,5,maximum speed limit_40,opened,526,490,photo_10_2024-10-29_09-53-08.jpg,dataset_top12\maximum speed limit_40\opened\photo_10_2024-10-29_09-53-08.jpg
2491,1,give way,closed,1280,1028,photo_25_2024-12-07_12-46-52.jpg,dataset_top12\give way\closed\photo_25_2024-12-07_12-46-52.jpg
3872,5,maximum speed limit_40,closed,1280,689,photo_27_2024-12-05_22-22-53.jpg,dataset_top12\maximum speed limit_40\closed\photo_27_2024-12-05_22-22-53.jpg
3674,5,maximum speed limit_40,opened,801,859,photo_12_2024-12-18_02-10-22.jpg,dataset_top12\maximum speed limit_40\opened\photo_12_2024-12-18_02-10-22.jpg
3635,4,parking place,opened,729,636,photo_9_2024-12-19_01-56-44.jpg,dataset_top12\parking place\opened\photo_9_2024-12-19_01-56-44.jpg
3081,3,no stopping,opened,591,637,photo_26_2024-12-18_13-00-25.jpg,dataset_top12\no stopping\opened\photo_26_2024-12-18_13-00-25.jpg
1047,0,pedestrian crossing,closed,727,863,photo_14_2024-12-06_22-24-57.jpg,dataset_top12\pedestrian crossing\closed\photo_14_2024-12-06_22-24-57.jpg
3578,4,parking place,opened,960,1280,photo_76_2024-12-19_02-00-05.jpg,dataset_top12\parking place\opened\photo_76_2024-12-19_02-00-05.jpg
696,0,pedestrian crossing,opened,960,1280,photo_78_2024-12-18_13-03-52.jpg,dataset_top12\pedestrian crossing\opened\photo_78_2024-12-18_13-03-52.jpg
2962,2,tow truck,closed,2331,2238,20241102_113046.jpg,dataset_top12\tow truck\closed\20241102_113046.jpg
4679,9,straight,opened,314,313,photo_12_2024-04-25_12-41-12_6.jpg,dataset_top12\straight\opened\photo_12_2024-04-25_12-41-12_6.jpg
3202,3,no stopping,opened,960,1280,photo_95_2024-12-09_12-49-48.jpg,dataset_top12\no stopping\opened\photo_95_2024-12-09_12-49-48.jpg
1626,0,pedestrian crossing,closed,720,1280,photo_5278624148517676744_y.jpg,dataset_top12\pedestrian crossing\closed\photo_5278624148517676744_y.jpg
2764,2,tow truck,opened,785,755,photo_24_2024-12-19_02-00-05.jpg,dataset_top12\tow truck\opened\photo_24_2024-12-19_02-00-05.jpg
1139,0,pedestrian crossing,closed,960,1280,photo_24_2024-10-29_09-54-21.jpg,dataset_top12\pedestrian crossing\closed\photo_24_2024-10-29_09-54-21.jpg
2562,1,give way,closed,422,426,photo_5278624148517676423_y.jpg,dataset_top12\give way\closed\photo_5278624148517676423_y.jpg
3790,5,maximum speed limit_40,opened,541,541,photo_67_2024-12-18_13-02-04.jpg,dataset_top12\maximum speed limit_40\opened\photo_67_2024-12-18_13-02-04.jpg
1551,0,pedestrian crossing,closed,960,1280,photo_5278624148517676585_y.jpg,dataset_top12\pedestrian crossing\closed\photo_5278624148517676585_y.jpg
1765,0,pedestrian crossing,closed,960,1280,photo_61_2024-12-06_22-25-52.jpg,dataset_top12\pedestrian crossing\closed\photo_61_2024-12-06_22-25-52.jpg
2189,1,give way,opened,807,762,photo_22_2024-12-18_13-05-57.jpg,dataset_top12\give way\opened\photo_22_2024-12-18_13-05-57.jpg
358,0,pedestrian crossing,opened,960,1280,photo_3_2024-12-18_13-03-52.jpg,dataset_top12\pedestrian crossing\opened\photo_3_2024-12-18_13-03-52.jpg
1205,0,pedestrian crossing,closed,960,1280,photo_30_2024-10-29_09-42-50.jpg,dataset_top12\pedestrian crossing\closed\photo_30_2024-10-29_09-42-50.jpg
95,0,pedestrian crossing,opened,787,773,photo_17_2024-12-18_02-29-08.jpg,dataset_top12\pedestrian crossing\opened\photo_17_2024-12-18_02-29-08.jpg
3101,3,no stopping,opened,960,1280,photo_41_2024-12-18_13-00-25.jpg,dataset_top12\no stopping\opened\photo_41_2024-12-18_13-00-25.jpg
14,0,pedestrian crossing,opened,1280,830,photo_10_2024-12-18_02-27-08.jpg,dataset_top12\pedestrian crossing\opened\photo_10_2024-12-18_02-27-08.jpg
4243,7,stop line,opened,644,648,photo_42_2024-12-09_12-49-48.jpg,dataset_top12\stop line\opened\photo_42_2024-12-09_12-49-48.jpg
4226,7,stop line,opened,630,742,photo_32_2024-12-07_12-51-07.jpg,dataset_top12\stop line\opened\photo_32_2024-12-07_12-51-07.jpg
3755,5,maximum speed limit_40,opened,631,623,photo_50_2024-12-18_02-22-06.jpg,dataset_top12\maximum speed limit_40\opened\photo_50_2024-12-18_02-22-06.jpg
608,0,pedestrian crossing,opened,960,1280,photo_69_2024-12-18_13-05-23.jpg,dataset_top12\pedestrian crossing\opened\photo_69_2024-12-18_13-05-23.jpg
3315,3,no stopping,closed,508,513,photo_74_2024-12-09_12-46-32_1.jpg,dataset_top12\no stopping\closed\photo_74_2024-12-09_12-46-32_1.jpg
3347,3,no stopping,closed,1115,1280,photo_92_2024-12-06_22-25-23.jpg,dataset_top12\no stopping\closed\photo_92_2024-12-06_22-25-23.jpg
671,0,pedestrian crossing,opened,743,729,photo_75_2024-12-19_00-10-31.jpg,dataset_top12\pedestrian crossing\opened\photo_75_2024-12-19_00-10-31.jpg
2461,1,give way,closed,1053,1280,photo_15_2024-12-07_12-46-04.jpg,dataset_top12\give way\closed\photo_15_2024-12-07_12-46-04.jpg
777,0,pedestrian crossing,opened,960,1280,photo_88_2024-12-09_12-46-01.jpg,dataset_top12\pedestrian crossing\opened\photo_88_2024-12-09_12-46-01.jpg
3395,4,parking place,opened,960,1280,photo_1_2024-12-18_02-17-32.jpg,dataset_top12\parking place\opened\photo_1_2024-12-18_02-17-32.jpg
1406,0,pedestrian crossing,closed,960,1280,photo_4_2024-12-05_22-23-10.jpg,dataset_top12\pedestrian crossing\closed\photo_4_2024-12-05_22-23-10.jpg
1475,0,pedestrian crossing,closed,960,1280,photo_5278624148517676355_y.jpg,dataset_top12\pedestrian crossing\closed\photo_5278624148517676355_y.jpg
2038,0,pedestrian crossing,closed,960,1280,photo_88_2024-10-29_09-54-21.jpg,dataset_top12\pedestrian crossing\closed\photo_88_2024-10-29_09-54-21.jpg
2141,1,give way,opened,960,1280,photo_11_2024-12-18_13-01-24.jpg,dataset_top12\give way\opened\photo_11_2024-12-18_13-01-24.jpg
1153,0,pedestrian crossing,closed,960,1280,photo_25_2024-12-07_12-48-36.jpg,dataset_top12\pedestrian crossing\closed\photo_25_2024-12-07_12-48-36.jpg
1083,0,pedestrian crossing,closed,960,1280,photo_19_2024-10-29_09-42-50.jpg,dataset_top12\pedestrian crossing\closed\photo_19_2024-10-29_09-42-50.jpg
1343,0,pedestrian crossing,closed,960,1280,photo_43_2024-12-07_12-49-18.jpg,dataset_top12\pedestrian crossing\closed\photo_43_2024-12-07_12-49-18.jpg
2002,0,pedestrian crossing,closed,960,1280,photo_84_2024-12-06_22-25-52.jpg,dataset_top12\pedestrian crossing\closed\photo_84_2024-12-06_22-25-52.jpg
1627,0,pedestrian crossing,closed,722,1280,photo_5278624148517676745_y.jpg,dataset_top12\pedestrian crossing\closed\photo_5278624148517676745_y.jpg
4651,9,straight,opened,490,680,IMG_0791_7.JPG,dataset_top12\straight\opened\IMG_0791_7.JPG
333,0,pedestrian crossing,opened,960,1280,photo_38_2024-12-18_12-58-24.jpg,dataset_top12\pedestrian crossing\opened\photo_38_2024-12-18_12-58-24.jpg
5111,11,no entry,opened,451,465,photo_64_2024-12-18_02-25-50.jpg,dataset_top12\no entry\opened\photo_64_2024-12-18_02-25-50.jpg
470,0,pedestrian crossing,opened,960,1280,photo_54_2024-12-18_02-17-32.jpg,dataset_top12\pedestrian crossing\opened\photo_54_2024-12-18_02-17-32.jpg
3953,6,left,opened,1159,1421,IMG_0781.JPG,dataset_top12\left\opened\IMG_0781.JPG
4992,10,bus stop,closed,960,1280,photo_76_2024-12-07_12-51-07.jpg,dataset_top12\bus stop\closed\photo_76_2024-12-07_12-51-07.jpg
651,0,pedestrian crossing,opened,960,1280,photo_73_2024-12-18_02-17-32.jpg,dataset_top12\pedestrian crossing\opened\photo_73_2024-12-18_02-17-32.jpg
4168,6,left,closed,293,313,photo_83_2024-12-05_22-22-53_2.jpg,dataset_top12\left\closed\photo_83_2024-12-05_22-22-53_2.jpg
368,0,pedestrian crossing,opened,960,1280,photo_40_2024-12-18_13-02-04.jpg,dataset_top12\pedestrian crossing\opened\photo_40_2024-12-18_13-02-04.jpg
4601,8,right,opened,63,63,photo_7_2024-04-25_12-41-12_9.jpg,dataset_top12\right\opened\photo_7_2024-04-25_12-41-12_9.jpg
1652,0,pedestrian crossing,closed,720,1280,photo_5278624148517676773_y.jpg,dataset_top12\pedestrian crossing\closed\photo_5278624148517676773_y.jpg
2010,0,pedestrian crossing,closed,960,1280,photo_85_2024-12-06_22-24-22.jpg,dataset_top12\pedestrian crossing\closed\photo_85_2024-12-06_22-24-22.jpg
2142,1,give way,opened,960,1280,photo_11_2024-12-18_13-04-36.jpg,dataset_top12\give way\opened\photo_11_2024-12-18_13-04-36.jpg
3425,4,parking place,opened,960,1280,photo_26_2024-12-18_02-17-32.jpg,dataset_top12\parking place\opened\photo_26_2024-12-18_02-17-32.jpg
596,0,pedestrian crossing,opened,960,1280,photo_68_2024-12-18_02-36-53.jpg,dataset_top12\pedestrian crossing\opened\photo_68_2024-12-18_02-36-53.jpg
3613,4,parking place,opened,960,1280,photo_90_2024-12-19_02-00-05.jpg,dataset_top12\parking place\opened\photo_90_2024-12-19_02-00-05.jpg
1819,0,pedestrian crossing,closed,960,1280,photo_67_2024-12-05_22-23-25.jpg,dataset_top12\pedestrian crossing\closed\photo_67_2024-12-05_22-23-25.jpg
3878,5,maximum speed limit_40,closed,1280,1020,photo_3_2024-12-05_22-23-25.jpg,dataset_top12\maximum speed limit_40\closed\photo_3_2024-12-05_22-23-25.jpg
1015,0,pedestrian crossing,closed,960,1280,photo_10_2024-10-29_09-42-50.jpg,dataset_top12\pedestrian crossing\closed\photo_10_2024-10-29_09-42-50.jpg
680,0,pedestrian crossing,opened,960,1280,photo_76_2024-12-18_13-05-57.jpg,dataset_top12\pedestrian crossing\opened\photo_76_2024-12-18_13-05-57.jpg
3901,5,maximum speed limit_40,closed,688,600,photo_60_2024-12-07_12-46-52.jpg,dataset_top12\maximum speed limit_40\closed\photo_60_2024-12-07_12-46-52.jpg
2278,1,give way,opened,548,558,photo_56_2024-12-19_02-00-53.jpg,dataset_top12\give way\opened\photo_56_2024-12-19_02-00-53.jpg
5040,11,no entry,opened,491,492,photo_24_2024-12-09_12-46-01_1.jpg,dataset_top12\no entry\opened\photo_24_2024-12-09_12-46-01_1.jpg
4568,8,right,opened,532,582,photo_57_2024-12-19_02-04-55.jpg,dataset_top12\right\opened\photo_57_2024-12-19_02-04-55.jpg
1000,0,pedestrian crossing,closed,2678,2847,IMG_20241029_181802.jpg,dataset_top12\pedestrian crossing\closed\IMG_20241029_181802.jpg
1624,0,pedestrian crossing,closed,720,1280,photo_5278624148517676742_y.jpg,dataset_top12\pedestrian crossing\closed\photo_5278624148517676742_y.jpg
4711,9,straight,opened,112,94,photo_25_2024-04-25_12-43-13_7.jpg,dataset_top12\straight\opened\photo_25_2024-04-25_12-43-13_7.jpg
2157,1,give way,opened,688,648,photo_14_2024-12-19_02-00-53.jpg,dataset_top12\give way\opened\photo_14_2024-12-19_02-00-53.jpg
597,0,pedestrian crossing,opened,873,987,photo_68_2024-12-18_12-58-24.jpg,dataset_top12\pedestrian crossing\opened\photo_68_2024-12-18_12-58-24.jpg
5131,11,no entry,opened,960,1280,photo_7_2024-12-18_13-02-03.jpg,dataset_top12\no entry\opened\photo_7_2024-12-18_13-02-03.jpg
4880,10,bus stop,closed,4640,3472,IMG_20241017_162927.jpg,dataset_top12\bus stop\closed\IMG_20241017_162927.jpg
3329,3,no stopping,closed,1280,1096,photo_84_2024-12-07_12-47-32.jpg,dataset_top12\no stopping\closed\photo_84_2024-12-07_12-47-32.jpg
283,0,pedestrian crossing,opened,960,1280,photo_34_2024-12-09_12-46-01.jpg,dataset_top12\pedestrian crossing\opened\photo_34_2024-12-09_12-46-01.jpg
3268,3,no stopping,closed,960,1280,photo_30_2024-12-06_22-25-22.jpg,dataset_top12\no stopping\closed\photo_30_2024-12-06_22-25-22.jpg
3549,4,parking place,opened,960,1280,photo_68_2024-12-18_02-17-32.jpg,dataset_top12\parking place\opened\photo_68_2024-12-18_02-17-32.jpg
862,0,pedestrian crossing,opened,1188,1280,photo_97_2024-12-07_12-46-52.jpg,dataset_top12\pedestrian crossing\opened\photo_97_2024-12-07_12-46-52.jpg
1869,0,pedestrian crossing,closed,960,1280,photo_71_2024-12-07_12-49-18.jpg,dataset_top12\pedestrian crossing\closed\photo_71_2024-12-07_12-49-18.jpg
2631,1,give way,closed,626,599,photo_62_2024-12-07_12-51-07.jpg,dataset_top12\give way\closed\photo_62_2024-12-07_12-51-07.jpg
3936,6,left,opened,254,250,IMG_0763_8.JPG,dataset_top12\left\opened\IMG_0763_8.JPG
4966,10,bus stop,closed,960,1280,photo_48_2024-12-07_12-47-32.jpg,dataset_top12\bus stop\closed\photo_48_2024-12-07_12-47-32.jpg
3591,4,parking place,opened,960,1280,photo_83_2024-12-19_01-59-18.jpg,dataset_top12\parking place\opened\photo_83_2024-12-19_01-59-18.jpg
404,0,pedestrian crossing,opened,960,1280,photo_46_2024-12-18_02-17-32.jpg,dataset_top12\pedestrian crossing\opened\photo_46_2024-12-18_02-17-32.jpg
2559,1,give way,closed,650,648,photo_50_2024-12-19_00-10-31.jpg,dataset_top12\give way\closed\photo_50_2024-12-19_00-10-31.jpg
146,0,pedestrian crossing,opened,960,1280,photo_20_2024-12-18_13-04-36.jpg,dataset_top12\pedestrian crossing\opened\photo_20_2024-12-18_13-04-36.jpg
2341,1,give way,opened,960,1280,photo_83_2024-12-18_13-05-57.jpg,dataset_top12\give way\opened\photo_83_2024-12-18_13-05-57.jpg
4014,6,left,opened,536,530,photo_19_2024-12-19_02-04-54.jpg,dataset_top12\left\opened\photo_19_2024-12-19_02-04-54.jpg
2350,1,give way,opened,960,1280,photo_87_2024-12-18_13-04-36.jpg,dataset_top12\give way\opened\photo_87_2024-12-18_13-04-36.jpg
3664,5,maximum speed limit_40,opened,620,646,photo_100_2024-12-19_02-03-02.jpg,dataset_top12\maximum speed limit_40\opened\photo_100_2024-12-19_02-03-02.jpg
2507,1,give way,closed,1280,1114,photo_32_2024-12-07_12-46-52.jpg,dataset_top12\give way\closed\photo_32_2024-12-07_12-46-52.jpg
4028,6,left,opened,201,200,photo_23_2024-04-25_12-20-30.jpg,dataset_top12\left\opened\photo_23_2024-04-25_12-20-30.jpg
969,0,pedestrian crossing,closed,4640,3472,IMG_20241029_174706.jpg,dataset_top12\pedestrian crossing\closed\IMG_20241029_174706.jpg
724,0,pedestrian crossing,opened,960,1280,photo_80_2024-12-18_13-06-32.jpg,dataset_top12\pedestrian crossing\opened\photo_80_2024-12-18_13-06-32.jpg
1310,0,pedestrian crossing,closed,960,1280,photo_40_2024-12-06_22-25-52.jpg,dataset_top12\pedestrian crossing\closed\photo_40_2024-12-06_22-25-52.jpg
2333,1,give way,opened,960,982,photo_80_2024-12-18_13-05-23.jpg,dataset_top12\give way\opened\photo_80_2024-12-18_13-05-23.jpg
1060,0,pedestrian crossing,closed,960,1280,photo_16_2024-12-05_22-23-10.jpg,dataset_top12\pedestrian crossing\closed\photo_16_2024-12-05_22-23-10.jpg
765,0,pedestrian crossing,opened,960,1280,photo_86_2024-12-18_02-33-06.jpg,dataset_top12\pedestrian crossing\opened\photo_86_2024-12-18_02-33-06.jpg
1365,0,pedestrian crossing,closed,960,1280,photo_46_2024-10-29_09-53-08.jpg,dataset_top12\pedestrian crossing\closed\photo_46_2024-10-29_09-53-08.jpg
3657,4,parking place,closed,631,629,photo_77_2024-12-09_12-45-24.jpg,dataset_top12\parking place\closed\photo_77_2024-12-09_12-45-24.jpg
1821,0,pedestrian crossing,closed,1127,1280,photo_67_2024-12-07_12-48-37.jpg,dataset_top12\pedestrian crossing\closed\photo_67_2024-12-07_12-48-37.jpg
301,0,pedestrian crossing,opened,960,1280,photo_35_2024-12-18_13-06-32.jpg,dataset_top12\pedestrian crossing\opened\photo_35_2024-12-18_13-06-32.jpg
3944,6,left,opened,345,481,IMG_0772.JPG,dataset_top12\left\opened\IMG_0772.JPG
4973,10,bus stop,closed,960,1280,photo_54_2024-10-29_09-54-21.jpg,dataset_top12\bus stop\closed\photo_54_2024-10-29_09-54-21.jpg
3659,4,parking place,closed,960,1280,photo_81_2024-12-09_12-46-01.jpg,dataset_top12\parking place\closed\photo_81_2024-12-09_12-46-01.jpg
3375,4,parking place,opened,960,1280,photo_15_2024-12-18_13-05-57.jpg,dataset_top12\parking place\opened\photo_15_2024-12-18_13-05-57.jpg
2233,1,give way,opened,960,1280,photo_35_2024-12-18_12-58-24.jpg,dataset_top12\give way\opened\photo_35_2024-12-18_12-58-24.jpg
1983,0,pedestrian crossing,closed,1241,1280,photo_82_2024-12-07_12-46-52.jpg,dataset_top12\pedestrian crossing\closed\photo_82_2024-12-07_12-46-52.jpg
372,0,pedestrian crossing,opened,960,1280,photo_40_2024-12-19_00-11-08.jpg,dataset_top12\pedestrian crossing\opened\photo_40_2024-12-19_00-11-08.jpg
4659,9,straight,opened,1190,1412,IMG_0805.JPG,dataset_top12\straight\opened\IMG_0805.JPG
3701,5,maximum speed limit_40,opened,597,574,photo_27_2024-12-19_01-58-39.jpg,dataset_top12\maximum speed limit_40\opened\photo_27_2024-12-19_01-58-39.jpg
655,0,pedestrian crossing,opened,960,1280,photo_73_2024-12-18_13-03-52.jpg,dataset_top12\pedestrian crossing\opened\photo_73_2024-12-18_13-03-52.jpg
1115,0,pedestrian crossing,closed,1177,1033,photo_21_2024-12-07_12-46-52.jpg,dataset_top12\pedestrian crossing\closed\photo_21_2024-12-07_12-46-52.jpg
963,0,pedestrian crossing,closed,4640,3472,IMG_20241029_174333.jpg,dataset_top12\pedestrian crossing\closed\IMG_20241029_174333.jpg
4146,6,left,closed,960,1280,photo_13_2024-12-06_22-24-22.jpg,dataset_top12\left\closed\photo_13_2024-12-06_22-24-22.jpg
2702,1,give way,closed,960,1280,photo_95_2024-12-06_22-24-22.jpg,dataset_top12\give way\closed\photo_95_2024-12-06_22-24-22.jpg
1780,0,pedestrian crossing,closed,867,862,photo_63_2024-12-07_12-48-37.jpg,dataset_top12\pedestrian crossing\closed\photo_63_2024-12-07_12-48-37.jpg
2847,2,tow truck,opened,960,1280,photo_4_2024-12-18_02-25-50.jpg,dataset_top12\tow truck\opened\photo_4_2024-12-18_02-25-50.jpg
2094,0,pedestrian crossing,closed,1280,998,photo_93_2024-12-05_22-23-10.jpg,dataset_top12\pedestrian crossing\closed\photo_93_2024-12-05_22-23-10.jpg
726,0,pedestrian crossing,opened,960,1280,photo_81_2024-12-18_02-17-32.jpg,dataset_top12\pedestrian crossing\opened\photo_81_2024-12-18_02-17-32.jpg
1232,0,pedestrian crossing,closed,960,1280,photo_33_2024-10-29_09-54-21.jpg,dataset_top12\pedestrian crossing\closed\photo_33_2024-10-29_09-54-21.jpg
468,0,pedestrian crossing,opened,960,1099,photo_53_2024-12-18_13-04-36.jpg,dataset_top12\pedestrian crossing\opened\photo_53_2024-12-18_13-04-36.jpg
2751,2,tow truck,opened,718,741,photo_21_2024-12-19_02-00-05.jpg,dataset_top12\tow truck\opened\photo_21_2024-12-19_02-00-05.jpg
3941,6,left,opened,743,852,IMG_0769_6.JPG,dataset_top12\left\opened\IMG_0769_6.JPG
2895,2,tow truck,opened,612,548,photo_66_2024-12-18_13-02-04.jpg,dataset_top12\tow truck\opened\photo_66_2024-12-18_13-02-04.jpg
2023,0,pedestrian crossing,closed,1117,1280,photo_86_2024-12-07_12-46-52.jpg,dataset_top12\pedestrian crossing\closed\photo_86_2024-12-07_12-46-52.jpg
571,0,pedestrian crossing,opened,960,1280,photo_65_2024-12-18_13-05-57.jpg,dataset_top12\pedestrian crossing\opened\photo_65_2024-12-18_13-05-57.jpg
4078,6,left,opened,463,512,photo_43_2024-12-19_02-03-02.jpg,dataset_top12\left\opened\photo_43_2024-12-19_02-03-02.jpg
766,0,pedestrian crossing,opened,960,1280,photo_86_2024-12-18_13-00-25.jpg,dataset_top12\pedestrian crossing\opened\photo_86_2024-12-18_13-00-25.jpg
4003,6,left,opened,82,85,photo_15_2024-04-25_12-20-30_0.jpg,dataset_top12\left\opened\photo_15_2024-04-25_12-20-30_0.jpg
3911,5,maximum speed limit_40,closed,695,655,photo_67_2024-12-07_12-46-52.jpg,dataset_top12\maximum speed limit_40\closed\photo_67_2024-12-07_12-46-52.jpg
1797,0,pedestrian crossing,closed,960,1280,photo_65_2024-10-29_09-54-21.jpg,dataset_top12\pedestrian crossing\closed\photo_65_2024-10-29_09-54-21.jpg
4508,8,right,opened,79,93,photo_2_2024-04-25_12-43-13_3.jpg,dataset_top12\right\opened\photo_2_2024-04-25_12-43-13_3.jpg
1342,0,pedestrian crossing,closed,833,829,photo_43_2024-12-07_12-48-37.jpg,dataset_top12\pedestrian crossing\closed\photo_43_2024-12-07_12-48-37.jpg
5076,11,no entry,opened,960,1280,photo_45_2024-12-18_02-17-59.jpg,dataset_top12\no entry\opened\photo_45_2024-12-18_02-17-59.jpg
1010,0,pedestrian crossing,closed,4640,3472,IMG_20241029_182125.jpg,dataset_top12\pedestrian crossing\closed\IMG_20241029_182125.jpg
1620,0,pedestrian crossing,closed,722,1280,photo_5278624148517676738_y.jpg,dataset_top12\pedestrian crossing\closed\photo_5278624148517676738_y.jpg
3693,5,maximum speed limit_40,opened,358,350,photo_1_2024-12-19_02-03-02.jpg,dataset_top12\maximum speed limit_40\opened\photo_1_2024-12-19_02-03-02.jpg
830,0,pedestrian crossing,opened,960,1280,photo_93_2024-12-18_02-17-32.jpg,dataset_top12\pedestrian crossing\opened\photo_93_2024-12-18_02-17-32.jpg
1137,0,pedestrian crossing,closed,960,1280,photo_24_2024-10-29_09-53-08.jpg,dataset_top12\pedestrian crossing\closed\photo_24_2024-10-29_09-53-08.jpg
3823,5,maximum speed limit_40,opened,671,645,photo_86_2024-12-19_00-10-31.jpg,dataset_top12\maximum speed limit_40\opened\photo_86_2024-12-19_00-10-31.jpg
1769,0,pedestrian crossing,closed,960,1280,photo_62_2024-10-29_09-53-51.jpg,dataset_top12\pedestrian crossing\closed\photo_62_2024-10-29_09-53-51.jpg
2079,0,pedestrian crossing,closed,960,1280,photo_91_2024-12-07_12-48-37.jpg,dataset_top12\pedestrian crossing\closed\photo_91_2024-12-07_12-48-37.jpg
1463,0,pedestrian crossing,closed,960,1280,photo_5278624148517676333_y.jpg,dataset_top12\pedestrian crossing\closed\photo_5278624148517676333_y.jpg
2100,0,pedestrian crossing,closed,960,1280,photo_94_2024-10-29_09-54-21.jpg,dataset_top12\pedestrian crossing\closed\photo_94_2024-10-29_09-54-21.jpg
619,0,pedestrian crossing,opened,774,936,photo_6_2024-12-18_13-03-52.jpg,dataset_top12\pedestrian crossing\opened\photo_6_2024-12-18_13-03-52.jpg
1631,0,pedestrian crossing,closed,720,1280,photo_5278624148517676749_y.jpg,dataset_top12\pedestrian crossing\closed\photo_5278624148517676749_y.jpg
2548,1,give way,closed,960,1280,photo_46_2024-12-07_12-49-18.jpg,dataset_top12\give way\closed\photo_46_2024-12-07_12-49-18.jpg
1049,0,pedestrian crossing,closed,960,1280,photo_14_2024-12-09_12-50-33.jpg,dataset_top12\pedestrian crossing\closed\photo_14_2024-12-09_12-50-33.jpg
798,0,pedestrian crossing,opened,649,698,photo_8_2024-12-18_13-07-03.jpg,dataset_top12\pedestrian crossing\opened\photo_8_2024-12-18_13-07-03.jpg
1808,0,pedestrian crossing,closed,960,1280,photo_66_2024-12-05_22-23-10.jpg,dataset_top12\pedestrian crossing\closed\photo_66_2024-12-05_22-23-10.jpg
4133,6,left,opened,145,234,photo_8_2024-04-25_12-20-30_7.jpg,dataset_top12\left\opened\photo_8_2024-04-25_12-20-30_7.jpg
4666,9,straight,opened,436,713,IMG_0821.JPG,dataset_top12\straight\opened\IMG_0821.JPG
3725,5,maximum speed limit_40,opened,629,657,photo_40_2024-12-18_02-22-06.jpg,dataset_top12\maximum speed limit_40\opened\photo_40_2024-12-18_02-22-06.jpg
3494,4,parking place,opened,960,1280,photo_50_2024-12-19_02-00-05.jpg,dataset_top12\parking place\opened\photo_50_2024-12-19_02-00-05.jpg
2176,1,give way,opened,960,1280,photo_19_2024-12-18_02-29-08.jpg,dataset_top12\give way\opened\photo_19_2024-12-18_02-29-08.jpg
1539,0,pedestrian crossing,closed,960,1280,photo_5278624148517676493_y.jpg,dataset_top12\pedestrian crossing\closed\photo_5278624148517676493_y.jpg
725,0,pedestrian crossing,opened,960,1280,photo_81_2024-12-09_12-49-48.jpg,dataset_top12\pedestrian crossing\opened\photo_81_2024-12-09_12-49-48.jpg
2391,1,give way,closed,2311,2441,20241102_121350.jpg,dataset_top12\give way\closed\20241102_121350.jpg
926,0,pedestrian crossing,closed,4640,3472,IMG_20241017_162239.jpg,dataset_top12\pedestrian crossing\closed\IMG_20241017_162239.jpg
4797,9,straight,opened,75,85,photo_7_2024-04-25_12-41-12_s_0.jpg,dataset_top12\straight\opened\photo_7_2024-04-25_12-41-12_s_0.jpg
1996,0,pedestrian crossing,closed,835,1135,photo_84_2024-10-29_09-42-50.jpg,dataset_top12\pedestrian crossing\closed\photo_84_2024-10-29_09-42-50.jpg
1888,0,pedestrian crossing,closed,960,1280,photo_73_2024-12-07_12-49-18.jpg,dataset_top12\pedestrian crossing\closed\photo_73_2024-12-07_12-49-18.jpg
2740,2,tow truck,opened,492,467,photo_19_2024-12-19_02-00-53.jpg,dataset_top12\tow truck\opened\photo_19_2024-12-19_02-00-53.jpg
4038,6,left,opened,92,91,photo_27_2024-04-25_12-41-12_0.jpg,dataset_top12\left\opened\photo_27_2024-04-25_12-41-12_0.jpg
2604,1,give way,closed,497,587,photo_5278624148517676709_y.jpg,dataset_top12\give way\closed\photo_5278624148517676709_y.jpg
121,0,pedestrian crossing,opened,960,1280,photo_19_2024-12-18_13-04-36.jpg,dataset_top12\pedestrian crossing\opened\photo_19_2024-12-18_13-04-36.jpg
3320,3,no stopping,closed,524,520,photo_76_2024-12-09_12-45-24_1.jpg,dataset_top12\no stopping\closed\photo_76_2024-12-09_12-45-24_1.jpg
4237,7,stop line,opened,724,625,photo_3_2024-12-18_02-10-22.jpg,dataset_top12\stop line\opened\photo_3_2024-12-18_02-10-22.jpg
2530,1,give way,closed,960,1280,photo_3_2024-12-07_12-49-18.jpg,dataset_top12\give way\closed\photo_3_2024-12-07_12-49-18.jpg
1730,0,pedestrian crossing,closed,553,557,photo_58_2024-12-09_12-45-24.jpg,dataset_top12\pedestrian crossing\closed\photo_58_2024-12-09_12-45-24.jpg
4769,9,straight,opened,384,460,photo_51_2024-04-25_12-41-12.jpg,dataset_top12\straight\opened\photo_51_2024-04-25_12-41-12.jpg
1994,0,pedestrian crossing,closed,1280,1256,photo_83_2024-12-07_12-46-52.jpg,dataset_top12\pedestrian crossing\closed\photo_83_2024-12-07_12-46-52.jpg
2582,1,give way,closed,960,1280,photo_5278624148517676596_y.jpg,dataset_top12\give way\closed\photo_5278624148517676596_y.jpg
1323,0,pedestrian crossing,closed,445,421,photo_41_2024-12-09_12-45-24.jpg,dataset_top12\pedestrian crossing\closed\photo_41_2024-12-09_12-45-24.jpg
3719,5,maximum speed limit_40,opened,672,607,photo_38_2024-12-18_02-22-06.jpg,dataset_top12\maximum speed limit_40\opened\photo_38_2024-12-18_02-22-06.jpg
252,0,pedestrian crossing,opened,960,1280,photo_30_2024-12-18_02-28-33.jpg,dataset_top12\pedestrian crossing\opened\photo_30_2024-12-18_02-28-33.jpg
3870,5,maximum speed limit_40,closed,774,461,photo_23_2024-12-07_12-51-07.jpg,dataset_top12\maximum speed limit_40\closed\photo_23_2024-12-07_12-51-07.jpg
4106,6,left,opened,404,489,photo_60_2024-12-19_02-04-55.jpg,dataset_top12\left\opened\photo_60_2024-12-19_02-04-55.jpg
2334,1,give way,opened,960,936,photo_80_2024-12-18_13-05-57.jpg,dataset_top12\give way\opened\photo_80_2024-12-18_13-05-57.jpg
4999,10,bus stop,closed,960,1280,photo_81_2024-12-07_12-51-07.jpg,dataset_top12\bus stop\closed\photo_81_2024-12-07_12-51-07.jpg
1896,0,pedestrian crossing,closed,1280,1102,photo_74_2024-12-07_12-46-04.jpg,dataset_top12\pedestrian crossing\closed\photo_74_2024-12-07_12-46-04.jpg
2153,1,give way,opened,960,898,photo_14_2024-12-18_02-29-08.jpg,dataset_top12\give way\opened\photo_14_2024-12-18_02-29-08.jpg
3422,4,parking place,opened,756,716,photo_25_2024-12-18_02-27-08.jpg,dataset_top12\parking place\opened\photo_25_2024-12-18_02-27-08.jpg
3008,2,tow truck,closed,543,543,photo_62_2024-12-09_12-45-24.jpg,dataset_top12\tow truck\closed\photo_62_2024-12-09_12-45-24.jpg
4210,7,stop line,opened,839,920,photo_27_2024-12-18_02-11-31.jpg,dataset_top12\stop line\opened\photo_27_2024-12-18_02-11-31.jpg
3825,5,maximum speed limit_40,opened,550,530,photo_89_2024-12-18_02-36-53.jpg,dataset_top12\maximum speed limit_40\opened\photo_89_2024-12-18_02-36-53.jpg
312,0,pedestrian crossing,opened,960,1280,photo_36_2024-12-18_12-58-24.jpg,dataset_top12\pedestrian crossing\opened\photo_36_2024-12-18_12-58-24.jpg
1436,0,pedestrian crossing,closed,960,1280,photo_51_2024-12-18_02-28-33.jpg,dataset_top12\pedestrian crossing\closed\photo_51_2024-12-18_02-28-33.jpg
4633,8,right,closed,541,545,photo_89_2024-12-05_22-22-53.jpg,dataset_top12\right\closed\photo_89_2024-12-05_22-22-53.jpg
3713,5,maximum speed limit_40,opened,786,761,photo_34_2024-12-19_01-58-39.jpg,dataset_top12\maximum speed limit_40\opened\photo_34_2024-12-19_01-58-39.jpg
5044,11,no entry,opened,960,1280,photo_26_2024-12-18_02-28-33.jpg,dataset_top12\no entry\opened\photo_26_2024-12-18_02-28-33.jpg
218,0,pedestrian crossing,opened,960,1280,photo_28_2024-12-09_12-49-48.jpg,dataset_top12\pedestrian crossing\opened\photo_28_2024-12-09_12-49-48.jpg
4355,7,stop line,closed,400,398,photo_37_2024-12-09_12-46-01_1.jpg,dataset_top12\stop line\closed\photo_37_2024-12-09_12-46-01_1.jpg
3469,4,parking place,opened,960,1280,photo_42_2024-12-18_13-05-57.jpg,dataset_top12\parking place\opened\photo_42_2024-12-18_13-05-57.jpg
5145,11,no entry,opened,960,1280,photo_89_2024-12-18_02-17-59.jpg,dataset_top12\no entry\opened\photo_89_2024-12-18_02-17-59.jpg
5046,11,no entry,opened,746,735,photo_27_2024-12-18_02-28-33.jpg,dataset_top12\no entry\opened\photo_27_2024-12-18_02-28-33.jpg
355,0,pedestrian crossing,opened,960,1280,photo_3_2024-12-18_02-37-13.jpg,dataset_top12\pedestrian crossing\opened\photo_3_2024-12-18_02-37-13.jpg
2630,1,give way,closed,960,1280,photo_62_2024-10-29_09-53-08.jpg,dataset_top12\give way\closed\photo_62_2024-10-29_09-53-08.jpg
4311,7,stop line,opened,766,774,photo_7_2024-12-18_02-25-50.jpg,dataset_top12\stop line\opened\photo_7_2024-12-18_02-25-50.jpg
2009,0,pedestrian crossing,closed,960,1280,photo_85_2024-12-05_22-23-10.jpg,dataset_top12\pedestrian crossing\closed\photo_85_2024-12-05_22-23-10.jpg
261,0,pedestrian crossing,opened,960,1280,photo_31_2024-12-18_13-03-52.jpg,dataset_top12\pedestrian crossing\opened\photo_31_2024-12-18_13-03-52.jpg
3850,5,maximum speed limit_40,opened,662,648,photo_99_2024-12-19_02-03-02.jpg,dataset_top12\maximum speed limit_40\opened\photo_99_2024-12-19_02-03-02.jpg
1126,0,pedestrian crossing,closed,960,1280,photo_22_2024-12-09_12-45-24.jpg,dataset_top12\pedestrian crossing\closed\photo_22_2024-12-09_12-45-24.jpg
203,0,pedestrian crossing,opened,960,1280,photo_26_2024-12-19_02-04-55.jpg,dataset_top12\pedestrian crossing\opened\photo_26_2024-12-19_02-04-55.jpg
1326,0,pedestrian crossing,closed,1280,1041,photo_42_2024-12-05_22-23-10.jpg,dataset_top12\pedestrian crossing\closed\photo_42_2024-12-05_22-23-10.jpg
3950,6,left,opened,762,965,IMG_0778.JPG,dataset_top12\left\opened\IMG_0778.JPG
1524,0,pedestrian crossing,closed,960,1280,photo_5278624148517676447_y.jpg,dataset_top12\pedestrian crossing\closed\photo_5278624148517676447_y.jpg
3843,5,maximum speed limit_40,opened,866,847,photo_96_2024-12-19_00-10-31.jpg,dataset_top12\maximum speed limit_40\opened\photo_96_2024-12-19_00-10-31.jpg
5070,11,no entry,opened,960,1280,photo_41_2024-12-18_13-05-23.jpg,dataset_top12\no entry\opened\photo_41_2024-12-18_13-05-23.jpg
2487,1,give way,closed,1280,1201,photo_24_2024-12-07_12-46-52.jpg,dataset_top12\give way\closed\photo_24_2024-12-07_12-46-52.jpg
2914,2,tow truck,opened,821,712,photo_75_2024-12-18_02-17-59.jpg,dataset_top12\tow truck\opened\photo_75_2024-12-18_02-17-59.jpg
4060,6,left,opened,159,162,photo_38_2024-04-25_12-20-30.jpg,dataset_top12\left\opened\photo_38_2024-04-25_12-20-30.jpg
1207,0,pedestrian crossing,closed,960,1280,photo_30_2024-10-29_09-53-51.jpg,dataset_top12\pedestrian crossing\closed\photo_30_2024-10-29_09-53-51.jpg
3470,4,parking place,opened,960,1280,photo_42_2024-12-18_13-06-32.jpg,dataset_top12\parking place\opened\photo_42_2024-12-18_13-06-32.jpg
4848,10,bus stop,opened,960,1280,photo_3_2024-12-18_12-58-24.jpg,dataset_top12\bus stop\opened\photo_3_2024-12-18_12-58-24.jpg
298,0,pedestrian crossing,opened,925,928,photo_35_2024-12-18_13-00-25.jpg,dataset_top12\pedestrian crossing\opened\photo_35_2024-12-18_13-00-25.jpg
1967,0,pedestrian crossing,closed,960,1280,photo_80_2024-12-09_12-46-01.jpg,dataset_top12\pedestrian crossing\closed\photo_80_2024-12-09_12-46-01.jpg
1916,0,pedestrian crossing,closed,960,1280,photo_76_2024-12-06_22-24-57.jpg,dataset_top12\pedestrian crossing\closed\photo_76_2024-12-06_22-24-57.jpg
4911,10,bus stop,closed,960,1280,photo_24_2024-12-09_12-45-24.jpg,dataset_top12\bus stop\closed\photo_24_2024-12-09_12-45-24.jpg
4292,7,stop line,opened,314,312,photo_64_2024-12-09_12-45-24_1.jpg,dataset_top12\stop line\opened\photo_64_2024-12-09_12-45-24_1.jpg
2037,0,pedestrian crossing,closed,960,1280,photo_88_2024-10-29_09-53-08.jpg,dataset_top12\pedestrian crossing\closed\photo_88_2024-10-29_09-53-08.jpg
2475,1,give way,closed,669,1280,photo_1_2024-12-05_22-23-10.jpg,dataset_top12\give way\closed\photo_1_2024-12-05_22-23-10.jpg
215,0,pedestrian crossing,opened,960,1280,photo_27_2024-12-19_00-11-08.jpg,dataset_top12\pedestrian crossing\opened\photo_27_2024-12-19_00-11-08.jpg
2181,1,give way,opened,628,620,photo_1_2024-12-19_02-00-53.jpg,dataset_top12\give way\opened\photo_1_2024-12-19_02-00-53.jpg
219,0,pedestrian crossing,opened,1280,949,photo_28_2024-12-18_02-27-08.jpg,dataset_top12\pedestrian crossing\opened\photo_28_2024-12-18_02-27-08.jpg
2046,0,pedestrian crossing,closed,759,764,photo_89_2024-10-29_09-53-51.jpg,dataset_top12\pedestrian crossing\closed\photo_89_2024-10-29_09-53-51.jpg
1031,0,pedestrian crossing,closed,960,1280,photo_12_2024-12-06_22-23-51.jpg,dataset_top12\pedestrian crossing\closed\photo_12_2024-12-06_22-23-51.jpg
4785,9,straight,opened,611,611,photo_64_2024-12-09_12-49-48_1.jpg,dataset_top12\straight\opened\photo_64_2024-12-09_12-49-48_1.jpg
4840,10,bus stop,opened,960,1280,photo_23_2024-12-18_12-58-24.jpg,dataset_top12\bus stop\opened\photo_23_2024-12-18_12-58-24.jpg
2222,1,give way,opened,800,750,photo_31_2024-12-18_13-05-57.jpg,dataset_top12\give way\opened\photo_31_2024-12-18_13-05-57.jpg
3106,3,no stopping,opened,960,1280,photo_43_2024-12-18_13-03-52.jpg,dataset_top12\no stopping\opened\photo_43_2024-12-18_13-03-52.jpg
2405,1,give way,closed,2130,2246,IMG_20241017_163822.jpg,dataset_top12\give way\closed\IMG_20241017_163822.jpg
4241,7,stop line,opened,432,429,photo_41_2024-12-09_12-45-24_2.jpg,dataset_top12\stop line\opened\photo_41_2024-12-09_12-45-24_2.jpg
660,0,pedestrian crossing,opened,960,1061,photo_74_2024-12-18_13-00-25.jpg,dataset_top12\pedestrian crossing\opened\photo_74_2024-12-18_13-00-25.jpg
4676,9,straight,opened,94,102,photo_11_2024-04-25_12-41-12_9.jpg,dataset_top12\straight\opened\photo_11_2024-04-25_12-41-12_9.jpg
939,0,pedestrian crossing,closed,2855,2893,IMG_20241017_190914.jpg,dataset_top12\pedestrian crossing\closed\IMG_20241017_190914.jpg
3088,3,no stopping,opened,960,1280,photo_2_2024-12-18_13-03-52.jpg,dataset_top12\no stopping\opened\photo_2_2024-12-18_13-03-52.jpg
3317,3,no stopping,closed,593,594,photo_75_2024-12-09_12-46-01.jpg,dataset_top12\no stopping\closed\photo_75_2024-12-09_12-46-01.jpg
2620,1,give way,closed,557,530,photo_57_2024-12-07_12-48-37_1.jpg,dataset_top12\give way\closed\photo_57_2024-12-07_12-48-37_1.jpg
4706,9,straight,opened,302,323,photo_21_2024-04-25_12-43-13.jpg,dataset_top12\straight\opened\photo_21_2024-04-25_12-43-13.jpg
4427,8,right,opened,1449,1594,IMG_0803.JPG,dataset_top12\right\opened\IMG_0803.JPG
2969,2,tow truck,closed,2165,2170,20241102_115858.jpg,dataset_top12\tow truck\closed\20241102_115858.jpg
5126,11,no entry,opened,725,720,photo_75_2024-12-18_02-28-33.jpg,dataset_top12\no entry\opened\photo_75_2024-12-18_02-28-33.jpg
3414,4,parking place,opened,802,770,photo_23_2024-12-19_01-56-44.jpg,dataset_top12\parking place\opened\photo_23_2024-12-19_01-56-44.jpg
3355,3,no stopping,closed,610,611,photo_97_2024-12-09_12-45-24_1.jpg,dataset_top12\no stopping\closed\photo_97_2024-12-09_12-45-24_1.jpg
4536,8,right,opened,632,611,photo_38_2024-12-09_12-46-32.jpg,dataset_top12\right\opened\photo_38_2024-12-09_12-46-32.jpg
4,0,pedestrian crossing,opened,960,1280,photo_100_2024-12-09_12-49-48.jpg,dataset_top12\pedestrian crossing\opened\photo_100_2024-12-09_12-49-48.jpg
824,0,pedestrian crossing,opened,960,1280,photo_92_2024-12-18_13-05-23.jpg,dataset_top12\pedestrian crossing\opened\photo_92_2024-12-18_13-05-23.jpg
4623,8,right,opened,737,734,photo_98_2024-12-09_12-49-48_1.jpg,dataset_top12\right\opened\photo_98_2024-12-09_12-49-48_1.jpg
3409,4,parking place,opened,960,1280,photo_22_2024-12-19_01-59-18.jpg,dataset_top12\parking place\opened\photo_22_2024-12-19_01-59-18.jpg
1547,0,pedestrian crossing,closed,720,1280,photo_5278624148517676556_y.jpg,dataset_top12\pedestrian crossing\closed\photo_5278624148517676556_y.jpg
390,0,pedestrian crossing,opened,960,1280,photo_43_2024-12-18_02-29-08.jpg,dataset_top12\pedestrian crossing\opened\photo_43_2024-12-18_02-29-08.jpg
4152,6,left,closed,403,392,photo_1_2024-11-28_18-31-49.jpg,dataset_top12\left\closed\photo_1_2024-11-28_18-31-49.jpg
498,0,pedestrian crossing,opened,960,1280,photo_58_2024-12-09_12-49-48.jpg,dataset_top12\pedestrian crossing\opened\photo_58_2024-12-09_12-49-48.jpg
43,0,pedestrian crossing,opened,960,1280,photo_12_2024-12-18_13-06-32.jpg,dataset_top12\pedestrian crossing\opened\photo_12_2024-12-18_13-06-32.jpg
3576,4,parking place,opened,1078,1280,photo_76_2024-12-18_02-27-08.jpg,dataset_top12\parking place\opened\photo_76_2024-12-18_02-27-08.jpg
716,0,pedestrian crossing,opened,960,1280,photo_7_2024-12-18_13-04-36.jpg,dataset_top12\pedestrian crossing\opened\photo_7_2024-12-18_13-04-36.jpg
4749,9,straight,opened,156,164,photo_48_2024-04-25_12-41-12.jpg,dataset_top12\straight\opened\photo_48_2024-04-25_12-41-12.jpg
2681,1,give way,closed,1280,870,photo_86_2024-12-05_22-23-25.jpg,dataset_top12\give way\closed\photo_86_2024-12-05_22-23-25.jpg
4488,8,right,opened,86,104,photo_22_2024-04-25_12-20-30_9.jpg,dataset_top12\right\opened\photo_22_2024-04-25_12-20-30_9.jpg
2301,1,give way,opened,382,365,photo_69_2024-12-18_02-25-50.jpg,dataset_top12\give way\opened\photo_69_2024-12-18_02-25-50.jpg
2463,1,give way,closed,1059,1250,photo_16_2024-12-07_12-46-04.jpg,dataset_top12\give way\closed\photo_16_2024-12-07_12-46-04.jpg
5113,11,no entry,opened,960,1280,photo_67_2024-12-18_13-00-25.jpg,dataset_top12\no entry\opened\photo_67_2024-12-18_13-00-25.jpg
2932,2,tow truck,opened,328,329,photo_84_2024-12-09_12-49-48.jpg,dataset_top12\tow truck\opened\photo_84_2024-12-09_12-49-48.jpg
4611,8,right,opened,497,520,photo_85_2024-12-19_02-00-05.jpg,dataset_top12\right\opened\photo_85_2024-12-19_02-00-05.jpg
624,0,pedestrian crossing,opened,960,1280,photo_70_2024-12-18_02-17-32.jpg,dataset_top12\pedestrian crossing\opened\photo_70_2024-12-18_02-17-32.jpg
2316,1,give way,opened,960,1280,photo_74_2024-12-18_02-33-06.jpg,dataset_top12\give way\opened\photo_74_2024-12-18_02-33-06.jpg
5064,11,no entry,opened,960,1280,photo_39_2024-12-18_02-33-06.jpg,dataset_top12\no entry\opened\photo_39_2024-12-18_02-33-06.jpg
773,0,pedestrian crossing,opened,960,1280,photo_87_2024-12-18_13-05-57.jpg,dataset_top12\pedestrian crossing\opened\photo_87_2024-12-18_13-05-57.jpg
316,0,pedestrian crossing,opened,960,1280,photo_36_2024-12-19_02-04-55.jpg,dataset_top12\pedestrian crossing\opened\photo_36_2024-12-19_02-04-55.jpg
706,0,pedestrian crossing,opened,960,1280,photo_79_2024-12-18_13-05-57.jpg,dataset_top12\pedestrian crossing\opened\photo_79_2024-12-18_13-05-57.jpg
471,0,pedestrian crossing,opened,960,1280,photo_54_2024-12-18_02-33-06.jpg,dataset_top12\pedestrian crossing\opened\photo_54_2024-12-18_02-33-06.jpg
2528,1,give way,closed,1280,820,photo_3_2024-12-05_22-23-10.jpg,dataset_top12\give way\closed\photo_3_2024-12-05_22-23-10.jpg
966,0,pedestrian crossing,closed,4640,3472,IMG_20241029_174339.jpg,dataset_top12\pedestrian crossing\closed\IMG_20241029_174339.jpg
5168,11,no entry,closed,960,1280,photo_62_2024-12-06_22-23-51.jpg,dataset_top12\no entry\closed\photo_62_2024-12-06_22-23-51.jpg
3666,5,maximum speed limit_40,opened,536,523,photo_10_2024-12-18_02-13-44.jpg,dataset_top12\maximum speed limit_40\opened\photo_10_2024-12-18_02-13-44.jpg
1206,0,pedestrian crossing,closed,960,1280,photo_30_2024-10-29_09-53-08.jpg,dataset_top12\pedestrian crossing\closed\photo_30_2024-10-29_09-53-08.jpg
1597,0,pedestrian crossing,closed,720,1280,photo_5278624148517676690_y.jpg,dataset_top12\pedestrian crossing\closed\photo_5278624148517676690_y.jpg
1151,0,pedestrian crossing,closed,960,1280,photo_25_2024-12-06_22-23-51.jpg,dataset_top12\pedestrian crossing\closed\photo_25_2024-12-06_22-23-51.jpg
3407,4,parking place,opened,960,1280,photo_22_2024-12-18_02-17-32.jpg,dataset_top12\parking place\opened\photo_22_2024-12-18_02-17-32.jpg
1113,0,pedestrian crossing,closed,960,1280,photo_21_2024-12-05_22-23-10.jpg,dataset_top12\pedestrian crossing\closed\photo_21_2024-12-05_22-23-10.jpg
3103,3,no stopping,opened,960,1280,photo_42_2024-12-18_02-33-06.jpg,dataset_top12\no stopping\opened\photo_42_2024-12-18_02-33-06.jpg
1165,0,pedestrian crossing,closed,960,1280,photo_27_2024-10-29_09-53-08.jpg,dataset_top12\pedestrian crossing\closed\photo_27_2024-10-29_09-53-08.jpg
1784,0,pedestrian crossing,closed,960,1280,photo_63_2024-12-09_12-46-01.jpg,dataset_top12\pedestrian crossing\closed\photo_63_2024-12-09_12-46-01.jpg
875,0,pedestrian crossing,opened,960,1280,photo_98_2024-12-18_13-03-52.jpg,dataset_top12\pedestrian crossing\opened\photo_98_2024-12-18_13-03-52.jpg
3543,4,parking place,opened,960,1280,photo_65_2024-12-19_01-59-18.jpg,dataset_top12\parking place\opened\photo_65_2024-12-19_01-59-18.jpg
3583,4,parking place,opened,960,1280,photo_79_2024-12-19_01-59-18.jpg,dataset_top12\parking place\opened\photo_79_2024-12-19_01-59-18.jpg
4200,7,stop line,opened,699,673,photo_22_2024-12-18_02-28-33.jpg,dataset_top12\stop line\opened\photo_22_2024-12-18_02-28-33.jpg
5058,11,no entry,opened,960,1280,photo_37_2024-12-18_02-17-59.jpg,dataset_top12\no entry\opened\photo_37_2024-12-18_02-17-59.jpg
4780,9,straight,opened,162,163,photo_5_2024-05-17_15-34-26.jpg,dataset_top12\straight\opened\photo_5_2024-05-17_15-34-26.jpg
2656,1,give way,closed,960,1280,photo_73_2024-10-29_09-53-08.jpg,dataset_top12\give way\closed\photo_73_2024-10-29_09-53-08.jpg
3547,4,parking place,opened,960,1280,photo_67_2024-12-19_01-59-18.jpg,dataset_top12\parking place\opened\photo_67_2024-12-19_01-59-18.jpg
1608,0,pedestrian crossing,closed,720,1280,photo_5278624148517676726_y.jpg,dataset_top12\pedestrian crossing\closed\photo_5278624148517676726_y.jpg
4662,9,straight,opened,1062,1344,IMG_0808.JPG,dataset_top12\straight\opened\IMG_0808.JPG
1084,0,pedestrian crossing,closed,960,1280,photo_19_2024-10-29_09-53-51.jpg,dataset_top12\pedestrian crossing\closed\photo_19_2024-10-29_09-53-51.jpg
4811,9,straight,opened,441,426,photo_8_2024-11-28_18-31-49.jpg,dataset_top12\straight\opened\photo_8_2024-11-28_18-31-49.jpg
4808,9,straight,opened,172,180,photo_8_2024-05-17_15-34-27.jpg,dataset_top12\straight\opened\photo_8_2024-05-17_15-34-27.jpg
2990,2,tow truck,closed,1280,807,photo_20_2024-12-06_22-25-22.jpg,dataset_top12\tow truck\closed\photo_20_2024-12-06_22-25-22.jpg
